frame,stage,altitude_m,sync_ms,cpu_submit_ms,gpu_wait_ms,terrain_gpu_ms,residency_ms,primary_ms,shade_ms,gbuffer_ms,sunlight_ms,resident,pending,jobs,evictions,failed,active_levels,finest_level,plan_cpu_ms,upload_cpu_ms,encode_cpu_ms,logical_mib,gpu_clock_mhz,mem_clock_mhz
0,ground_load,84.200,1007.4107,1007.4083,0.0024,0.8100,0.0010,0.4393,0.2243,0.0317,0.0901,0,0,0,0,0,0,0,0.0758,0.0008,0.2216,540.2,1942,7501
1,ground_load,84.200,19.8817,19.8178,0.0639,0.8264,0.0020,0.4424,0.2365,0.0297,0.0901,0,0,0,0,0,0,0,0.0093,0.0008,0.1412,540.2,1942,7501
2,ground_load,84.200,5.5681,5.5320,0.0361,0.8182,0.0010,0.4372,0.2376,0.0287,0.0901,0,0,0,0,0,0,0,0.0075,0.0004,0.0835,540.2,1942,7501
3,ground_load,84.200,4.0799,4.0574,0.0225,1.4643,0.0020,1.0813,0.2386,0.0287,0.0891,0,0,0,0,0,0,0,0.0078,0.0005,0.0751,540.2,1942,7501
4,ground_load,84.200,4.2877,4.2623,0.0254,0.8182,0.0010,0.4383,0.2365,0.0287,0.0891,0,0,0,0,0,0,0,0.0102,0.0005,0.0806,540.2,1942,7501
5,ground_load,84.200,5.5757,5.5494,0.0263,0.8223,0.0010,0.4383,0.2406,0.0287,0.0901,0,0,0,0,0,0,0,0.0092,0.0007,0.1035,540.2,1942,7501
6,ground_load,84.200,4.6258,4.6006,0.0252,0.8202,0.0010,0.4383,0.2365,0.0287,0.0911,0,0,0,0,0,0,0,0.0083,0.0006,0.0765,540.2,1942,7501
7,ground_load,84.200,3.8895,3.8663,0.0232,0.8172,0.0010,0.4383,0.2376,0.0276,0.0881,0,0,0,0,0,0,0,0.0065,0.0005,0.0627,540.2,1942,7501
8,ground_load,84.200,4.7173,4.6946,0.0227,0.8212,0.0020,0.4383,0.2376,0.0297,0.0881,0,0,0,0,0,0,0,0.0090,0.0005,0.0801,540.2,1942,7501
9,ground_load,84.200,3.4080,3.3749,0.0331,0.8192,0.0010,0.4372,0.2376,0.0276,0.0911,0,0,0,0,0,0,0,0.0071,0.0005,0.0668,540.2,1942,7501
10,ground_load,84.200,2.7580,2.7375,0.0205,0.8172,0.0010,0.4362,0.2386,0.0276,0.0901,0,0,0,0,0,0,0,0.0084,0.0006,0.0865,540.2,1942,7501
11,ground_load,84.200,8.6934,8.6724,0.0210,1.0189,0.0737,0.4557,0.2970,0.0471,0.1137,63,28097,63,0,0,14,0,4.9020,0.0579,0.1014,540.2,1942,7501
12,ground_load,84.200,8.0713,8.0397,0.0316,3.2123,1.1561,0.8397,0.6287,0.2161,0.3359,4678,28346,4615,0,0,14,0,3.9102,0.7502,0.1292,540.2,1942,7501
13,ground_load,84.200,7.7691,7.7176,0.0515,3.2707,1.1459,0.8909,0.6328,0.2181,0.3461,9293,47081,4615,0,0,14,0,3.6580,0.6600,0.0925,540.2,1942,7501
14,ground_load,84.200,8.1349,8.1014,0.0335,3.3577,1.1274,0.9738,0.6369,0.2150,0.3676,13836,55850,4543,0,0,14,0,4.0078,0.7482,0.1192,540.2,1942,7501
15,ground_load,84.200,8.6587,8.6354,0.0233,4.3387,1.7797,1.0988,0.8182,0.2284,0.3768,18443,65323,4607,0,0,14,0,4.0245,0.7817,0.1215,540.2,1942,7501
16,ground_load,84.200,7.8234,7.7967,0.0267,4.1974,1.5770,1.1264,0.8346,0.2294,0.3922,24970,82421,6527,0,0,14,0,4.0104,0.7842,0.1227,540.2,1942,7501
17,ground_load,84.200,8.1178,8.0960,0.0218,4.2865,1.4182,1.2800,0.8643,0.2294,0.4577,30665,92598,5695,0,0,14,0,4.0156,0.7371,0.0974,540.2,1942,7501
19,ground_load,84.200,7.1170,7.0970,0.0200,5.1610,1.9579,1.4572,1.0076,0.2324,0.4659,43783,117933,6911,0,0,14,0,4.0130,0.7736,0.0976,540.2,1942,7501
20,ground_load,84.200,9.0088,8.9882,0.0206,4.7903,1.5124,1.4971,0.9912,0.2478,0.5028,49862,126446,6079,0,0,14,0,4.2376,0.7102,0.0912,540.2,1942,7501
21,ground_load,84.200,7.9774,7.9546,0.0228,4.7524,1.4408,1.5462,0.9830,0.2447,0.4966,56005,135663,6143,0,0,14,0,4.0167,0.6544,0.0880,540.2,1942,7501
23,ground_load,84.200,7.0324,7.0116,0.0208,4.7749,1.0025,1.5360,1.4459,0.2447,0.5059,67075,162296,4095,0,0,14,0,4.0121,0.5151,0.0929,540.2,1942,7501
24,ground_load,84.200,8.3515,8.3336,0.0179,3.8748,0.5304,1.5421,1.0004,0.2468,0.5100,69122,175865,2047,0,0,14,0,4.0099,0.2461,0.1136,540.2,1942,7501
25,ground_load,84.200,7.5577,7.5338,0.0239,4.9224,1.5974,1.5411,0.9861,0.2335,0.5192,75905,192178,6783,0,0,14,0,4.0110,0.8222,0.1008,540.2,1942,7501
26,ground_load,84.200,9.2687,9.2365,0.0322,4.5158,0.8960,1.5657,1.0199,0.2437,0.7455,79680,202739,3775,0,0,14,0,4.0197,0.5453,0.1502,540.2,1942,7501
27,ground_load,84.200,7.8269,7.7848,0.0421,4.8456,1.2524,1.5698,0.9943,0.2447,0.7393,84799,212724,5119,0,0,14,0,4.0096,0.5840,0.0866,540.2,1942,7501
28,ground_load,84.200,8.1571,8.1352,0.0219,4.9889,1.3814,1.5708,1.0107,0.2437,0.7373,90942,229109,6143,0,0,14,0,4.0120,0.7765,0.1036,540.2,1942,7501
29,ground_load,84.200,7.8494,7.8270,0.0224,4.9347,0.8223,1.5739,1.0465,0.2345,1.2124,94397,241598,3455,0,0,14,0,4.0084,0.4724,0.0949,540.2,1942,7501
30,ground_load,84.200,8.0067,7.9836,0.0231,4.1431,0.5059,1.5811,0.9861,0.2499,0.7670,96444,254911,2047,0,0,14,0,4.0232,0.3248,0.1000,540.2,1942,7501
31,ground_load,84.200,7.4904,7.4684,0.0220,4.5036,0.8837,1.5831,0.9912,0.2335,0.7588,100347,274871,3903,0,0,14,0,4.0103,0.5695,0.1248,540.2,1957,7501
32,ground_load,84.200,7.8242,7.8029,0.0213,5.2173,1.5770,1.5780,0.9933,0.2447,0.7700,105786,283768,5439,0,0,14,0,4.0132,0.8240,0.1081,540.2,1957,7501
33,ground_load,84.200,9.2223,9.1781,0.0442,4.8159,0.9134,1.6036,1.2442,0.2335,0.7680,109945,294457,4159,0,0,14,0,4.0378,0.5547,0.0887,540.2,1957,7501
34,ground_load,84.200,8.3594,8.3363,0.0231,4.9807,1.2984,1.6056,1.0004,0.2447,0.7782,115704,309690,5759,0,0,14,0,4.0126,0.7824,0.1101,540.2,1957,7501
35,ground_load,84.200,8.0922,8.0703,0.0219,4.8456,0.9308,1.6056,0.9861,0.2406,1.0291,119863,323268,4159,0,0,14,0,4.0126,0.5309,0.0853,540.2,1957,7501
36,ground_load,84.200,8.4797,8.4534,0.0263,4.6643,0.9953,1.6097,0.9871,0.2365,0.7772,123958,334277,4095,0,0,14,0,4.0178,0.5895,0.1204,540.2,1957,7501
38,ground_load,84.200,7.1639,7.1434,0.0205,4.2086,0.4823,1.6159,1.0148,0.2365,0.8028,131444,365244,2175,0,0,14,0,4.0272,0.4932,0.0988,540.2,1957,7501
40,ground_load,84.200,7.4182,7.3980,0.0202,5.1978,1.1315,1.6978,1.0168,0.2468,1.0476,141618,389374,5375,0,0,14,0,4.0176,0.7342,0.1038,540.2,1957,7501
42,ground_load,84.200,7.2587,7.2386,0.0201,4.9930,0.9318,1.6998,1.0035,0.2324,1.0609,150320,415050,4031,0,0,14,0,4.0153,0.6433,0.0995,540.2,1957,7501
44,ground_load,84.200,7.3361,7.3129,0.0232,4.8814,0.8520,1.6998,0.9943,0.2345,1.0373,159342,446276,4159,0,0,14,0,4.0683,0.6963,0.1009,540.2,1957,7501
45,ground_load,84.200,9.3176,9.2994,0.0182,5.5378,1.1305,1.6968,1.0158,0.2355,1.3947,164781,454661,5439,0,0,14,0,4.0083,0.7753,0.1038,540.2,1957,7501
46,ground_load,84.200,7.7145,7.6920,0.0225,5.4415,0.9953,1.6988,1.0271,0.2345,1.4213,170092,472134,5311,0,0,14,0,4.0227,0.8043,0.1355,540.2,1957,7501
47,ground_load,84.200,7.3904,7.3721,0.0183,5.4856,1.0557,1.6957,1.0230,0.2519,1.3916,175531,482900,5439,0,0,14,0,4.0097,0.7510,0.1102,540.2,1957,7501
48,ground_load,84.200,9.2672,9.2476,0.0196,5.5972,0.8878,1.9937,0.9861,0.2417,1.4193,181418,499825,5887,0,0,14,0,4.0316,1.0527,0.1741,540.2,1957,7501
50,ground_load,84.200,8.1853,8.1635,0.0218,5.2398,0.8079,1.6978,1.0035,0.2406,1.4182,192808,518643,5695,0,0,14,0,4.0153,0.7974,0.1080,540.2,1957,7501
51,ground_load,84.200,10.6041,10.5714,0.0327,5.3248,0.9175,1.6978,0.9984,0.2406,1.3988,199207,522874,6399,0,0,14,0,5.1783,0.9132,0.1536,540.2,1957,7501
52,ground_load,84.200,8.2700,8.2483,0.0217,6.1112,1.6271,1.6957,1.0373,0.2458,1.4326,211495,510586,12288,0,0,14,0,3.5277,1.7398,0.1053,540.2,1957,7501
53,ground_load,84.200,8.5063,8.4845,0.0218,6.7328,1.9722,1.7121,1.2831,0.2468,1.4438,223718,498363,12223,0,0,14,0,4.0243,1.6772,0.1146,540.2,1957,7501
54,ground_load,84.200,9.3956,9.3774,0.0182,6.4881,2.0593,1.7050,0.9892,0.2417,1.4203,235877,486204,12159,0,0,14,0,4.0200,1.8739,0.1386,540.2,1957,7501
55,ground_load,84.200,8.0251,8.0042,0.0209,7.0748,2.1934,1.7070,0.9861,0.2529,1.8637,246372,475709,10495,0,0,14,0,4.0096,1.3454,0.1215,540.2,1957,7501
56,ground_load,84.200,8.2795,8.2597,0.0198,7.3892,2.5743,2.0275,1.0312,0.2355,1.4490,258147,463934,11775,0,0,14,0,4.0109,1.4161,0.1012,540.2,1957,7501
57,ground_load,84.200,8.3177,8.2961,0.0216,7.1229,2.2395,2.0255,1.0025,0.2437,1.5391,268258,453823,10111,0,0,14,0,4.0246,1.2367,0.1010,540.2,1957,7501
58,ground_load,84.200,10.2898,7.8811,2.4087,7.1813,2.5969,1.6947,0.9861,0.2417,1.5892,279969,442112,11711,0,0,14,0,4.0170,1.3919,0.0997,540.2,1957,7501
59,ground_load,84.200,10.6058,7.5223,3.0835,7.0011,2.2886,1.9497,0.9994,0.2427,1.4469,290336,431745,10367,0,0,14,0,4.0210,1.2884,0.1006,540.2,1957,7501
60,ground_load,84.200,11.9064,8.5989,3.3075,7.1475,2.7279,1.7336,0.9871,0.2437,1.3824,302624,419457,12288,0,0,14,0,3.7476,1.4501,0.0968,540.2,1957,7501
61,ground_load,84.200,9.8652,7.4191,2.4461,6.9745,2.5477,1.7418,0.9943,0.2406,1.3763,313055,409026,10431,0,0,14,0,4.0153,1.2846,0.0985,540.2,1957,7501
62,ground_load,84.200,10.5549,7.4751,3.0798,7.8653,3.0628,1.7623,0.9871,0.2427,1.7377,325343,396738,12288,0,0,14,0,3.8718,1.4518,0.1478,540.2,1957,7501
63,ground_load,84.200,10.3076,8.1632,2.1444,7.4691,2.4709,2.0654,1.2841,0.2386,1.3363,336158,385923,10815,0,0,14,0,4.0236,1.2828,0.0978,540.2,1957,7501
64,ground_load,84.200,11.0579,8.6391,2.4188,7.5387,3.1457,1.7408,0.9759,0.2396,1.3640,348125,373956,11967,0,0,14,0,4.0254,1.5625,0.1208,540.2,1957,7501
65,ground_load,84.200,11.2619,8.6170,2.6449,7.5244,3.0915,1.7347,1.0025,0.2386,1.3844,360413,361668,12288,0,0,14,0,3.9959,1.4685,0.1002,540.2,1957,7501
66,ground_load,84.200,10.6140,7.8768,2.7372,6.9980,2.6716,1.7398,0.9800,0.2396,1.2943,372572,349509,12159,0,0,14,0,4.0193,1.5039,0.0987,540.2,1957,7501
67,ground_load,84.200,10.9448,9.5588,1.3860,7.4547,2.6931,2.0275,0.9779,0.2396,1.4438,384860,337221,12288,0,0,14,0,3.9182,1.5365,0.1035,540.2,1957,7501
68,ground_load,84.200,10.3403,7.8435,2.4968,6.0047,1.9425,1.7347,0.9779,0.2324,1.0435,393691,328390,8831,0,0,14,0,4.0338,1.3520,0.1236,540.2,1957,7501
69,ground_load,84.200,11.1401,9.1530,1.9871,7.0390,2.9358,1.7510,0.9943,0.2447,1.0383,405146,316935,11455,0,0,14,0,4.0265,1.9556,0.1404,540.2,1957,7501
70,ground_load,84.200,9.1612,9.1254,0.0358,4.7944,0.7086,1.7459,1.0097,0.2355,1.0209,408409,313672,3263,0,0,14,0,4.6031,0.6145,0.1038,540.2,1957,7501
71,ground_load,84.200,10.6103,9.2810,1.3293,7.1096,3.1171,1.7347,0.9789,0.2499,0.9544,420697,301384,12288,0,0,14,0,3.7983,1.4242,0.0973,540.2,1957,7501
72,ground_load,84.200,8.5444,8.5173,0.0271,7.3738,2.7320,2.1176,1.2534,0.2386,0.9574,432985,289096,12288,0,0,14,0,3.8616,1.5984,0.1051,540.2,1957,7501
73,ground_load,84.200,9.5754,7.7142,1.8612,6.0826,2.1176,1.7449,0.9595,0.2386,0.9462,442840,279241,9855,0,0,14,0,4.0367,1.2878,0.0917,540.2,1957,7501
74,ground_load,84.200,11.0774,8.1420,2.9354,7.3533,3.3679,1.7705,0.9503,0.2458,0.9441,455127,266954,12287,0,0,14,0,4.0181,1.8408,0.1403,540.2,1957,7501
75,ground_load,84.200,9.6672,8.1428,1.5244,6.6703,2.3828,1.7633,0.9482,0.2345,1.2677,465622,256459,10495,0,0,14,0,4.0164,1.3458,0.0991,540.2,1957,7501
76,ground_load,84.200,10.2502,7.2665,2.9837,6.6898,2.6911,1.7828,0.9554,0.2437,0.9421,477910,244171,12288,0,0,14,0,3.6926,1.4522,0.0967,540.2,1957,7501
77,ground_load,84.200,10.5000,8.6284,1.8716,7.0605,2.6460,2.2006,0.9462,0.2396,0.9533,490198,231883,12288,0,0,14,0,3.8505,1.6455,0.1007,540.2,1957,7501
78,ground_load,84.200,9.9408,7.4881,2.4527,6.8188,2.8375,1.7674,0.9513,0.2396,0.9472,502486,219595,12288,0,0,14,0,3.7598,1.4402,0.1248,540.2,1957,7501
79,ground_load,84.200,11.0266,8.5047,2.5219,6.6908,2.7412,1.7398,0.9492,0.2396,0.9462,514774,207307,12288,0,0,14,0,3.9336,1.4908,0.0928,540.2,1957,7501
80,ground_load,84.200,10.1858,8.3169,1.8689,7.2305,2.4545,2.0992,1.2012,0.4618,0.9380,526229,195852,11455,0,0,14,0,4.0106,1.7891,0.1158,540.2,1957,7501
81,ground_load,84.200,10.1314,8.1697,1.9617,6.7451,2.7924,1.7377,0.9503,0.2396,0.9492,538517,183564,12288,0,0,14,0,3.6149,1.5308,0.1091,540.2,1957,7501
82,ground_load,84.200,10.4626,7.5290,2.9336,6.7103,2.7638,1.7623,0.9298,0.2355,0.9431,550805,171276,12288,0,0,14,0,3.9737,1.5821,0.1089,540.2,1957,7501
83,ground_load,84.200,10.3758,7.3592,3.0166,6.6335,2.6747,1.7736,0.9288,0.2396,0.9400,563093,158988,12288,0,0,14,0,3.7442,1.6303,0.0981,540.2,1957,7501
84,ground_load,84.200,10.0607,7.5922,2.4685,7.3093,3.3198,1.7736,0.9554,0.2376,0.9452,575381,146700,12288,0,0,14,0,3.8463,1.5476,0.0995,540.2,1957,7501
85,ground_load,84.200,10.2550,7.6792,2.5758,6.7420,2.7658,1.7838,0.9349,0.2324,0.9482,587669,134412,12288,0,0,14,0,3.7623,1.5493,0.1126,540.2,1950,7501
86,ground_load,84.200,10.7431,8.8852,1.8579,6.2638,2.2979,1.7705,0.9400,0.2396,0.9400,598484,123597,10815,0,0,14,0,4.0258,1.4213,0.0947,540.2,1950,7501
87,ground_load,84.200,10.6034,8.5272,2.0762,7.1158,3.1427,1.7828,0.9359,0.2365,0.9411,610772,111309,12288,0,0,14,0,3.6982,1.4916,0.0959,540.2,1950,7501
88,ground_load,84.200,9.1130,7.7049,1.4081,6.6857,2.7331,1.7623,0.9452,0.2355,0.9329,623060,99021,12288,0,0,14,0,3.8381,1.5316,0.1043,540.2,1950,7501
89,ground_load,84.200,10.2288,10.1795,0.0493,6.5812,2.6020,1.7654,0.9544,0.2355,0.9492,635348,86733,12288,0,0,14,0,3.6576,1.7952,0.4158,540.2,1950,7501
90,ground_load,84.200,10.7427,8.3477,2.3950,7.2387,3.2768,1.7582,0.9492,0.2335,0.9462,647636,74445,12288,0,0,14,0,3.8417,1.5418,0.3737,540.2,1950,7501
91,ground_load,84.200,9.8842,9.8568,0.0274,6.2607,2.3757,1.7254,0.9308,0.2355,0.9185,658579,63502,10943,0,0,14,0,4.0149,1.3814,1.6475,540.2,1950,7501
92,ground_load,84.200,12.9237,12.9033,0.0204,6.5126,2.7146,1.6169,0.9411,0.2427,0.9359,670867,51214,12288,0,0,14,0,3.8838,1.5133,4.6484,540.2,1950,7501
94,ground_load,84.200,14.0980,14.0743,0.0237,6.1798,2.3788,1.6128,0.9421,0.2437,0.9411,694418,27663,11263,0,0,14,0,4.0216,1.5714,3.9367,540.2,1950,7501
95,ground_load,84.200,10.5780,10.5578,0.0202,6.6970,2.9133,1.5944,0.9585,0.2314,0.9359,706706,15375,12288,0,0,14,0,3.6520,1.4696,2.1943,540.2,1950,7501
96,ground_load,84.200,7.9380,7.9174,0.0206,7.0851,2.6440,1.5933,1.1919,0.2417,1.3537,718994,3087,12288,0,0,14,0,3.5788,1.4894,0.5213,540.2,1950,7501
97,ground_load,84.200,4.8620,4.8452,0.0168,4.4083,0.6062,1.5964,0.9636,0.2406,0.9411,722081,0,3087,0,0,14,0,1.5603,0.6149,0.0973,540.2,1950,7501
98,ground_load,84.200,8.4352,2.0712,6.3640,3.7796,0.0010,1.5923,0.9339,0.2427,0.9503,722081,0,0,0,0,14,0,0.0070,0.0005,0.0675,540.2,1950,7501
99,ground_load,84.200,6.9523,2.4019,4.5504,3.7929,0.0010,1.5964,0.9687,0.2355,0.9298,722081,0,0,0,0,14,0,0.0070,0.0005,0.0647,540.2,1950,7501
100,ground_load,84.200,6.0273,2.3557,3.6716,3.7837,0.0010,1.5903,0.9585,0.2437,0.9298,722081,0,0,0,0,14,0,0.0059,0.0005,0.0595,540.2,1950,7501
101,ground_warm,84.200,5.3661,2.8680,2.4981,3.7683,0.0010,1.5913,0.9421,0.2314,0.9421,722081,0,0,0,0,14,0,0.0083,0.0007,0.0914,540.2,1950,7501
102,ground_warm,84.200,5.6415,2.2022,3.4393,4.5230,0.0010,1.5933,1.2759,0.2386,1.3527,722081,0,0,0,0,14,0,0.0061,0.0004,0.0577,540.2,1950,7501
103,ground_warm,84.200,5.8126,3.2989,2.5137,3.7755,0.0010,1.6005,0.9544,0.2386,0.9206,722081,0,0,0,0,14,0,0.0067,0.0004,0.0753,540.2,1950,7501
104,ground_warm,84.200,6.0630,2.5715,3.4915,3.7929,0.0010,1.5974,0.9595,0.2365,0.9390,722081,0,0,0,0,14,0,0.0067,0.0006,0.0865,540.2,1950,7501
105,ground_warm,84.200,5.8786,2.4638,3.4148,3.7622,0.0010,1.5913,0.9452,0.2345,0.9298,722081,0,0,0,0,14,0,0.0062,0.0004,0.0568,540.2,1950,7501
106,ground_warm,84.200,5.4394,3.5189,1.9205,3.8042,0.0020,1.5933,0.9574,0.2376,0.9544,722081,0,0,0,0,14,0,0.0061,0.0004,0.0643,540.2,1950,7501
107,ground_warm,84.200,5.8884,2.3498,3.5386,3.7786,0.0010,1.5954,0.9554,0.2406,0.9257,722081,0,0,0,0,14,0,0.0082,0.0004,0.0677,540.2,1950,7501
108,ground_warm,84.200,5.4366,2.4717,2.9649,4.2803,0.0010,2.0818,0.9554,0.2406,0.9400,722081,0,0,0,0,14,0,0.0066,0.0004,0.0714,540.2,1950,7501
109,ground_warm,84.200,6.4017,3.8773,2.5244,3.8144,0.0010,1.5933,0.9615,0.2365,0.9605,722081,0,0,0,0,14,0,0.0061,0.0005,0.0631,540.2,1950,7501
110,ground_warm,84.200,6.2165,3.7013,2.5152,3.8042,0.0010,1.6015,0.9523,0.2396,0.9492,722081,0,0,0,0,14,0,0.0066,0.0005,0.0666,540.2,1950,7501
111,ground_warm,84.200,5.3657,2.3912,2.9745,3.7939,0.0010,1.5974,0.9677,0.2355,0.9318,722081,0,0,0,0,14,0,0.0066,0.0005,0.0663,540.2,1950,7501
112,ground_warm,84.200,5.9076,2.4562,3.4514,3.7980,0.0010,1.5923,0.9779,0.2376,0.9288,722081,0,0,0,0,14,0,0.0079,0.0005,0.0794,540.2,1950,7501
113,ground_warm,84.200,5.5341,2.4106,3.1235,4.3459,0.0010,1.5964,1.2001,0.2406,1.2483,722081,0,0,0,0,14,0,0.0061,0.0005,0.0612,540.2,1950,7501
114,ground_warm,84.200,5.7160,2.7033,3.0127,3.7857,0.0010,1.5944,0.9482,0.2335,0.9462,722081,0,0,0,0,14,0,0.0088,0.0008,0.1068,540.2,1950,7501
115,ground_warm,84.200,7.0408,2.7303,4.3105,3.7714,0.0010,1.5923,0.9574,0.2376,0.9216,722081,0,0,0,0,14,0,0.0089,0.0007,0.0883,540.2,1950,7501
116,ground_warm,84.200,6.2203,2.4650,3.7553,3.7929,0.0010,1.5964,0.9574,0.2376,0.9411,722081,0,0,0,0,14,0,0.0078,0.0005,0.0661,540.2,1950,7501
117,ground_warm,84.200,6.0800,2.4764,3.6036,3.7775,0.0010,1.5913,0.9595,0.2365,0.9288,722081,0,0,0,0,14,0,0.0067,0.0005,0.0652,540.2,1950,7501
118,ground_warm,84.200,5.6670,2.1532,3.5138,4.3540,0.0010,1.5974,0.9595,0.2406,1.4940,722081,0,0,0,0,14,0,0.0070,0.0005,0.0647,540.2,1950,7501
119,ground_warm,84.200,5.5384,2.5412,2.9972,3.7632,0.0020,1.5933,0.9533,0.2396,0.9144,722081,0,0,0,0,14,0,0.0065,0.0005,0.0568,540.2,1950,7501
120,ground_warm,84.200,6.5418,2.4150,4.1268,4.1656,0.0010,1.5944,0.9697,0.2365,1.3046,722081,0,0,0,0,14,0,0.0071,0.0005,0.0816,540.2,1950,7501
121,ground_warm,84.200,6.0527,2.4154,3.6373,3.8369,0.0010,1.5903,0.9820,0.2406,0.9626,722081,0,0,0,0,14,0,0.0067,0.0005,0.0659,540.2,1950,7501
122,ground_warm,84.200,5.7178,2.8347,2.8831,3.7755,0.0010,1.5974,0.9359,0.2376,0.9431,722081,0,0,0,0,14,0,0.0075,0.0005,0.0648,540.2,1950,7501
123,ground_warm,84.200,5.5635,3.1939,2.3696,3.7673,0.0010,1.5923,0.9431,0.2427,0.9267,722081,0,0,0,0,14,0,0.0060,0.0004,0.0581,540.2,1950,7501
124,ground_warm,84.200,5.9172,1.8865,4.0307,4.0765,0.0010,1.5944,0.9400,0.2365,1.2442,722081,0,0,0,0,14,0,0.0062,0.0004,0.0633,540.2,1950,7501
125,ground_warm,84.200,5.8612,2.4005,3.4607,3.8472,0.0010,1.5964,1.0004,0.2417,0.9462,722081,0,0,0,0,14,0,0.0066,0.0005,0.0591,540.2,1950,7501
126,ground_warm,84.200,6.3755,2.5750,3.8005,3.7755,0.0010,1.5933,0.9452,0.2376,0.9390,722081,0,0,0,0,14,0,0.0073,0.0005,0.0654,540.2,1950,7501
127,ground_warm,84.200,5.7993,3.2279,2.5714,3.7837,0.0010,1.5923,0.9677,0.2396,0.9226,722081,0,0,0,0,14,0,0.0065,0.0005,0.0593,540.2,1950,7501
128,ground_warm,84.200,5.2167,2.2713,2.9454,3.7898,0.0010,1.5892,0.9585,0.2406,0.9400,722081,0,0,0,0,14,0,0.0061,0.0004,0.0559,540.2,1950,7501
129,ground_warm,84.200,5.6534,2.5576,3.0958,3.7755,0.0010,1.5913,0.9544,0.2355,0.9329,722081,0,0,0,0,14,0,0.0070,0.0006,0.0678,540.2,1950,7501
130,ground_warm,84.200,5.7575,2.2996,3.4579,3.8124,0.0010,1.5985,0.9595,0.2499,0.9421,722081,0,0,0,0,14,0,0.0063,0.0004,0.0582,540.2,1950,7501
131,ground_warm,84.200,5.8457,2.3332,3.5125,3.7663,0.0010,1.5964,0.9277,0.2427,0.9380,722081,0,0,0,0,14,0,0.0059,0.0004,0.0571,540.2,1950,7501
132,ground_warm,84.200,5.7701,3.0771,2.6930,3.7755,0.0010,1.5954,0.9380,0.2376,0.9431,722081,0,0,0,0,14,0,0.0086,0.0008,0.0786,540.2,1950,7501
133,ground_warm,84.200,6.2532,2.2559,3.9973,3.8001,0.0010,1.5964,0.9523,0.2355,0.9472,722081,0,0,0,0,14,0,0.0064,0.0004,0.0583,540.2,1950,7501
134,ground_warm,84.200,5.9534,2.1021,3.8513,3.8195,0.0010,1.5923,0.9810,0.2386,0.9452,722081,0,0,0,0,14,0,0.0061,0.0004,0.0579,540.2,1950,7501
135,ground_warm,84.200,5.0007,2.5419,2.4588,3.7919,0.0010,1.5944,0.9585,0.2427,0.9349,722081,0,0,0,0,14,0,0.0074,0.0005,0.0723,540.2,1950,7501
136,ground_warm,84.200,6.0381,2.4746,3.5635,4.5957,0.0010,2.0204,1.3312,0.2345,0.9482,722081,0,0,0,0,14,0,0.0066,0.0005,0.0609,540.2,1950,7501
137,ground_warm,84.200,5.5891,2.3759,3.2132,3.8144,0.0010,1.5985,0.9789,0.2376,0.9390,722081,0,0,0,0,14,0,0.0063,0.0005,0.0593,540.2,1950,7501
138,ground_warm,84.200,6.2447,2.7558,3.4889,3.7908,0.0010,1.5954,0.9492,0.2396,0.9431,722081,0,0,0,0,14,0,0.0079,0.0006,0.0739,540.2,1950,7501
139,ground_warm,84.200,5.9333,2.4418,3.4915,3.7550,0.0010,1.5882,0.9318,0.2345,0.9390,722081,0,0,0,0,14,0,0.0064,0.0004,0.0599,540.2,1950,7501
140,ground_warm,84.200,5.7561,2.8013,2.9548,3.7796,0.0020,1.5923,0.9441,0.2355,0.9452,722081,0,0,0,0,14,0,0.0074,0.0005,0.1200,540.2,1950,7501
141,ground_warm,84.200,5.5942,2.1713,3.4229,3.8031,0.0010,1.5974,0.9595,0.2406,0.9452,722081,0,0,0,0,14,0,0.0062,0.0005,0.0563,540.2,1950,7501
142,ground_warm,84.200,5.4159,2.4390,2.9769,4.2373,0.0010,2.0521,0.9472,0.2314,0.9462,722081,0,0,0,0,14,0,0.0060,0.0004,0.0586,540.2,1950,7501
143,ground_warm,84.200,6.2183,2.6246,3.5937,3.7878,0.0010,1.5944,0.9503,0.2417,0.9390,722081,0,0,0,0,14,0,0.0066,0.0004,0.0681,540.2,1950,7501
144,ground_warm,84.200,5.7766,2.2860,3.4906,3.8011,0.0020,1.5974,0.9595,0.2427,0.9400,722081,0,0,0,0,14,0,0.0071,0.0006,0.0648,540.2,1950,7501
145,ground_warm,84.200,6.1158,2.5038,3.6120,3.8042,0.0020,1.5913,0.9789,0.2335,0.9308,722081,0,0,0,0,14,0,0.0067,0.0009,0.0671,540.2,1950,7501
146,ground_warm,84.200,5.4026,2.4663,2.9363,3.7724,0.0010,1.5944,0.9431,0.2324,0.9411,722081,0,0,0,0,14,0,0.0076,0.0005,0.0809,540.2,1950,7501
147,ground_warm,84.200,5.5310,2.5592,2.9718,3.7939,0.0010,1.5913,0.9636,0.2355,0.9421,722081,0,0,0,0,14,0,0.0083,0.0006,0.0701,540.2,1950,7501
148,ground_warm,84.200,5.8455,3.4610,2.3845,4.2383,0.0010,2.0337,0.9677,0.2314,0.9441,722081,0,0,0,0,14,0,0.0067,0.0004,0.0611,540.2,1950,7501
149,ground_warm,84.200,5.4998,2.3959,3.1039,3.7868,0.0020,1.5923,0.9585,0.2406,0.9329,722081,0,0,0,0,14,0,0.0070,0.0005,0.0730,540.2,1950,7501
150,ground_warm,84.200,6.6449,1.9645,4.6804,3.7868,0.0010,1.5933,0.9533,0.2314,0.9472,722081,0,0,0,0,14,0,0.0093,0.0008,0.0802,540.2,1950,7501
151,ground_warm,84.200,5.7815,2.2755,3.5060,3.8031,0.0010,1.5964,0.9574,0.2499,0.9390,722081,0,0,0,0,14,0,0.0065,0.0011,0.0714,540.2,1950,7501
152,ground_warm,84.200,5.2219,2.7817,2.4402,3.7960,0.0010,1.5964,0.9595,0.2499,0.9288,722081,0,0,0,0,14,0,0.0079,0.0004,0.0708,540.2,1950,7501
153,ground_warm,84.200,6.0438,2.2596,3.7842,3.8052,0.0010,1.5974,0.9748,0.2345,0.9370,722081,0,0,0,0,14,0,0.0059,0.0005,0.0557,540.2,1950,7501
154,ground_warm,84.200,5.8739,2.2948,3.5791,3.8021,0.0010,1.5944,0.9595,0.2376,0.9492,722081,0,0,0,0,14,0,0.0065,0.0004,0.0585,540.2,1950,7501
155,ground_warm,84.200,5.6470,2.6101,3.0369,3.7786,0.0010,1.5964,0.9472,0.2324,0.9411,722081,0,0,0,0,14,0,0.0076,0.0005,0.0664,540.2,1950,7501
156,ground_warm,84.200,5.3117,3.4046,1.9071,3.7857,0.0010,1.6036,0.9482,0.2386,0.9329,722081,0,0,0,0,14,0,0.0077,0.0006,0.1103,540.2,1950,7501
157,ground_warm,84.200,5.7105,2.1066,3.6039,3.7509,0.0010,1.5954,0.9329,0.2335,0.9288,722081,0,0,0,0,14,0,0.0064,0.0004,0.0708,540.2,1950,7501
158,ground_warm,84.200,5.5158,2.5065,3.0093,3.7806,0.0020,1.5933,0.9452,0.2345,0.9452,722081,0,0,0,0,14,0,0.0067,0.0005,0.0614,540.2,1950,7501
160,ground_warm,84.200,6.0758,2.6740,3.4018,4.1687,0.0010,1.5933,0.9687,0.2345,1.3107,722081,0,0,0,0,14,0,0.0069,0.0004,0.0633,540.2,1950,7501
161,audit,84.200,2.8135,2.8117,0.0018,3.8369,0.0010,1.6067,0.9800,0.2396,0.9492,722081,0,0,0,0,14,0,0.0069,0.0004,0.0697,540.2,1950,7501
162,ground_horizon,84.200,2.8177,2.8162,0.0015,47.1194,0.0031,21.5419,10.9210,2.1934,11.9716,722081,0,0,0,0,14,0,0.0067,0.0004,0.0681,540.2,210,405
163,ground_horizon,84.200,2.1409,2.0982,0.0427,44.0781,0.0020,22.2751,11.3132,2.2487,7.7455,722081,0,0,0,0,14,0,0.0064,0.0006,0.0594,540.2,210,405
164,ground_horizon,84.200,62.1126,1.8805,60.2321,43.7586,0.0031,22.1051,10.9169,2.4177,7.8049,722081,0,0,0,0,14,0,0.0062,0.0005,0.0625,540.2,210,405
165,ground_horizon,84.200,63.1300,2.7519,60.3781,53.5736,0.0020,23.4158,15.2044,2.1524,12.3023,722081,0,0,0,0,14,0,0.0104,0.0009,0.1550,540.2,210,405
166,ground_horizon,84.200,69.3548,2.9005,66.4543,4.2424,0.0020,2.1361,0.9667,0.1894,0.8827,722081,0,0,0,0,14,0,0.0106,0.0007,0.1006,540.2,210,405
167,ground_horizon,84.200,59.6576,3.6182,56.0394,4.2394,0.0010,2.1320,0.9841,0.1853,0.8714,722081,0,0,0,0,14,0,0.0061,0.0005,0.0610,540.2,210,405
168,ground_horizon,84.200,6.3875,2.2279,4.1596,4.1830,0.0010,2.1340,0.9329,0.1894,0.8591,722081,0,0,0,0,14,0,0.0078,0.0006,0.0894,540.2,210,405
169,ground_horizon,84.200,5.8458,2.3354,3.5104,5.0217,0.0020,2.1381,1.2943,0.1894,1.3322,722081,0,0,0,0,14,0,0.0074,0.0005,0.0801,540.2,210,405
170,ground_horizon,84.200,5.5182,2.5482,2.9700,4.2394,0.0010,2.1412,0.9769,0.1915,0.8643,722081,0,0,0,0,14,0,0.0061,0.0003,0.0568,540.2,210,405
171,ground_horizon,84.200,7.1042,3.4577,3.6465,4.1810,0.0010,2.1350,0.9359,0.1905,0.8540,722081,0,0,0,0,14,0,0.0077,0.0005,0.0791,540.2,210,405
172,ground_horizon,84.200,5.9030,2.4382,3.4648,5.1210,0.0010,3.0822,0.9308,0.1853,0.8550,722081,0,0,0,0,14,0,0.0068,0.0005,0.0637,540.2,210,405
173,ground_horizon,84.200,5.8052,2.7325,3.0727,4.1953,0.0010,2.1340,0.9411,0.1905,0.8632,722081,0,0,0,0,14,0,0.0071,0.0005,0.0658,540.2,210,405
174,ground_horizon,84.200,6.5522,2.4890,4.0632,4.4995,0.0010,2.1279,0.9523,0.1894,1.1633,722081,0,0,0,0,14,0,0.0068,0.0009,0.0704,540.2,210,405
175,ground_horizon,84.200,6.2700,2.2923,3.9777,5.1364,0.0010,2.8047,0.9615,0.1935,1.1100,722081,0,0,0,0,14,0,0.0060,0.0004,0.0593,540.2,210,405
176,ground_horizon,84.200,6.3065,2.4695,3.8370,4.1923,0.0010,2.1299,0.9513,0.1894,0.8561,722081,0,0,0,0,14,0,0.0061,0.0004,0.0576,540.2,210,405
177,ground_horizon,84.200,6.5288,2.5058,4.0230,4.5230,0.0010,2.4187,0.9810,0.1884,0.8684,722081,0,0,0,0,14,0,0.0077,0.0004,0.0755,540.2,210,405
178,ground_horizon,84.200,6.1633,2.1240,4.0393,4.6285,0.0010,2.5405,0.9738,0.1874,0.8602,722081,0,0,0,0,14,0,0.0060,0.0004,0.0576,540.2,210,405
179,ground_horizon,84.200,5.8843,2.7780,3.1063,4.2148,0.0010,2.1279,0.9718,0.1884,0.8602,722081,0,0,0,0,14,0,0.0069,0.0005,0.0753,540.2,210,405
180,ground_horizon,84.200,6.3556,2.2526,4.1030,4.1851,0.0010,2.1361,0.9318,0.1894,0.8612,722081,0,0,0,0,14,0,0.0066,0.0004,0.0605,540.2,210,405
182,ground_horizon,84.200,5.8588,2.8783,2.9805,4.1994,0.0010,2.1289,0.9482,0.1956,0.8602,722081,0,0,0,0,14,0,0.0069,0.0008,0.0675,540.2,210,405
183,audit,84.200,2.9894,2.9879,0.0015,4.1912,0.0010,2.1381,0.9431,0.1894,0.8540,722081,0,0,0,0,14,0,0.0071,0.0005,0.0707,540.2,210,405
184,ground_down,84.200,3.7654,3.7641,0.0013,28.0197,0.0041,6.0078,12.8993,3.2840,5.3248,722081,0,0,0,0,14,0,0.0066,0.0005,0.0777,540.2,210,405
185,ground_down,84.200,3.3699,3.3498,0.0201,27.9337,0.0031,7.3656,9.1863,5.4733,5.3975,722081,0,0,0,0,14,0,0.0066,0.0005,0.0731,540.2,210,405
186,ground_down,84.200,49.3275,2.9448,46.3827,24.4746,0.0031,6.0160,9.0634,3.6772,5.2091,722081,0,0,0,0,14,0,0.0060,0.0004,0.0652,540.2,210,405
187,ground_down,84.200,50.6365,3.9776,46.6589,22.3099,0.0174,3.6280,8.4767,5.3094,4.5363,722081,0,0,0,0,14,0,0.0086,0.0019,0.1240,540.2,210,405
188,ground_down,84.200,51.3890,3.1370,48.2520,20.2486,0.0020,3.4857,8.9805,3.2553,4.2015,722081,0,0,0,0,14,0,0.0066,0.0009,0.0672,540.2,210,405
189,ground_down,84.200,43.7230,2.7420,40.9810,20.9203,0.0020,3.8154,8.4531,3.5359,4.7944,722081,0,0,0,0,14,0,0.0073,0.0005,0.0708,540.2,210,405
190,ground_down,84.200,40.1223,3.1798,36.9425,23.4486,0.0031,3.2850,11.9532,3.1713,4.7124,722081,0,0,0,0,14,0,0.0067,0.0005,0.0669,540.2,210,405
191,ground_down,84.200,42.0588,2.9053,39.1535,23.4967,0.0031,6.4246,8.4101,3.5932,4.7176,722081,0,0,0,0,14,0,0.0081,0.0005,0.0798,540.2,390,405
192,ground_down,84.200,39.7371,3.2983,36.4388,2.4617,0.0010,0.7188,0.7772,0.2867,0.6103,722081,0,0,0,0,14,0,0.0071,0.0005,0.0715,540.2,390,405
193,ground_down,84.200,40.8981,4.2801,36.6180,2.4556,0.0010,0.7178,0.7762,0.2888,0.6062,722081,0,0,0,0,14,0,0.0084,0.0007,0.0891,540.2,390,405
194,ground_down,84.200,3.6761,3.6437,0.0324,2.4617,0.0010,0.7188,0.7772,0.2877,0.6103,722081,0,0,0,0,14,0,0.0078,0.0010,0.0729,540.2,390,405
195,ground_down,84.200,5.3977,2.7955,2.6022,2.4658,0.0010,0.7178,0.7772,0.2918,0.6113,722081,0,0,0,0,14,0,0.0067,0.0004,0.0577,540.2,390,405
196,ground_down,84.200,4.5199,3.0756,1.4443,2.4832,0.0010,0.7178,0.7823,0.2888,0.6277,722081,0,0,0,0,14,0,0.0069,0.0005,0.0686,540.2,390,405
197,ground_down,84.200,4.5233,2.5219,2.0014,2.4596,0.0020,0.7199,0.7772,0.2857,0.6093,722081,0,0,0,0,14,0,0.0066,0.0008,0.0715,540.2,390,405
198,ground_down,84.200,4.4909,2.5221,1.9688,2.8908,0.0010,1.0998,0.7772,0.2929,0.6554,722081,0,0,0,0,14,0,0.0062,0.0004,0.0613,540.2,390,405
199,ground_down,84.200,4.5113,3.0233,1.4880,2.4525,0.0020,0.7188,0.7772,0.2898,0.5990,722081,0,0,0,0,14,0,0.0074,0.0006,0.0743,540.2,390,405
200,ground_down,84.200,5.2071,3.0464,2.1607,2.4412,0.0010,0.7188,0.7762,0.2898,0.5888,722081,0,0,0,0,14,0,0.0068,0.0004,0.0616,540.2,390,405
201,ground_down,84.200,4.3997,3.4809,0.9188,2.4586,0.0010,0.7188,0.7793,0.2888,0.6052,722081,0,0,0,0,14,0,0.0140,0.0010,0.1041,540.2,390,405
202,ground_down,84.200,4.7863,2.7864,1.9999,2.4453,0.0010,0.7188,0.7864,0.2857,0.5868,722081,0,0,0,0,14,0,0.0067,0.0004,0.0710,540.2,390,405
204,ground_down,84.200,4.4930,2.5476,1.9454,2.4627,0.0010,0.7178,0.7772,0.2888,0.6031,722081,0,0,0,0,14,0,0.0066,0.0004,0.0595,540.2,390,405
205,audit,84.200,3.4796,3.4782,0.0014,2.7679,0.0010,0.7188,0.7772,0.2898,0.9144,722081,0,0,0,0,14,0,0.0075,0.0004,0.0763,540.2,390,405
206,ground_up,84.200,4.6445,4.6429,0.0016,35.2778,0.0020,18.9880,9.5990,1.2575,4.9142,722081,0,0,0,0,14,0,0.0074,0.0005,0.0725,540.2,210,405
207,ground_up,84.200,3.3728,3.3515,0.0213,33.4602,0.0020,13.4687,9.7382,4.7831,4.9705,722081,0,0,0,0,14,0,0.0064,0.0005,0.0744,540.2,210,405
208,ground_up,84.200,49.4491,3.2905,46.1586,31.7409,0.0031,14.0657,11.6961,1.4705,4.0090,722081,0,0,0,0,14,0,0.0070,0.0005,0.0624,540.2,210,405
209,ground_up,84.200,45.5512,4.0430,41.5082,27.9450,0.0031,12.8870,9.4607,1.3179,3.8912,722081,0,0,0,0,14,0,0.0070,0.0006,0.0757,540.2,210,405
210,ground_up,84.200,43.0728,4.3651,38.7077,26.2851,0.0031,11.2374,9.1873,1.5176,3.9485,722081,0,0,0,0,14,0,0.0088,0.0006,0.0980,540.2,210,405
211,ground_up,84.200,41.6319,4.1899,37.4420,30.3811,0.0031,12.6761,9.1187,1.4449,6.7205,722081,0,0,0,0,14,0,0.0102,0.0009,0.1051,540.2,210,405
212,ground_up,84.200,37.3336,3.3248,34.0088,27.9798,0.0020,9.9236,12.3679,1.2667,4.0212,722081,0,0,0,0,14,0,0.0075,0.0006,0.0764,540.2,210,405
213,ground_up,84.200,41.0846,2.7060,38.3786,15.0047,0.0031,10.7674,3.2317,0.1096,0.5059,722081,0,0,0,0,14,0,0.0063,0.0005,0.0787,540.2,210,405
214,ground_up,84.200,39.0872,3.1528,35.9344,3.0075,0.0010,1.6005,0.7158,0.1055,0.5181,722081,0,0,0,0,14,0,0.0069,0.0006,0.0617,540.2,210,405
215,ground_up,84.200,17.3432,3.8827,13.4605,2.9737,0.0072,1.6056,0.6717,0.1075,0.5161,722081,0,0,0,0,14,0,0.0069,0.0005,0.0685,540.2,210,405
216,ground_up,84.200,4.3256,3.4600,0.8656,2.9757,0.0010,1.6026,0.6820,0.1075,0.5171,722081,0,0,0,0,14,0,0.0076,0.0005,0.1892,540.2,210,405
217,ground_up,84.200,5.0995,5.0580,0.0415,3.0044,0.0072,1.6097,0.6984,0.1065,0.5171,722081,0,0,0,0,14,0,0.0086,0.0010,0.0936,540.2,210,405
218,ground_up,84.200,4.0660,2.6616,1.4044,2.9850,0.0010,1.6026,0.6871,0.1085,0.5202,722081,0,0,0,0,14,0,0.0070,0.0004,0.0795,540.2,210,405
219,ground_up,84.200,4.2725,2.8382,1.4343,3.0228,0.0010,1.6036,0.7291,0.1085,0.5130,722081,0,0,0,0,14,0,0.0067,0.0005,0.0651,540.2,210,405
220,ground_up,84.200,3.6876,3.6532,0.0344,3.6577,0.0020,1.8852,1.0762,0.1075,0.5212,722081,0,0,0,0,14,0,0.0083,0.0004,0.0861,540.2,210,405
221,ground_up,84.200,5.2702,3.1031,2.1671,2.9911,0.0020,1.6128,0.6799,0.1085,0.5222,722081,0,0,0,0,14,0,0.0075,0.0005,0.0651,540.2,210,405
222,ground_up,84.200,5.1104,3.0817,2.0287,2.9993,0.0010,1.6128,0.6973,0.1075,0.5151,722081,0,0,0,0,14,0,0.0090,0.0012,0.1275,540.2,210,405
223,ground_up,84.200,4.3906,4.3443,0.0463,2.9665,0.0010,1.6097,0.6595,0.1085,0.5202,722081,0,0,0,0,14,0,0.0079,0.0008,0.1130,540.2,210,405
224,ground_up,84.200,3.7893,3.7672,0.0221,3.0095,0.0020,1.6097,0.7096,0.1065,0.5161,722081,0,0,0,0,14,0,0.0088,0.0007,0.0779,540.2,210,405
226,ground_up,84.200,4.5014,3.0502,1.4512,2.9635,0.0010,1.6148,0.6523,0.1106,0.5192,722081,0,0,0,0,14,0,0.0072,0.0004,0.0763,540.2,210,405
227,audit,84.200,3.0136,3.0116,0.0020,3.5041,0.0010,1.6138,0.9329,0.1106,0.7793,722081,0,0,0,0,14,0,0.0067,0.0005,0.0791,540.2,210,405
228,walk,84.200,4.1605,4.1582,0.0023,47.6180,0.0031,19.8001,14.4681,2.9471,9.9031,722081,0,0,0,0,14,0,0.0266,0.0008,0.1323,540.2,210,405
229,walk,84.200,4.5247,4.5224,0.0023,32.7844,0.0031,10.8022,12.8000,2.7566,6.0457,722081,0,0,0,0,14,0,0.0228,0.0009,0.1334,540.2,210,405
230,walk,84.200,12.8448,4.0874,8.7574,31.2556,0.0072,9.6492,12.4006,2.9409,5.9126,722081,0,0,0,0,14,0,0.0245,0.0011,0.1301,540.2,210,405
231,walk,84.200,45.7366,5.5729,40.1637,31.1962,0.0031,12.4109,9.5140,3.0054,5.9156,722081,0,0,0,0,14,0,0.0253,0.0008,0.1318,540.2,330,405
232,walk,84.200,50.8251,3.8751,46.9500,31.3928,0.0020,9.7413,12.4815,2.9379,5.8962,722081,0,0,0,0,14,0,0.0217,0.0006,0.1106,540.2,330,405
234,walk,84.200,49.5441,5.1277,44.4164,4.0786,0.0010,1.8053,0.9964,0.2406,0.9697,722081,0,0,0,0,14,0,0.0359,0.0009,0.1820,540.2,330,405
235,walk,84.200,13.8970,5.1057,8.7913,4.0704,0.0010,1.8104,0.9943,0.2427,0.9574,722081,0,0,0,0,14,0,0.0243,0.0008,0.1163,540.2,330,405
236,walk,84.200,13.9001,3.5008,10.3993,4.1052,0.0010,1.8125,1.0086,0.2396,0.9789,722081,0,0,0,0,14,0,0.0275,0.0004,0.1108,540.2,330,405
237,walk,84.200,12.8676,4.6408,8.2268,4.1083,0.0020,1.8145,1.0025,0.2437,0.9800,722081,0,0,0,0,14,0,0.0252,0.0006,0.0773,540.2,330,405
238,walk,84.200,11.2545,3.0246,8.2299,4.1001,0.0010,1.8156,0.9933,0.2509,0.9738,722081,0,0,0,0,14,0,0.0240,0.0006,0.1122,540.2,330,405
239,walk,84.200,11.2668,4.5846,6.6822,4.3244,0.0010,1.8217,0.9984,0.2396,1.1971,722081,0,0,0,0,14,0,0.0244,0.0006,0.0820,540.2,330,405
240,walk,84.200,12.7584,4.9510,7.8074,4.1267,0.0010,1.8186,1.0138,0.2468,0.9810,722081,0,0,0,0,14,0,0.0281,0.0006,0.0991,540.2,330,405
241,walk,84.200,14.4273,4.6525,9.7748,4.0806,0.0010,1.8115,1.0025,0.2386,0.9615,722081,0,0,0,0,14,0,0.0272,0.0008,0.1274,540.2,330,405
242,walk,84.200,13.4884,5.7309,7.7575,4.0929,0.0010,1.8156,0.9871,0.2499,0.9748,722081,0,0,0,0,14,0,0.0268,0.0009,0.1427,540.2,330,405
243,walk,84.200,15.1145,4.7010,10.4135,4.1247,0.0010,1.8166,1.0179,0.2591,0.9646,722081,0,0,0,0,14,0,0.0286,0.0008,0.1039,540.2,330,405
244,walk,84.200,15.5278,5.3374,10.1904,4.5926,0.0010,1.8115,1.4868,0.2478,0.9800,722081,0,0,0,0,14,0,0.0316,0.0012,0.1456,540.2,330,405
245,walk,84.200,14.0585,5.4055,8.6530,4.1216,0.0010,1.8125,0.9994,0.2580,0.9851,722081,0,0,0,0,14,0,0.0341,0.0012,0.1418,540.2,330,405
246,walk,84.200,14.3819,4.7431,9.6388,4.7370,0.0010,1.8053,1.4285,0.2488,1.1878,722081,0,0,0,0,14,0,0.0284,0.0007,0.1371,540.2,330,405
247,walk,84.200,14.1268,4.7074,9.4194,4.1062,0.0010,1.8145,1.0179,0.2570,0.9513,722081,0,0,0,0,14,0,0.0248,0.0007,0.1279,540.2,330,405
248,walk,84.200,13.1277,4.1030,9.0247,3.8717,0.0010,1.7449,0.9247,0.2304,0.9052,722081,0,0,0,0,14,0,0.0282,0.0007,0.1016,540.2,330,405
249,walk,84.200,10.3768,3.4733,6.9035,3.8011,0.0010,1.6671,0.9257,0.2314,0.9155,722081,0,0,0,0,14,0,0.0275,0.0007,0.1217,540.2,330,405
250,walk,84.200,10.3788,3.5756,6.8032,3.7898,0.0020,1.6660,0.9400,0.2324,0.8878,722081,0,0,0,0,14,0,0.0228,0.0005,0.0780,540.2,330,405
251,walk,84.200,11.5865,4.0479,7.5386,3.7601,0.0010,1.6671,0.9001,0.2304,0.9021,722081,0,0,0,0,14,0,0.0238,0.0008,0.1284,540.2,330,405
252,walk,84.200,10.8624,4.2952,6.5672,4.4401,0.0020,1.9149,1.3332,0.2294,0.9011,722081,0,0,0,0,14,0,0.0222,0.0004,0.0790,540.2,330,405
253,walk,84.200,12.4539,4.1861,8.2678,3.7990,0.0010,1.6712,0.9400,0.2294,0.8970,722081,0,0,0,0,14,0,0.0228,0.0004,0.0779,540.2,330,405
254,walk,84.200,13.6227,4.3079,9.3148,3.7622,0.0010,1.6763,0.9093,0.2304,0.8847,722081,0,0,0,0,14,0,0.0257,0.0005,0.1056,540.2,330,405
255,walk,84.200,11.1245,4.5085,6.6160,3.7591,0.0010,1.6732,0.9185,0.2314,0.8755,722081,0,0,0,0,14,0,0.0315,0.0006,0.1080,540.2,330,405
256,walk,84.200,13.9078,5.8645,8.0433,3.7898,0.0010,1.6712,0.9308,0.2335,0.8919,722081,0,0,0,0,14,0,0.0285,0.0012,0.1453,540.2,330,405
257,walk,84.200,11.6424,3.2598,8.3826,3.7519,0.0010,1.6660,0.9124,0.2273,0.8847,722081,0,0,0,0,14,0,0.0228,0.0006,0.0773,540.2,330,405
258,walk,84.200,10.4728,3.7167,6.7561,3.7366,0.0010,1.6630,0.8991,0.2314,0.8817,722081,0,0,0,0,14,0,0.0271,0.0006,0.1144,540.2,330,405
259,walk,84.200,10.5181,3.5625,6.9556,3.7417,0.0010,1.6630,0.9134,0.2294,0.8745,722081,0,0,0,0,14,0,0.0412,0.0009,0.1461,540.2,330,405
260,walk,84.200,10.6179,3.9246,6.6933,4.5670,0.0010,1.6599,1.3414,0.2284,1.2759,722081,0,0,0,0,14,0,0.0324,0.0010,0.0949,540.2,330,405
261,walk,84.200,15.3664,4.4304,10.9360,3.7427,0.0010,1.6620,0.9114,0.2140,0.8950,722081,0,0,0,0,14,0,0.0303,0.0008,0.1370,540.2,1942,7501
262,walk,84.200,11.3661,4.2329,7.1332,3.7325,0.0010,1.6650,0.9062,0.2171,0.8837,722081,0,0,0,0,14,0,0.0266,0.0008,0.1219,540.2,1942,7501
263,walk,84.200,10.0464,3.2155,6.8309,3.9496,0.0010,1.6671,0.9103,0.4475,0.8643,722081,0,0,0,0,14,0,0.0238,0.0005,0.0778,540.2,1942,7501
264,walk,84.200,10.6944,3.6011,7.0933,3.7396,0.0010,1.6660,0.9318,0.2120,0.8694,722081,0,0,0,0,14,0,0.0256,0.0005,0.0807,540.2,1942,7501
265,walk,84.200,9.9621,3.0953,6.8668,3.7181,0.0010,1.6640,0.9001,0.2140,0.8786,722081,0,0,0,0,14,0,0.0218,0.0014,0.0859,540.2,1942,7501
266,walk,84.200,10.7117,3.7264,6.9853,3.7325,0.0010,1.6691,0.9103,0.2191,0.8724,722081,0,0,0,0,14,0,0.0243,0.0004,0.0768,540.2,1942,7501
267,walk,84.200,11.4929,3.7417,7.7512,3.7192,0.0010,1.6681,0.9144,0.2140,0.8622,722081,0,0,0,0,14,0,0.0223,0.0006,0.1148,540.2,1942,7501
268,walk,84.200,9.5708,3.0681,6.5027,3.7407,0.0010,1.6701,0.9103,0.2150,0.8837,722081,0,0,0,0,14,0,0.0250,0.0005,0.0904,540.2,1942,7501
269,walk,84.200,9.8604,3.2536,6.6068,3.7233,0.0010,1.6640,0.9165,0.2130,0.8673,722081,0,0,0,0,14,0,0.0247,0.0006,0.0849,540.2,1942,7501
270,walk,84.200,11.0133,3.6471,7.3662,3.7427,0.0010,1.6763,0.9073,0.2171,0.8806,722081,0,0,0,0,14,0,0.0301,0.0005,0.1260,540.2,1942,7501
271,walk,84.300,11.2018,3.9212,7.2806,3.7345,0.0020,1.6804,0.9114,0.2191,0.8622,722081,0,0,0,0,14,0,0.0276,0.0004,0.0855,540.2,1942,7501
272,walk,84.200,10.6508,3.9465,6.7043,3.7263,0.0020,1.6773,0.9021,0.2079,0.8776,722081,0,0,0,0,14,0,0.0228,0.0005,0.0787,540.2,1942,7501
273,walk,84.200,11.7403,3.5220,8.2183,4.1574,0.0020,1.6773,0.9185,0.2130,1.2872,722081,0,0,0,0,14,0,0.0251,0.0004,0.0834,540.2,1942,7501
274,walk,84.200,11.1552,3.8668,7.2884,3.7591,0.0010,1.6794,0.9329,0.2089,0.8765,722081,0,0,0,0,14,0,0.0298,0.0005,0.0896,540.2,1942,7501
275,walk,84.200,13.0085,4.4037,8.6048,3.7499,0.0010,1.6783,0.9206,0.2099,0.8796,722081,0,0,0,0,14,0,0.0282,0.0009,0.1193,540.2,1942,7501
276,walk,84.200,10.0892,3.4563,6.6329,4.1482,0.0010,1.6804,1.3220,0.2099,0.8755,722081,0,0,0,0,14,0,0.0265,0.0010,0.0847,540.2,1942,7501
277,walk,84.200,10.8214,3.8345,6.9869,3.7519,0.0010,1.6814,0.9247,0.2089,0.8765,722081,0,0,0,0,14,0,0.0262,0.0004,0.0862,540.2,1942,7501
278,walk,84.200,9.7247,3.1899,6.5348,3.7458,0.0010,1.6814,0.9155,0.2099,0.8776,722081,0,0,0,0,14,0,0.0250,0.0005,0.0799,540.2,1942,7501
279,walk,84.200,10.4723,3.9078,6.5645,3.7571,0.0010,1.6855,0.9216,0.2109,0.8776,722081,0,0,0,0,14,0,0.0315,0.0008,0.1304,540.2,1942,7501
280,walk,84.300,10.7661,3.5307,7.2354,3.7437,0.0020,1.6906,0.9042,0.2099,0.8765,722081,0,0,0,0,14,0,0.0237,0.0005,0.0842,540.2,1942,7501
281,walk,84.300,10.5452,3.8375,6.7077,3.7734,0.0010,1.6927,0.9144,0.2089,0.8960,722081,0,0,0,0,14,0,0.0277,0.0006,0.0928,540.2,1942,7501
282,walk,84.300,10.8620,4.0847,6.7773,4.1370,0.0010,2.0716,0.9124,0.2222,0.8704,722081,0,0,0,0,14,0,0.0354,0.0008,0.1307,540.2,1942,7501
283,walk,84.300,10.9288,3.9552,6.9736,3.7786,0.0010,1.6927,0.9339,0.2232,0.8684,722081,0,0,0,0,14,0,0.0314,0.0011,0.1235,540.2,1942,7501
284,walk,84.300,9.9651,3.3736,6.5915,3.7898,0.0010,1.7009,0.9175,0.2222,0.8878,722081,0,0,0,0,14,0,0.0234,0.0005,0.0737,540.2,1942,7501
285,walk,84.300,10.0069,3.3185,6.6884,4.7688,0.0010,2.0972,1.4920,0.2191,0.8991,722081,0,0,0,0,14,0,0.0235,0.0006,0.0724,540.2,1942,7501
286,walk,84.300,12.8330,5.3873,7.4457,3.7775,0.0010,1.6998,0.9114,0.2202,0.8858,722081,0,0,0,0,14,0,0.0259,0.0008,0.1301,540.2,1942,7501
287,walk,84.300,11.6287,4.8841,6.7446,3.7745,0.0020,1.6968,0.9216,0.2202,0.8745,722081,0,0,0,0,14,0,0.0260,0.0009,0.1347,540.2,1942,7501
288,walk,84.300,17.0483,4.6860,12.3623,3.7683,0.0010,1.6957,0.9042,0.2191,0.8888,722081,0,0,0,0,14,0,0.0252,0.0007,0.1426,540.2,1942,7501
289,walk,84.300,12.5717,4.8601,7.7116,3.7939,0.0010,1.7029,0.9175,0.2191,0.8940,722081,0,0,0,0,14,0,0.0274,0.0006,0.0770,540.2,1942,7501
290,walk,84.300,11.2464,4.0271,7.2193,4.2138,0.0010,1.7009,1.1203,0.4454,0.8858,722081,0,0,0,0,14,0,0.0302,0.0006,0.1144,540.2,1942,7501
291,walk,84.300,12.0559,4.3537,7.7022,3.7683,0.0010,1.7050,0.9267,0.2058,0.8694,722081,0,0,0,0,14,0,0.0289,0.0012,0.0955,540.2,1942,7501
292,walk,84.300,14.4509,5.9800,8.4709,3.7837,0.0010,1.7039,0.9206,0.2068,0.8909,722081,0,0,0,0,14,0,0.0631,0.0007,0.2076,540.2,1942,7501
293,walk,84.300,13.8657,6.3461,7.5196,3.7919,0.0010,1.7039,0.9216,0.2089,0.8960,722081,0,0,0,0,14,0,0.0295,0.0009,0.1481,540.2,1942,7501
294,walk,84.300,11.4053,4.7738,6.6315,3.7939,0.0010,1.7070,0.9216,0.2058,0.8980,722081,0,0,0,0,14,0,0.0249,0.0006,0.0804,540.2,1942,7501
295,walk,84.300,12.6046,5.7271,6.8775,3.7898,0.0010,1.7039,0.9431,0.2058,0.8755,722081,0,0,0,0,14,0,0.0297,0.0009,0.1322,540.2,1942,7501
296,walk,84.300,12.3123,4.2353,8.0770,3.7888,0.0010,1.7091,0.9206,0.2089,0.8899,722081,0,0,0,0,14,0,0.0300,0.0007,0.1487,540.2,1942,7501
297,walk,84.300,10.2956,3.2689,7.0267,3.7980,0.0010,1.7101,0.9308,0.2079,0.8868,722081,0,0,0,0,14,0,0.0237,0.0012,0.0810,540.2,1942,7501
298,walk,84.300,10.1540,3.5011,6.6529,3.7724,0.0010,1.7142,0.9062,0.2068,0.8847,722081,0,0,0,0,14,0,0.0244,0.0007,0.1145,540.2,1942,7501
299,walk,84.300,12.8207,5.4638,7.3569,3.7673,0.0020,1.7111,0.9124,0.2099,0.8714,722081,0,0,0,0,14,0,0.0296,0.0007,0.1151,540.2,1942,7501
300,walk,84.300,12.1794,4.8195,7.3599,3.7847,0.0010,1.7162,0.9175,0.2058,0.8837,722081,0,0,0,0,14,0,0.0310,0.0007,0.1659,540.2,1942,7501
301,walk,84.300,11.7599,4.0500,7.7099,3.7960,0.0010,1.7193,0.9216,0.2079,0.8858,722081,0,0,0,0,14,0,0.0282,0.0009,0.1294,540.2,1942,7501
302,walk,84.300,14.2182,4.9152,9.3030,3.7632,0.0010,1.7152,0.8888,0.2068,0.8919,722081,0,0,0,0,14,0,0.0304,0.0012,0.1520,540.2,1942,7501
303,walk,84.300,14.1257,4.7049,9.4208,3.8062,0.0010,1.7193,0.9370,0.2099,0.8796,722081,0,0,0,0,14,0,0.0277,0.0006,0.1052,540.2,1942,7501
304,walk,84.300,18.4371,6.9022,11.5349,3.8277,0.0010,1.7254,0.9431,0.2068,0.8909,722081,0,0,0,0,14,0,0.0255,0.0007,0.1357,540.2,1957,7501
305,walk,84.300,14.6752,5.3296,9.3456,3.8216,0.0010,1.7203,0.9380,0.2089,0.8929,722081,0,0,0,0,14,0,0.0238,0.0007,0.1332,540.2,1957,7501
306,walk,84.300,12.6444,4.1071,8.5373,3.8072,0.0020,1.7254,0.9114,0.2099,0.8991,722081,0,0,0,0,14,0,0.0248,0.0008,0.1155,540.2,1957,7501
307,walk,84.300,13.8140,5.4357,8.3783,3.7632,0.0010,1.7213,0.9062,0.2058,0.8694,722081,0,0,0,0,14,0,0.0301,0.0009,0.1562,540.2,1957,7501
308,walk,84.300,12.2904,4.8631,7.4273,4.4800,0.0010,1.7213,1.2196,0.2068,1.2708,722081,0,0,0,0,14,0,0.0313,0.0007,0.1232,540.2,1957,7501
309,walk,84.300,11.3264,3.8111,7.5153,3.8124,0.0020,1.7275,0.9411,0.2058,0.8765,722081,0,0,0,0,14,0,0.0298,0.0008,0.0942,540.2,1957,7501
310,walk,84.300,10.4581,3.7930,6.6651,3.8052,0.0010,1.7254,0.9288,0.2079,0.8817,722081,0,0,0,0,14,0,0.0262,0.0008,0.1308,540.2,1957,7501
311,walk,84.300,11.9045,4.4028,7.5017,4.4186,0.0010,1.7295,1.2165,0.2068,1.2042,722081,0,0,0,0,14,0,0.0247,0.0007,0.1267,540.2,1957,7501
312,walk,84.300,14.5706,5.4850,9.0856,3.8420,0.0010,1.7306,0.9533,0.2068,0.8909,722081,0,0,0,0,14,0,0.0260,0.0006,0.6652,540.2,1957,7501
313,walk,84.300,11.5803,3.7550,7.8253,3.7683,0.0010,1.7254,0.9083,0.2058,0.8684,722081,0,0,0,0,14,0,0.0280,0.0006,0.0946,540.2,1957,7501
314,walk,84.300,11.8826,4.7855,7.0971,4.4554,0.0010,2.3788,0.9073,0.2099,0.8991,722081,0,0,0,0,14,0,0.0296,0.0007,0.0890,540.2,1957,7501
315,walk,84.300,13.9083,5.0761,8.8322,3.7990,0.0010,1.7347,0.9216,0.2089,0.8724,722081,0,0,0,0,14,0,0.0252,0.0004,0.0904,540.2,1957,7501
316,walk,84.300,15.5683,3.9558,11.6125,4.5834,0.0020,2.1135,1.3220,0.2058,0.8796,722081,0,0,0,0,14,0,0.0266,0.0007,0.1117,540.2,1957,7501
317,walk,84.300,11.0930,3.6177,7.4753,3.7888,0.0010,1.7398,0.9144,0.2068,0.8663,722081,0,0,0,0,14,0,0.0330,0.0007,0.1060,540.2,1957,7501
318,walk,84.300,13.5785,6.2931,7.2854,3.8021,0.0010,1.7388,0.9073,0.2089,0.8868,722081,0,0,0,0,14,0,0.0294,0.0010,0.1595,540.2,1957,7501
319,walk,84.300,11.0199,4.4444,6.5755,3.8400,0.0010,1.7388,0.9482,0.2130,0.8786,722081,0,0,0,0,14,0,0.0313,0.0016,0.1135,540.2,1957,7501
320,walk,84.300,11.6758,3.3332,8.3426,3.8175,0.0020,1.7408,0.9124,0.2089,0.8940,722081,0,0,0,0,14,0,0.0224,0.0010,0.1086,540.2,1957,7501
321,walk,84.300,11.9642,4.7609,7.2033,3.7919,0.0010,1.7449,0.9021,0.2079,0.8765,722081,0,0,0,0,14,0,0.0281,0.0010,0.1112,540.2,1957,7501
322,walk,84.300,11.2732,4.7266,6.5466,3.8513,0.0010,1.7418,0.9329,0.2120,0.9032,722081,0,0,0,0,14,0,0.0275,0.0006,0.0876,540.2,1957,7501
323,walk,84.300,9.1940,2.6768,6.5172,3.8318,0.0010,1.7418,0.9431,0.2089,0.8776,722081,0,0,0,0,14,0,0.0235,0.0004,0.0739,540.2,1957,7501
324,walk,84.300,11.5884,4.6532,6.9352,3.8185,0.0010,1.7459,0.9339,0.2048,0.8735,722081,0,0,0,0,14,0,0.0255,0.0006,0.0861,540.2,1957,7501
325,walk,84.300,13.6252,6.8547,6.7705,4.1114,0.2908,1.7398,0.9226,0.2058,0.8919,722702,0,1124,503,0,14,0,1.0695,0.5338,0.1894,540.2,1957,7501
326,walk,84.300,10.7759,3.9545,6.8214,3.8226,0.0010,1.7357,0.9288,0.2120,0.8858,722702,0,0,0,0,14,0,0.0290,0.0007,0.0959,540.2,1957,7501
327,walk,84.300,12.2090,4.2489,7.9601,3.8216,0.0010,1.7388,0.9288,0.2079,0.8858,722702,0,0,0,0,14,0,0.0268,0.0008,0.1318,540.2,1957,7501
328,walk,84.300,14.1869,5.7840,8.4029,3.8195,0.0010,1.7388,0.9083,0.2089,0.9021,722702,0,0,0,0,14,0,0.0277,0.0008,0.1536,540.2,1957,7501
329,walk,84.300,12.6595,3.8177,8.8418,3.8277,0.0010,1.7418,0.9318,0.2089,0.8847,722702,0,0,0,0,14,0,0.0296,0.0009,0.0933,540.2,1957,7501
330,walk,84.300,13.1082,4.4394,8.6688,4.0940,0.0010,2.0142,0.9206,0.2068,0.8919,722702,0,0,0,0,14,0,0.0396,0.0006,0.0915,540.2,1957,7501
331,walk,84.300,11.1203,3.9976,7.1227,4.2619,0.0020,1.7398,0.9277,0.6410,0.8909,722702,0,0,0,0,14,0,0.0253,0.0006,0.0908,540.2,1957,7501
332,walk,84.300,13.1194,6.4639,6.6555,3.8349,0.0010,1.7439,0.9226,0.2120,0.8950,722702,0,0,0,0,14,0,0.0259,0.0007,0.0820,540.2,1957,7501
333,walk,84.300,10.5961,4.0410,6.5551,3.8410,0.0010,1.7459,0.9277,0.2089,0.8980,722702,0,0,0,0,14,0,0.0228,0.0006,0.0849,540.2,1957,7501
334,walk,84.300,10.1626,3.5432,6.6194,3.7509,0.0010,1.6599,0.9236,0.2079,0.8991,722702,0,0,0,0,14,0,0.0269,0.0006,0.0968,540.2,1957,7501
335,walk,84.300,11.1222,3.6538,7.4684,3.7571,0.0010,1.6650,0.9288,0.2089,0.8940,722702,0,0,0,0,14,0,0.0280,0.0008,0.0879,540.2,1957,7501
336,walk,84.300,10.8603,4.0699,6.7904,4.1257,0.0010,2.0316,0.9339,0.2068,0.8919,722702,0,0,0,0,14,0,0.0292,0.0005,0.0908,540.2,1957,7501
337,walk,84.300,10.7058,3.2609,7.4449,3.7755,0.0010,1.6660,0.9390,0.2079,0.9011,722702,0,0,0,0,14,0,0.0249,0.0006,0.0793,540.2,1957,7501
338,walk,84.300,12.5450,5.8759,6.6691,3.7990,0.0031,1.6742,0.9380,0.2150,0.9042,722702,0,0,0,0,14,0,0.0229,0.0006,0.0849,540.2,1957,7501
339,walk,84.300,12.5200,6.0133,6.5067,3.7478,0.0031,1.6691,0.9236,0.2079,0.8786,722702,0,0,0,0,14,0,0.0276,0.0007,0.1816,540.2,1957,7501
340,walk,84.300,15.1180,5.7211,9.3969,3.8175,0.0031,1.6824,0.9513,0.2099,0.9062,722702,0,0,0,0,14,0,0.0269,0.0007,0.1142,540.2,1957,7501
341,walk,84.300,12.5313,5.4307,7.1006,4.1083,0.0031,1.6712,0.9574,0.2120,1.1940,722702,0,0,0,0,14,0,0.0226,0.0007,0.0938,540.2,1957,7501
342,walk,84.300,12.5730,5.7487,6.8243,3.7806,0.0031,1.6814,0.9349,0.2150,0.8827,722702,0,0,0,0,14,0,0.0223,0.0005,0.0878,540.2,1957,7501
343,walk,84.300,11.1596,4.6742,6.4854,3.7837,0.0031,1.6753,0.9370,0.2120,0.8929,722702,0,0,0,0,14,0,0.0192,0.0008,0.0750,540.2,1957,7501
344,walk,84.300,11.3792,4.7554,6.6238,4.4616,0.0031,1.9948,1.2995,0.2089,0.8909,722702,0,0,0,0,14,0,0.0193,0.0004,0.0882,540.2,1957,7501
345,walk,84.300,10.5206,3.3620,7.1586,3.8021,0.0031,1.6773,0.9400,0.2089,0.9083,722702,0,0,0,0,14,0,0.0209,0.0006,0.1271,540.2,1957,7501
346,walk,84.300,10.5244,3.9391,6.5853,3.7888,0.0031,1.6814,0.9216,0.2109,0.9083,722702,0,0,0,0,14,0,0.0210,0.0006,0.0774,540.2,1957,7501
347,walk,84.300,10.6633,3.9264,6.7369,4.4872,0.0031,1.6804,1.2421,0.2089,1.2902,722702,0,0,0,0,14,0,0.0186,0.0005,0.0778,540.2,1957,7501
348,walk,84.300,10.6763,4.1174,6.5589,3.8339,0.0031,1.6783,0.9615,0.2109,0.9165,722702,0,0,0,0,14,0,0.0213,0.0008,0.0937,540.2,1957,7501
349,walk,84.300,10.1625,3.5779,6.5846,3.8062,0.0031,1.6783,0.9441,0.2099,0.9073,722702,0,0,0,0,14,0,0.0190,0.0006,0.0773,540.2,1957,7501
350,walk,84.200,11.0602,4.5265,6.5337,4.0847,0.0031,1.6742,0.9554,0.2109,1.1776,722702,0,0,0,0,14,0,0.0197,0.0004,0.0932,540.2,1957,7501
351,walk,84.200,11.6591,4.3039,7.3552,3.7540,0.0031,1.6712,0.9288,0.2079,0.8796,722702,0,0,0,0,14,0,0.0195,0.0006,0.0834,540.2,1957,7501
352,walk,84.200,11.2612,4.6181,6.6431,3.8042,0.0031,1.6732,0.9441,0.2079,0.9124,722702,0,0,0,0,14,0,0.0223,0.0009,0.0909,540.2,1957,7501
353,walk,84.200,11.1191,4.5757,6.5434,4.0509,0.0031,1.6742,0.9482,0.4495,0.9124,722702,0,0,0,0,14,0,0.0237,0.0008,0.1119,540.2,1957,7501
354,walk,84.200,11.3515,3.9915,7.3600,3.8134,0.0031,1.6753,0.9697,0.2099,0.8919,722702,0,0,0,0,14,0,0.0199,0.0006,0.0847,540.2,1957,7501
355,walk,84.200,10.5679,4.0168,6.5511,3.7335,0.0031,1.6640,0.9093,0.2089,0.8858,722702,0,0,0,0,14,0,0.0233,0.0006,0.1235,540.2,1957,7501
356,walk,84.200,11.1028,4.5336,6.5692,3.7837,0.0031,1.6824,0.9308,0.2109,0.8929,722702,0,0,0,0,14,0,0.0190,0.0005,0.0778,540.2,1957,7501
357,walk,84.200,12.0149,5.1500,6.8649,3.7908,0.0031,1.6732,0.9380,0.2120,0.9011,722702,0,0,0,0,14,0,0.0191,0.0006,0.0778,540.2,1957,7501
358,walk,84.200,11.4607,4.8667,6.5940,3.8021,0.0031,1.6763,0.9513,0.2089,0.9001,722702,0,0,0,0,14,0,0.0209,0.0005,0.0817,540.2,1957,7501
359,walk,84.200,11.8542,4.3179,7.5363,4.0305,0.0031,1.6824,1.1919,0.2089,0.8806,722702,0,0,0,0,14,0,0.0186,0.0005,0.0775,540.2,1957,7501
360,walk,84.200,11.0550,4.3214,6.7336,3.8001,0.0031,1.6763,0.9452,0.2109,0.9011,722702,0,0,0,0,14,0,0.0210,0.0007,0.0972,540.2,1957,7501
361,walk,84.200,10.5445,3.9853,6.5592,3.7734,0.0031,1.6753,0.9185,0.2120,0.9011,722702,0,0,0,0,14,0,0.0190,0.0006,0.0766,540.2,1957,7501
362,walk,84.200,10.9920,4.4234,6.5686,4.4728,0.0031,1.6773,1.2278,0.2089,1.2923,722702,0,0,0,0,14,0,0.0194,0.0005,0.0749,540.2,1957,7501
363,walk,84.200,11.3507,4.3013,7.0494,3.7888,0.0031,1.6783,0.9390,0.2099,0.8960,722702,0,0,0,0,14,0,0.0192,0.0005,0.0799,540.2,1957,7501
364,walk,84.200,11.7481,5.1495,6.5986,3.7591,0.0031,1.6835,0.9247,0.2068,0.8765,722702,0,0,0,0,14,0,0.0195,0.0004,0.0872,540.2,1957,7501
365,walk,84.200,10.5476,4.0545,6.4931,4.6746,0.0031,1.9128,1.2083,0.2099,1.2759,722702,0,0,0,0,14,0,0.0213,0.0005,0.0836,540.2,1957,7501
366,walk,84.200,10.6098,3.5349,7.0749,3.8093,0.0031,1.6855,0.9411,0.2120,0.8980,722702,0,0,0,0,14,0,0.0216,0.0006,0.0978,540.2,1957,7501
367,walk,84.200,10.8106,4.3121,6.4985,3.7734,0.0031,1.6773,0.9247,0.2079,0.8888,722702,0,0,0,0,14,0,0.0289,0.0005,0.0860,540.2,1957,7501
368,walk,84.200,10.4849,3.9489,6.5360,4.1062,0.0031,1.6865,0.9349,0.2120,1.2063,722702,0,0,0,0,14,0,0.0195,0.0004,0.0788,540.2,1957,7501
369,walk,84.200,11.0060,4.1522,6.8538,3.8195,0.0031,1.6824,0.9564,0.2150,0.8991,722702,0,0,0,0,14,0,0.0206,0.0004,0.0838,540.2,1957,7501
370,walk,84.300,10.9967,4.5019,6.4948,3.8083,0.0020,1.7009,0.9462,0.2089,0.8868,722702,0,0,0,0,14,0,0.0217,0.0010,0.1239,540.2,1957,7501
371,walk,84.300,12.4206,5.7608,6.6598,3.8083,0.0041,1.6947,0.9380,0.2120,0.8970,722702,0,0,0,0,14,0,0.0210,0.0006,0.0860,540.2,1957,7501
372,walk,84.300,14.1485,4.9421,9.2064,3.7949,0.0031,1.6968,0.9308,0.2120,0.8868,722702,0,0,0,0,14,0,0.0275,0.0008,0.1549,540.2,1957,7501
373,walk,84.300,10.9787,4.2035,6.7752,3.8687,0.0031,1.7039,0.9626,0.2079,0.9277,722702,0,0,0,0,14,0,0.0201,0.0011,0.0803,540.2,1957,7501
374,walk,84.300,10.6308,4.0113,6.6195,4.8384,0.0031,2.1197,1.3087,0.4280,0.9165,722702,0,0,0,0,14,0,0.0201,0.0005,0.0811,540.2,1957,7501
375,walk,84.300,10.7936,4.1874,6.6062,3.8359,0.0031,1.7039,0.9452,0.2130,0.9052,722702,0,0,0,0,14,0,0.0215,0.0006,0.0852,540.2,1957,7501
376,walk,84.300,10.2232,3.6357,6.5875,3.8164,0.0031,1.7019,0.9554,0.2079,0.8847,722702,0,0,0,0,14,0,0.0212,0.0006,0.0788,540.2,1957,7501
377,walk,84.300,10.6668,3.9578,6.7090,4.4872,0.0031,1.7039,1.1930,0.2120,1.3117,722702,0,0,0,0,14,0,0.0200,0.0006,0.0780,540.2,1957,7501
378,walk,84.300,10.9949,4.4069,6.5880,3.8339,0.0031,1.7009,0.9574,0.2079,0.9021,722702,0,0,0,0,14,0,0.0198,0.0005,0.0791,540.2,1957,7501
379,walk,84.300,4.9037,4.9021,0.0016,3.8328,0.0031,1.7039,0.9492,0.2120,0.9011,722702,0,0,0,0,14,0,0.0223,0.0006,0.0891,540.2,1957,7501
380,walk,84.300,11.1868,4.5715,6.6153,4.0520,0.0031,1.9333,0.9462,0.2068,0.8991,722702,0,0,0,0,14,0,0.0226,0.0008,0.1199,540.2,1957,7501
381,walk,84.300,11.1858,4.6130,6.5728,3.8584,0.0031,1.7029,0.9605,0.2089,0.9196,722702,0,0,0,0,14,0,0.0202,0.0006,0.0943,540.2,1957,7501
382,walk,84.300,10.4990,3.9136,6.5854,3.8328,0.0031,1.7080,0.9359,0.2099,0.9114,722702,0,0,0,0,14,0,0.0207,0.0008,0.0791,540.2,1957,7501
383,walk,84.300,12.4610,5.7390,6.7220,3.8717,0.0031,1.7029,0.9646,0.2222,0.9155,722702,0,0,0,0,14,0,0.0346,0.0011,0.1583,540.2,1957,7501
384,walk,84.300,10.9179,4.4045,6.5134,3.7724,0.0031,1.7050,0.9144,0.2079,0.8786,722702,0,0,0,0,14,0,0.0216,0.0007,0.0845,540.2,1957,7501
385,walk,84.300,10.5054,4.0101,6.4953,3.8246,0.0031,1.7039,0.9349,0.2048,0.9144,722702,0,0,0,0,14,0,0.0201,0.0004,0.0878,540.2,1957,7501
386,walk,84.300,11.0577,4.3388,6.7189,3.8257,0.0031,1.7060,0.9380,0.2109,0.9052,722702,0,0,0,0,14,0,0.0204,0.0005,0.0822,540.2,1957,7501
387,walk,84.300,10.3454,3.7858,6.5596,3.8287,0.0031,1.7060,0.9421,0.2099,0.9042,722702,0,0,0,0,14,0,0.0200,0.0005,0.0773,540.2,1957,7501
388,walk,84.300,11.2045,4.6880,6.5165,3.8380,0.0031,1.7080,0.9421,0.2068,0.9144,722702,0,0,0,0,14,0,0.0218,0.0006,0.0853,540.2,1957,7501
389,walk,84.300,10.8744,4.2627,6.6117,3.8574,0.0031,1.7101,0.9595,0.2140,0.9073,722702,0,0,0,0,14,0,0.0217,0.0007,0.1061,540.2,1957,7501
390,walk,84.300,11.1584,4.6580,6.5004,3.8072,0.0031,1.7019,0.9155,0.2079,0.9155,722702,0,0,0,0,14,0,0.0216,0.0006,0.0863,540.2,1957,7501
391,walk,84.300,10.0044,3.5271,6.4773,3.8359,0.0031,1.7142,0.9390,0.2079,0.9083,722702,0,0,0,0,14,0,0.0190,0.0004,0.0759,540.2,1957,7501
392,walk,84.300,12.3606,3.9704,8.3902,3.8298,0.0031,1.7070,0.9370,0.2120,0.9083,722702,0,0,0,0,14,0,0.0273,0.0011,0.1671,540.2,1957,7501
393,walk,84.300,11.4257,4.9373,6.4884,3.8646,0.0031,1.7121,0.9810,0.2130,0.8909,722702,0,0,0,0,14,0,0.0219,0.0010,0.0985,540.2,1957,7501
394,walk,84.300,10.7002,3.8414,6.8588,3.8031,0.0031,1.7060,0.9247,0.2058,0.9001,722702,0,0,0,0,14,0,0.0184,0.0005,0.0742,540.2,1957,7501
395,walk,84.300,10.6818,4.0738,6.6080,3.8605,0.0031,1.7152,0.9574,0.2150,0.9052,722702,0,0,0,0,14,0,0.0207,0.0005,0.1098,540.2,1957,7501
396,walk,84.300,10.0885,3.5263,6.5622,3.8728,0.0031,1.7101,0.9585,0.2150,0.9144,722702,0,0,0,0,14,0,0.0204,0.0005,0.0839,540.2,1957,7501
397,walk,84.300,11.3515,4.7909,6.5606,3.8646,0.0031,1.7132,0.9646,0.2181,0.9032,722702,0,0,0,0,14,0,0.0201,0.0005,0.0847,540.2,1957,7501
398,walk,84.300,11.6219,4.9012,6.7207,3.8052,0.0031,1.7162,0.9165,0.2120,0.8950,722702,0,0,0,0,14,0,0.0205,0.0006,0.0886,540.2,1957,7501
399,walk,84.300,10.5653,4.0199,6.5454,3.8277,0.0020,1.7101,0.9400,0.2079,0.9032,722702,0,0,0,0,14,0,0.0198,0.0006,0.0718,540.2,1957,7501
400,walk,84.300,10.7164,4.2165,6.4999,3.8072,0.0031,1.7080,0.9216,0.2099,0.9021,722702,0,0,0,0,14,0,0.0212,0.0009,0.0832,540.2,1957,7501
401,walk,84.300,11.5092,4.9492,6.5600,3.8769,0.0031,1.7183,0.9431,0.2089,0.9390,722702,0,0,0,0,14,0,0.0328,0.0007,0.0879,540.2,1957,7501
402,walk,84.300,10.6913,3.9222,6.7691,3.8574,0.0031,1.7162,0.9513,0.2089,0.9134,722702,0,0,0,0,14,0,0.0194,0.0006,0.0768,540.2,1957,7501
403,walk,84.300,10.7925,4.1384,6.6541,3.8113,0.0031,1.7152,0.9370,0.2099,0.8827,722702,0,0,0,0,14,0,0.0189,0.0006,0.0678,540.2,1957,7501
404,walk,84.300,11.3393,4.8338,6.5055,3.8390,0.0031,1.7203,0.9431,0.2099,0.8980,722702,0,0,0,0,14,0,0.0244,0.0009,0.1243,540.2,1957,7501
405,walk,84.300,10.3990,3.8423,6.5567,3.8605,0.0031,1.7203,0.9472,0.2079,0.9185,722702,0,0,0,0,14,0,0.0186,0.0005,0.0729,540.2,1957,7501
406,walk,84.300,11.3676,4.8939,6.4737,3.8902,0.0031,1.7203,0.9892,0.2130,0.9001,722702,0,0,0,0,14,0,0.0198,0.0005,0.0710,540.2,1957,7501
407,walk,84.300,11.3921,4.8859,6.5062,3.7939,0.0031,1.7172,0.9144,0.2068,0.8888,722702,0,0,0,0,14,0,0.0243,0.0010,0.1463,540.2,1957,7501
408,walk,84.300,11.5304,4.2991,7.2313,3.8451,0.0031,1.7193,0.9482,0.2089,0.9032,722702,0,0,0,0,14,0,0.0226,0.0005,0.0922,540.2,1957,7501
409,walk,84.300,11.7425,4.9514,6.7911,3.8687,0.0031,1.7203,0.9687,0.2079,0.9052,722702,0,0,0,0,14,0,0.0190,0.0006,0.0955,540.2,1957,7501
410,walk,84.300,11.4672,4.9420,6.5252,4.6787,0.0031,2.5211,0.9728,0.2089,0.9103,722702,0,0,0,0,14,0,0.0422,0.0009,0.2025,540.2,1957,7501
411,walk,84.300,12.5721,5.9178,6.6543,3.8892,0.0031,1.7203,0.9779,0.2140,0.9093,722702,0,0,0,0,14,0,0.0301,0.0007,0.0939,540.2,1957,7501
412,walk,84.300,11.2180,4.4106,6.8074,4.7165,0.0031,1.7172,0.9206,0.2120,1.8002,722702,0,0,0,0,14,0,0.0191,0.0009,0.0824,540.2,1957,7501
413,walk,84.300,10.7132,4.1190,6.5942,4.2506,0.0031,2.1166,0.9411,0.2120,0.9134,722702,0,0,0,0,14,0,0.0220,0.0008,0.0887,540.2,1957,7501
414,walk,84.300,10.6134,4.0802,6.5332,3.8646,0.0020,1.7213,0.9431,0.2089,0.9257,722702,0,0,0,0,14,0,0.0211,0.0006,0.1061,540.2,1957,7501
415,walk,84.300,11.0390,4.4338,6.6052,3.8697,0.0041,1.7265,0.9667,0.2099,0.9001,722702,0,0,0,0,14,0,0.0205,0.0005,0.0792,540.2,1957,7501
416,walk,84.300,11.3083,4.3834,6.9249,3.8420,0.0031,1.7234,0.9482,0.2130,0.8909,722702,0,0,0,0,14,0,0.0202,0.0006,0.0900,540.2,1957,7501
417,walk,84.300,11.9406,5.3695,6.5711,3.8595,0.0031,1.7234,0.9421,0.2089,0.9175,722702,0,0,0,0,14,0,0.0199,0.0005,0.0788,540.2,1957,7501
418,walk,84.300,10.4071,3.4994,6.9077,3.8492,0.0031,1.7224,0.9462,0.2079,0.9062,722702,0,0,0,0,14,0,0.0191,0.0006,0.0751,540.2,1957,7501
419,walk,84.300,10.8495,3.9246,6.9249,3.8461,0.0031,1.7306,0.9390,0.2140,0.8970,722702,0,0,0,0,14,0,0.0200,0.0008,0.0995,540.2,1957,7501
420,walk,84.300,10.4340,3.9040,6.5300,3.8810,0.0031,1.7275,0.9738,0.2099,0.9032,722702,0,0,0,0,14,0,0.0195,0.0006,0.0765,540.2,1957,7501
421,walk,84.300,11.0339,4.3528,6.6811,3.8646,0.0020,1.7326,0.9390,0.2058,0.9216,722702,0,0,0,0,14,0,0.0191,0.0007,0.0797,540.2,1957,7501
422,walk,84.300,13.4296,6.7196,6.7100,4.2824,0.4065,1.7408,0.9370,0.2089,0.9165,723004,0,1742,1440,0,14,0,1.3323,0.5820,0.1027,540.2,1957,7501
423,walk,84.300,11.1404,4.6039,6.5365,3.8810,0.0031,1.7316,0.9738,0.2099,0.8991,723004,0,0,0,0,14,0,0.0271,0.0010,0.0981,540.2,1957,7501
424,walk,84.300,10.4559,3.9919,6.4640,3.8851,0.0031,1.7367,0.9656,0.2130,0.9021,723004,0,0,0,0,14,0,0.0234,0.0006,0.0798,540.2,1957,7501
425,walk,84.300,11.3689,4.5988,6.7701,3.8840,0.0031,1.7347,0.9636,0.2058,0.9134,723004,0,0,0,0,14,0,0.0234,0.0007,0.1145,540.2,1957,7501
426,walk,84.300,10.5087,3.9779,6.5308,3.8441,0.0031,1.7316,0.9308,0.2089,0.9052,723004,0,0,0,0,14,0,0.0192,0.0006,0.0776,540.2,1957,7501
427,walk,84.300,10.9503,4.1829,6.7674,3.8605,0.0031,1.7357,0.9411,0.2089,0.9021,723004,0,0,0,0,14,0,0.0196,0.0006,0.0788,540.2,1957,7501
428,walk,84.300,11.1254,4.3659,6.7595,3.8830,0.0031,1.7398,0.9605,0.2089,0.9073,723004,0,0,0,0,14,0,0.0208,0.0006,0.0846,540.2,1957,7501
429,walk,84.300,10.6282,3.9976,6.6306,3.8892,0.0031,1.7428,0.9636,0.2089,0.9083,723004,0,0,0,0,14,0,0.0197,0.0006,0.0772,540.2,1957,7501
430,walk,84.300,10.9609,4.4338,6.5271,3.8595,0.0031,1.7398,0.9308,0.2140,0.9062,723004,0,0,0,0,14,0,0.0199,0.0005,0.0777,540.2,1957,7501
431,walk,84.300,10.9366,4.2672,6.6694,3.8799,0.0031,1.7428,0.9533,0.2109,0.9052,723004,0,0,0,0,14,0,0.0270,0.0007,0.0905,540.2,1957,7501
432,walk,84.300,11.0745,3.4334,7.6411,3.8769,0.0031,1.7418,0.9441,0.2120,0.9134,723004,0,0,0,0,14,0,0.0231,0.0006,0.1050,540.2,1957,7501
433,walk,84.300,10.2764,3.7538,6.5226,3.8799,0.0031,1.7439,0.9482,0.2109,0.9103,723004,0,0,0,0,14,0,0.0201,0.0004,0.0782,540.2,1957,7501
434,walk,84.300,11.6764,4.8594,6.8170,3.8656,0.0031,1.7469,0.9421,0.2079,0.9021,723004,0,0,0,0,14,0,0.0215,0.0005,0.0845,540.2,1957,7501
435,walk,84.300,11.0337,4.2554,6.7783,3.8697,0.0031,1.7480,0.9380,0.2120,0.9042,723004,0,0,0,0,14,0,0.0181,0.0009,0.0764,540.2,1957,7501
436,walk,84.300,10.4757,3.7930,6.6827,3.8717,0.0031,1.7459,0.9533,0.2089,0.8970,723004,0,0,0,0,14,0,0.0185,0.0004,0.0764,540.2,1957,7501
437,walk,84.300,10.3105,3.8093,6.5012,4.2875,0.0031,2.1187,0.9728,0.2099,0.9196,723004,0,0,0,0,14,0,0.0288,0.0010,0.1655,540.2,1957,7501
438,walk,84.300,11.6261,4.9024,6.7237,3.9393,0.0031,1.7603,0.9871,0.2130,0.9124,723004,0,0,0,0,14,0,0.0214,0.0007,0.0912,540.2,1957,7501
439,walk,84.300,10.8857,4.2828,6.6029,3.9014,0.0031,1.7725,0.9339,0.2099,0.9165,723004,0,0,0,0,14,0,0.0191,0.0006,0.1001,540.2,1957,7501
440,walk,84.300,12.3707,5.8502,6.5205,4.5865,0.0031,2.4412,0.9349,0.2089,0.9257,723004,0,0,0,0,14,0,0.0213,0.0009,0.0868,540.2,1957,7501
441,walk,84.300,10.9235,4.2174,6.7061,3.9301,0.0031,1.7664,0.9513,0.2120,0.9349,723004,0,0,0,0,14,0,0.0222,0.0006,0.0879,540.2,1957,7501
442,walk,84.300,11.5698,4.4565,7.1133,4.2394,0.0031,1.7674,0.9800,0.2130,1.2124,723004,0,0,0,0,14,0,0.0190,0.0006,0.0826,540.2,1957,7501
443,walk,84.300,11.2927,4.6389,6.6538,4.5732,0.0020,1.7623,1.6251,0.2079,0.9124,723004,0,0,0,0,14,0,0.0220,0.0007,0.0953,540.2,1957,7501
444,walk,84.300,9.9619,3.4235,6.5384,4.1380,0.0020,1.7664,1.1612,0.2109,0.9318,723004,0,0,0,0,14,0,0.0201,0.0006,0.0759,540.2,1957,7501
445,walk,84.300,11.4321,4.4156,7.0165,3.9363,0.0031,1.7684,0.9636,0.2099,0.9267,723004,0,0,0,0,14,0,0.0295,0.0008,0.1603,540.2,1957,7501
446,walk,84.300,10.3014,3.7110,6.5904,3.9137,0.0031,1.7674,0.9431,0.2079,0.9226,723004,0,0,0,0,14,0,0.0196,0.0006,0.0769,540.2,1957,7501
447,walk,84.300,10.7900,3.9587,6.8313,3.9014,0.0031,1.7736,0.9277,0.2089,0.9236,723004,0,0,0,0,14,0,0.0187,0.0005,0.0783,540.2,1957,7501
448,walk,84.300,12.4942,4.8343,7.6599,3.8769,0.0031,1.7654,0.9247,0.2079,0.9114,723004,0,0,0,0,14,0,0.0190,0.0004,0.0776,540.2,1957,7501
449,walk,84.300,11.3009,4.5663,6.7346,3.9168,0.0031,1.7736,0.9390,0.2079,0.9288,723004,0,0,0,0,14,0,0.0253,0.0009,0.1503,540.2,1957,7501
450,walk,84.300,11.2324,4.4121,6.8203,4.6787,0.0031,1.7654,1.2954,0.2099,1.3404,723004,0,0,0,0,14,0,0.0226,0.0009,0.0858,540.2,1957,7501
451,walk,84.300,11.1989,4.2014,6.9975,3.9404,0.0031,1.7756,0.9759,0.2068,0.9155,723004,0,0,0,0,14,0,0.0220,0.0008,0.0856,540.2,1957,7501
452,walk,84.300,11.3184,4.3191,6.9993,3.9229,0.0031,1.7715,0.9359,0.2109,0.9370,723004,0,0,0,0,14,0,0.0210,0.0004,0.0871,540.2,1957,7501
453,walk,84.300,10.1186,3.6157,6.5029,3.9301,0.0031,1.7746,0.9421,0.2130,0.9339,723004,0,0,0,0,14,0,0.0198,0.0006,0.0791,540.2,1957,7501
454,walk,84.300,10.2433,3.6403,6.6030,3.9260,0.0031,1.7777,0.9359,0.2120,0.9339,723004,0,0,0,0,14,0,0.0204,0.0008,0.0803,540.2,1957,7501
455,walk,84.300,12.3807,5.5789,6.8018,4.7288,0.0031,2.2170,0.9452,0.5642,0.9288,723004,0,0,0,0,14,0,0.0251,0.0015,0.1518,540.2,1957,7501
456,walk,84.300,11.4288,4.5177,6.9111,4.2568,0.0031,1.7736,0.9431,0.2109,1.2626,723004,0,0,0,0,14,0,0.0191,0.0005,0.0806,540.2,1957,7501
457,walk,84.300,10.8683,4.3438,6.5245,3.9311,0.0031,1.7756,0.9288,0.2099,0.9411,723004,0,0,0,0,14,0,0.0215,0.0008,0.1115,540.2,1957,7501
458,walk,84.300,12.7302,4.5430,8.1872,3.9485,0.0031,1.7787,0.9431,0.2089,0.9492,723004,0,0,0,0,14,0,0.0193,0.0005,0.0843,540.2,1957,7501
459,walk,84.300,11.1741,4.5858,6.5883,4.5732,0.0041,2.0531,1.3107,0.2120,0.9298,723004,0,0,0,0,14,0,0.0214,0.0005,0.0848,540.2,1957,7501
460,walk,84.300,10.9397,4.2743,6.6654,3.9281,0.0031,1.7818,0.9472,0.2058,0.9257,723004,0,0,0,0,14,0,0.0216,0.0006,0.0789,540.2,1957,7501
461,walk,84.300,11.4910,4.7766,6.7144,3.9260,0.0031,1.7797,0.9288,0.2120,0.9390,723004,0,0,0,0,14,0,0.0207,0.0004,0.0833,540.2,1957,7501
462,walk,84.300,17.4120,5.4812,11.9308,3.9506,0.0031,1.7838,0.9462,0.2109,0.9431,723004,0,0,0,0,14,0,0.5076,0.0013,0.1893,540.2,1957,7501
463,walk,84.300,10.9379,4.2863,6.6516,3.9117,0.0031,1.7828,0.9185,0.2099,0.9277,723004,0,0,0,0,14,0,0.0187,0.0004,0.0798,540.2,1957,7501
464,walk,84.300,10.3594,3.8570,6.5024,3.9619,0.0031,1.7838,0.9503,0.2099,0.9431,723004,0,0,0,0,14,0,0.0195,0.0005,0.0798,540.2,1957,7501
465,walk,84.300,12.2926,5.3683,6.9243,3.9762,0.0031,1.7889,0.9452,0.2099,0.9656,723004,0,0,0,0,14,0,0.0244,0.0007,0.0828,540.2,1957,7501
466,walk,84.300,12.4406,4.5047,7.9359,3.9762,0.0031,1.7910,0.9523,0.2109,0.9533,723004,0,0,0,0,14,0,0.0242,0.0005,0.1041,540.2,1957,7501
467,walk,84.300,10.9508,4.3422,6.6086,3.9199,0.0031,1.7818,0.9308,0.2109,0.9308,723004,0,0,0,0,14,0,0.0182,0.0004,0.0818,540.2,1957,7501
468,walk,84.300,12.0010,4.7671,7.2339,3.9506,0.0031,1.7900,0.9472,0.2099,0.9339,723004,0,0,0,0,14,0,0.0237,0.0004,0.0898,540.2,1957,7501
469,walk,84.300,11.3359,4.7591,6.5768,3.9332,0.0031,1.7879,0.9298,0.2099,0.9400,723004,0,0,0,0,14,0,0.0295,0.0009,0.1398,540.2,1957,7501
470,walk,84.300,11.2052,4.2530,6.9522,3.9772,0.0031,1.7910,0.9482,0.2109,0.9605,723004,0,0,0,0,14,0,0.0197,0.0006,0.0850,540.2,1957,7501
471,walk,84.300,14.5419,7.1712,7.3707,3.9741,0.0031,1.7859,0.9626,0.2089,0.9462,723004,0,0,0,0,14,0,0.0291,0.0008,0.1692,540.2,1942,7501
472,walk,84.300,11.4878,4.8725,6.6153,3.9762,0.0031,1.7940,0.9718,0.2099,0.9329,723004,0,0,0,0,14,0,0.0209,0.0005,0.0838,540.2,1942,7501
473,walk,84.300,12.5980,5.2297,7.3683,3.9711,0.0031,1.7940,0.9482,0.2099,0.9503,723004,0,0,0,0,14,0,0.0243,0.0005,0.1415,540.2,1942,7501
474,walk,84.300,10.5197,3.8876,6.6321,3.9506,0.0031,1.7940,0.9472,0.2079,0.9339,723004,0,0,0,0,14,0,0.0210,0.0006,0.0765,540.2,1942,7501
475,walk,84.300,10.7780,4.1994,6.5786,3.9270,0.0031,1.7920,0.9359,0.2079,0.9236,723004,0,0,0,0,14,0,0.0212,0.0005,0.0796,540.2,1942,7501
476,walk,84.300,11.3221,4.8145,6.5076,4.3100,0.0031,2.1555,0.9441,0.2079,0.9359,723004,0,0,0,0,14,0,0.0207,0.0004,0.0814,540.2,1942,7501
477,walk,84.300,10.5108,3.8062,6.7046,3.9363,0.0031,1.7889,0.9441,0.2099,0.9257,723004,0,0,0,0,14,0,0.0194,0.0005,0.0752,540.2,1942,7501
478,walk,84.300,10.7862,4.1810,6.6052,3.9404,0.0031,1.7869,0.9359,0.2120,0.9380,723004,0,0,0,0,14,0,0.0200,0.0006,0.0968,540.2,1942,7501
479,walk,84.300,11.3338,4.8396,6.4942,4.4104,0.0031,2.2589,0.9431,0.2109,0.9298,723004,0,0,0,0,14,0,0.0191,0.0004,0.0699,540.2,1942,7501
480,walk,84.300,10.6529,3.9411,6.7118,3.9557,0.0031,1.7951,0.9574,0.2089,0.9196,723004,0,0,0,0,14,0,0.0192,0.0006,0.0876,540.2,1942,7501
481,walk,84.300,10.7370,3.5143,7.2227,3.9598,0.0031,1.7910,0.9472,0.2120,0.9431,723004,0,0,0,0,14,0,0.0194,0.0005,0.0778,540.2,1942,7501
482,walk,84.300,10.4428,3.8659,6.5769,4.8558,0.0031,2.2497,1.3988,0.2099,0.9298,723004,0,0,0,0,14,0,0.0190,0.0007,0.0778,540.2,1942,7501
483,walk,84.300,10.9597,4.2787,6.6810,3.9301,0.0031,1.7900,0.9236,0.2140,0.9359,723004,0,0,0,0,14,0,0.0229,0.0006,0.0814,540.2,1942,7501
484,walk,84.300,10.0039,3.3953,6.6086,3.9363,0.0031,1.7961,0.9482,0.2089,0.9165,723004,0,0,0,0,14,0,0.0193,0.0005,0.0811,540.2,1942,7501
485,walk,84.300,10.4918,3.9538,6.5380,4.4739,0.0031,1.7920,1.1971,0.2089,1.2093,723004,0,0,0,0,14,0,0.0191,0.0005,0.0837,540.2,1942,7501
486,walk,84.300,10.9920,4.2121,6.7799,3.9383,0.0031,1.7951,0.9267,0.2079,0.9421,723004,0,0,0,0,14,0,0.0268,0.0013,0.1071,540.2,1942,7501
487,walk,84.300,10.2375,3.6674,6.5701,3.9434,0.0031,1.8012,0.9318,0.2089,0.9339,723004,0,0,0,0,14,0,0.0194,0.0004,0.0777,540.2,1942,7501
488,walk,84.300,10.2817,3.7258,6.5559,4.2455,0.0031,1.8002,0.9288,0.2089,1.2360,723004,0,0,0,0,14,0,0.0200,0.0004,0.0866,540.2,1942,7501
489,walk,84.300,12.4417,4.2679,8.1738,3.9619,0.0031,1.8022,0.9380,0.2068,0.9482,723004,0,0,0,0,14,0,0.0217,0.0007,0.0895,540.2,1942,7501
490,walk,84.300,10.6088,4.0498,6.5590,3.9649,0.0031,1.7961,0.9544,0.2079,0.9411,723004,0,0,0,0,14,0,0.0200,0.0008,0.0806,540.2,1942,7501
491,walk,84.300,10.7959,4.1173,6.6786,4.2506,0.0031,1.8063,0.9298,0.2089,1.2390,723004,0,0,0,0,14,0,0.0189,0.0005,0.0765,540.2,1942,7501
492,walk,84.300,10.6867,4.1277,6.5590,3.9649,0.0031,1.7981,0.9595,0.2079,0.9308,723004,0,0,0,0,14,0,0.0190,0.0007,0.0785,540.2,1942,7501
493,walk,84.300,10.3052,3.6908,6.6144,3.9823,0.0031,1.8022,0.9626,0.2089,0.9411,723004,0,0,0,0,14,0,0.0217,0.0005,0.1133,540.2,1942,7501
494,walk,84.300,10.0848,3.5908,6.4940,3.9229,0.0010,1.8002,0.9329,0.2079,0.9216,723004,0,0,0,0,14,0,0.0224,0.0010,0.0856,540.2,1942,7501
495,walk,84.300,9.6493,2.7900,6.8593,3.9465,0.0010,1.7981,0.9605,0.2079,0.9196,723004,0,0,0,0,14,0,0.0295,0.0005,0.1295,540.2,1942,7501
496,walk,84.300,11.8056,4.0611,7.7445,3.9188,0.0010,1.8012,0.9257,0.2048,0.9267,723004,0,0,0,0,14,0,0.0229,0.0006,0.1119,540.2,1942,7501
497,walk,84.300,10.9153,4.0673,6.8480,3.9363,0.0010,1.8043,0.9257,0.2068,0.9380,723004,0,0,0,0,14,0,0.0260,0.0006,0.0826,540.2,1942,7501
498,walk,84.300,12.2117,4.5556,7.6561,3.9240,0.0020,1.8033,0.9298,0.2099,0.9196,723004,0,0,0,0,14,0,0.0277,0.0005,0.0929,540.2,1942,7501
499,walk,84.300,11.1983,3.9701,7.2282,3.9424,0.0010,1.8043,0.9462,0.2089,0.9216,723004,0,0,0,0,14,0,0.0256,0.0004,0.0826,540.2,1942,7501
500,walk,84.300,11.0382,3.8120,7.2262,4.3141,0.0010,1.8012,0.9329,0.2068,1.3138,723004,0,0,0,0,14,0,0.0241,0.0008,0.0949,540.2,1942,7501
501,walk,84.300,12.7392,4.6137,8.1255,3.9014,0.0020,1.8022,0.9001,0.2079,0.9308,723004,0,0,0,0,14,0,0.0266,0.0010,0.1395,540.2,1942,7501
502,walk,84.300,10.6597,3.8720,6.7877,3.9229,0.0020,1.8043,0.9124,0.2079,0.9370,723004,0,0,0,0,14,0,0.0305,0.0007,0.1395,540.2,1942,7501
503,walk,84.300,10.1335,3.2067,6.9268,4.4749,0.0010,1.8094,0.9503,0.2038,1.4510,723004,0,0,0,0,14,0,0.0250,0.0005,0.0759,540.2,1942,7501
504,walk,84.300,10.8949,4.2533,6.6416,4.4093,0.0010,2.2876,0.9380,0.2068,0.9165,723004,0,0,0,0,14,0,0.0267,0.0005,0.0828,540.2,1942,7501
505,walk,84.300,9.3824,2.8209,6.5615,3.9434,0.0010,1.8074,0.9472,0.2068,0.9216,723004,0,0,0,0,14,0,0.0229,0.0005,0.0759,540.2,1942,7501
506,walk,84.300,10.2000,3.2186,6.9814,3.9260,0.0010,1.8053,0.9318,0.2058,0.9216,723004,0,0,0,0,14,0,0.0264,0.0005,0.0789,540.2,1942,7501
507,walk,84.300,11.1749,4.6857,6.4892,3.9629,0.0010,1.8063,0.9738,0.2089,0.9134,723004,0,0,0,0,14,0,0.0255,0.0004,0.1194,540.2,1942,7501
508,walk,84.300,10.7367,3.4989,7.2378,3.9301,0.0020,1.8033,0.9257,0.2038,0.9359,723004,0,0,0,0,14,0,0.0241,0.0006,0.0749,540.2,1942,7501
509,walk,84.300,10.4880,3.6537,6.8343,3.9465,0.0020,1.8094,0.9349,0.2089,0.9318,723004,0,0,0,0,14,0,0.0287,0.0010,0.1046,540.2,1942,7501
510,walk,84.300,10.5091,3.7151,6.7940,4.4052,0.0020,2.2538,0.9431,0.2079,0.9390,723004,0,0,0,0,14,0,0.0300,0.0006,0.1069,540.2,1942,7501
511,walk,84.300,10.0738,3.2921,6.7817,3.8994,0.0010,1.8084,0.9247,0.2068,0.8980,723004,0,0,0,0,14,0,0.0254,0.0005,0.0863,540.2,1942,7501
512,walk,84.300,10.2699,3.1880,7.0819,3.9557,0.0010,1.8094,0.9492,0.2038,0.9329,723004,0,0,0,0,14,0,0.0236,0.0005,0.0786,540.2,1942,7501
513,walk,84.300,9.9350,3.4119,6.5231,4.4841,0.0010,1.8084,1.1899,0.2058,1.2175,723004,0,0,0,0,14,0,0.0254,0.0008,0.1016,540.2,1942,7501
514,walk,84.300,10.7891,3.4395,7.3496,3.9588,0.0010,1.8104,0.9472,0.2079,0.9329,723004,0,0,0,0,14,0,0.0279,0.0005,0.0790,540.2,1942,7501
515,walk,84.300,11.9397,5.0741,6.8656,3.9342,0.0020,1.8115,0.9236,0.2120,0.9247,723004,0,0,0,0,14,0,0.0292,0.0007,0.1382,540.2,1942,7501
516,walk,84.300,9.8100,3.2928,6.5172,3.9107,0.0010,1.8094,0.9236,0.2079,0.9073,723004,0,0,0,0,14,0,0.0271,0.0010,0.0812,540.2,1942,7501
517,walk,84.300,11.6336,4.8762,6.7574,3.9270,0.0010,1.8217,0.9226,0.2017,0.9196,723004,0,0,0,0,14,0,0.0250,0.0005,0.0929,540.2,1942,7501
518,walk,84.300,13.0382,5.6838,7.3544,3.9772,0.0010,1.8104,0.9636,0.2048,0.9370,723004,0,0,0,0,14,0,0.0307,0.0005,0.1447,540.2,1942,7501
519,walk,84.300,11.7097,4.8974,6.8123,4.4093,0.2130,2.1402,0.9513,0.2079,0.8366,723001,0,789,792,0,14,0,0.8418,0.4996,0.1257,540.2,1942,7501
520,walk,84.300,10.0291,3.0077,7.0214,3.7949,0.0010,1.7408,0.9492,0.2068,0.8366,723001,0,0,0,0,14,0,0.0281,0.0005,0.0927,540.2,1942,7501
521,walk,84.300,10.4779,3.7280,6.7499,3.7888,0.0010,1.7388,0.9400,0.2099,0.8397,723001,0,0,0,0,14,0,0.0310,0.0006,0.0993,540.2,1942,7501
522,walk,84.300,10.0735,3.5763,6.4972,4.7657,0.0010,2.0091,1.2472,0.2048,1.2442,723001,0,0,0,0,14,0,0.0295,0.0005,0.0878,540.2,1942,7501
523,walk,84.300,10.0359,3.4063,6.6296,3.8072,0.0010,1.7418,0.9472,0.2089,0.8489,723001,0,0,0,0,14,0,0.0254,0.0006,0.0791,540.2,1942,7501
524,walk,84.300,10.7959,4.2002,6.5957,3.8328,0.0010,1.7480,0.9820,0.2058,0.8356,723001,0,0,0,0,14,0,0.0371,0.0008,0.1676,540.2,1942,7501
525,walk,84.300,9.3108,2.8143,6.4965,3.8062,0.0010,1.7439,0.9452,0.2048,0.8509,723001,0,0,0,0,14,0,0.0249,0.0008,0.0802,540.2,1942,7501
526,walk,84.300,9.7970,2.9864,6.8106,3.7908,0.0020,1.7500,0.9216,0.2068,0.8509,723001,0,0,0,0,14,0,0.0266,0.0005,0.0930,540.2,1942,7501
527,walk,84.300,10.5371,3.4298,7.1073,4.5906,0.0020,1.7449,1.3261,0.2048,1.2534,723001,0,0,0,0,14,0,0.0253,0.0006,0.0806,540.2,1942,7501
528,walk,84.300,9.9742,3.3283,6.6459,3.7990,0.0010,1.7428,0.9441,0.2068,0.8438,723001,0,0,0,0,14,0,0.0273,0.0005,0.0827,540.2,1942,7501
529,walk,84.300,3.3097,3.3078,0.0019,3.8185,0.0010,1.7469,0.9523,0.2120,0.8448,723001,0,0,0,0,14,0,0.0251,0.0007,0.0868,540.2,1942,7501
530,walk,84.300,10.6750,3.8376,6.8374,4.1697,0.0010,2.1228,0.9247,0.2068,0.8550,723001,0,0,0,0,14,0,0.0229,0.0006,0.0726,540.2,1942,7501
531,walk,84.300,9.7005,3.1330,6.5675,4.1062,0.0020,2.0664,0.9298,0.2079,0.8407,723001,0,0,0,0,14,0,0.0246,0.0006,0.0784,540.2,1942,7501
532,walk,84.200,10.1120,3.1535,6.9585,3.7632,0.0010,1.7428,0.9226,0.2089,0.8284,723001,0,0,0,0,14,0,0.0242,0.0007,0.0834,540.2,1942,7501
533,walk,84.200,10.6863,4.0054,6.6809,4.2025,0.0010,1.7480,0.9370,0.2079,1.2493,723001,0,0,0,0,14,0,0.0258,0.0006,0.0879,540.2,1942,7501
534,walk,84.200,9.8291,2.7907,7.0384,3.8031,0.0010,1.7490,0.9400,0.2109,0.8428,723001,0,0,0,0,14,0,0.0252,0.0006,0.0786,540.2,1942,7501
535,walk,84.200,11.3609,4.3236,7.0373,3.7857,0.0010,1.7500,0.9390,0.2048,0.8315,723001,0,0,0,0,14,0,0.0240,0.0005,0.0773,540.2,1942,7501
536,walk,84.300,9.7892,3.2684,6.5208,3.8185,0.0010,1.7500,0.9482,0.2058,0.8530,723001,0,0,0,0,14,0,0.0249,0.0004,0.0865,540.2,1942,7501
537,walk,84.300,10.0917,2.6868,7.4049,3.7990,0.0010,1.7490,0.9298,0.2028,0.8571,723001,0,0,0,0,14,0,0.0230,0.0007,0.0752,540.2,1942,7501
538,walk,84.300,9.8216,3.2188,6.6028,3.7949,0.0010,1.7490,0.9288,0.2058,0.8509,723001,0,0,0,0,14,0,0.0251,0.0006,0.0785,540.2,1942,7501
539,walk,84.300,9.9722,3.4801,6.4921,3.8124,0.0020,1.7469,0.9554,0.2120,0.8366,723001,0,0,0,0,14,0,0.0241,0.0007,0.0796,540.2,1942,7501
540,walk,84.300,10.8435,3.3482,7.4953,3.7929,0.0010,1.7490,0.9329,0.2038,0.8458,723001,0,0,0,0,14,0,0.0227,0.0008,0.0891,540.2,1942,7501
541,walk,84.300,10.5062,3.9747,6.5315,4.1892,0.0010,2.1432,0.9298,0.2068,0.8489,723001,0,0,0,0,14,0,0.0280,0.0007,0.1153,540.2,1942,7501
542,walk,84.300,9.8074,3.1284,6.6790,3.8164,0.0010,1.7500,0.9400,0.2068,0.8591,723001,0,0,0,0,14,0,0.0258,0.0006,0.0813,540.2,1942,7501
543,walk,84.300,10.2339,3.4519,6.7820,4.0387,0.0010,1.9958,0.9329,0.2058,0.8438,723001,0,0,0,0,14,0,0.0267,0.0007,0.1255,540.2,1942,7501
544,walk,84.200,9.7621,3.1786,6.5835,3.7898,0.0010,1.7469,0.9267,0.2089,0.8458,723001,0,0,0,0,14,0,0.0251,0.0004,0.0784,540.2,1942,7501
545,walk,84.200,11.4768,3.3060,8.1708,3.7827,0.0010,1.7500,0.9175,0.2089,0.8448,723001,0,0,0,0,14,0,0.0246,0.0006,0.0750,540.2,1942,7501
546,walk,84.200,9.9694,2.9778,6.9916,4.1431,0.0010,1.7469,0.9226,0.5632,0.8479,723001,0,0,0,0,14,0,0.0265,0.0005,0.0886,540.2,1942,7501
547,walk,84.200,10.1127,3.0159,7.0968,3.8052,0.0010,1.7490,0.9482,0.2089,0.8387,723001,0,0,0,0,14,0,0.0238,0.0006,0.0765,540.2,1942,7501
548,walk,84.200,9.9794,3.3434,6.6360,3.7714,0.0010,1.7551,0.9073,0.2058,0.8428,723001,0,0,0,0,14,0,0.0245,0.0005,0.0811,540.2,1942,7501
549,walk,84.200,9.7935,3.2518,6.5417,4.2557,0.0010,2.1914,0.9441,0.2048,0.8540,723001,0,0,0,0,14,0,0.0231,0.0006,0.0728,540.2,1942,7501
550,walk,84.200,10.7949,3.6909,7.1040,3.7878,0.0010,1.7490,0.9124,0.2079,0.8571,723001,0,0,0,0,14,0,0.0213,0.0006,0.0755,540.2,1942,7501
551,walk,84.200,10.3777,3.2022,7.1755,4.3039,0.0010,1.7510,1.4418,0.2079,0.8407,723001,0,0,0,0,14,0,0.0246,0.0005,0.0901,540.2,1942,7501
552,walk,84.200,10.1035,3.5269,6.5766,3.8287,0.0010,1.7521,0.9626,0.2068,0.8468,723001,0,0,0,0,14,0,0.0280,0.0006,0.0865,540.2,1942,7501
553,walk,84.200,10.9536,4.2692,6.6844,3.8185,0.0010,1.7490,0.9636,0.2058,0.8397,723001,0,0,0,0,14,0,0.0200,0.0006,0.1093,540.2,1942,7501
554,walk,84.200,12.8331,4.3428,8.4903,3.8277,0.0010,1.7603,0.9554,0.2079,0.8417,723001,0,0,0,0,14,0,0.0302,0.0009,0.1527,540.2,1942,7501
555,walk,84.200,9.9866,3.3254,6.6612,4.4759,0.0010,1.7541,1.2186,0.2068,1.2349,723001,0,0,0,0,14,0,0.0251,0.0005,0.0787,540.2,1942,7501
556,walk,84.200,10.1042,3.3787,6.7255,3.7919,0.0010,1.7500,0.9267,0.2048,0.8489,723001,0,0,0,0,14,0,0.0290,0.0006,0.0891,540.2,1942,7501
557,walk,84.200,10.6378,4.0200,6.6178,3.7898,0.0010,1.7572,0.9124,0.2089,0.8509,723001,0,0,0,0,14,0,0.0343,0.0012,0.1410,540.2,1942,7501
558,walk,84.200,10.2565,3.4946,6.7619,3.8072,0.0020,1.7521,0.9226,0.2099,0.8612,723001,0,0,0,0,14,0,0.0303,0.0007,0.0915,540.2,1942,7501
559,walk,84.200,10.7693,3.7893,6.9800,3.8093,0.0010,1.7654,0.9277,0.2068,0.8479,723001,0,0,0,0,14,0,0.0212,0.0004,0.0878,540.2,1942,7501
560,walk,84.200,11.9886,5.2225,6.7661,4.4073,0.0010,2.0111,1.2872,0.2089,0.8397,723001,0,0,0,0,14,0,0.0287,0.0009,0.1300,540.2,1942,7501
561,walk,84.200,15.1393,4.2243,10.9150,3.7796,0.0010,1.7603,0.9083,0.2068,0.8438,723001,0,0,0,0,14,0,0.0216,0.0007,0.1085,540.2,1942,7501
562,walk,84.200,10.4662,3.7907,6.6755,3.7837,0.0010,1.7623,0.9216,0.2068,0.8325,723001,0,0,0,0,14,0,0.0278,0.0005,0.0880,540.2,1942,7501
563,walk,84.200,11.9514,4.8832,7.0682,3.8042,0.0020,1.7603,0.9298,0.2079,0.8438,723001,0,0,0,0,14,0,0.0227,0.0006,0.1030,540.2,1942,7501
564,walk,84.200,9.3058,2.8005,6.5053,3.7704,0.0020,1.7613,0.9124,0.2058,0.8294,723001,0,0,0,0,14,0,0.0215,0.0009,0.0960,540.2,1942,7501
565,walk,84.200,10.1472,3.5162,6.6310,3.8226,0.0020,1.7562,0.9462,0.2120,0.8479,723001,0,0,0,0,14,0,0.0218,0.0011,0.0844,540.2,1942,7501
566,walk,84.200,10.6801,4.1498,6.5303,3.7796,0.0010,1.7664,0.9175,0.2048,0.8294,723001,0,0,0,0,14,0,0.0263,0.0005,0.1325,540.2,1942,7501
567,walk,84.200,9.8522,2.9426,6.9096,3.8083,0.0010,1.7623,0.9370,0.2130,0.8356,723001,0,0,0,0,14,0,0.0259,0.0008,0.0852,540.2,1942,7501
568,walk,84.200,11.0291,4.2722,6.7569,3.7714,0.0010,1.7695,0.9185,0.2048,0.8172,723001,0,0,0,0,14,0,0.0241,0.0008,0.1151,540.2,1942,7501
569,walk,84.200,10.5353,3.8396,6.6957,4.4145,0.0010,2.3972,0.9165,0.2068,0.8325,723001,0,0,0,0,14,0,0.0259,0.0005,0.0782,540.2,1942,7501
570,walk,84.200,9.9136,2.8951,7.0185,3.7990,0.0010,1.7684,0.9267,0.2079,0.8356,723001,0,0,0,0,14,0,0.0250,0.0005,0.0794,540.2,1942,7501
571,walk,84.200,9.8156,3.1131,6.7025,3.8062,0.0010,1.7674,0.9349,0.2089,0.8346,723001,0,0,0,0,14,0,0.0320,0.0007,0.1201,540.2,1942,7501
572,walk,84.200,9.9925,3.4928,6.4997,4.0960,0.0010,1.7633,0.9585,0.2068,1.1059,723001,0,0,0,0,14,0,0.0241,0.0006,0.0809,540.2,1942,7501
573,walk,84.200,11.7687,3.5439,8.2248,3.8103,0.0010,1.7736,0.9216,0.2079,0.8468,723001,0,0,0,0,14,0,0.0269,0.0004,0.0920,540.2,1942,7501
574,walk,84.200,10.5989,3.7685,6.8304,3.8287,0.0010,1.7633,0.9523,0.2058,0.8468,723001,0,0,0,0,14,0,0.0254,0.0003,0.0857,540.2,1942,7501
575,walk,84.200,10.0993,3.5796,6.5197,3.8185,0.0010,1.7725,0.9185,0.2130,0.8530,723001,0,0,0,0,14,0,0.0247,0.0007,0.0802,540.2,1942,7501
576,walk,84.200,11.4554,3.8349,7.6205,3.8062,0.0010,1.7695,0.9441,0.2028,0.8284,723001,0,0,0,0,14,0,0.0239,0.0004,0.0990,540.2,1942,7501
577,walk,84.200,10.0724,3.5998,6.4726,3.8154,0.0010,1.7766,0.9390,0.2089,0.8305,723001,0,0,0,0,14,0,0.0237,0.0010,0.1666,540.2,1942,7501
578,walk,84.200,11.2086,3.8865,7.3221,3.8287,0.0010,1.7715,0.9329,0.2150,0.8479,723001,0,0,0,0,14,0,0.0277,0.0009,0.0848,540.2,1942,7501
579,walk,84.200,10.9514,3.1192,7.8322,3.7970,0.0010,1.7715,0.9144,0.2089,0.8417,723001,0,0,0,0,14,0,0.0259,0.0005,0.0840,540.2,1942,7501
580,walk,84.200,9.6392,3.0984,6.5408,3.8011,0.0010,1.7715,0.9277,0.2079,0.8335,723001,0,0,0,0,14,0,0.0241,0.0005,0.0772,540.2,1942,7501
581,walk,84.200,10.0946,3.5288,6.5658,3.8502,0.0010,1.7695,0.9697,0.2079,0.8407,723001,0,0,0,0,14,0,0.0264,0.0008,0.0879,540.2,1942,7501
582,walk,84.200,10.9797,3.7619,7.2178,3.8390,0.0010,1.7797,0.9380,0.2079,0.8520,723001,0,0,0,0,14,0,0.0250,0.0008,0.1010,540.2,1942,7501
583,walk,84.200,10.2165,3.1652,7.0513,3.8216,0.0010,1.7715,0.9421,0.2079,0.8397,723001,0,0,0,0,14,0,0.0353,0.0011,0.1989,540.2,1942,7501
584,walk,84.200,10.6534,3.6285,7.0249,3.8144,0.0010,1.7777,0.9359,0.2068,0.8325,723001,0,0,0,0,14,0,0.0234,0.0007,0.1066,540.2,1942,7501
585,walk,84.200,12.2961,3.9791,8.3170,3.8328,0.0010,1.7746,0.9288,0.2181,0.8509,723001,0,0,0,0,14,0,0.0293,0.0007,0.1210,540.2,1942,7501
586,walk,84.200,10.2880,3.4996,6.7884,3.8298,0.0010,1.7746,0.9431,0.2058,0.8458,723001,0,0,0,0,14,0,0.0242,0.0004,0.0824,540.2,1942,7501
587,walk,84.200,10.3698,3.2586,7.1112,3.8267,0.0010,1.7807,0.9329,0.2089,0.8438,723001,0,0,0,0,14,0,0.0275,0.0004,0.0875,540.2,1942,7501
588,run,84.200,10.7205,4.1277,6.5928,3.7868,0.0010,1.6896,0.9329,0.2191,0.8837,723001,0,0,0,0,14,0,0.0328,0.0007,0.1102,540.2,1942,7501
589,run,84.200,3.6758,3.6745,0.0013,3.7827,0.0010,1.7039,0.9339,0.2140,0.8684,723001,0,0,0,0,14,0,0.0302,0.0007,0.1328,540.2,1942,7501
590,run,84.200,9.7008,3.1189,6.5819,3.7765,0.0010,1.7091,0.9257,0.2150,0.8643,723001,0,0,0,0,14,0,0.0254,0.0005,0.0795,540.2,1942,7501
591,run,84.200,10.5144,3.7226,6.7918,3.7663,0.0010,1.7132,0.9114,0.2161,0.8622,723001,0,0,0,0,14,0,0.0293,0.0008,0.0877,540.2,1942,7501
592,run,84.200,14.0485,4.7998,9.2487,3.8144,0.0010,1.7121,0.9380,0.2161,0.8868,723001,0,0,0,0,14,0,0.0127,0.0007,0.1270,540.2,1942,7501
593,run,84.200,18.3484,7.2176,11.1308,3.8881,0.0604,1.7234,0.9513,0.2120,0.8796,722773,6557,63,291,0,14,0,1.6095,0.3649,0.6267,540.2,1942,7501
594,run,84.200,13.2436,6.5515,6.6921,4.8691,1.0793,1.7111,0.9236,0.2140,0.8776,727179,3654,4415,9,0,14,0,1.7255,0.8085,0.7113,540.2,1942,7501
595,run,84.200,12.0250,5.4369,6.5881,4.6735,0.9083,1.7019,0.9155,0.2109,0.8735,730833,0,3654,0,0,14,0,1.1785,0.6371,0.0961,540.2,1942,7501
596,run,84.200,10.0977,3.4575,6.6402,3.7857,0.0010,1.7091,0.9247,0.2109,0.8786,730833,0,0,0,0,14,0,0.0242,0.0007,0.0784,540.2,1942,7501
597,run,84.200,11.2144,4.3584,6.8560,4.4820,0.0020,2.3675,0.9349,0.2130,0.9021,730833,0,0,0,0,14,0,0.0299,0.0011,0.0944,540.2,1942,7501
598,run,84.200,10.1879,3.2854,6.9025,3.7868,0.0010,1.7183,0.9298,0.2099,0.8663,730833,0,0,0,0,14,0,0.0241,0.0006,0.0791,540.2,1942,7501
599,run,84.200,11.2178,4.3193,6.8985,3.7847,0.0010,1.7213,0.9124,0.2089,0.8796,730833,0,0,0,0,14,0,0.0300,0.0007,0.1263,540.2,1942,7501
600,run,84.200,14.8062,4.1666,10.6396,3.7857,0.0010,1.7306,0.9011,0.2140,0.8776,730833,0,0,0,0,14,0,0.0319,0.0006,0.0967,540.2,1942,7501
601,run,84.200,10.4412,3.6957,6.7455,3.8185,0.0020,1.7316,0.9216,0.2120,0.8899,730833,0,0,0,0,14,0,0.0265,0.0005,0.0824,540.2,1942,7501
602,run,84.200,11.1694,3.8832,7.2862,3.8410,0.0010,1.7428,0.9359,0.2109,0.8899,730833,0,0,0,0,14,0,0.0410,0.0007,0.1706,540.2,1942,7501
603,run,84.200,10.1722,3.6311,6.5411,3.8308,0.0010,1.7449,0.9349,0.2161,0.8714,730833,0,0,0,0,14,0,0.0247,0.0006,0.0841,540.2,1942,7501
604,run,84.200,9.7142,3.2121,6.5021,3.7990,0.0010,1.7541,0.8899,0.2130,0.8796,730833,0,0,0,0,14,0,0.0262,0.0006,0.0867,540.2,1942,7501
605,run,84.200,12.0517,4.6164,7.4353,4.0264,0.2171,1.7633,0.9062,0.2109,0.8673,730837,0,878,874,0,14,0,0.5875,0.4170,0.0959,540.2,1942,7501
606,run,84.200,10.1849,3.6501,6.5348,3.8124,0.0010,1.7695,0.8950,0.2161,0.8673,730837,0,0,0,0,14,0,0.0247,0.0005,0.0734,540.2,1942,7501
607,run,84.200,9.3127,2.8000,6.5127,3.7960,0.0010,1.7807,0.9042,0.2140,0.8356,730837,0,0,0,0,14,0,0.0219,0.0006,0.0777,540.2,1942,7501
608,run,84.200,10.9776,4.4179,6.5597,3.8164,0.0010,1.7910,0.8878,0.2161,0.8612,730837,0,0,0,0,14,0,0.0253,0.0006,0.0831,540.2,1942,7501
609,run,84.200,10.6032,3.4900,7.1132,3.8666,0.0010,1.7971,0.9165,0.2120,0.8796,730837,0,0,0,0,14,0,0.0246,0.0005,0.0769,540.2,1942,7501
610,run,84.200,10.1998,3.4858,6.7140,3.8400,0.0010,1.8063,0.8868,0.2140,0.8714,730837,0,0,0,0,14,0,0.0276,0.0005,0.0834,540.2,1942,7501
611,run,84.200,10.5668,3.9167,6.6501,3.8564,0.0010,1.8104,0.9052,0.2120,0.8673,730837,0,0,0,0,14,0,0.0283,0.0006,0.0821,540.2,1942,7501
612,run,84.200,12.6230,3.1705,9.4525,3.8840,0.0010,1.8125,0.9370,0.2161,0.8571,730837,0,0,0,0,14,0,0.0245,0.0010,0.0795,540.2,1942,7501
613,run,84.300,9.7925,3.1931,6.5994,3.8830,0.0010,1.8207,0.9155,0.2130,0.8735,730837,0,0,0,0,14,0,0.0253,0.0006,0.0800,540.2,1942,7501
614,run,84.300,10.1780,3.6265,6.5515,4.2957,0.0010,2.2630,0.8970,0.2130,0.8622,730837,0,0,0,0,14,0,0.0252,0.0009,0.1271,540.2,1942,7501
615,run,84.300,9.8450,3.2905,6.5545,3.8666,0.0010,1.8258,0.9103,0.2161,0.8530,730837,0,0,0,0,14,0,0.0229,0.0006,0.0734,540.2,1942,7501
616,run,84.300,10.3924,3.7743,6.6181,3.8728,0.0010,1.8258,0.9103,0.2120,0.8632,730837,0,0,0,0,14,0,0.0240,0.0005,0.0796,540.2,1942,7501
617,run,84.300,11.8617,4.8292,7.0325,4.9418,0.2048,2.0767,0.9134,0.5478,1.1397,730831,0,826,832,0,14,0,0.6057,0.4535,0.1138,540.2,1942,7501
618,run,84.300,11.6359,4.3529,7.2830,4.0602,0.2191,1.8268,0.8888,0.2130,0.8530,730831,0,884,884,0,14,0,0.6136,0.3849,0.0799,540.2,1942,7501
619,run,84.300,9.5702,2.8027,6.7675,3.8963,0.0010,1.8391,0.9380,0.2191,0.8387,730831,0,0,0,0,14,0,0.0225,0.0005,0.0875,540.2,1942,7501
620,run,84.400,10.0385,3.3625,6.6760,4.5670,0.0010,1.8412,1.1735,0.2140,1.2769,730831,0,0,0,0,14,0,0.0239,0.0004,0.0785,540.2,1942,7501
621,run,84.400,10.3097,3.4555,6.8542,3.9066,0.0010,1.8534,0.9032,0.2109,0.8786,730831,0,0,0,0,14,0,0.0250,0.0005,0.0762,540.2,1942,7501
622,run,84.400,10.2025,3.2896,6.9129,3.8277,0.0010,1.7695,0.9206,0.2120,0.8653,730831,0,0,0,0,14,0,0.0189,0.0005,0.0806,540.2,1942,7501
623,run,84.400,11.1734,3.2044,7.9690,3.7366,0.0010,1.7326,0.8806,0.2099,0.8499,730831,0,0,0,0,14,0,0.0237,0.0006,0.0785,540.2,1942,7501
624,run,84.400,9.8635,3.2360,6.6275,3.7591,0.0010,1.7480,0.8755,0.2099,0.8632,730831,0,0,0,0,14,0,0.0257,0.0007,0.0804,540.2,1942,7501
625,run,84.400,9.8014,3.1716,6.6298,3.7878,0.0010,1.7469,0.9062,0.2120,0.8622,730831,0,0,0,0,14,0,0.0271,0.0004,0.0911,540.2,1942,7501
626,run,84.400,10.2273,3.2815,6.9458,3.7786,0.0010,1.7582,0.8950,0.2109,0.8540,730831,0,0,0,0,14,0,0.0273,0.0006,0.0824,540.2,1942,7501
627,run,84.400,11.8494,5.1591,6.6903,3.8021,0.0010,1.7623,0.9114,0.2120,0.8561,730831,0,0,0,0,14,0,0.0316,0.0005,0.1049,540.2,1942,7501
628,run,84.500,10.7440,3.5924,7.1516,3.8472,0.0010,1.8012,0.9011,0.2171,0.8663,730831,0,0,0,0,14,0,0.0241,0.0009,0.0889,540.2,1942,7501
629,run,84.500,10.3848,3.3669,7.0179,3.8461,0.0020,1.8145,0.8970,0.2130,0.8581,730831,0,0,0,0,14,0,0.0181,0.0004,0.0784,540.2,1942,7501
630,run,84.500,10.1100,3.3204,6.7896,4.5169,0.0010,2.4801,0.9052,0.2120,0.8561,730831,0,0,0,0,14,0,0.0309,0.0007,0.1072,540.2,1942,7501
631,run,84.600,10.9638,4.4078,6.5560,4.0765,0.2202,1.8135,0.9032,0.2130,0.8653,730832,0,884,883,0,14,0,0.6536,0.4409,0.1002,540.2,1942,7501
632,run,84.600,12.7894,4.3701,8.4193,3.8584,0.0020,1.8135,0.8909,0.2212,0.8714,730832,0,0,0,0,14,0,0.0246,0.0007,0.1189,540.2,1942,7501
633,run,84.600,11.0979,3.9754,7.1225,4.1011,0.0010,2.0480,0.9042,0.2099,0.8765,730832,0,0,0,0,14,0,0.0258,0.0008,0.1015,540.2,1942,7501
634,run,84.600,9.6741,3.1081,6.5660,3.8554,0.0010,1.8186,0.8806,0.2161,0.8776,730832,0,0,0,0,14,0,0.0240,0.0006,0.0736,540.2,1942,7501
635,run,84.600,10.6672,3.8087,6.8585,3.8799,0.0010,1.8166,0.9196,0.2109,0.8704,730832,0,0,0,0,14,0,0.0290,0.0004,0.1087,540.2,1942,7501
636,run,84.700,9.9453,3.3518,6.5935,4.7309,0.0010,2.1248,1.2278,0.4291,0.8858,730832,0,0,0,0,14,0,0.0242,0.0009,0.0960,540.2,1942,7501
637,run,84.700,9.7376,2.8719,6.8657,3.8523,0.0010,1.7848,0.9144,0.2150,0.8755,730832,0,0,0,0,14,0,0.0306,0.0007,0.0913,540.2,1942,7501
638,run,84.700,9.5181,2.7551,6.7630,3.8410,0.0010,1.7910,0.9114,0.2191,0.8571,730832,0,0,0,0,14,0,0.0234,0.0008,0.0781,540.2,1942,7501
639,run,84.700,9.4848,2.9463,6.5385,3.8216,0.0010,1.7961,0.8837,0.2099,0.8704,730832,0,0,0,0,14,0,0.0237,0.0006,0.0767,540.2,1942,7501
640,run,84.700,10.8382,3.3471,7.4911,3.8410,0.0010,1.8053,0.8755,0.2120,0.8878,730832,0,0,0,0,14,0,0.0282,0.0007,0.0866,540.2,1942,7501
641,run,84.700,13.0456,6.1990,6.8466,4.1206,0.2847,1.8125,0.8632,0.2120,0.8868,730676,778,1151,1307,0,14,0,1.5126,0.6140,0.2776,540.2,1942,7501
642,run,84.700,11.4426,4.9196,6.5230,5.1139,0.3942,2.2845,0.9175,0.2099,1.2380,731464,0,1621,833,0,14,0,0.9972,0.5135,0.0963,540.2,1942,7501
643,run,84.700,10.9173,4.0979,6.8194,3.8144,0.0020,1.8186,0.8520,0.2099,0.8704,731464,0,0,0,0,14,0,0.0247,0.0007,0.0767,540.2,1942,7501
644,run,84.700,10.7271,4.1569,6.5702,4.0868,0.2212,1.8319,0.8755,0.2130,0.8827,731462,0,891,893,0,14,0,0.5923,0.4187,0.0831,540.2,1942,7501
645,run,84.600,9.4554,3.0014,6.4540,3.8574,0.0010,1.8432,0.8704,0.2140,0.8673,731462,0,0,0,0,14,0,0.0290,0.0010,0.1097,540.2,1942,7501
646,run,84.700,10.0642,3.1273,6.9369,3.8287,0.0010,1.8401,0.8530,0.2109,0.8622,731462,0,0,0,0,14,0,0.0247,0.0005,0.0735,540.2,1942,7501
647,run,84.700,9.7236,3.1620,6.5616,3.8851,0.0010,1.8442,0.9083,0.2099,0.8602,731462,0,0,0,0,14,0,0.0269,0.0004,0.0827,540.2,1942,7501
648,run,84.700,9.5147,2.9136,6.6011,3.9035,0.0010,1.8545,0.9011,0.2109,0.8745,731462,0,0,0,0,14,0,0.0225,0.0004,0.0758,540.2,1942,7501
649,run,84.700,10.1611,3.6653,6.4958,4.5230,0.0010,1.8586,1.1151,0.2089,1.2780,731462,0,0,0,0,14,0,0.0289,0.0004,0.0852,540.2,1942,7501
650,run,84.700,10.6646,3.8005,6.8641,3.9014,0.0010,1.8729,0.8632,0.2120,0.8899,731462,0,0,0,0,14,0,0.0288,0.0007,0.0877,540.2,1942,7501
651,run,84.700,10.4619,3.7441,6.7178,3.8810,0.0010,1.8729,0.8550,0.2099,0.8796,731462,0,0,0,0,14,0,0.0273,0.0008,0.0897,540.2,1942,7501
652,run,84.700,10.6441,3.8985,6.7456,4.9193,0.0020,2.4873,1.2667,0.2099,0.8929,731462,0,0,0,0,14,0,0.0206,0.0008,0.0850,540.2,1942,7501
653,run,84.700,10.0891,3.4709,6.6182,3.8932,0.0010,1.8668,0.8735,0.2109,0.8786,731462,0,0,0,0,14,0,0.0267,0.0004,0.0776,540.2,1942,7501
654,run,84.700,10.1273,2.9248,7.2025,3.9240,0.0010,1.8606,0.8929,0.2109,0.8970,731462,0,0,0,0,14,0,0.0344,0.0005,0.0812,540.2,1942,7501
655,run,84.800,9.7409,3.0492,6.6917,4.4268,0.0010,1.8790,0.8571,0.2140,1.4152,731462,0,0,0,0,14,0,0.0262,0.0007,0.0792,540.2,1942,7501
656,run,84.800,11.1790,3.6500,7.5290,3.9260,0.0010,1.8831,0.8837,0.2089,0.8858,731462,0,0,0,0,14,0,0.0276,0.0006,0.0862,540.2,1942,7501
657,run,84.800,11.1497,4.4762,6.6735,4.1626,0.2202,1.8862,0.8837,0.2099,0.9011,731470,0,891,883,0,14,0,0.6282,0.3995,0.0842,540.2,1942,7501
658,run,84.800,10.5310,3.5841,6.9469,3.9475,0.0010,1.8913,0.8796,0.2120,0.9021,731470,0,0,0,0,14,0,0.0287,0.0007,0.0865,540.2,1942,7501
659,run,84.800,11.6649,3.7407,7.9242,3.9096,0.0010,1.8964,0.8448,0.2099,0.8970,731470,0,0,0,0,14,0,0.0209,0.0013,0.0983,540.2,1942,7501
660,run,84.800,10.0735,3.5608,6.5127,3.9281,0.0010,1.8964,0.8612,0.2130,0.8940,731470,0,0,0,0,14,0,0.0270,0.0006,0.0852,540.2,1942,7501
661,run,84.900,9.9018,3.3841,6.5177,3.9291,0.0010,1.8954,0.8540,0.2140,0.9021,731470,0,0,0,0,14,0,0.0271,0.0007,0.0784,540.2,1942,7501
662,run,84.900,9.7499,3.1523,6.5976,3.9342,0.0010,1.8934,0.8724,0.2099,0.8960,731470,0,0,0,0,14,0,0.0277,0.0004,0.1064,540.2,1942,7501
663,run,84.900,10.6121,3.5664,7.0457,3.9383,0.0010,1.8995,0.8581,0.2140,0.9042,731470,0,0,0,0,14,0,0.0226,0.0005,0.0744,540.2,1942,7501
664,run,84.900,13.4251,5.0041,8.4210,3.9823,0.0010,1.8964,0.9032,0.2150,0.9042,731470,0,0,0,0,14,0,0.0334,0.0012,0.1220,540.2,1942,7501
665,run,84.900,11.4617,4.0479,7.4138,3.9127,0.0010,1.8954,0.8499,0.2109,0.8950,731470,0,0,0,0,14,0,0.0284,0.0005,0.0855,540.2,1942,7501
666,run,84.900,10.6958,4.0505,6.6453,3.9332,0.0010,1.9036,0.8622,0.2109,0.8919,731470,0,0,0,0,14,0,0.0233,0.0008,0.0800,540.2,1942,7501
667,run,84.900,17.6904,6.8139,10.8765,5.0012,0.1710,2.1279,1.1520,0.2109,1.2790,731270,195,639,839,0,14,0,1.5346,0.4496,0.1352,540.2,1942,7501
668,run,84.900,11.5737,3.7730,7.8007,4.0120,0.0809,1.8954,0.8632,0.2109,0.9001,731465,0,195,0,0,14,0,0.1207,0.3039,0.0854,540.2,1942,7501
669,run,84.900,12.0632,3.8560,8.2072,3.9127,0.0010,1.8954,0.8376,0.2109,0.9042,731465,0,0,0,0,14,0,0.0264,0.0005,0.1244,540.2,1942,7501
670,run,84.900,18.6192,9.5440,9.0752,4.1441,0.2191,1.8944,0.8653,0.2120,0.8919,731451,0,871,885,0,14,0,0.8453,0.4962,0.1074,540.2,1942,7501
671,run,84.800,16.3758,6.6283,9.7475,3.9373,0.0010,1.8975,0.8847,0.2120,0.8786,731451,0,0,0,0,14,0,0.0423,0.0012,0.1977,540.2,1942,7501
672,run,84.800,11.2556,3.8243,7.4313,3.9352,0.0010,1.9057,0.8673,0.2099,0.8878,731451,0,0,0,0,14,0,0.0270,0.0011,0.1350,540.2,1942,7501
673,run,84.800,11.4743,3.9626,7.5117,3.9424,0.0010,1.9026,0.8694,0.2120,0.8950,731451,0,0,0,0,14,0,0.0254,0.0005,0.0854,540.2,1942,7501
674,run,84.800,12.1745,4.4932,7.6813,4.5363,0.0010,1.9046,0.8776,0.2130,1.4776,731451,0,0,0,0,14,0,0.0232,0.0004,0.0789,540.2,1942,7501
675,run,84.800,10.5659,3.4577,7.1082,4.1789,0.0010,2.1443,0.8714,0.2120,0.8899,731451,0,0,0,0,14,0,0.0247,0.0004,0.0823,540.2,1942,7501
676,run,84.800,10.2417,3.6765,6.5652,3.9680,0.0010,1.9190,0.8714,0.2130,0.9011,731451,0,0,0,0,14,0,0.0243,0.0004,0.0758,540.2,1942,7501
677,run,84.800,10.0764,3.5154,6.5610,3.9608,0.0010,1.9302,0.8479,0.2109,0.9103,731451,0,0,0,0,14,0,0.0246,0.0005,0.0731,540.2,1942,7501
678,run,84.800,11.6610,4.9018,6.7592,3.9598,0.0010,1.9282,0.8704,0.2109,0.8878,731451,0,0,0,0,14,0,0.0255,0.0006,0.0887,540.2,1942,7501
679,run,84.800,10.8786,3.3756,7.5030,3.9854,0.0010,1.9395,0.8888,0.2099,0.8858,731451,0,0,0,0,14,0,0.0257,0.0008,0.0812,540.2,1942,7501
680,run,84.800,9.8056,2.8544,6.9512,3.9649,0.0010,1.9384,0.8581,0.2130,0.8929,731451,0,0,0,0,14,0,0.0230,0.0006,0.0711,540.2,1942,7501
681,run,84.700,10.5424,4.0536,6.4888,4.3540,0.0010,2.3562,0.8120,0.2140,0.9073,731451,0,0,0,0,14,0,0.0305,0.0005,0.0930,540.2,1942,7501
682,run,84.700,10.2994,3.0563,7.2431,3.9496,0.0010,1.9466,0.8366,0.2099,0.8950,731451,0,0,0,0,14,0,0.0228,0.0004,0.0762,540.2,1942,7501
683,run,84.700,11.6227,4.9473,6.6754,4.1472,0.2191,1.9436,0.8274,0.2120,0.8858,731464,0,889,876,0,14,0,0.6367,0.4469,0.1073,540.2,1942,7501
684,run,84.700,10.7357,4.2381,6.4976,4.3274,0.0010,2.3245,0.8192,0.2140,0.9083,731464,0,0,0,0,14,0,0.0300,0.0006,0.1021,540.2,1942,7501
685,run,84.700,9.7111,3.1756,6.5355,3.9588,0.0010,1.9497,0.8468,0.2089,0.8909,731464,0,0,0,0,14,0,0.0256,0.0007,0.0736,540.2,1942,7501
686,run,84.700,9.8768,3.1639,6.7129,3.9363,0.0010,1.9261,0.8561,0.2099,0.8806,731464,0,0,0,0,14,0,0.0228,0.0005,0.0738,540.2,1942,7501
687,run,84.700,9.9457,2.9696,6.9761,4.3868,0.0010,1.9220,1.2984,0.2109,0.8940,731464,0,0,0,0,14,0,0.0243,0.0005,0.0788,540.2,1942,7501
688,run,84.600,9.9095,3.1293,6.7802,3.8154,0.0010,1.8493,0.8079,0.2120,0.8827,731464,0,0,0,0,14,0,0.0235,0.0006,0.0751,540.2,1942,7501
689,run,84.600,9.6754,3.1761,6.4993,3.8410,0.0010,1.8504,0.8172,0.2109,0.8980,731464,0,0,0,0,14,0,0.0293,0.0013,0.1091,540.2,1942,7501
690,run,84.600,13.2356,4.6344,8.6012,4.2803,0.2222,1.8452,0.8233,0.4557,0.8724,731468,0,819,815,0,14,0,0.7632,0.4168,0.1143,540.2,1942,7501
691,run,84.600,10.5642,3.4484,7.1158,3.8523,0.0010,1.8504,0.8438,0.2099,0.8868,731468,0,0,0,0,14,0,0.0245,0.0006,0.0778,540.2,1942,7501
692,run,84.600,12.2907,4.6056,7.6851,4.0468,0.2038,1.8340,0.8561,0.2109,0.8796,731465,0,817,820,0,14,0,0.5325,0.3774,0.0841,540.2,1942,7501
693,run,84.600,9.7487,3.2193,6.5294,3.8328,0.0010,1.8401,0.8253,0.2140,0.8888,731465,0,0,0,0,14,0,0.0253,0.0004,0.0831,540.2,1942,7501
694,run,84.500,10.0272,3.1245,6.9027,3.7898,0.0010,1.8483,0.8008,0.2120,0.8653,731465,0,0,0,0,14,0,0.0276,0.0009,0.0885,540.2,1942,7501
695,run,84.500,10.4182,3.9427,6.4755,3.7929,0.0010,1.8463,0.8172,0.2120,0.8530,731465,0,0,0,0,14,0,0.0238,0.0006,0.0735,540.2,1942,7501
696,run,84.500,11.7112,3.9657,7.7455,4.0540,0.2191,1.8391,0.8438,0.2120,0.8796,731473,0,879,871,0,14,0,0.6770,0.4879,0.0925,540.2,1942,7501
697,run,84.500,10.9351,3.7518,7.1833,3.8676,0.0010,1.8412,0.8581,0.2181,0.8868,731473,0,0,0,0,14,0,0.0290,0.0007,0.1334,540.2,1942,7501
698,run,84.500,9.2330,2.7439,6.4891,3.8031,0.0010,1.8350,0.8243,0.2140,0.8663,731473,0,0,0,0,14,0,0.0378,0.0012,0.1690,540.2,1942,7501
699,run,84.500,9.8600,3.1806,6.6794,3.7693,0.0010,1.8309,0.7916,0.2140,0.8673,731473,0,0,0,0,14,0,0.0247,0.0004,0.0894,540.2,1942,7501
700,run,84.500,10.7579,4.1729,6.5850,4.0428,0.0010,2.0603,0.8253,0.2120,0.8817,731473,0,0,0,0,14,0,0.0276,0.0013,0.1660,540.2,1942,7501
701,run,84.500,10.3960,3.9506,6.4454,4.1103,0.0020,1.8176,0.8366,0.2150,1.1756,731473,0,0,0,0,14,0,0.0301,0.0007,0.0932,540.2,1942,7501
702,run,84.500,11.4246,3.7070,7.7176,3.7663,0.0020,1.8094,0.8141,0.2109,0.8684,731473,0,0,0,0,14,0,0.0241,0.0009,0.1196,540.2,1942,7501
703,run,84.500,10.2811,3.1249,7.1562,3.7786,0.0010,1.8033,0.8223,0.2120,0.8786,731473,0,0,0,0,14,0,0.0291,0.0007,0.0941,540.2,1942,7501
704,run,84.500,11.7271,4.8071,6.9200,3.7376,0.0010,1.8012,0.7916,0.2099,0.8714,731473,0,0,0,0,14,0,0.0292,0.0007,0.0980,540.2,1942,7501
705,run,84.500,9.5381,2.9705,6.5676,3.7796,0.0010,1.8166,0.8151,0.2140,0.8714,731473,0,0,0,0,14,0,0.0232,0.0006,0.0767,540.2,1942,7501
706,run,84.500,9.8919,3.3279,6.5640,4.5978,0.0010,2.3050,0.8059,0.5601,0.8632,731473,0,0,0,0,14,0,0.0248,0.0008,0.0960,540.2,1942,7501
707,run,84.500,9.7317,2.9818,6.7499,3.8052,0.0020,1.8176,0.8458,0.2120,0.8663,731473,0,0,0,0,14,0,0.0236,0.0005,0.0760,540.2,1942,7501
708,run,84.500,10.3199,3.7911,6.5288,3.7612,0.0010,1.8340,0.8008,0.2120,0.8509,731473,0,0,0,0,14,0,0.0216,0.0005,0.0749,540.2,1942,7501
709,run,84.500,11.0622,4.2792,6.7830,4.5036,0.2212,1.8278,0.8151,0.4362,1.1418,731447,0,881,907,0,14,0,0.6507,0.4211,0.0888,540.2,1942,7501
710,run,84.500,11.4627,3.9759,7.4868,3.7929,0.0010,1.8340,0.8059,0.2109,0.8796,731447,0,0,0,0,14,0,0.0251,0.0005,0.0754,540.2,1942,7501
711,run,84.500,11.1064,3.8653,7.2411,3.7724,0.0020,1.8360,0.8008,0.2140,0.8561,731447,0,0,0,0,14,0,0.0268,0.0006,0.0873,540.2,1942,7501
712,run,84.400,9.8238,3.1092,6.7146,3.7612,0.0010,1.8442,0.7752,0.2120,0.8653,731447,0,0,0,0,14,0,0.0247,0.0006,0.0775,540.2,1942,7501
713,run,84.400,10.2458,3.6555,6.5903,3.8216,0.0020,1.8463,0.8079,0.2120,0.8909,731447,0,0,0,0,14,0,0.0267,0.0009,0.1159,540.2,1942,7501
714,run,84.400,12.2746,3.7869,8.4877,3.7632,0.0010,1.8524,0.7834,0.2140,0.8499,731447,0,0,0,0,14,0,0.0213,0.0007,0.1117,540.2,1942,7501
715,run,84.400,10.5629,3.7297,6.8332,3.7755,0.0010,1.8524,0.7926,0.2109,0.8561,731447,0,0,0,0,14,0,0.0349,0.0008,0.1034,540.2,1942,7501
716,run,84.400,10.4602,3.9318,6.5284,3.7949,0.0020,1.8575,0.8038,0.2120,0.8561,731447,0,0,0,0,14,0,0.0259,0.0006,0.0815,540.2,1942,7501
717,run,84.400,13.5463,5.0073,8.5390,4.0540,0.2140,1.8504,0.8346,0.2130,0.8827,731453,0,847,841,0,14,0,0.6796,0.4091,0.0969,540.2,1942,7501
718,run,84.400,10.2067,3.6790,6.5277,3.7704,0.0010,1.8483,0.7823,0.2120,0.8622,731453,0,0,0,0,14,0,0.0247,0.0005,0.0777,540.2,1942,7501
719,run,84.400,9.4675,2.7686,6.6989,3.7837,0.0010,1.8381,0.8243,0.2130,0.8448,731453,0,0,0,0,14,0,0.0267,0.0008,0.1126,540.2,1942,7501
720,run,84.400,10.0873,3.6273,6.4600,3.7673,0.0010,1.8268,0.7936,0.2130,0.8704,731453,0,0,0,0,14,0,0.0237,0.0006,0.0921,540.2,1942,7501
721,run,84.500,10.1040,3.1524,6.9516,3.7550,0.0010,1.8237,0.7813,0.2130,0.8724,731453,0,0,0,0,14,0,0.0244,0.0006,0.0731,540.2,1942,7501
722,run,84.500,11.5607,5.0145,6.5462,3.9649,0.2181,1.8350,0.7741,0.2099,0.8673,731465,0,889,877,0,14,0,0.6708,0.6346,0.1341,540.2,1942,7501
723,run,84.500,10.3884,3.5542,6.8342,3.7693,0.0010,1.8401,0.7895,0.2130,0.8612,731465,0,0,0,0,14,0,0.0245,0.0005,0.0743,540.2,1942,7501
724,run,84.400,9.7028,3.0999,6.6029,3.7775,0.0020,1.8463,0.7782,0.2120,0.8765,731465,0,0,0,0,14,0,0.0242,0.0006,0.0732,540.2,1942,7501
725,run,84.400,9.8577,3.3971,6.4606,4.4104,0.0010,2.4566,0.7997,0.2120,0.8776,731465,0,0,0,0,14,0,0.0250,0.0005,0.1412,540.2,1942,7501
726,run,84.400,9.6950,2.9970,6.6980,3.7990,0.0010,1.8545,0.8018,0.2130,0.8673,731465,0,0,0,0,14,0,0.0329,0.0009,0.0906,540.2,1942,7501
727,run,84.400,9.7820,2.8423,6.9397,3.8195,0.0010,1.8606,0.8079,0.2120,0.8735,731465,0,0,0,0,14,0,0.0234,0.0004,0.0786,540.2,1942,7501
728,run,84.400,9.4818,2.9887,6.4931,3.8062,0.0010,1.8657,0.7854,0.2120,0.8786,731465,0,0,0,0,14,0,0.0249,0.0004,0.0796,540.2,1942,7501
729,run,84.400,10.1750,3.3797,6.7953,3.8472,0.0010,1.8729,0.8059,0.2171,0.8868,731465,0,0,0,0,14,0,0.0277,0.0006,0.1086,540.2,1942,7501
730,run,84.400,10.1878,3.6819,6.5059,3.8482,0.0010,1.8780,0.8110,0.2109,0.8817,731465,0,0,0,0,14,0,0.0263,0.0007,0.0807,540.2,1942,7501
731,run,84.400,9.2830,2.7149,6.5681,3.8339,0.0010,1.8872,0.7895,0.2130,0.8786,731465,0,0,0,0,14,0,0.0238,0.0005,0.0741,540.2,1942,7501
732,run,84.400,11.3039,4.3372,6.9667,3.8902,0.0031,1.8964,0.8100,0.2181,0.8940,731465,0,0,0,0,14,0,0.0228,0.0005,0.0923,540.2,1942,7501
733,run,84.400,12.1819,5.6723,6.5096,3.8666,0.0031,1.8954,0.7762,0.2243,0.8991,731465,0,0,0,0,14,0,0.0216,0.0004,0.0853,540.2,1942,7501
734,run,84.400,10.9098,4.3534,6.5564,3.8523,0.0031,1.8913,0.7700,0.2212,0.9001,731465,0,0,0,0,14,0,0.0205,0.0006,0.0788,540.2,1942,7501
735,run,84.400,14.3768,4.7469,9.6299,4.0663,0.2284,1.8760,0.7752,0.2181,0.9021,731466,0,882,881,0,14,0,0.6165,0.4376,0.0949,540.2,1942,7501
736,run,84.400,10.5779,3.8992,6.6787,3.8339,0.0031,1.8565,0.8049,0.2150,0.8868,731466,0,0,0,0,14,0,0.0207,0.0004,0.0771,540.2,1942,7501
737,run,84.400,11.0049,4.4837,6.5212,3.8277,0.0031,1.8627,0.8018,0.2120,0.8817,731466,0,0,0,0,14,0,0.0189,0.0005,0.0769,540.2,1942,7501
738,run,84.400,13.6923,6.6858,7.0065,4.2394,0.4035,1.8616,0.8069,0.2171,0.8776,731789,0,1748,1425,0,14,0,1.3647,0.6143,0.1204,540.2,1942,7501
739,run,84.400,6.9392,6.9377,0.0015,4.0274,0.2089,1.8688,0.7793,0.2161,0.8868,731776,0,785,798,0,14,0,0.9795,0.5469,0.1983,540.2,1942,7501
740,run,84.400,10.5405,4.0077,6.5328,3.8431,0.0031,1.8708,0.7936,0.2150,0.8950,731776,0,0,0,0,14,0,0.0218,0.0009,0.0847,540.2,1942,7501
741,run,84.400,11.2952,4.5773,6.7179,3.8339,0.0031,1.8719,0.7772,0.2140,0.9011,731776,0,0,0,0,14,0,0.0209,0.0005,0.0832,540.2,1942,7501
742,run,84.400,12.3658,5.1142,7.2516,4.0540,0.2079,1.8749,0.7977,0.2150,0.8950,731780,0,833,829,0,14,0,0.5869,0.4210,0.0970,540.2,1942,7501
743,run,84.400,10.9770,4.4467,6.5303,3.8574,0.0031,1.8719,0.8182,0.2130,0.8868,731780,0,0,0,0,14,0,0.0212,0.0006,0.0803,540.2,1942,7501
744,run,84.300,10.3684,3.8755,6.4929,3.8154,0.0031,1.8739,0.7711,0.2161,0.8806,731780,0,0,0,0,14,0,0.0196,0.0008,0.0759,540.2,1942,7501
745,run,84.300,11.7376,4.1393,7.5983,3.8810,0.0031,1.8903,0.8110,0.2140,0.8940,731780,0,0,0,0,14,0,0.0236,0.0007,0.1069,540.2,1942,7501
746,run,84.300,10.7675,4.1956,6.5719,3.8523,0.0031,1.9057,0.7772,0.2161,0.8817,731780,0,0,0,0,14,0,0.0207,0.0004,0.0788,540.2,1942,7501
747,run,84.300,10.4106,3.8583,6.5523,3.9158,0.0031,1.9036,0.8284,0.2150,0.8980,731780,0,0,0,0,14,0,0.0200,0.0006,0.0767,540.2,1942,7501
748,run,84.300,11.5823,4.8132,6.7691,4.0786,0.2253,1.8749,0.7752,0.2150,0.9185,731787,0,888,881,0,14,0,0.6418,0.4397,0.1237,540.2,1942,7501
749,run,84.300,10.4104,3.8969,6.5135,3.8420,0.0031,1.8790,0.7854,0.2150,0.8929,731787,0,0,0,0,14,0,0.0198,0.0004,0.0924,540.2,1942,7501
750,run,84.200,10.5019,4.0065,6.4954,3.7816,0.0031,1.8299,0.7905,0.2181,0.8724,731787,0,0,0,0,14,0,0.0214,0.0007,0.1373,540.2,1942,7501
751,run,84.200,11.3747,4.4304,6.9443,3.8287,0.0031,1.8309,0.8346,0.2222,0.8694,731787,0,0,0,0,14,0,0.0254,0.0005,0.0783,540.2,1942,7501
752,run,84.200,11.4076,4.2738,7.1338,3.7990,0.0031,1.8278,0.7793,0.2191,0.9042,731787,0,0,0,0,14,0,0.0215,0.0007,0.0917,540.2,1942,7501
753,run,84.200,10.9922,4.3479,6.6443,3.6936,0.0031,1.7449,0.7537,0.2202,0.9042,731787,0,0,0,0,14,0,0.0191,0.0007,0.0765,540.2,1942,7501
754,run,84.200,11.4986,4.2729,7.2257,3.7325,0.0031,1.7428,0.8059,0.2171,0.8960,731787,0,0,0,0,14,0,0.0245,0.0005,0.1042,540.2,1942,7501
755,run,84.200,10.9212,3.8776,7.0436,3.7294,0.0031,1.7418,0.8131,0.2130,0.8919,731787,0,0,0,0,14,0,0.0210,0.0005,0.0807,540.2,1942,7501
756,run,84.100,10.6170,4.0380,6.5790,3.9977,0.0031,1.7408,0.7793,0.2181,1.1889,731787,0,0,0,0,14,0,0.0183,0.0006,0.0729,540.2,1942,7501
757,run,84.100,12.0608,4.6615,7.3993,3.7059,0.0031,1.7428,0.7578,0.2171,0.9165,731787,0,0,0,0,14,0,0.0240,0.0009,0.0819,540.2,1942,7501
758,run,84.100,11.5741,4.9319,6.6422,3.7120,0.0031,1.7388,0.7813,0.2181,0.9021,731787,0,0,0,0,14,0,0.0203,0.0005,0.0790,540.2,1942,7501
759,run,84.100,10.5388,3.3300,7.2088,4.2967,0.0031,1.7480,0.7526,0.8223,0.9042,731787,0,0,0,0,14,0,0.0189,0.0007,0.0709,540.2,1942,7501
760,run,84.100,11.3758,4.2542,7.1216,3.7304,0.0031,1.7367,0.7803,0.2181,0.9206,731787,0,0,0,0,14,0,0.0209,0.0004,0.0876,540.2,1942,7501
761,run,84.100,12.3336,5.5409,6.7927,3.9741,0.2314,1.7418,0.7926,0.2161,0.9144,731774,0,876,889,0,14,0,0.6477,0.4149,0.0930,540.2,1942,7501
762,run,84.100,10.7784,4.1243,6.6541,3.9690,0.0031,1.7418,0.7782,0.2212,1.1561,731774,0,0,0,0,14,0,0.0186,0.0006,0.0909,540.2,1942,7501
763,run,84.100,10.9105,4.0730,6.8375,3.6741,0.0031,1.7347,0.7711,0.2202,0.8796,731774,0,0,0,0,14,0,0.0193,0.0005,0.0759,540.2,1942,7501
764,run,84.100,10.5309,4.0271,6.5038,3.6884,0.0031,1.7295,0.7700,0.2171,0.9011,731774,0,0,0,0,14,0,0.0218,0.0014,0.1040,540.2,1942,7501
765,run,84.100,11.1008,4.2329,6.8679,3.6956,0.0031,1.7111,0.7885,0.2150,0.9103,731774,0,0,0,0,14,0,0.0200,0.0005,0.0874,540.2,1942,7501
766,run,84.100,10.7967,4.2773,6.5194,3.6547,0.0031,1.7162,0.7485,0.2191,0.8919,731774,0,0,0,0,14,0,0.0210,0.0008,0.0883,540.2,1942,7501
767,run,84.100,12.0534,5.5698,6.4836,3.8134,0.2109,1.6783,0.7506,0.2191,0.8899,731767,0,824,831,0,14,0,0.6237,0.4864,0.1175,540.2,1942,7501
768,run,84.100,10.1778,3.5247,6.6531,3.6045,0.0031,1.6794,0.7557,0.2202,0.8786,731767,0,0,0,0,14,0,0.0206,0.0006,0.0801,540.2,1942,7501
769,run,84.000,11.8562,5.0892,6.7670,3.6239,0.0031,1.6876,0.7465,0.2202,0.8980,731767,0,0,0,0,14,0,0.0204,0.0008,0.0828,540.2,1942,7501
770,run,84.000,10.3214,3.7942,6.5272,3.5912,0.0031,1.6896,0.7434,0.2202,0.8694,731767,0,0,0,0,14,0,0.0274,0.0008,0.1072,540.2,1942,7501
771,run,84.000,10.6023,4.0283,6.5740,3.6035,0.0031,1.6865,0.7465,0.2222,0.8776,731767,0,0,0,0,14,0,0.0198,0.0010,0.0821,540.2,1942,7501
772,run,84.000,11.1662,4.0469,7.1193,3.6096,0.0031,1.6906,0.7526,0.2222,0.8735,731767,0,0,0,0,14,0,0.0205,0.0007,0.0828,540.2,1942,7501
773,run,84.000,13.4765,6.3186,7.1579,3.6004,0.0031,1.6886,0.7465,0.2212,0.8714,731767,0,0,0,0,14,0,0.0187,0.0005,0.0859,540.2,1942,7501
774,run,84.000,11.5874,5.0395,6.5479,4.2813,0.2324,1.6855,1.1909,0.2212,0.8837,731761,0,885,891,0,14,0,0.6559,0.4207,0.1136,540.2,1942,7501
775,run,84.000,11.8641,4.8445,7.0196,3.6147,0.0031,1.6916,0.7793,0.2253,0.8489,731761,0,0,0,0,14,0,0.0248,0.0004,0.0823,540.2,1942,7501
776,run,84.000,11.3641,4.5602,6.8039,3.5973,0.0031,1.6896,0.7393,0.2191,0.8776,731761,0,0,0,0,14,0,0.0222,0.0008,0.1090,540.2,1942,7501
777,run,84.000,10.4126,3.8767,6.5359,4.3981,0.0020,1.6957,1.2032,0.2181,1.2134,731761,0,0,0,0,14,0,0.0191,0.0006,0.0764,540.2,1942,7501
778,run,84.000,11.0872,3.8219,7.2653,3.5994,0.0031,1.6906,0.7485,0.2232,0.8663,731761,0,0,0,0,14,0,0.0195,0.0005,0.0761,540.2,1942,7501
779,run,84.000,10.5865,4.0076,6.5789,3.6168,0.0031,1.6927,0.7762,0.2181,0.8591,731761,0,0,0,0,14,0,0.0184,0.0005,0.0777,540.2,1942,7501
780,run,84.000,10.5554,4.0887,6.4667,3.5881,0.0031,1.6927,0.7342,0.2202,0.8694,731761,0,0,0,0,14,0,0.0190,0.0005,0.0886,540.2,1942,7501
781,run,84.000,11.2890,4.0835,7.2055,3.5860,0.0031,1.6773,0.7434,0.2212,0.8745,731761,0,0,0,0,14,0,0.0185,0.0006,0.0753,540.2,1942,7501
782,run,84.000,11.4813,4.3057,7.1756,3.6198,0.0031,1.6681,0.7885,0.2191,0.8735,731761,0,0,0,0,14,0,0.0239,0.0007,0.1083,540.2,1942,7501
783,run,84.000,10.5519,4.0470,6.5049,3.8943,0.0031,1.6722,0.7578,0.2243,1.1704,731761,0,0,0,0,14,0,0.0191,0.0004,0.0748,540.2,1942,7501
784,run,84.000,10.6638,4.0878,6.5760,3.6024,0.0031,1.6753,0.7526,0.2222,0.8817,731761,0,0,0,0,14,0,0.0211,0.0005,0.0863,540.2,1942,7501
785,run,84.000,12.2323,4.7225,7.5098,3.5973,0.0031,1.6712,0.7506,0.2212,0.8796,731761,0,0,0,0,14,0,0.0199,0.0005,0.0982,540.2,1942,7501
786,run,84.000,11.5273,4.1812,7.3461,3.6229,0.0031,1.6691,0.7700,0.2212,0.8909,731761,0,0,0,0,14,0,0.0198,0.0006,0.0724,540.2,1942,7501
787,run,84.100,14.2175,7.1470,7.0705,4.1677,0.5693,1.6794,0.7608,0.2181,0.8694,731768,0,885,878,0,14,0,0.8834,0.4761,0.1155,540.2,1942,7501
788,run,84.100,11.1836,4.6194,6.5642,3.8175,0.2079,1.6753,0.7578,0.2181,0.8827,731775,0,810,803,0,14,0,0.5367,0.3857,0.0958,540.2,1942,7501
789,run,84.100,11.3943,4.7191,6.6752,4.0141,0.0031,2.0797,0.7465,0.2243,0.8940,731775,0,0,0,0,14,0,0.0204,0.0006,0.0758,540.2,1942,7501
790,run,84.100,10.7333,4.0278,6.7055,3.6332,0.0031,1.6804,0.7741,0.2232,0.8776,731775,0,0,0,0,14,0,0.0228,0.0007,0.0954,540.2,1942,7501
791,run,84.100,10.9645,4.2625,6.7020,3.5871,0.0031,1.6814,0.7496,0.2191,0.8653,731775,0,0,0,0,14,0,0.0199,0.0006,0.0764,540.2,1942,7501
792,run,84.100,11.7250,5.0243,6.7007,4.5486,0.2120,2.4115,0.7516,0.2232,0.8847,731776,0,826,825,0,14,0,0.5969,0.4028,0.0982,540.2,1942,7501
793,run,84.100,12.6035,5.8031,6.8004,3.6127,0.0041,1.6865,0.7475,0.2191,0.8868,731776,0,0,0,0,14,0,0.0219,0.0006,0.0800,540.2,1942,7501
794,run,84.100,10.9090,4.3837,6.5253,3.6116,0.0031,1.6794,0.7506,0.2202,0.8940,731776,0,0,0,0,14,0,0.0273,0.0009,0.1080,540.2,1942,7501
795,run,84.100,12.9294,6.4243,6.5051,3.9434,0.0031,2.0378,0.7444,0.2202,0.8714,731776,0,0,0,0,14,0,0.0258,0.0006,0.0910,540.2,1942,7501
796,run,84.000,16.1017,6.3576,9.7441,3.5953,0.0031,1.6773,0.7414,0.2212,0.8837,731776,0,0,0,0,14,0,0.0360,0.0010,0.4993,540.2,1942,7501
797,run,84.000,10.4019,3.7787,6.6232,3.9178,0.0031,1.6722,0.7455,0.2222,1.2073,731776,0,0,0,0,14,0,0.0194,0.0004,0.0818,540.2,1942,7501
798,run,84.000,13.1207,5.8053,7.3154,3.5441,0.0031,1.6620,0.7188,0.2232,0.8704,731776,0,0,0,0,14,0,0.0232,0.0006,0.0911,540.2,1942,7501
799,run,84.000,12.4474,5.8915,6.5559,3.5676,0.0031,1.6620,0.7332,0.2232,0.8724,731776,0,0,0,0,14,0,0.0208,0.0006,0.0817,540.2,1942,7501
800,run,84.000,11.6052,5.0932,6.5120,4.4329,0.2294,2.2651,0.7793,0.2222,0.8684,731788,0,887,875,0,14,0,0.5937,0.4043,0.1566,540.2,1942,7501
801,run,84.000,11.1927,4.1355,7.0572,3.5727,0.0031,1.6640,0.7424,0.2232,0.8735,731788,0,0,0,0,14,0,0.0232,0.0005,0.0821,540.2,1942,7501
802,run,84.000,11.5411,4.5215,7.0196,3.5574,0.0031,1.6691,0.7455,0.2191,0.8509,731788,0,0,0,0,14,0,0.0186,0.0004,0.0771,540.2,1942,7501
803,run,84.000,11.4451,4.9447,6.5004,3.9373,0.0031,2.0582,0.7424,0.2243,0.8346,731788,0,0,0,0,14,0,0.0195,0.0005,0.0832,540.2,1942,7501
804,run,83.900,13.0530,4.2211,8.8319,3.5348,0.0031,1.6640,0.7567,0.2212,0.8212,731788,0,0,0,0,14,0,0.0207,0.0004,0.0817,540.2,1942,7501
805,run,83.900,10.5182,3.8921,6.6261,3.5727,0.0031,1.6681,0.7475,0.2263,0.8622,731788,0,0,0,0,14,0,0.0188,0.0009,0.0733,540.2,1942,7501
806,run,83.900,11.9610,5.2849,6.6761,3.5236,0.0031,1.6630,0.7322,0.2243,0.8335,731788,0,0,0,0,14,0,0.0227,0.0006,0.0900,540.2,1942,7501
807,run,83.900,10.5167,4.0152,6.5015,3.5031,0.0031,1.6609,0.7332,0.2222,0.8172,731788,0,0,0,0,14,0,0.0202,0.0007,0.0753,540.2,1942,7501
808,run,83.900,10.7765,4.1874,6.5891,3.5471,0.0031,1.6630,0.7537,0.2232,0.8397,731788,0,0,0,0,14,0,0.0206,0.0004,0.0853,540.2,1942,7501
809,run,83.900,10.9326,4.2320,6.7006,3.5574,0.0031,1.6650,0.7311,0.2284,0.8632,731788,0,0,0,0,14,0,0.0199,0.0005,0.0835,540.2,1942,7501
810,run,83.900,11.4529,4.2790,7.1739,3.5564,0.0031,1.6712,0.7363,0.2232,0.8571,731788,0,0,0,0,14,0,0.0224,0.0006,0.0888,540.2,1942,7501
811,run,84.000,10.1531,3.5290,6.6241,3.5174,0.0031,1.6681,0.7373,0.2212,0.8223,731788,0,0,0,0,14,0,0.0195,0.0004,0.0916,540.2,1942,7501
812,run,83.900,13.0597,6.4924,6.5673,3.9485,0.0031,2.0808,0.7363,0.2253,0.8253,731788,0,0,0,0,14,0,0.0374,0.0009,0.1698,540.2,1942,7501
813,run,83.900,12.9274,5.5092,7.4182,3.7356,0.2345,1.6620,0.7301,0.2243,0.8192,731783,0,874,879,0,14,0,0.5993,0.4202,0.1004,540.2,1942,7501
814,run,83.900,10.5000,3.9579,6.5421,3.5072,0.0031,1.6630,0.7414,0.2191,0.8131,731783,0,0,0,0,14,0,0.0218,0.0005,0.0842,540.2,1942,7501
815,run,83.900,10.9815,4.0811,6.9004,3.5000,0.0031,1.6620,0.7322,0.2253,0.8090,731783,0,0,0,0,14,0,0.0244,0.0005,0.0817,540.2,1942,7501
816,run,83.900,10.7493,4.0407,6.7086,3.5328,0.0031,1.6681,0.7373,0.2243,0.8325,731783,0,0,0,0,14,0,0.0212,0.0007,0.0771,540.2,1942,7501
817,run,83.900,10.9707,4.4943,6.4764,3.6741,0.2109,1.6486,0.7066,0.2232,0.8182,731763,0,823,843,0,14,0,0.6076,0.3895,0.0838,540.2,1942,7501
818,run,83.900,11.1118,4.5896,6.5222,3.5113,0.0031,1.6589,0.7301,0.2263,0.8253,731763,0,0,0,0,14,0,0.0196,0.0006,0.0855,540.2,1942,7501
819,run,83.900,10.8920,4.3467,6.5453,3.5267,0.0031,1.6742,0.7250,0.2232,0.8346,731763,0,0,0,0,14,0,0.0200,0.0004,0.0722,540.2,1942,7501
820,run,83.900,10.3411,3.8151,6.5260,3.5164,0.0031,1.6773,0.7127,0.2243,0.8315,731763,0,0,0,0,14,0,0.0192,0.0006,0.0762,540.2,1942,7501
821,run,83.900,11.5280,4.9998,6.5282,3.5686,0.0031,1.6927,0.7240,0.2324,0.8489,731763,0,0,0,0,14,0,0.0261,0.0009,0.1423,540.2,1942,7501
822,run,83.900,11.7034,5.1256,6.5778,3.5502,0.0031,1.6988,0.7025,0.2284,0.8520,731763,0,0,0,0,14,0,0.0258,0.0010,0.0900,540.2,1942,7501
823,run,83.900,10.7378,3.9803,6.7575,3.5666,0.0031,1.6988,0.7465,0.2263,0.8243,731763,0,0,0,0,14,0,0.0213,0.0006,0.0817,540.2,1942,7501
824,run,83.900,12.5065,5.7914,6.7151,3.5820,0.0031,1.6998,0.7383,0.2263,0.8468,731763,0,0,0,0,14,0,0.0248,0.0007,0.1214,540.2,1942,7501
825,run,83.900,11.7126,4.7173,6.9953,3.5615,0.0031,1.6988,0.7260,0.2273,0.8387,731763,0,0,0,0,14,0,0.0207,0.0009,0.0814,540.2,1942,7501
826,run,84.000,14.6496,5.4831,9.1665,4.2209,0.2284,1.6835,1.1745,0.2253,0.8428,731750,0,890,903,0,14,0,0.9257,0.4567,0.1192,540.2,1942,7501
827,run,84.000,10.5397,3.7165,6.8232,3.6014,0.0031,1.6845,0.7782,0.2222,0.8448,731750,0,0,0,0,14,0,0.0191,0.0006,0.0707,540.2,1942,7501
828,run,84.000,10.2328,3.6905,6.5423,3.5482,0.0031,1.6865,0.7229,0.2253,0.8417,731750,0,0,0,0,14,0,0.0202,0.0006,0.0803,540.2,1942,7501
829,run,84.000,10.5525,3.9815,6.5710,3.8298,0.0031,1.6947,0.7096,0.2243,1.1325,731750,0,0,0,0,14,0,0.0190,0.0006,0.0781,540.2,1942,7501
830,run,84.000,11.3607,4.1658,7.1949,3.5236,0.0031,1.6937,0.6994,0.2263,0.8356,731750,0,0,0,0,14,0,0.0211,0.0006,0.0849,540.2,1942,7501
831,run,84.000,10.1232,3.5758,6.5474,3.5461,0.0031,1.6947,0.7270,0.2243,0.8305,731750,0,0,0,0,14,0,0.0182,0.0006,0.0748,540.2,1942,7501
832,run,84.000,10.0235,3.4937,6.5298,3.5348,0.0031,1.6660,0.7301,0.2253,0.8448,731750,0,0,0,0,14,0,0.0189,0.0003,0.0753,540.2,1942,7501
833,run,84.000,10.7685,4.0461,6.7224,3.5123,0.0031,1.6742,0.7086,0.2243,0.8346,731750,0,0,0,0,14,0,0.0210,0.0004,0.0943,540.2,1942,7501
834,run,84.000,10.7572,4.2496,6.5076,3.5144,0.0041,1.6763,0.7137,0.2273,0.8253,731750,0,0,0,0,14,0,0.0184,0.0005,0.0722,540.2,1942,7501
835,run,84.000,11.4052,4.8791,6.5261,3.6987,0.2140,1.6876,0.7383,0.2253,0.7680,731752,0,790,788,0,14,0,0.5305,0.3721,0.0938,540.2,1942,7501
836,run,84.000,11.4771,4.6381,6.8390,3.5011,0.0031,1.7019,0.7199,0.2263,0.7793,731752,0,0,0,0,14,0,0.0209,0.0004,0.0838,540.2,1942,7501
837,run,84.000,12.0993,5.3888,6.7105,3.6987,0.2099,1.7121,0.7240,0.2243,0.7619,731760,0,806,798,0,14,0,0.7195,0.4541,0.1283,540.2,1942,7501
838,run,84.000,10.8412,4.3426,6.4986,3.5246,0.0031,1.7193,0.7475,0.2284,0.7588,731760,0,0,0,0,14,0,0.0219,0.0005,0.0812,540.2,1942,7501
839,run,84.100,11.9730,4.9902,6.9828,3.5871,0.2335,1.6988,0.7148,0.2243,0.6482,731765,0,879,874,0,14,0,0.6043,0.4143,0.0929,540.2,1942,7501
840,run,84.100,12.0163,4.8693,7.1470,3.4263,0.0031,1.7080,0.7301,0.2263,0.6902,731765,0,0,0,0,14,0,0.0251,0.0006,0.1060,540.2,1942,7501
841,run,84.100,11.0901,4.3067,6.7834,3.4109,0.0031,1.7111,0.7240,0.2273,0.6769,731765,0,0,0,0,14,0,0.0218,0.0004,0.0959,540.2,1942,7501
842,run,84.100,13.4685,4.8776,8.5909,3.6342,0.2304,1.7132,0.7229,0.2263,0.6738,731776,0,849,838,0,14,0,0.6113,0.4471,0.1344,540.2,1942,7501
843,run,84.100,10.6501,3.8544,6.7957,3.4109,0.0031,1.7050,0.7209,0.2284,0.6861,731776,0,0,0,0,14,0,0.0185,0.0005,0.1229,540.2,1942,7501
844,run,84.100,10.6075,3.9246,6.6829,4.2220,0.0031,1.9333,0.9626,0.2273,1.0281,731776,0,0,0,0,14,0,0.0206,0.0006,0.0904,540.2,1942,7501
845,run,84.100,11.1294,4.0931,7.0363,3.3690,0.0031,1.7039,0.6963,0.2294,0.6687,731776,0,0,0,0,14,0,0.0226,0.0005,0.0883,540.2,1942,7501
846,run,84.100,11.8888,4.9210,6.9678,3.3874,0.0031,1.7050,0.7086,0.2263,0.6758,731776,0,0,0,0,14,0,0.0271,0.0006,0.0979,540.2,1942,7501
847,run,84.100,10.5667,3.9591,6.6076,3.7171,0.0031,2.0675,0.7045,0.2263,0.6472,731776,0,0,0,0,14,0,0.0205,0.0008,0.0731,540.2,1942,7501
848,run,84.200,10.6583,4.0548,6.6035,3.3556,0.0031,1.6732,0.7199,0.2243,0.6666,731776,0,0,0,0,14,0,0.0204,0.0005,0.0880,540.2,1942,7501
849,run,84.200,10.8211,4.1161,6.7050,3.3864,0.0031,1.6783,0.7260,0.2294,0.6830,731776,0,0,0,0,14,0,0.0220,0.0006,0.0840,540.2,1942,7501
850,run,84.200,10.3130,3.4759,6.8371,3.6915,0.0031,1.6906,0.7311,0.2263,0.9748,731776,0,0,0,0,14,0,0.0191,0.0014,0.0789,540.2,1942,7501
851,run,84.200,11.1846,4.2948,6.8898,3.3710,0.0031,1.6906,0.7250,0.2284,0.6584,731776,0,0,0,0,14,0,0.0206,0.0004,0.0741,540.2,1942,7501
852,run,84.200,11.7142,5.1891,6.5251,3.6127,0.2365,1.6876,0.7127,0.2253,0.6851,731782,0,888,882,0,14,0,0.6000,0.4002,0.0877,540.2,1942,7501
853,run,84.200,10.5364,3.9636,6.5728,3.7028,0.0031,1.7019,0.7199,0.2253,0.9861,731782,0,0,0,0,14,0,0.0206,0.0005,0.0763,540.2,1942,7501
854,run,84.300,11.3090,3.7638,7.5452,3.4396,0.0031,1.7152,0.7148,0.2263,0.7127,731782,0,0,0,0,14,0,0.0188,0.0004,0.0757,540.2,1942,7501
855,run,84.300,10.4963,3.9679,6.5284,3.4294,0.0041,1.7213,0.7229,0.2314,0.6830,731782,0,0,0,0,14,0,0.0196,0.0006,0.0832,540.2,1942,7501
856,run,84.300,10.6882,3.9255,6.7627,3.4478,0.0031,1.7306,0.7219,0.2294,0.6953,731782,0,0,0,0,14,0,0.0195,0.0006,0.0799,540.2,1942,7501
857,run,84.400,10.7573,4.1514,6.6059,3.4683,0.0031,1.7347,0.7250,0.2263,0.7127,731782,0,0,0,0,14,0,0.0196,0.0005,0.0854,540.2,1942,7501
858,run,84.400,11.1174,4.6257,6.4917,3.4908,0.0031,1.7398,0.7547,0.2263,0.6984,731782,0,0,0,0,14,0,0.0203,0.0006,0.0903,540.2,1942,7501
859,run,84.500,11.4155,4.8267,6.5888,3.8554,0.0031,2.1238,0.7332,0.2263,0.7004,731782,0,0,0,0,14,0,0.0229,0.0006,0.1129,540.2,1942,7501
860,run,84.500,11.5128,4.3008,7.2120,3.4376,0.0031,1.7142,0.7219,0.2284,0.7025,731782,0,0,0,0,14,0,0.0291,0.0005,0.0887,540.2,1942,7501
861,run,84.500,10.7164,4.2239,6.4925,4.2445,0.0031,2.1606,1.0701,0.2263,0.7178,731782,0,0,0,0,14,0,0.0209,0.0006,0.0834,540.2,1942,7501
862,run,84.600,10.8123,4.0106,6.8017,3.4898,0.0031,1.7275,0.7496,0.2273,0.7148,731782,0,0,0,0,14,0,0.0199,0.0006,0.0828,540.2,1942,7501
863,run,84.600,10.6577,3.8060,6.8517,3.4724,0.0031,1.7336,0.7250,0.2243,0.7188,731782,0,0,0,0,14,0,0.0214,0.0006,0.0823,540.2,1942,7501
864,run,84.600,11.6741,5.1633,6.5108,3.8380,0.0031,1.7357,0.7178,0.5939,0.7188,731782,0,0,0,0,14,0,0.0186,0.0004,0.0722,540.2,1942,7501
865,run,84.700,11.9436,5.1432,6.8004,3.7376,0.2324,1.7398,0.7444,0.2273,0.7270,731791,0,893,884,0,14,0,0.6231,0.3963,0.0844,540.2,1942,7501
866,run,84.700,13.5432,3.7097,9.8335,3.4847,0.0031,1.7562,0.7035,0.2273,0.7270,731791,0,0,0,0,14,0,0.0232,0.0005,0.0795,540.2,1942,7501
867,run,84.700,11.6102,4.8675,6.7427,3.7284,0.2161,1.7521,0.7260,0.2253,0.7352,731798,0,828,821,0,14,0,0.5919,0.4045,0.0913,540.2,1942,7501
868,run,84.700,10.7094,4.1677,6.5417,4.3069,0.0031,2.1975,1.0936,0.2314,0.7137,731798,0,0,0,0,14,0,0.0224,0.0005,0.0990,540.2,1942,7501
869,run,84.800,10.5312,3.7248,6.8064,3.5461,0.0020,1.7838,0.7137,0.2273,0.7516,731798,0,0,0,0,14,0,0.0224,0.0008,0.0828,540.2,1942,7501
870,run,84.800,11.3474,4.7626,6.5848,4.2895,0.0031,2.5498,0.7014,0.2294,0.7393,731798,0,0,0,0,14,0,0.0270,0.0006,0.1032,540.2,1942,7501
871,run,84.800,10.8138,4.2636,6.5502,3.5871,0.0031,1.8084,0.7383,0.2243,0.7455,731798,0,0,0,0,14,0,0.0195,0.0006,0.0753,540.2,1942,7501
872,run,84.800,10.7846,3.6313,7.1533,3.5215,0.0031,1.8104,0.6953,0.2273,0.7178,731798,0,0,0,0,14,0,0.0237,0.0005,0.0850,540.2,1942,7501
873,run,84.800,12.9251,4.9252,7.9999,3.5891,0.0031,1.8217,0.7188,0.2243,0.7557,731798,0,0,0,0,14,0,0.0215,0.0008,0.0920,540.2,1942,7501
874,run,84.800,10.9578,4.4209,6.5369,3.5656,0.0031,1.8340,0.6984,0.2273,0.7352,731798,0,0,0,0,14,0,0.0242,0.0010,0.0869,540.2,1942,7501
875,run,84.800,10.7002,3.7166,6.9836,4.0212,0.0031,2.2835,0.7127,0.2263,0.7291,731798,0,0,0,0,14,0,0.0238,0.0010,0.0951,540.2,1942,7501
876,run,84.800,10.5115,3.8503,6.6612,3.6188,0.0031,1.8371,0.7547,0.2253,0.7291,731798,0,0,0,0,14,0,0.0242,0.0008,0.1195,540.2,1942,7501
877,run,84.900,11.4040,4.7789,6.6251,4.0980,0.0031,2.0941,0.9605,0.2273,0.7455,731798,0,0,0,0,14,0,0.0201,0.0004,0.0886,540.2,1942,7501
878,run,84.900,14.1170,4.8494,9.2676,4.0868,0.2304,1.8299,0.7168,0.4854,0.7588,731782,0,867,883,0,14,0,0.6934,0.4336,0.0992,540.2,1942,7501
879,run,84.900,11.2235,4.2510,6.9725,3.6178,0.0031,1.8371,0.7270,0.2263,0.7496,731782,0,0,0,0,14,0,0.0266,0.0005,0.0872,540.2,1942,7501
880,run,84.900,13.4018,5.7873,7.6145,3.5932,0.0031,1.8412,0.7117,0.2273,0.7342,731782,0,0,0,0,14,0,0.0214,0.0004,0.0998,540.2,1942,7501
881,run,85.000,10.6058,4.0093,6.5965,3.6250,0.0031,1.8330,0.7434,0.2273,0.7496,731782,0,0,0,0,14,0,0.0204,0.0004,0.0752,540.2,1942,7501
882,run,85.000,10.6128,4.0627,6.5501,3.5236,0.0031,1.7510,0.7260,0.2284,0.7475,731782,0,0,0,0,14,0,0.0192,0.0007,0.0784,540.2,1942,7501
883,run,85.000,10.9414,4.4231,6.5183,3.5236,0.0031,1.7644,0.7168,0.2273,0.7444,731782,0,0,0,0,14,0,0.0191,0.0004,0.0829,540.2,1942,7501
884,run,85.000,11.0174,4.3498,6.6676,3.5246,0.0031,1.7746,0.6984,0.2273,0.7547,731782,0,0,0,0,14,0,0.0204,0.0005,0.0863,540.2,1942,7501
885,run,85.000,12.3267,4.3608,7.9659,3.5666,0.0031,1.7848,0.7178,0.2253,0.7700,731782,0,0,0,0,14,0,0.0195,0.0005,0.0728,540.2,1942,7501
886,run,85.100,12.1616,5.5239,6.6377,3.7642,0.2191,1.7879,0.7209,0.2232,0.7455,731772,0,807,817,0,14,0,0.6935,0.4430,0.1079,540.2,1942,7501
887,run,85.100,10.5347,4.0331,6.5016,4.0274,0.0010,2.2518,0.7424,0.2243,0.7434,731772,0,0,0,0,14,0,0.0218,0.0005,0.0783,540.2,1942,7501
888,run,85.100,9.9728,3.2768,6.6960,3.5850,0.0010,1.8104,0.7342,0.2284,0.7485,731772,0,0,0,0,14,0,0.0240,0.0007,0.0762,540.2,1942,7501
889,run,85.100,2.8555,2.8535,0.0020,3.6045,0.0010,1.8237,0.7107,0.2253,0.7793,731772,0,0,0,0,14,0,0.0280,0.0006,0.0851,540.2,1942,7501
890,run,85.100,10.8706,4.3384,6.5322,3.6004,0.0020,1.8412,0.6994,0.2284,0.7660,731772,0,0,0,0,14,0,0.0315,0.0007,0.0870,540.2,1942,7501
891,run,85.200,11.1097,4.3027,6.8070,4.2260,0.2314,1.8616,0.7629,0.2243,1.0834,731771,0,895,896,0,14,0,0.6405,0.4704,0.1540,540.2,1942,7501
892,run,85.200,11.7157,4.1826,7.5331,3.8697,0.2109,1.8606,0.7526,0.2253,0.7557,731754,0,833,850,0,14,0,0.5873,0.3854,0.0859,540.2,1942,7501
893,run,85.200,13.5321,4.3881,9.1440,3.6700,0.0010,1.8627,0.7516,0.2202,0.7700,731754,0,0,0,0,14,0,0.0268,0.0006,0.1408,540.2,1942,7501
894,run,85.200,9.7721,3.1446,6.6275,3.9178,0.0010,1.8739,0.7158,0.2263,1.0373,731754,0,0,0,0,14,0,0.0225,0.0004,0.0719,540.2,1942,7501
895,run,85.300,9.4499,2.8300,6.6199,3.6506,0.0010,1.8575,0.7229,0.2304,0.7752,731754,0,0,0,0,14,0,0.0251,0.0005,0.0940,540.2,1942,7501
896,run,85.300,11.7030,3.0151,8.6879,3.6229,0.0010,1.8637,0.7117,0.2253,0.7567,731754,0,0,0,0,14,0,0.0251,0.0006,0.1051,540.2,1942,7501
897,run,85.300,10.7348,3.4617,7.2731,4.1544,0.0010,1.8688,0.7117,0.4413,1.0670,731754,0,0,0,0,14,0,0.0200,0.0009,0.0841,540.2,1942,7501
898,run,85.400,10.5494,3.5113,7.0381,3.5615,0.0010,1.7818,0.7137,0.2243,0.7741,731754,0,0,0,0,14,0,0.0234,0.0005,0.0739,540.2,1942,7501
899,run,85.400,9.4950,3.0045,6.4905,3.5441,0.0020,1.7818,0.7025,0.2263,0.7680,731754,0,0,0,0,14,0,0.0287,0.0007,0.1246,540.2,1942,7501
900,run,85.400,10.7668,3.8055,6.9613,3.5932,0.0010,1.7920,0.7240,0.2273,0.7844,731754,0,0,0,0,14,0,0.0243,0.0007,0.0967,540.2,1942,7501
901,run,85.400,11.2574,3.7383,7.5191,3.6086,0.0010,1.8033,0.7219,0.2232,0.7946,731754,0,0,0,0,14,0,0.0262,0.0004,0.0775,540.2,1942,7501
902,run,85.500,9.8599,3.2101,6.6498,3.6137,0.0010,1.8012,0.7240,0.2232,0.7997,731754,0,0,0,0,14,0,0.0206,0.0009,0.0815,540.2,1942,7501
903,run,85.500,9.3444,2.7367,6.6077,3.6659,0.0010,1.8248,0.7281,0.2273,0.8202,731754,0,0,0,0,14,0,0.0221,0.0010,0.0783,540.2,1942,7501
904,run,85.500,12.7167,6.0907,6.6260,3.8267,0.2314,1.8237,0.7025,0.2263,0.7793,731770,0,895,879,0,14,0,0.9890,0.5600,0.1171,540.2,1942,7501
905,run,85.600,10.4926,3.8091,6.6835,3.6557,0.0010,1.8371,0.7281,0.2263,0.7987,731770,0,0,0,0,14,0,0.0252,0.0005,0.0805,540.2,1942,7501
906,run,85.600,12.2212,4.0903,8.1309,3.6751,0.0010,1.8504,0.7404,0.2222,0.7956,731770,0,0,0,0,14,0,0.0264,0.0008,0.0869,540.2,1942,7501
907,run,85.700,10.6188,3.6889,6.9299,3.6915,0.0020,1.8586,0.7516,0.2294,0.7864,731770,0,0,0,0,14,0,0.0273,0.0008,0.1682,540.2,1942,7501
908,run,85.700,9.8120,3.2764,6.5356,3.7089,0.0010,1.8616,0.7465,0.2263,0.8090,731770,0,0,0,0,14,0,0.0236,0.0005,0.0750,540.2,1942,7501
909,run,85.700,11.4485,2.8769,8.5716,3.6987,0.0010,1.8627,0.7352,0.2314,0.8038,731770,0,0,0,0,14,0,0.0216,0.0009,0.0788,540.2,1942,7501
910,run,85.800,10.1513,3.6258,6.5255,4.3602,0.0020,1.8729,0.9708,0.2284,1.2206,731770,0,0,0,0,14,0,0.0302,0.0007,0.0893,540.2,1942,7501
911,run,85.800,9.8708,3.0836,6.7872,3.6987,0.0010,1.8647,0.7342,0.2232,0.8131,731770,0,0,0,0,14,0,0.0213,0.0009,0.0762,540.2,1942,7501
912,run,85.800,9.8383,3.1901,6.6482,3.6577,0.0010,1.8770,0.6984,0.2263,0.7916,731770,0,0,0,0,14,0,0.0245,0.0006,0.0873,540.2,1942,7501
913,run,85.800,9.8150,3.2785,6.5365,4.7452,0.0010,2.3265,0.7270,0.2273,1.3998,731770,0,0,0,0,14,0,0.0242,0.0005,0.0735,540.2,1942,7501
914,run,85.800,9.5774,2.8586,6.7188,3.7059,0.0010,1.8811,0.7301,0.2253,0.8028,731770,0,0,0,0,14,0,0.0243,0.0007,0.0775,540.2,1942,7501
915,run,85.800,10.0513,3.4264,6.6249,3.6116,0.0010,1.7981,0.7311,0.2232,0.7926,731770,0,0,0,0,14,0,0.0261,0.0005,0.0765,540.2,1942,7501
916,run,85.800,10.0597,3.6042,6.4555,3.6004,0.0010,1.7971,0.7250,0.2273,0.7844,731770,0,0,0,0,14,0,0.0231,0.0006,0.0744,540.2,1942,7501
917,run,85.800,12.3162,4.9333,7.3829,3.9885,0.4024,1.7981,0.7045,0.2232,0.7936,731789,0,1700,1681,0,14,0,1.0494,0.5364,0.1267,540.2,1942,7501
918,run,85.800,10.0469,3.4992,6.5477,3.5932,0.0010,1.7920,0.7281,0.2232,0.7823,731789,0,0,0,0,14,0,0.0264,0.0006,0.1196,540.2,1942,7501
919,run,85.800,10.1958,3.5847,6.6111,3.5901,0.0010,1.7951,0.7014,0.2284,0.7997,731789,0,0,0,0,14,0,0.0215,0.0007,0.0829,540.2,1942,7501
920,run,85.800,11.0433,4.2234,6.8199,3.6086,0.0010,1.7951,0.7373,0.2284,0.7813,731789,0,0,0,0,14,0,0.0246,0.0006,0.0899,540.2,1942,7501
921,run,85.900,9.9937,3.4642,6.5295,3.5983,0.0020,1.8002,0.7240,0.2263,0.7834,731789,0,0,0,0,14,0,0.0250,0.0004,0.0760,540.2,1942,7501
922,run,85.900,9.7291,3.0714,6.6577,3.6127,0.0010,1.7981,0.7311,0.2243,0.7946,731789,0,0,0,0,14,0,0.0248,0.0005,0.0789,540.2,1942,7501
923,run,85.900,10.4249,3.8943,6.5306,3.9926,0.0010,2.1699,0.7383,0.2222,0.7967,731789,0,0,0,0,14,0,0.0260,0.0003,0.0832,540.2,1942,7501
924,run,86.000,9.6388,3.0517,6.5871,3.6434,0.0010,1.8463,0.7250,0.2253,0.7823,731789,0,0,0,0,14,0,0.0241,0.0006,0.0767,540.2,1942,7501
925,run,85.900,10.0873,2.8704,7.2169,3.5799,0.0010,1.7766,0.7240,0.2263,0.7875,731789,0,0,0,0,14,0,0.0273,0.0006,0.0918,540.2,1942,7501
926,run,86.000,11.8960,4.2059,7.6901,4.0397,0.0020,1.7695,0.6984,0.2304,1.2769,731789,0,0,0,0,14,0,0.0292,0.0008,0.1117,540.2,1942,7501
927,run,86.000,12.1699,3.6952,8.4747,3.5553,0.0010,1.7572,0.7199,0.2243,0.7895,731789,0,0,0,0,14,0,0.0264,0.0006,0.0893,540.2,1942,7501
928,run,86.000,10.2870,3.5599,6.7271,3.5645,0.0020,1.7592,0.7301,0.2284,0.7823,731789,0,0,0,0,14,0,0.0238,0.0006,0.0869,540.2,1942,7501
929,run,86.000,10.1532,3.4952,6.6580,3.8175,0.0010,2.0204,0.7107,0.2376,0.7834,731789,0,0,0,0,14,0,0.0205,0.0008,0.0833,540.2,1942,7501
930,run,86.000,15.8414,5.7680,10.0734,3.7724,0.2386,1.7551,0.7107,0.2253,0.7803,731785,0,892,896,0,14,0,0.6477,0.5063,0.1134,540.2,1942,7501
931,run,86.000,11.7363,4.9914,6.7449,3.7059,0.1884,1.7551,0.7137,0.2304,0.7547,731785,0,782,782,0,14,0,0.6469,0.4421,0.1306,540.2,1942,7501
932,run,86.000,11.4057,4.7780,6.6277,3.7038,0.2130,1.7500,0.6932,0.2314,0.7506,731775,0,792,802,0,14,0,0.5443,0.4128,0.1234,540.2,1942,7501
933,run,86.000,10.3276,3.6676,6.6600,3.5277,0.0010,1.7572,0.6963,0.2345,0.7752,731775,0,0,0,0,14,0,0.0253,0.0005,0.0819,540.2,1942,7501
934,run,86.100,12.8251,6.3046,6.5205,3.7530,0.2007,1.7644,0.7363,0.2294,0.7567,731910,0,847,712,0,14,0,1.2684,0.4979,0.1464,540.2,1942,7501
935,run,86.100,11.7273,4.7994,6.9279,3.7212,0.2099,1.7613,0.7014,0.2294,0.7557,731917,0,804,797,0,14,0,0.5946,0.4100,0.0917,540.2,1942,7501
936,run,86.100,11.3411,4.1244,7.2167,3.5246,0.0010,1.7654,0.7229,0.2294,0.7393,731917,0,0,0,0,14,0,0.0259,0.0006,0.0804,540.2,1942,7501
937,run,86.100,9.6738,2.7226,6.9512,3.5082,0.0010,1.7705,0.6953,0.2273,0.7485,731917,0,0,0,0,14,0,0.0243,0.0005,0.0794,540.2,1942,7501
938,run,86.100,11.7044,5.1608,6.5436,3.5441,0.0010,1.7695,0.7496,0.2304,0.7301,731917,0,0,0,0,14,0,0.0274,0.0007,0.1345,540.2,1942,7501
939,run,86.100,10.2496,3.7474,6.5022,3.5133,0.0010,1.7592,0.7342,0.2314,0.7240,731917,0,0,0,0,14,0,0.0255,0.0005,0.0760,540.2,1942,7501
940,run,86.100,11.4459,4.6059,6.8400,3.5287,0.0010,1.7654,0.7352,0.2304,0.7332,731917,0,0,0,0,14,0,0.0220,0.0006,0.0855,540.2,1942,7501
941,run,86.100,10.4333,3.8494,6.5839,3.7335,0.0010,2.0050,0.6922,0.2324,0.7404,731917,0,0,0,0,14,0,0.0401,0.0008,0.1307,540.2,1942,7501
942,run,86.100,13.5145,6.7639,6.7506,3.6895,0.2191,1.7674,0.6912,0.2263,0.7219,731920,0,841,838,0,14,0,0.5824,0.4276,0.1158,540.2,1942,7501
943,run,86.100,15.4902,4.5431,10.9471,4.3653,0.2335,2.0163,0.6881,0.2345,1.1274,731916,0,869,873,0,14,0,0.8283,0.4572,0.1219,540.2,1942,7501
944,run,86.100,10.4912,3.1595,7.3317,3.4929,0.0020,1.7551,0.7301,0.2314,0.7107,731916,0,0,0,0,14,0,0.0268,0.0006,0.0825,540.2,1942,7501
945,run,86.100,11.5290,3.1517,8.3773,3.4662,0.0010,1.7582,0.6871,0.2365,0.7168,731916,0,0,0,0,14,0,0.0268,0.0006,0.1041,540.2,1942,7501
946,run,86.100,9.8563,3.3390,6.5173,4.3284,0.0010,2.0091,0.7055,0.2335,1.3138,731916,0,0,0,0,14,0,0.0309,0.0006,0.0882,540.2,1942,7501
947,run,86.100,9.9517,3.0871,6.8646,3.4335,0.0010,1.7562,0.6758,0.2304,0.7066,731916,0,0,0,0,14,0,0.0236,0.0005,0.0787,540.2,1942,7501
948,vehicle,86.100,9.6074,3.0311,6.5763,3.1386,0.0010,1.4817,0.6595,0.2294,0.7014,731916,0,0,0,0,14,0,0.0271,0.0005,0.0875,540.2,1942,7501
949,vehicle,86.300,4.3967,4.3943,0.0024,3.2451,0.0010,1.5698,0.6810,0.2324,0.6984,731916,0,0,0,0,14,0,0.0315,0.0013,0.1761,540.2,1942,7501
950,vehicle,86.400,13.4402,5.3701,8.0701,3.3085,0.1731,1.4899,0.6676,0.2335,0.6820,731056,0,590,1450,0,14,0,0.8973,0.4877,0.1167,540.2,1942,7501
951,vehicle,86.500,13.1875,5.6469,7.5406,3.0505,0.0543,1.3947,0.6636,0.2294,0.6461,731119,9409,63,0,0,14,0,1.5888,0.3121,0.1253,540.2,1942,7501
952,vehicle,86.700,13.2802,6.2606,7.0196,4.2527,0.7680,1.8657,0.6636,0.2314,0.6595,733230,13701,2111,0,0,14,0,1.8271,0.5713,0.1904,540.2,1942,7501
953,vehicle,87.000,13.8013,7.1089,6.6924,4.3110,1.2288,1.4131,0.6912,0.2273,0.6861,738285,8646,5055,0,0,14,0,1.9438,0.9139,0.5659,540.2,1942,7501
954,vehicle,87.100,14.3139,7.4518,6.8621,3.9598,0.9708,1.3312,0.6892,0.2273,0.6728,742252,4089,3967,0,0,14,0,1.8967,0.8083,0.6564,540.2,1942,7501
955,vehicle,87.200,13.2563,6.7514,6.5049,3.9854,1.0086,1.3476,0.6656,0.2304,0.6697,746341,0,4089,0,0,14,0,1.4581,0.7553,0.1112,540.2,1942,7501
956,vehicle,87.400,11.6374,5.1408,6.4966,4.2240,0.6134,1.3865,1.2483,0.2365,0.6728,748724,0,2417,34,0,14,0,0.8469,0.4985,0.0948,540.2,1942,7501
957,vehicle,87.500,12.1947,4.7609,7.4338,3.0935,0.0010,1.4326,0.6912,0.2324,0.6707,748724,0,0,0,0,14,0,0.0128,0.0005,0.0936,540.2,1942,7501
958,vehicle,87.600,11.5137,4.7420,6.7717,3.4642,0.4823,1.3548,0.6728,0.2263,0.6636,748996,0,2116,1844,0,14,0,1.2630,0.5853,0.0942,540.2,1942,7501
959,vehicle,87.800,10.5160,3.9740,6.5420,4.0182,0.0010,1.9886,0.6810,0.2324,1.0506,748996,0,0,0,0,14,0,0.0235,0.0006,0.0755,540.2,1942,7501
960,vehicle,88.000,10.9549,4.2662,6.6887,3.3464,0.2662,1.4080,0.7107,0.2273,0.6697,748995,0,1101,1102,0,14,0,0.7596,0.4253,0.0805,540.2,1942,7501
961,vehicle,88.200,10.3121,3.6840,6.6281,2.9430,0.0010,1.2687,0.6748,0.2284,0.7066,748995,0,0,0,0,14,0,0.0242,0.0006,0.0760,540.2,1942,7501
962,vehicle,88.400,11.0992,4.6000,6.4992,3.1642,0.2232,1.2872,0.6789,0.2263,0.6851,748996,0,864,863,0,14,0,0.5920,0.4109,0.0954,540.2,1942,7501
963,vehicle,88.600,12.0066,4.4519,7.5547,3.2911,0.2673,1.3117,0.7342,0.2253,0.6881,748984,0,1098,1110,0,14,0,0.7878,0.4667,0.0935,540.2,1942,7501
964,vehicle,88.700,9.9906,3.3981,6.5925,2.9481,0.0010,1.3138,0.6830,0.2212,0.6636,748984,0,0,0,0,14,0,0.0241,0.0006,0.0760,540.2,1942,7501
965,vehicle,88.900,11.5641,5.0857,6.4784,3.7939,0.3860,1.7551,0.7025,0.2202,0.6625,750169,0,1494,309,0,14,0,0.7277,0.5113,0.1085,540.2,1942,7501
966,vehicle,89.100,10.8045,3.4422,7.3623,3.0331,0.0010,1.3558,0.7219,0.2304,0.6574,750169,0,0,0,0,14,0,0.0109,0.0005,0.0744,540.2,1942,7501
967,vehicle,89.200,12.5740,5.9003,6.6737,3.2379,0.2724,1.3414,0.7066,0.2284,0.6226,748417,1703,1087,2839,0,14,0,1.5162,0.6112,0.3859,540.2,1942,7501
968,vehicle,89.200,13.1287,6.4067,6.7220,3.8574,0.7383,1.4705,0.7260,0.2284,0.6246,750120,0,1703,0,0,14,0,0.6933,0.6372,0.2077,540.2,1942,7501
969,vehicle,89.400,11.4645,4.6752,6.7893,3.1846,0.3103,1.2861,0.7188,0.2284,0.5755,750435,0,1270,955,0,14,0,0.7859,0.4679,0.1560,540.2,1942,7501
970,vehicle,89.500,10.0398,3.3265,6.7133,2.9143,0.0010,1.3117,0.7363,0.2273,0.5704,750435,0,0,0,0,14,0,0.0224,0.0005,0.0701,540.2,1942,7501
971,vehicle,89.700,10.4091,3.3395,7.0696,3.4284,0.0020,1.6445,0.9482,0.2232,0.5437,750435,0,0,0,0,14,0,0.0278,0.0006,0.0805,540.2,1942,7501
972,vehicle,89.900,11.0578,4.2869,6.7709,2.9010,0.0010,1.3066,0.7516,0.2222,0.5519,750435,0,0,0,0,14,0,0.0108,0.0005,0.0782,540.2,1942,7501
973,vehicle,90.200,11.7551,5.2495,6.5056,3.4765,0.4250,1.4264,0.7752,0.2120,0.5693,750135,0,1817,2117,0,14,0,1.2177,0.6227,0.1014,540.2,1942,7501
974,vehicle,90.500,9.9593,3.3961,6.5632,3.5901,0.0010,1.7183,0.9943,0.2099,0.5980,750135,0,0,0,0,14,0,0.0226,0.0004,0.0782,540.2,1942,7501
975,vehicle,90.700,12.3920,4.5407,7.8513,3.2205,0.2314,1.4275,0.7158,0.2120,0.5632,749778,0,932,1289,0,14,0,0.7514,0.4803,0.0880,540.2,1942,7501
976,vehicle,91.000,10.5070,3.8937,6.6133,3.3372,0.2202,1.4981,0.7424,0.2109,0.5960,749776,0,841,843,0,14,0,0.5775,0.4358,0.0983,540.2,1942,7501
977,vehicle,91.100,11.2111,4.5218,6.6893,3.8840,0.2079,1.7859,0.9953,0.2109,0.6175,749590,0,773,959,0,14,0,0.7025,0.5130,0.1576,540.2,1942,7501
978,vehicle,91.300,11.4704,4.0104,7.4600,3.4478,0.3359,1.4438,0.7690,0.2120,0.6205,750166,0,1409,833,0,14,0,0.7799,0.4565,0.0785,540.2,1942,7501
979,vehicle,91.500,9.3909,2.8536,6.5373,3.1293,0.0010,1.4510,0.8059,0.2089,0.5970,750166,0,0,0,0,14,0,0.0249,0.0005,0.0765,540.2,1942,7501
980,vehicle,91.600,10.0627,3.5162,6.5465,3.6229,0.0010,1.7111,1.0148,0.2171,0.6124,750166,0,0,0,0,14,0,0.0220,0.0005,0.0711,540.2,1942,7501
981,vehicle,91.800,12.0198,4.5223,7.4975,3.4058,0.2673,1.4408,0.7793,0.2099,0.6431,750172,0,1113,1107,0,14,0,0.8130,0.4886,0.0884,540.2,1942,7501
982,vehicle,92.000,11.2686,4.7499,6.5187,3.4048,0.2540,1.4459,0.8131,0.2058,0.6195,750357,0,961,776,0,14,0,0.6275,0.4092,0.1085,540.2,1942,7501
983,vehicle,92.100,9.9940,3.4857,6.5083,3.8359,0.0010,1.7183,0.8499,0.2089,0.9871,750357,0,0,0,0,14,0,0.0214,0.0004,0.0727,540.2,1942,7501
984,vehicle,92.300,12.6915,5.2101,7.4814,3.7089,0.5038,1.4684,0.8335,0.2079,0.6277,750958,0,2219,1618,0,14,0,1.2777,0.6102,0.1043,540.2,1942,7501
985,vehicle,92.400,10.8179,4.2707,6.5472,3.4427,0.2109,1.4684,0.8499,0.2058,0.6410,750932,0,814,840,0,14,0,0.5750,0.4255,0.1448,540.2,1942,7501
986,vehicle,92.500,11.3453,4.8395,6.5058,4.1155,0.2202,1.8565,1.1213,0.2079,0.6441,750979,0,866,819,0,14,0,0.5679,0.4007,0.1016,540.2,1942,7501
987,vehicle,92.600,14.0860,6.8166,7.2694,3.7499,0.4741,1.5514,0.8253,0.2068,0.6236,751107,0,2039,1911,0,14,0,1.3384,0.6362,0.0917,540.2,1942,7501
988,vehicle,92.700,14.5739,7.2750,7.2989,3.5338,0.0020,1.4643,0.9759,0.2560,0.7690,751107,0,0,0,0,14,0,0.0222,0.0009,0.0855,540.2,1942,7501
989,vehicle,92.900,11.1606,3.9042,7.2564,3.2881,0.0020,1.4879,0.8694,0.2079,0.6554,751107,0,0,0,0,14,0,0.0254,0.0004,0.0794,540.2,1942,7501
990,vehicle,92.900,11.6426,4.4465,7.1961,3.5195,0.2540,1.4275,0.8960,0.2068,0.6697,750855,0,977,1229,0,14,0,0.8308,0.4943,0.0909,540.2,1942,7501
991,vehicle,93.000,10.4564,3.2693,7.1871,3.2102,0.0020,1.4141,0.8704,0.2068,0.6502,750855,0,0,0,0,14,0,0.0227,0.0005,0.0697,540.2,1942,7501
992,vehicle,93.100,11.1935,4.4285,6.7650,3.4888,0.2324,1.4131,0.8776,0.2068,0.6932,750840,0,856,871,0,14,0,0.5862,0.4154,0.0986,540.2,1942,7501
993,vehicle,93.100,11.1277,4.6115,6.5162,3.5543,0.2939,1.4060,0.8980,0.2068,0.6840,751087,0,1228,981,0,14,0,0.8038,0.4784,0.0947,540.2,1942,7501
994,vehicle,93.200,9.5433,3.0410,6.5023,3.3096,0.0010,1.4397,0.9236,0.2058,0.6728,751087,0,0,0,0,14,0,0.0218,0.0004,0.0706,540.2,1942,7501
995,vehicle,93.200,10.2207,3.4600,6.7607,3.2573,0.0010,1.4459,0.8878,0.2068,0.6502,751087,0,0,0,0,14,0,0.0265,0.0004,0.1279,540.2,1942,7501
996,vehicle,93.200,12.1146,5.4210,6.6936,3.7693,0.4557,1.4500,0.9185,0.2058,0.6707,751156,0,1979,1910,0,14,0,1.2578,0.5809,0.0918,540.2,1942,7501
997,vehicle,93.200,10.4930,3.9957,6.4973,3.5441,0.2345,1.4531,0.9103,0.2099,0.6707,751179,0,876,853,0,14,0,0.6038,0.3967,0.0783,540.2,1942,7501
998,vehicle,93.200,10.8245,3.5444,7.2801,3.2369,0.0010,1.4541,0.8581,0.2068,0.6502,751179,0,0,0,0,14,0,0.0282,0.0005,0.0998,540.2,1942,7501
999,vehicle,93.100,11.4086,4.5759,6.8327,3.4867,0.2714,1.4377,0.8899,0.2099,0.6124,751197,0,1109,1091,0,14,0,0.7763,0.4848,0.0975,540.2,1942,7501
1000,vehicle,93.100,9.1980,2.7734,6.4246,3.1887,0.0010,1.4510,0.8356,0.2068,0.6267,751197,0,0,0,0,14,0,0.0233,0.0007,0.0884,540.2,1942,7501
1001,vehicle,93.200,10.9466,3.6858,7.2608,3.2860,0.0010,1.5217,0.8827,0.2068,0.6083,751197,0,0,0,0,14,0,0.0252,0.0004,0.0834,540.2,1942,7501
1002,vehicle,93.300,10.0395,3.4056,6.6339,3.2522,0.0010,1.4694,0.9011,0.2079,0.6062,751197,0,0,0,0,14,0,0.0103,0.0007,0.0722,540.2,1942,7501
1003,vehicle,93.300,11.6917,4.9364,6.7553,3.5901,0.4362,1.4766,0.8212,0.2099,0.5796,751095,0,1938,2040,0,14,0,1.2583,0.5558,0.0826,540.2,1942,7501
1004,vehicle,93.400,11.1676,4.3643,6.8033,3.7130,0.0010,1.9169,0.9083,0.2079,0.6124,751095,0,0,0,0,14,0,0.0278,0.0009,0.1189,540.2,1942,7501
1005,vehicle,93.500,15.0050,6.2873,8.7177,3.7171,0.4495,1.4213,0.9636,0.2089,0.6062,751093,0,1930,1932,0,14,0,1.4814,0.6746,0.1384,540.2,1942,7501
1006,vehicle,93.500,12.9742,6.3855,6.5887,3.4724,0.2109,1.4356,0.9554,0.2058,0.5939,751084,0,830,839,0,14,0,0.5779,0.4114,0.1195,540.2,1942,7501
1007,vehicle,93.600,11.8489,4.4026,7.4463,3.3720,0.2284,1.4049,0.9083,0.2079,0.5581,751141,0,897,840,0,14,0,0.6008,0.4239,0.1034,540.2,1942,7501
1008,vehicle,93.700,11.7164,5.1555,6.5609,3.4908,0.2734,1.4060,0.9472,0.2099,0.5898,751156,0,1107,1092,0,14,0,1.0194,0.5357,0.1383,540.2,1942,7501
1009,vehicle,93.800,9.9758,3.3654,6.6104,3.8031,0.0010,1.4182,1.5155,0.2109,0.5898,751156,0,0,0,0,14,0,0.0276,0.0005,0.0765,540.2,1942,7501
1010,vehicle,93.800,11.3211,4.2820,7.0391,3.1529,0.0020,1.4162,0.8847,0.2089,0.5745,751156,0,0,0,0,14,0,0.0255,0.0005,0.0877,540.2,1942,7501
1011,vehicle,94.000,11.1810,4.7083,6.4727,3.4662,0.2836,1.4060,0.9144,0.2099,0.5857,751218,0,1149,1087,0,14,0,0.7769,0.5114,0.0908,540.2,1942,7501
1012,vehicle,94.100,10.7580,4.0678,6.6902,3.6803,0.2058,1.4100,0.9175,0.2058,0.8745,751072,0,787,933,0,14,0,0.6170,0.4022,0.0806,540.2,1942,7501
1013,vehicle,94.200,9.8244,3.3054,6.5190,3.1560,0.0010,1.3967,0.8714,0.2099,0.6093,751072,0,0,0,0,14,0,0.0247,0.0007,0.0751,540.2,1942,7501
1014,vehicle,94.300,11.9471,4.5711,7.3760,3.4857,0.2580,1.3978,0.9482,0.2058,0.6083,751002,0,1053,1123,0,14,0,0.8211,0.4531,0.0908,540.2,1942,7501
1015,vehicle,94.500,9.7102,3.1844,6.5258,3.1918,0.0020,1.3937,0.9052,0.2099,0.6144,751002,0,0,0,0,14,0,0.0224,0.0006,0.0698,540.2,1942,7501
1016,vehicle,94.600,10.9722,4.3220,6.6502,3.5287,0.2099,1.4264,0.9646,0.2068,0.6523,750944,0,816,874,0,14,0,0.7537,0.4313,0.1072,540.2,1942,7501
1017,vehicle,94.700,11.5800,5.1218,6.4582,3.6454,0.4526,1.3804,0.8919,0.2099,0.6441,751032,0,2018,1930,0,14,0,1.2306,0.5936,0.1125,540.2,1942,7501
1018,vehicle,94.700,10.0435,3.2487,6.7948,3.2297,0.0010,1.3650,0.9626,0.2079,0.6277,751032,0,0,0,0,14,0,0.0233,0.0006,0.0777,540.2,1942,7501
1019,vehicle,94.800,10.3171,3.8359,6.4812,3.2236,0.0010,1.4111,0.9073,0.2058,0.6257,751032,0,0,0,0,14,0,0.0343,0.0006,0.1214,540.2,1942,7501
1020,vehicle,95.000,10.9742,4.3795,6.5947,3.5062,0.2714,1.3967,0.9134,0.2058,0.6523,751030,0,1103,1105,0,14,0,0.7823,0.4921,0.0823,540.2,1942,7501
1021,vehicle,95.100,10.4665,3.4469,7.0196,3.2297,0.0010,1.3844,0.9042,0.2068,0.6646,751030,0,0,0,0,14,0,0.0249,0.0005,0.0781,540.2,1942,7501
1022,vehicle,95.300,12.2749,5.7489,6.5260,3.4959,0.2181,1.4418,0.9052,0.2058,0.6564,751037,0,887,880,0,14,0,0.7961,0.4951,0.1102,540.2,1942,7501
1023,vehicle,95.400,12.5490,6.0713,6.4777,3.5308,0.3779,1.4008,0.8468,0.2058,0.6339,750022,1068,1663,2678,0,14,0,1.5125,0.7118,0.2730,540.2,1942,7501
1024,vehicle,95.500,11.1975,4.6810,6.5165,3.5697,0.4383,1.3875,0.8161,0.2079,0.6513,751328,0,1967,661,0,14,0,0.9130,0.5253,0.0932,540.2,1942,7501
1025,vehicle,95.600,11.3962,4.7970,6.5992,3.3700,0.2191,1.4039,0.8233,0.2038,0.6502,751318,0,835,845,0,14,0,0.6086,0.4368,0.1318,540.2,1942,7501
1026,vehicle,95.600,12.3801,5.8896,6.4905,3.5840,0.3820,1.4408,0.8294,0.2058,0.6492,751171,436,1663,1810,0,14,0,1.5135,0.6738,0.1792,540.2,1942,7501
1027,vehicle,95.700,11.3972,4.6233,6.7739,4.0038,0.3318,1.4080,1.0516,0.2079,0.9359,751658,0,1319,832,0,14,0,0.7361,0.4758,0.0807,540.2,1942,7501
1028,vehicle,95.800,10.8274,3.7412,7.0862,3.1652,0.0010,1.4090,0.8151,0.2038,0.6687,751658,0,0,0,0,14,0,0.0231,0.0005,0.0700,540.2,1942,7501
1029,vehicle,95.900,10.7993,4.3106,6.4887,3.4806,0.2652,1.4172,0.8499,0.2089,0.6728,751646,0,1090,1102,0,14,0,0.7785,0.4324,0.0822,540.2,1942,7501
1030,vehicle,96.000,9.7214,3.1965,6.5249,3.1672,0.0010,1.4121,0.8182,0.2058,0.6605,751646,0,0,0,0,14,0,0.0217,0.0004,0.0704,540.2,1942,7501
1031,vehicle,96.100,10.3072,3.8303,6.4769,3.1887,0.0010,1.4223,0.8397,0.2058,0.6502,751646,0,0,0,0,14,0,0.0278,0.0006,0.0865,540.2,1942,7501
1032,vehicle,96.100,11.7241,4.5301,7.1940,3.6198,0.4362,1.4070,0.8468,0.2048,0.6595,751600,0,1957,2003,0,14,0,1.2518,0.6127,0.0932,540.2,1942,7501
1033,vehicle,96.100,9.2874,2.7530,6.5344,3.1908,0.0020,1.4193,0.8356,0.2079,0.6584,751600,0,0,0,0,14,0,0.0225,0.0005,0.0892,540.2,1942,7501
1034,vehicle,96.100,11.2747,4.1801,7.0946,3.2154,0.0010,1.4244,0.8438,0.2130,0.6636,751600,0,0,0,0,14,0,0.0294,0.0012,0.1182,540.2,1942,7501
1035,vehicle,96.100,11.0067,4.5528,6.4539,3.4253,0.2796,1.4223,0.8120,0.2058,0.6380,751683,0,1147,1064,0,14,0,0.7498,0.4765,0.0878,540.2,1942,7501
1036,vehicle,96.100,10.9020,4.4136,6.4884,3.3792,0.2263,1.4090,0.8305,0.2048,0.6410,751702,0,844,825,0,14,0,0.5961,0.3906,0.1493,540.2,1942,7501
1037,vehicle,96.100,11.6782,5.1580,6.5202,3.3434,0.2191,1.3998,0.8059,0.2079,0.6431,751761,0,890,831,0,14,0,0.6081,0.5086,0.1162,540.2,1942,7501
1038,vehicle,96.100,13.1160,4.7340,8.3820,3.3884,0.2683,1.4039,0.8212,0.2068,0.6185,751732,0,1086,1115,0,14,0,0.7564,0.6585,0.1013,540.2,1942,7501
1039,vehicle,96.100,9.5129,2.7828,6.7301,3.1017,0.0010,1.4100,0.8120,0.2048,0.6052,751732,0,0,0,0,14,0,0.0230,0.0006,0.0734,540.2,1942,7501
1040,vehicle,96.200,9.5015,2.9702,6.5313,3.1171,0.0010,1.3998,0.8028,0.2058,0.6380,751732,0,0,0,0,14,0,0.0257,0.0007,0.1066,540.2,1942,7501
1041,vehicle,96.300,11.6749,4.9955,6.6794,3.3864,0.2662,1.4080,0.8110,0.2048,0.6298,751679,0,1083,1136,0,14,0,0.7791,0.4864,0.1184,540.2,1942,7501
1042,vehicle,96.400,10.6840,4.0503,6.6337,3.3690,0.2171,1.4193,0.8172,0.2048,0.6420,751629,0,844,894,0,14,0,0.6123,0.4215,0.0782,540.2,1942,7501
1043,vehicle,96.500,11.7767,4.9677,6.8090,3.0976,0.0010,1.4039,0.8059,0.2068,0.6124,751629,0,0,0,0,14,0,0.0305,0.0005,0.0937,540.2,1942,7501
1044,vehicle,96.500,10.9569,4.4911,6.4658,3.3597,0.2683,1.3947,0.8028,0.2058,0.6195,751623,0,1105,1111,0,14,0,0.7929,0.4838,0.0959,540.2,1942,7501
1045,vehicle,96.600,11.1277,4.2801,6.8476,3.3659,0.2181,1.3916,0.8448,0.2048,0.6380,751645,0,823,801,0,14,0,0.5716,0.3973,0.0953,540.2,1942,7501
1046,vehicle,96.700,11.8134,5.3817,6.4317,3.3300,0.2130,1.3967,0.8120,0.2028,0.6400,751622,0,831,854,0,14,0,0.8835,0.5243,0.1129,540.2,1942,7501
1047,vehicle,96.700,11.6350,5.1712,6.4638,3.6127,0.4352,1.4090,0.8509,0.2089,0.6349,751619,0,1959,1962,0,14,0,1.2263,0.5513,0.0830,540.2,1942,7501
1048,vehicle,96.700,9.8105,3.1838,6.6267,3.2143,0.0010,1.4336,0.8530,0.2048,0.6543,751619,0,0,0,0,14,0,0.0232,0.0007,0.0733,540.2,1942,7501
1049,vehicle,96.800,10.8392,3.9010,6.9382,3.2256,0.0010,1.4490,0.8540,0.2038,0.6502,751619,0,0,0,0,14,0,0.0275,0.0006,0.0920,540.2,1942,7501
1050,vehicle,96.800,10.5366,4.0593,6.4773,3.4550,0.2693,1.4408,0.8325,0.2058,0.6390,751618,0,1108,1109,0,14,0,0.7362,0.4253,0.0749,540.2,1942,7501
1051,vehicle,96.700,10.2335,3.3904,6.8431,3.1621,0.0010,1.4305,0.8243,0.2048,0.6318,751618,0,0,0,0,14,0,0.0261,0.0006,0.0917,540.2,1942,7501
1052,vehicle,96.700,12.3782,5.3110,7.0672,3.4570,0.2191,1.4449,0.8509,0.2079,0.6666,751621,0,880,877,0,14,0,0.9510,0.4752,0.1061,540.2,1942,7501
1053,vehicle,96.600,11.5617,4.6417,6.9200,3.4468,0.2806,1.4418,0.8018,0.2048,0.6420,751723,0,1154,1052,0,14,0,0.9219,0.4723,0.1000,540.2,1942,7501
1054,vehicle,96.600,9.8301,3.3178,6.5123,3.1918,0.0010,1.4295,0.8581,0.2079,0.6267,751723,0,0,0,0,14,0,0.0223,0.0004,0.0851,540.2,1942,7501
1055,vehicle,96.500,9.5646,2.9940,6.5706,3.3792,0.0010,1.4182,1.0711,0.2058,0.6144,751723,0,0,0,0,14,0,0.0222,0.0005,0.0882,540.2,1942,7501
1056,vehicle,96.400,14.4139,6.7912,7.6227,3.5011,0.3666,1.4172,0.8212,0.2068,0.6205,751317,302,1599,2005,0,14,0,1.5172,0.6101,0.1483,540.2,1942,7501
1057,vehicle,96.400,10.7669,4.1503,6.6166,3.4898,0.2765,1.4254,0.8909,0.2079,0.6195,751630,0,1168,855,0,14,0,0.7114,0.4291,0.0783,540.2,1942,7501
1058,vehicle,96.400,10.7971,3.7878,7.0093,3.1068,0.0010,1.4326,0.7875,0.2038,0.6113,751630,0,0,0,0,14,0,0.0309,0.0009,0.1445,540.2,1942,7501
1059,vehicle,96.400,10.9460,4.2185,6.7275,3.3536,0.2785,1.3998,0.7905,0.2089,0.6083,751718,0,1136,1048,0,14,0,0.7468,0.4635,0.0795,540.2,1942,7501
1060,vehicle,96.500,9.3878,2.9278,6.4600,3.0321,0.0010,1.3855,0.7803,0.2068,0.5888,751718,0,0,0,0,14,0,0.0196,0.0005,0.0744,540.2,1942,7501
1061,vehicle,96.500,10.7449,4.2147,6.5302,3.5297,0.0020,1.7480,0.9011,0.2089,0.6011,751718,0,0,0,0,14,0,0.0204,0.0004,0.0708,540.2,1942,7501
1062,vehicle,96.600,10.9485,3.4456,7.5029,3.1324,0.0010,1.3804,0.8724,0.2099,0.5990,751718,0,0,0,0,14,0,0.0091,0.0005,0.0728,540.2,1942,7501
1063,vehicle,96.600,11.5998,4.8982,6.7016,3.5615,0.3912,1.3947,0.8878,0.2099,0.6072,750681,1073,1727,2764,0,14,0,1.5095,0.5919,0.2042,540.2,1942,7501
1064,vehicle,96.700,10.4324,3.9534,6.4790,4.2711,0.4884,1.4131,1.4664,0.2140,0.6175,751754,0,1073,0,0,14,0,0.4215,0.3774,0.0864,540.2,1942,7501
1065,vehicle,96.800,11.6560,5.1575,6.4985,3.6567,0.4372,1.4438,0.8622,0.2058,0.6369,751664,0,1890,1980,0,14,0,1.2400,0.5748,0.0991,540.2,1942,7501
1066,vehicle,96.800,10.9525,4.3667,6.5858,3.4724,0.2089,1.4561,0.8796,0.2099,0.6482,751646,0,835,853,0,14,0,0.5646,0.4171,0.0885,540.2,1942,7501
1067,vehicle,96.800,11.0269,4.5458,6.4811,3.7448,0.2181,1.3906,1.2052,0.2048,0.6574,751649,0,869,866,0,14,0,0.6021,0.4113,0.1128,540.2,1942,7501
1068,vehicle,96.800,10.7608,4.2045,6.5563,3.5011,0.2806,1.4039,0.8755,0.2068,0.6646,751727,0,1146,1068,0,14,0,0.7769,0.4270,0.0793,540.2,1942,7501
1069,vehicle,96.800,9.9939,3.3663,6.6276,3.2174,0.0010,1.4049,0.8817,0.2058,0.6543,751727,0,0,0,0,14,0,0.0253,0.0004,0.0786,540.2,1942,7501
1070,vehicle,96.900,9.9736,3.4599,6.5137,3.2451,0.0010,1.4285,0.8694,0.2058,0.6687,751727,0,0,0,0,14,0,0.0202,0.0004,0.0697,540.2,1942,7501
1071,vehicle,96.900,11.9059,4.2075,7.6984,3.4324,0.2693,1.3834,0.8663,0.2079,0.6380,751653,0,1068,1142,0,14,0,0.8447,0.4749,0.0877,540.2,1942,7501
1072,vehicle,96.900,10.7176,4.2006,6.5170,3.3495,0.2202,1.3752,0.8499,0.2089,0.6267,751656,0,866,863,0,14,0,0.6008,0.3981,0.0829,540.2,1942,7501
1073,vehicle,96.900,9.2307,2.7924,6.4383,3.1212,0.0010,1.3681,0.8602,0.2048,0.6175,751656,0,0,0,0,14,0,0.0221,0.0004,0.0754,540.2,1942,7501
1074,vehicle,97.000,11.3114,4.1832,7.1282,3.3997,0.2826,1.3609,0.8438,0.2048,0.6400,751742,0,1150,1064,0,14,0,0.7477,0.4223,0.0768,540.2,1942,7501
1075,vehicle,97.100,9.8438,3.3703,6.4735,3.1447,0.0010,1.3681,0.8663,0.2068,0.6339,751742,0,0,0,0,14,0,0.0251,0.0006,0.0754,540.2,1942,7501
1076,vehicle,97.200,10.9797,4.3160,6.6637,3.3874,0.2232,1.3732,0.8704,0.2099,0.6400,751763,0,846,825,0,14,0,0.5789,0.4069,0.0977,540.2,1942,7501
1077,vehicle,97.300,12.8350,4.9694,7.8656,3.6014,0.4383,1.4029,0.8550,0.2068,0.6277,751633,0,1910,2040,0,14,0,1.2460,0.6019,0.0871,540.2,1942,7501
1078,vehicle,97.400,10.2975,3.7740,6.5235,3.1980,0.0010,1.4264,0.8561,0.2068,0.6359,751633,0,0,0,0,14,0,0.0217,0.0011,0.0896,540.2,1942,7501
1079,vehicle,97.500,10.1545,3.7313,6.4232,3.2655,0.0010,1.4756,0.8888,0.2058,0.6257,751633,0,0,0,0,14,0,0.0219,0.0005,0.0724,540.2,1942,7501
1080,vehicle,97.500,11.1271,4.4409,6.6862,4.0776,0.2693,1.4326,1.4684,0.2038,0.6359,751638,0,1118,1113,0,14,0,0.7614,0.4298,0.0811,540.2,1942,7501
1081,vehicle,97.500,11.3020,4.0798,7.2222,3.8042,0.0020,1.4356,1.4408,0.2109,0.6472,751638,0,0,0,0,14,0,0.0234,0.0006,0.1238,540.2,1942,7501
1082,vehicle,97.500,10.3100,3.7749,6.5351,3.9895,0.2202,1.4182,1.4438,0.2079,0.6318,751655,0,868,851,0,14,0,0.6037,0.4041,0.0916,540.2,1942,7501
1083,vehicle,97.500,10.9985,4.4257,6.5728,4.0428,0.2796,1.4080,1.4428,0.2038,0.6410,751740,0,1139,1054,0,14,0,0.7323,0.4291,0.0768,540.2,1942,7501
1084,vehicle,97.500,10.5736,3.8873,6.6863,3.7612,0.0010,1.4356,1.4234,0.2079,0.6246,751740,0,0,0,0,14,0,0.0239,0.0005,0.0769,540.2,1942,7501
1085,vehicle,97.700,10.9525,4.4922,6.4603,4.0141,0.2253,1.4152,1.4510,0.2079,0.6400,751735,0,817,822,0,14,0,0.5884,0.3863,0.0858,540.2,1942,7501
1086,vehicle,97.800,13.4341,6.5442,6.8899,3.9782,0.1884,1.4172,1.4612,0.2089,0.6328,750308,1050,703,2130,0,14,0,1.5153,0.5724,0.2755,540.2,1942,7501
1087,vehicle,97.900,12.6542,4.8780,7.7762,4.2301,0.4372,1.4213,1.4705,0.2089,0.6226,751341,0,1907,874,0,14,0,0.9545,0.5161,0.1045,540.2,1942,7501
1088,vehicle,98.000,10.1356,3.3886,6.7470,4.2516,0.0010,1.4193,1.4612,0.2028,1.0967,751341,0,0,0,0,14,0,0.0222,0.0004,0.0713,540.2,1942,7501
1089,vehicle,98.100,11.2835,4.3467,6.9368,4.1697,0.2990,1.4633,1.4561,0.2089,0.6748,751586,0,1236,991,0,14,0,0.7916,0.4663,0.0819,540.2,1942,7501
1090,vehicle,98.200,9.9523,3.4757,6.4766,3.8984,0.0010,1.4950,1.4623,0.2079,0.6625,751586,0,0,0,0,14,0,0.0230,0.0004,0.0752,540.2,1942,7501
1091,vehicle,98.200,10.2590,3.7080,6.5510,3.8963,0.0010,1.5155,1.4551,0.2099,0.6451,751586,0,0,0,0,14,0,0.0226,0.0006,0.0698,540.2,1942,7501
1092,vehicle,98.200,10.8225,3.9886,6.8339,3.9373,0.0010,1.5698,1.4397,0.2068,0.6523,751586,0,0,0,0,14,0,0.0099,0.0006,0.0814,540.2,1942,7501
1093,vehicle,98.200,11.5207,5.0296,6.4911,4.3561,0.4700,1.5258,1.4295,0.2048,0.6502,751703,0,2033,1916,0,14,0,1.3364,0.6485,0.1037,540.2,1942,7501
1094,vehicle,98.300,9.9305,3.4389,6.4916,3.8810,0.0010,1.5309,1.4367,0.2058,0.6369,751703,0,0,0,0,14,0,0.0218,0.0006,0.0700,540.2,1942,7501
1095,vehicle,98.200,11.6500,5.2007,6.4493,4.0991,0.2693,1.5084,1.4029,0.2058,0.6441,751634,0,1069,1138,0,14,0,0.8835,0.4956,0.1021,540.2,1942,7501
1096,vehicle,98.200,10.8939,4.4154,6.4785,4.0397,0.2376,1.4848,1.4121,0.2079,0.6277,751687,0,866,813,0,14,0,0.5782,0.4196,0.0996,540.2,1942,7501
1097,vehicle,98.300,11.2294,4.3140,6.9154,4.0571,0.2212,1.5094,1.3978,0.2079,0.6533,751682,0,861,866,0,14,0,0.6231,0.4887,0.0996,540.2,1942,7501
1098,vehicle,98.400,12.1971,4.9673,7.2298,4.0796,0.2683,1.4858,1.3937,0.2079,0.6554,751663,0,1094,1113,0,14,0,0.9560,0.5082,0.1016,540.2,1942,7501
1099,vehicle,98.500,2.9766,2.9751,0.0015,4.9674,0.0010,1.4797,2.5887,0.2058,0.6246,751663,0,0,0,0,14,0,0.0273,0.0007,0.0795,540.2,1942,7501
1100,vehicle,98.600,11.1536,4.7065,6.4471,5.8644,0.1690,1.4909,2.8836,0.2048,1.0486,751350,0,637,950,0,14,0,0.5908,0.4154,0.0920,540.2,1942,7501
1101,vehicle,98.700,12.8615,4.6547,8.2068,5.4405,0.4260,1.4797,2.6276,0.2058,0.6318,751335,0,1898,1913,0,14,0,1.2205,0.5566,0.0930,540.2,1942,7501
1102,vehicle,98.800,11.0941,4.3800,6.7141,5.2869,0.2222,1.5073,2.6296,0.2079,0.6513,751301,0,853,887,0,14,0,0.6114,0.4029,0.0855,540.2,1942,7501
1103,vehicle,98.900,9.8859,3.3996,6.4863,5.5726,0.0020,1.5442,3.0894,0.2089,0.6595,751301,0,0,0,0,14,0,0.0192,0.0005,0.0810,540.2,1942,7501
1104,vehicle,98.900,12.1749,4.4243,7.7506,5.3473,0.2714,1.5288,2.6409,0.2028,0.6349,751310,0,1109,1100,0,14,0,0.8512,0.4633,0.0893,540.2,1942,7501
1105,vehicle,99.000,10.8095,4.1472,6.6623,5.2552,0.2130,1.5002,2.6153,0.2048,0.6533,751316,0,832,826,0,14,0,0.5793,0.4029,0.1064,540.2,1942,7501
1106,vehicle,99.000,11.7831,5.0746,6.7085,5.9904,0.2345,1.7664,3.0751,0.2089,0.6349,751314,0,836,838,0,14,0,0.6434,0.4404,0.1472,540.2,1942,7501
1107,vehicle,99.000,10.8325,3.2865,7.5460,5.0463,0.0010,1.5421,2.5795,0.2038,0.6482,751314,0,0,0,0,14,0,0.0114,0.0007,0.0850,540.2,1942,7501
1108,vehicle,99.000,12.3427,5.5283,6.8144,5.2572,0.2632,1.5032,2.5805,0.2079,0.6328,750415,1016,1023,1922,0,14,0,1.5134,0.6044,0.2670,540.2,1942,7501
1109,vehicle,99.100,10.9808,4.4345,6.5463,6.5567,0.2560,2.2415,3.1406,0.2068,0.6420,751431,0,1016,0,0,14,0,0.4173,0.3674,0.0896,540.2,1942,7501
1110,vehicle,99.300,11.1329,4.3947,6.7382,5.5337,0.2734,1.4940,2.5948,0.2028,0.9001,751351,0,1072,1152,0,14,0,0.8059,0.4278,0.1386,540.2,1942,7501
1111,vehicle,99.400,10.0864,3.2714,6.8150,4.9756,0.0020,1.4602,2.5928,0.2038,0.6482,751351,0,0,0,0,14,0,0.0235,0.0005,0.0702,540.2,1942,7501
1112,vehicle,99.500,10.8170,4.1880,6.6290,5.8737,0.2253,1.4807,2.8293,0.2058,1.0629,751322,0,849,878,0,14,0,0.6402,0.4564,0.0923,540.2,1942,7501
1113,vehicle,99.600,12.3229,4.4139,7.9090,5.3064,0.2734,1.4674,2.6225,0.2058,0.6646,751316,0,1102,1108,0,14,0,0.7975,0.4226,0.0799,540.2,1942,7501
1114,vehicle,99.600,9.4554,2.9111,6.5443,4.9797,0.0010,1.4531,2.6051,0.2038,0.6461,751316,0,0,0,0,14,0,0.0229,0.0008,0.0950,540.2,1942,7501
1115,vehicle,99.700,10.0127,3.4480,6.5647,5.2582,0.0010,1.4766,2.8508,0.2068,0.6543,751316,0,0,0,0,14,0,0.0222,0.0004,0.0843,540.2,1942,7501
1116,vehicle,99.700,9.7147,3.0279,6.6868,5.0176,0.0020,1.4838,2.5989,0.2068,0.6584,751316,0,0,0,0,14,0,0.0100,0.0006,0.0754,540.2,1942,7501
1117,vehicle,99.800,12.0653,5.5920,6.4733,5.3094,0.2877,1.4766,2.5989,0.2058,0.6717,749685,1684,1151,2782,0,14,0,1.5188,0.6531,0.3532,540.2,1942,7501
1118,vehicle,99.800,10.9532,4.4075,6.5457,10.2748,0.3994,6.3887,0.9646,0.2068,2.2446,751369,0,1684,0,0,14,0,0.6272,0.4259,0.1044,540.2,1942,7501
1119,vehicle,99.800,11.8817,5.3418,6.5399,8.6395,0.2857,5.0565,0.7660,0.2048,2.2559,751453,0,1148,1064,0,14,0,1.1514,0.4553,0.0920,540.2,1942,7501
1121,vehicle,99.900,10.2736,3.2227,7.0509,9.1597,0.0010,4.9203,1.0332,0.2089,2.9245,751453,0,0,0,0,14,0,0.0213,0.0005,0.0726,540.2,1942,7501
1122,vehicle,99.900,15.5394,6.5305,9.0089,8.4265,0.1772,4.9162,0.7629,0.2079,2.2938,749984,1322,575,2044,0,14,0,1.5187,0.4750,0.2477,540.2,1942,7501
1124,vehicle,100.100,8.9447,2.5236,6.4211,8.2934,0.0010,4.8968,0.7772,0.2048,2.3439,751306,0,0,0,0,14,0,0.0203,0.0004,0.0767,540.2,1942,7501
1126,vehicle,100.200,10.9762,4.2856,6.6906,8.5135,0.2376,4.8906,0.7711,0.2028,2.3439,751299,0,860,842,0,14,0,0.6480,0.4734,0.0959,540.2,1942,7501
1127,vehicle,100.200,11.6985,5.1537,6.5448,9.6952,0.2396,6.0989,0.7711,0.2058,2.3060,751335,0,881,845,0,14,0,0.8137,0.4578,0.1047,540.2,1942,7501
1128,vehicle,100.200,10.4523,3.9120,6.5403,8.5852,0.2959,5.0084,0.7649,0.2048,2.2426,751426,0,1142,1051,0,14,0,0.7774,0.4254,0.0968,540.2,1942,7501
1129,vehicle,100.200,9.9637,3.2844,6.6793,8.2412,0.0010,5.0278,0.7547,0.2099,2.1780,751426,0,0,0,0,14,0,0.0267,0.0007,0.0915,540.2,1942,7501
1131,vehicle,100.000,12.0182,4.3517,7.6665,7.9503,0.2826,4.5322,0.7567,0.2109,2.0992,751347,0,1069,1148,0,14,0,0.8271,0.4822,0.0861,540.2,1942,7501
1132,vehicle,99.900,11.0777,4.5864,6.4913,7.8500,0.2314,4.5046,0.7700,0.2079,2.0675,751306,0,850,891,0,14,0,0.6226,0.4000,0.0826,540.2,1942,7501
1133,vehicle,100.000,9.7701,3.1170,6.6531,7.8950,0.0010,4.2486,0.9718,0.2109,2.3921,751306,0,0,0,0,14,0,0.0228,0.0004,0.0663,540.2,1942,7501
1134,vehicle,100.100,10.4524,3.9792,6.4732,7.5704,0.2826,4.3008,0.7588,0.2099,1.9487,751289,0,1095,1112,0,14,0,0.7752,0.4288,0.0778,540.2,1942,7501
1135,vehicle,100.100,10.0059,2.9325,7.0734,7.3277,0.0010,4.3827,0.7649,0.2130,1.8944,751289,0,0,0,0,14,0,0.0207,0.0005,0.0790,540.2,1942,7501
1136,vehicle,100.200,10.9743,4.2937,6.6806,7.6360,0.2468,4.1789,0.7383,0.2130,2.1873,751309,0,849,829,0,14,0,0.6139,0.4075,0.1038,540.2,1942,7501
1137,vehicle,100.300,10.2034,3.3074,6.8960,7.0001,0.0010,4.1830,0.7311,0.2089,1.8033,751309,0,0,0,0,14,0,0.0166,0.0019,0.1732,540.2,1942,7501
1138,vehicle,100.300,12.1483,5.5671,6.5812,3.5768,0.4024,1.4295,0.7260,0.2099,0.7383,751008,296,1663,1964,0,14,0,1.5127,0.5803,0.1233,540.2,1942,7501
1139,vehicle,100.300,11.3111,4.2866,7.0245,3.2113,0.1106,1.4326,0.6636,0.2140,0.7229,751304,0,296,0,0,14,0,0.1895,0.3086,0.0896,540.2,1942,7501
1140,vehicle,100.300,10.9304,4.1051,6.8253,3.0689,0.0010,1.4193,0.6615,0.2140,0.7014,751304,0,0,0,0,14,0,0.0116,0.0006,0.0962,540.2,1942,7501
1141,vehicle,100.400,11.4477,4.8840,6.5637,3.5174,0.4424,1.4019,0.6625,0.2171,0.7240,751397,0,1959,1866,0,14,0,1.2859,0.5697,0.0995,540.2,1942,7501
1142,vehicle,100.500,11.2996,4.6256,6.6740,3.3382,0.2273,1.4582,0.6615,0.2130,0.7086,751405,0,866,858,0,14,0,0.6141,0.4082,0.0950,540.2,1942,7501
1143,vehicle,100.700,11.2759,4.6121,6.6638,3.4068,0.2755,1.4715,0.6646,0.2140,0.7096,751322,0,1072,1155,0,14,0,0.8624,0.4657,0.0883,540.2,1942,7501
1144,vehicle,100.900,9.8997,3.3521,6.5476,3.0126,0.0010,1.3609,0.6615,0.2150,0.7035,751322,0,0,0,0,14,0,0.0238,0.0006,0.0713,540.2,1942,7501
1145,vehicle,101.000,11.4162,4.3122,7.1040,3.3475,0.2099,1.4582,0.6605,0.2140,0.7342,751307,0,823,838,0,14,0,0.5759,0.3983,0.0952,540.2,1942,7501
1146,vehicle,101.200,12.1312,5.2871,6.8441,3.4478,0.3645,1.4213,0.6574,0.2120,0.7199,750875,393,1535,1967,0,14,0,1.5211,0.6529,0.1556,540.2,1942,7501
1147,vehicle,101.300,10.3081,3.8016,6.5065,3.2205,0.3000,1.3496,0.6543,0.2109,0.6359,751162,0,1210,923,0,14,0,0.7700,0.4311,0.0855,540.2,1942,7501
1148,vehicle,101.300,10.3631,3.0584,7.3047,2.9225,0.0010,1.3834,0.6492,0.2099,0.6083,751162,0,0,0,0,14,0,0.0216,0.0005,0.0773,540.2,1942,7501
1149,vehicle,101.300,11.3489,4.8689,6.4800,3.2174,0.2847,1.4029,0.6564,0.2099,0.5939,751256,0,1150,1056,0,14,0,0.8198,0.4731,0.0972,540.2,1942,7501
1150,vehicle,101.500,9.5428,3.0628,6.4800,2.8303,0.0020,1.2974,0.6502,0.2099,0.6001,751256,0,0,0,0,14,0,0.0224,0.0004,0.0709,540.2,1942,7501
1151,vehicle,101.700,9.8114,2.8744,6.9370,2.8498,0.0010,1.3066,0.6605,0.2120,0.5970,751256,0,0,0,0,14,0,0.0212,0.0004,0.0758,540.2,1942,7501
1152,vehicle,101.800,12.4881,6.0039,6.4842,3.6751,0.7731,1.3527,0.6554,0.2140,0.5980,750936,0,1826,2146,0,14,0,1.4850,0.6485,0.1099,540.2,1942,7501
1153,vehicle,102.000,9.6019,3.1206,6.4813,2.8867,0.0020,1.3445,0.6461,0.2079,0.6154,750936,0,0,0,0,14,0,0.0235,0.0005,0.0697,540.2,1942,7501
1154,vehicle,102.200,9.6141,2.7174,6.8967,2.9501,0.0010,1.3486,0.6994,0.2099,0.6175,750936,0,0,0,0,14,0,0.0217,0.0005,0.0745,540.2,1942,7501
1155,vehicle,102.300,11.5159,5.0679,6.4480,3.8943,0.5110,1.7971,0.7178,0.2099,0.5878,750928,0,1092,1100,0,14,0,0.8318,0.4542,0.0893,540.2,1935,7501
1156,vehicle,102.500,10.7304,4.2705,6.4599,3.3004,0.2345,1.4541,0.7373,0.2068,0.5970,750944,0,845,829,0,14,0,0.5840,0.4147,0.1329,540.2,1935,7501
1157,vehicle,102.600,10.3384,3.7569,6.5815,2.8324,0.2263,1.1100,0.7004,0.2079,0.5171,750937,0,872,879,0,14,0,0.6184,0.4082,0.1022,540.2,1935,7501
1158,vehicle,102.800,11.4486,4.9682,6.4804,3.3649,0.2970,1.1182,1.1540,0.2058,0.5192,751168,0,1231,1000,0,14,0,0.7907,0.4426,0.0911,540.2,1935,7501
1159,vehicle,102.900,9.0986,2.5771,6.5215,2.5876,0.0010,1.0854,0.7209,0.2017,0.5059,751168,0,0,0,0,14,0,0.0226,0.0006,0.0721,540.2,1935,7501
1160,vehicle,103.100,10.2674,3.7273,6.5401,2.5620,0.0010,1.0547,0.7281,0.2007,0.5038,751168,0,0,0,0,14,0,0.0223,0.0006,0.0716,540.2,1935,7501
1161,vehicle,103.400,11.2397,4.7738,6.4659,3.1437,0.2519,1.0988,0.7455,0.2038,0.7721,750943,0,983,1208,0,14,0,0.8376,0.4504,0.0890,540.2,1935,7501
1162,vehicle,103.500,10.5590,3.6560,6.9030,2.8242,0.1997,1.0772,0.7578,0.2028,0.5171,750772,0,776,947,0,14,0,0.5997,0.3985,0.0807,540.2,1935,7501
1163,vehicle,103.600,9.9643,3.4962,6.4681,2.6409,0.0010,1.0875,0.7608,0.2099,0.5120,750772,0,0,0,0,14,0,0.0246,0.0006,0.0755,540.2,1935,7501
1164,vehicle,103.700,11.5488,4.7164,6.8324,2.9276,0.3011,1.0865,0.7588,0.2017,0.5089,751026,0,1237,983,0,14,0,0.8176,0.4682,0.0886,540.2,1935,7501
1165,vehicle,103.700,10.7344,3.7624,6.9720,2.7894,0.2068,1.0701,0.7363,0.1987,0.5069,751052,0,835,809,0,14,0,0.5746,0.3865,0.0924,540.2,1935,7501
1166,vehicle,103.800,11.4517,4.6869,6.7648,2.8754,0.2294,1.0875,0.7608,0.2028,0.5171,751076,0,844,820,0,14,0,0.7338,0.4295,0.1189,540.2,1935,7501
1167,vehicle,103.900,11.3556,4.9137,6.4419,3.1478,0.4710,1.1141,0.7854,0.1976,0.5048,751316,0,2089,1849,0,14,0,1.2883,0.5560,0.0966,540.2,1935,7501
1168,vehicle,103.900,10.1313,2.6703,7.4610,2.6819,0.0010,1.1448,0.7690,0.2007,0.4915,751316,0,0,0,0,14,0,0.0231,0.0005,0.0864,540.2,1935,7501
1169,vehicle,104.000,10.2036,3.1102,7.0934,2.7156,0.0010,1.1479,0.7946,0.2007,0.4915,751316,0,0,0,0,14,0,0.0221,0.0005,0.0767,540.2,1935,7501
1170,vehicle,104.200,10.4401,4.0022,6.4379,3.0167,0.2785,1.1510,0.7997,0.1997,0.5171,751338,0,1121,1099,0,14,0,0.7945,0.4269,0.0783,540.2,1935,7501
1171,vehicle,104.300,10.8065,3.4670,7.3395,2.7843,0.0010,1.1878,0.7977,0.1997,0.5274,751338,0,0,0,0,14,0,0.0221,0.0004,0.0780,540.2,1935,7501
1172,vehicle,104.400,10.3783,3.8242,6.5541,2.9952,0.2212,1.1510,0.7997,0.1987,0.5509,751351,0,875,862,0,14,0,0.6081,0.4140,0.0853,540.2,1935,7501
1173,vehicle,104.600,11.1736,4.1859,6.9877,3.1130,0.2683,1.1612,0.8755,0.1987,0.5366,751362,0,1109,1098,0,14,0,0.7928,0.4263,0.0814,540.2,1935,7501
1174,vehicle,104.700,10.3953,3.9218,6.4735,3.4243,0.0010,1.2073,1.0629,0.1987,0.8806,751362,0,0,0,0,14,0,0.0274,0.0006,0.0815,540.2,1935,7501
1175,vehicle,104.800,9.1111,2.6481,6.4630,2.8785,0.0010,1.1960,0.8540,0.1997,0.5571,751362,0,0,0,0,14,0,0.0210,0.0004,0.0727,540.2,1935,7501
1176,vehicle,104.900,11.2621,4.6843,6.5778,3.3741,0.4475,1.1971,0.8991,0.1966,0.5571,751314,0,1923,1971,0,14,0,1.2828,0.5883,0.0916,540.2,1935,7501
1177,vehicle,105.000,11.3453,4.7997,6.5456,4.0079,0.4086,1.8842,0.8489,0.1976,0.5960,751626,0,1814,1502,0,14,0,1.1025,0.5638,0.1406,540.2,1935,7501
1178,vehicle,105.100,9.9524,3.2057,6.7467,3.1386,0.0010,1.3875,0.8632,0.1976,0.6083,751626,0,0,0,0,14,0,0.0238,0.0005,0.0711,540.2,1935,7501
1179,vehicle,105.200,9.9644,3.4344,6.5300,3.1406,0.0010,1.3967,0.8612,0.1997,0.6072,751626,0,0,0,0,14,0,0.0098,0.0005,0.0727,540.2,1935,7501
1180,vehicle,105.200,12.5951,5.9205,6.6746,3.9311,0.1341,1.7869,0.8724,0.1997,0.6431,748633,3086,447,3440,0,14,0,1.5089,0.5144,0.4528,540.2,1935,7501
1181,vehicle,105.500,11.6847,4.7381,6.9466,3.9854,0.6543,1.5227,0.8673,0.1997,0.6666,751719,0,3086,0,0,14,0,1.1783,0.6146,0.1198,540.2,1935,7501
1182,vehicle,105.600,13.3931,5.8148,7.5783,3.7386,0.3625,1.5268,0.8827,0.2028,0.6881,750860,0,1560,2419,0,14,0,1.4430,0.6339,0.0933,540.2,1935,7501
1183,vehicle,105.700,11.1552,4.6554,6.4998,3.3352,0.0010,1.4930,0.8868,0.1976,0.6851,750860,0,0,0,0,14,0,0.0430,0.0008,0.1771,540.2,1935,7501
1184,vehicle,105.800,9.8457,3.2688,6.5769,3.3475,0.0010,1.4961,0.8796,0.2017,0.6973,750860,0,0,0,0,14,0,0.0218,0.0009,0.0761,540.2,1935,7501
1185,vehicle,105.900,12.9642,5.6177,7.3465,3.8380,0.5007,1.5084,0.8622,0.1987,0.6922,751462,0,2250,1648,0,14,0,1.4156,0.6779,0.1109,540.2,1935,7501
1186,vehicle,105.800,12.4451,5.8740,6.5711,3.5717,0.2324,1.5063,0.8765,0.1987,0.6840,751481,0,856,837,0,14,0,0.9212,0.5886,0.1462,540.2,1935,7501
1187,vehicle,105.800,11.5885,4.7261,6.8624,3.5942,0.2550,1.5114,0.8714,0.1976,0.6881,751748,0,1004,737,0,14,0,0.6371,0.4667,0.0985,540.2,1935,7501
1188,vehicle,105.900,11.6498,4.6734,6.9764,3.6495,0.2775,1.5084,0.8991,0.1966,0.6973,751815,0,1137,1070,0,14,0,0.7872,0.4511,0.1082,540.2,1935,7501
1189,vehicle,105.900,10.2827,3.1599,7.1228,3.3700,0.0010,1.5206,0.8858,0.1987,0.6861,751815,0,0,0,0,14,0,0.0310,0.0010,0.0895,540.2,1935,7501
1190,vehicle,105.900,9.2469,2.7943,6.4526,3.3516,0.0010,1.5401,0.8724,0.1956,0.6687,751815,0,0,0,0,14,0,0.0210,0.0005,0.0875,540.2,1935,7501
1191,vehicle,105.800,10.8979,4.1472,6.7507,3.5942,0.2693,1.5196,0.8776,0.1976,0.6584,751823,0,1109,1101,0,14,0,0.8351,0.4586,0.0906,540.2,1935,7501
1192,vehicle,105.900,12.1955,5.6040,6.5915,3.5512,0.2212,1.5237,0.8806,0.2007,0.6502,751817,0,864,870,0,14,0,0.7695,0.4778,0.0984,540.2,1935,7501
1193,vehicle,105.900,9.3357,2.9011,6.4346,3.3587,0.0010,1.5340,0.8786,0.1976,0.6748,751817,0,0,0,0,14,0,0.0230,0.0006,0.0750,540.2,1935,7501
1194,vehicle,106.000,10.8685,4.1746,6.6939,3.6495,0.2703,1.5401,0.8776,0.2038,0.6851,751818,0,1116,1115,0,14,0,0.7747,0.4272,0.0817,540.2,1935,7501
1195,vehicle,106.100,10.6482,4.1007,6.5475,3.7376,0.0010,1.8913,0.8735,0.1997,0.7004,751818,0,0,0,0,14,0,0.0242,0.0006,0.0794,540.2,1935,7501
1196,vehicle,106.200,10.8502,4.3386,6.5116,3.7458,0.2273,1.5575,0.8755,0.1976,0.8131,751822,0,837,833,0,14,0,0.5760,0.4070,0.0972,540.2,1935,7501
1197,vehicle,106.300,11.5361,4.8898,6.6463,3.9803,0.4383,1.5626,0.8888,0.1987,0.8120,751753,0,1931,2000,0,14,0,1.2690,0.5605,0.1126,540.2,1935,7501
1198,vehicle,106.200,9.8421,3.3280,6.5141,4.3674,0.0010,2.1740,1.0998,0.1997,0.8131,751753,0,0,0,0,14,0,0.0251,0.0005,0.0899,540.2,1935,7501
1199,vehicle,106.200,9.8394,3.3944,6.4450,3.5533,0.0010,1.5913,0.8847,0.1976,0.8049,751753,0,0,0,0,14,0,0.0219,0.0005,0.0679,540.2,1935,7501
1200,vehicle,106.200,10.6830,4.2251,6.4579,3.8492,0.2796,1.5964,0.8868,0.1997,0.8161,751815,0,1135,1073,0,14,0,0.9013,0.4874,0.0894,540.2,1935,7501
1201,vehicle,106.300,10.9694,3.3319,7.6375,3.5891,0.0010,1.6015,0.8827,0.1956,0.8325,751815,0,0,0,0,14,0,0.0288,0.0006,0.1023,540.2,1935,7501
1202,vehicle,106.300,11.4870,3.8541,7.6329,3.8195,0.2222,1.6026,0.8806,0.2028,0.8366,751825,0,874,864,0,14,0,0.6252,0.4179,0.1615,540.2,1935,7501
1203,vehicle,106.300,11.4678,4.9394,6.5284,3.8789,0.2796,1.6323,0.8714,0.1966,0.8274,751837,0,1109,1097,0,14,0,0.9052,0.5526,0.1167,540.2,1935,7501
1204,vehicle,106.400,9.9952,3.3753,6.6199,4.1032,0.0010,1.6200,1.3650,0.1987,0.8438,751837,0,0,0,0,14,0,0.0224,0.0004,0.0749,540.2,1935,7501
1205,vehicle,106.400,11.1490,4.1854,6.9636,3.7868,0.2079,1.6169,0.8673,0.2007,0.8223,751849,0,834,822,0,14,0,0.6777,0.4220,0.0992,540.2,1935,7501
1206,vehicle,106.400,12.5920,6.1092,6.4828,3.8349,0.2478,1.6200,0.8704,0.1997,0.8172,750851,1007,959,1957,0,14,0,1.5201,0.6497,0.3061,540.2,1935,7501
1207,vehicle,106.400,11.1635,4.4517,6.7118,4.9111,0.4383,2.1002,0.8878,0.1987,1.2124,751885,0,1891,857,0,14,0,0.9544,0.5084,0.0939,540.2,1935,7501
1208,vehicle,106.400,9.3034,2.7302,6.5732,3.5246,0.0010,1.5821,0.8745,0.2007,0.7926,751885,0,0,0,0,14,0,0.0216,0.0005,0.0718,540.2,1935,7501
1209,vehicle,106.400,10.8942,4.3367,6.5575,3.8205,0.2703,1.5811,0.8950,0.1976,0.7967,751881,0,1097,1101,0,14,0,0.7887,0.4711,0.1142,540.2,1935,7501
1210,vehicle,106.400,9.6529,3.1633,6.4896,3.5267,0.0010,1.5647,0.9011,0.1966,0.7875,751881,0,0,0,0,14,0,0.0235,0.0006,0.0732,540.2,1935,7501
1211,vehicle,106.500,9.8081,3.3079,6.5002,3.4744,0.0020,1.5626,0.8806,0.1987,0.7547,751881,0,0,0,0,14,0,0.0220,0.0006,0.1301,540.2,1935,7501
1212,vehicle,106.500,10.3917,3.8755,6.5162,4.4718,0.0010,2.2016,1.2288,0.1997,0.7660,751881,0,0,0,0,14,0,0.0106,0.0005,0.0802,540.2,1935,7501
1213,vehicle,106.600,11.3163,4.7186,6.5977,3.8861,0.4372,1.5534,0.8612,0.1987,0.7567,751787,0,1924,2018,0,14,0,1.2915,0.5622,0.0859,540.2,1935,7501
1214,vehicle,106.600,10.8611,4.2209,6.6402,3.6956,0.0020,1.7900,0.8868,0.1976,0.7455,751787,0,0,0,0,14,0,0.0295,0.0004,0.0900,540.2,1935,7501
1215,vehicle,106.600,12.5360,5.6514,6.8846,3.6936,0.2816,1.5493,0.8581,0.1997,0.7301,751864,0,1142,1065,0,14,0,0.8192,0.4762,0.1050,540.2,1935,7501
1216,vehicle,106.700,11.1863,4.1822,7.0041,3.6301,0.2232,1.5555,0.8530,0.1976,0.7270,751865,0,840,839,0,14,0,0.5853,0.4019,0.1050,540.2,1935,7501
1217,vehicle,106.800,11.4402,4.7760,6.6642,3.8922,0.2222,1.5421,0.8499,0.1987,1.0045,751862,0,872,875,0,14,0,0.6477,0.5022,0.1049,540.2,1935,7501
1218,vehicle,106.800,12.6113,5.8500,6.7613,3.8431,0.4239,1.5288,0.8724,0.2058,0.7383,751783,0,1871,1950,0,14,0,1.4366,0.7905,0.1350,540.2,1935,7501
1219,vehicle,106.800,9.7567,3.1312,6.6255,3.3987,0.0010,1.5493,0.8550,0.1987,0.7199,751783,0,0,0,0,14,0,0.0243,0.0005,0.0701,540.2,1935,7501
1220,vehicle,106.800,9.7048,3.0486,6.6562,3.3905,0.0010,1.5544,0.8356,0.1966,0.7281,751783,0,0,0,0,14,0,0.0222,0.0006,0.0689,540.2,1935,7501
1221,vehicle,107.000,11.7843,5.3334,6.4509,4.3254,0.2796,2.1228,0.8765,0.1956,0.7772,751865,0,1146,1064,0,14,0,0.8366,0.4502,0.0910,540.2,1935,7501
1222,vehicle,107.000,11.7696,4.5651,7.2045,3.6792,0.2099,1.5514,0.8622,0.1976,0.7844,751737,0,797,925,0,14,0,0.6195,0.4347,0.0792,540.2,1935,7501
1223,vehicle,107.100,10.4662,3.8039,6.6623,3.4847,0.0010,1.5483,0.8776,0.1976,0.7854,751737,0,0,0,0,14,0,0.0293,0.0011,0.0885,540.2,1935,7501
1224,vehicle,107.100,11.9046,5.2846,6.6200,3.7714,0.2683,1.5462,0.8868,0.2007,0.7946,751664,0,1079,1152,0,14,0,1.0233,0.5507,0.1060,540.2,1935,7501
1225,vehicle,107.200,10.6613,4.1910,6.4703,3.7202,0.2058,1.5544,0.8643,0.1966,0.8202,751642,0,814,836,0,14,0,0.5804,0.3884,0.0905,540.2,1935,7501
1226,vehicle,107.200,10.3967,3.8548,6.5419,3.7499,0.2253,1.5585,0.8755,0.1987,0.8120,751623,0,831,850,0,14,0,0.5651,0.4205,0.0938,540.2,1935,7501
1227,vehicle,107.200,12.9555,6.1893,6.7662,3.7478,0.2816,1.5514,0.8561,0.1946,0.7926,750933,932,1151,1841,0,14,0,1.5341,0.7276,0.2758,540.2,1935,7501
1228,vehicle,107.300,10.2649,3.7659,6.4990,3.7325,0.2294,1.5544,0.8765,0.1987,0.8018,751865,0,932,0,0,14,0,0.4057,0.3551,0.0784,540.2,1935,7501
1229,vehicle,107.300,9.7496,2.7673,6.9823,3.4939,0.0010,1.5452,0.8632,0.1966,0.8141,751865,0,0,0,0,14,0,0.0216,0.0006,0.0744,540.2,1935,7501
1230,vehicle,107.400,10.8294,4.3203,6.5091,4.4493,0.5212,1.9302,0.8909,0.1997,0.8346,751861,0,1102,1106,0,14,0,0.7916,0.4240,0.0760,540.2,1935,7501
1231,vehicle,107.400,9.6963,3.1970,6.4993,3.5287,0.0010,1.5780,0.8581,0.1987,0.8202,751861,0,0,0,0,14,0,0.0225,0.0006,0.0688,540.2,1935,7501
1232,vehicle,107.500,11.4716,4.8911,6.5805,3.7652,0.2212,1.5780,0.8817,0.1997,0.8131,751858,0,867,870,0,14,0,0.6676,0.4470,0.1158,540.2,1935,7501
1233,vehicle,107.400,10.7979,4.2720,6.5259,4.4964,0.2673,1.8545,0.8878,0.1997,1.2145,751775,0,1065,1148,0,14,0,0.7983,0.4241,0.0793,540.2,1935,7501
1234,vehicle,107.400,9.8581,2.9702,6.8879,3.1867,0.0010,1.3394,0.8612,0.1997,0.7096,751775,0,0,0,0,14,0,0.0232,0.0006,0.0705,540.2,1935,7501
1235,vehicle,107.400,10.4914,3.9148,6.5766,3.6352,0.0010,1.7613,0.8806,0.1987,0.7209,751775,0,0,0,0,14,0,0.0274,0.0008,0.0844,540.2,1935,7501
1236,vehicle,107.500,12.3850,5.5787,6.8063,4.1554,0.4506,1.3527,1.3568,0.1976,0.7219,751797,78,1919,1897,0,14,0,1.5125,0.6951,0.1385,540.2,1935,7501
1237,vehicle,107.500,11.2113,4.1508,7.0605,3.4540,0.2324,1.3517,0.8653,0.1997,0.7260,751852,0,930,875,0,14,0,0.6520,0.4331,0.2144,540.2,1935,7501
1238,vehicle,107.400,10.2631,3.6541,6.6090,3.8646,0.0010,1.6712,1.2216,0.1976,0.6984,751852,0,0,0,0,14,0,0.0260,0.0004,0.0818,540.2,1935,7501
1239,vehicle,107.400,10.4341,3.8574,6.5767,3.3966,0.2570,1.3271,0.8468,0.2007,0.6922,751763,0,1061,1150,0,14,0,0.7775,0.4188,0.0796,540.2,1935,7501
1240,vehicle,107.400,9.8251,3.3544,6.4707,3.1631,0.0010,1.3128,0.8755,0.2007,0.6984,751763,0,0,0,0,14,0,0.0228,0.0006,0.0692,540.2,1935,7501
1241,vehicle,107.400,10.3756,3.8603,6.5153,4.1339,0.0010,1.9220,1.2524,0.1976,0.6881,751763,0,0,0,0,14,0,0.0212,0.0005,0.0701,540.2,1935,7501
1242,vehicle,107.300,9.8244,3.2628,6.5616,3.1130,0.0010,1.2974,0.8796,0.1976,0.6625,751763,0,0,0,0,14,0,0.0110,0.0005,0.0722,540.2,1935,7501
1243,vehicle,107.300,12.4448,5.5721,6.8727,3.4591,0.4362,1.2769,0.8571,0.1976,0.6154,751762,98,1919,1920,0,14,0,1.5122,0.6139,0.2340,540.2,1935,7501
1244,vehicle,107.400,9.7137,3.2805,6.4332,3.4130,0.0645,1.3036,1.1571,0.1976,0.6205,751860,0,98,0,0,14,0,0.0786,0.2810,0.0737,540.2,1935,7501
1245,vehicle,107.400,10.3293,3.3546,6.9747,3.1365,0.0010,1.3332,0.9032,0.1987,0.6267,751860,0,0,0,0,14,0,0.0103,0.0006,0.0975,540.2,1935,7501
1246,vehicle,107.500,12.2838,5.8399,6.4439,3.1652,0.1014,1.3271,0.8264,0.1956,0.6431,749325,2486,255,2790,0,14,0,1.5517,0.5393,0.5449,540.2,1935,7501
1247,vehicle,107.500,12.5951,6.1469,6.4482,4.4022,0.9667,1.6835,0.8571,0.1997,0.6216,751786,0,3336,875,0,14,0,1.4804,0.6916,0.0912,540.2,1935,7501
1248,vehicle,107.500,11.8841,4.5121,7.3720,3.3044,0.2775,1.2892,0.8602,0.1997,0.6031,751840,0,1139,1085,0,14,0,0.7990,0.4266,0.0762,540.2,1935,7501
1249,vehicle,107.600,3.0400,3.0387,0.0013,3.2666,0.0010,1.4674,0.8612,0.1987,0.6595,751840,0,0,0,0,14,0,0.0240,0.0006,0.0725,540.2,1935,7501
1250,vehicle,107.700,9.8207,3.3717,6.4490,3.2993,0.0010,1.4766,0.8714,0.1997,0.6758,751840,0,0,0,0,14,0,0.0261,0.0008,0.0985,540.2,1935,7501
1251,vehicle,107.800,11.7416,4.6439,7.0977,3.5451,0.2662,1.4848,0.8653,0.1987,0.6595,751771,0,1067,1136,0,14,0,1.1997,0.4875,0.0916,540.2,1935,7501
1252,vehicle,107.900,10.7091,4.2554,6.4537,3.5328,0.2191,1.5114,0.8591,0.1976,0.6687,751772,0,866,865,0,14,0,0.6228,0.3993,0.0770,540.2,1935,7501
1253,vehicle,107.900,10.3147,3.8420,6.4727,3.2963,0.0020,1.4981,0.8673,0.1946,0.6625,751772,0,0,0,0,14,0,0.0257,0.0007,0.0787,540.2,1935,7501
1254,vehicle,107.800,13.6992,5.6283,8.0709,3.6946,0.4219,1.4674,0.8724,0.1956,0.6636,751861,0,1940,1851,0,14,0,1.4223,0.6794,0.1163,540.2,1935,7501
1255,vehicle,107.700,9.3465,2.8628,6.4837,3.1775,0.0010,1.4428,0.8458,0.1946,0.6185,751861,0,0,0,0,14,0,0.0222,0.0006,0.0881,540.2,1935,7501
1256,vehicle,107.700,11.0462,4.5352,6.5110,3.3905,0.2253,1.4193,0.8561,0.1966,0.6205,751843,0,834,852,0,14,0,0.6262,0.4678,0.1158,540.2,1935,7501
1257,vehicle,107.700,10.5859,4.0173,6.5686,3.1283,0.0010,1.4049,0.8417,0.1946,0.6113,751843,0,0,0,0,14,0,0.0231,0.0010,0.1314,540.2,1935,7501
1258,vehicle,107.700,11.7481,5.2139,6.5342,3.4775,0.3430,1.4019,0.8468,0.1987,0.6134,750536,1311,1471,2778,0,14,0,1.5130,0.5599,0.2369,540.2,1935,7501
1259,vehicle,107.700,11.6306,4.9963,6.6343,3.3772,0.3236,1.3742,0.8151,0.1997,0.5939,751847,0,1311,0,0,14,0,0.5226,0.4207,0.1132,540.2,1935,7501
1260,vehicle,107.800,10.9416,4.4599,6.4817,3.3556,0.2642,1.3773,0.8438,0.1976,0.6001,751854,0,1098,1091,0,14,0,0.7972,0.4261,0.0810,540.2,1935,7501
1261,vehicle,107.900,10.5115,3.4447,7.0668,3.1754,0.0010,1.4111,0.8468,0.2017,0.6390,751854,0,0,0,0,14,0,0.0233,0.0005,0.0851,540.2,1935,7501
1262,vehicle,108.000,11.4945,5.0275,6.4670,3.7571,0.2181,1.7715,0.8530,0.1956,0.6451,751822,0,844,876,0,14,0,0.6475,0.4750,0.1011,540.2,1935,7501
1263,vehicle,108.000,11.7447,4.7655,6.9792,3.4161,0.2642,1.3916,0.8581,0.1966,0.6308,751762,0,1080,1140,0,14,0,0.7853,0.5774,0.1157,540.2,1935,7501
1264,vehicle,108.000,9.4821,2.8339,6.6482,3.1242,0.0010,1.3804,0.8489,0.1976,0.6216,751762,0,0,0,0,14,0,0.0256,0.0006,0.0885,540.2,1935,7501
1265,vehicle,108.000,11.9137,5.2788,6.6349,3.3137,0.2068,1.3691,0.8561,0.1997,0.6083,751762,0,830,830,0,14,0,0.6337,0.4324,0.1147,540.2,1935,7501
1266,vehicle,108.000,12.8569,5.9069,6.9500,3.5738,0.4598,1.3619,0.8612,0.1976,0.6175,751828,0,1979,1913,0,14,0,1.3921,0.9066,0.1270,540.2,1935,7501
1267,vehicle,108.100,10.4674,3.8707,6.5967,3.3444,0.2181,1.3937,0.8479,0.1956,0.6175,751862,0,887,853,0,14,0,0.6273,0.4096,0.0882,540.2,1935,7501
1268,vehicle,108.200,10.6672,3.5662,7.1010,3.3055,0.0010,1.4633,0.8571,0.1966,0.7137,751862,0,0,0,0,14,0,0.0240,0.0006,0.0789,540.2,1935,7501
1269,vehicle,108.200,11.1061,4.1829,6.9232,3.5348,0.2632,1.4612,0.8509,0.1976,0.6912,751795,0,1070,1137,0,14,0,0.7851,0.4307,0.0893,540.2,1935,7501
1270,vehicle,108.300,9.7492,3.2581,6.4911,3.3280,0.0010,1.4776,0.8694,0.1976,0.7076,751795,0,0,0,0,14,0,0.0249,0.0007,0.0816,540.2,1935,7501
1271,vehicle,108.300,11.2851,4.4667,6.8184,3.3556,0.0010,1.4920,0.8929,0.1976,0.6984,751795,0,0,0,0,14,0,0.0263,0.0006,0.0852,540.2,1935,7501
1272,vehicle,108.400,9.9725,3.5087,6.4638,4.0694,0.0010,2.1903,0.8909,0.1966,0.7148,751795,0,0,0,0,14,0,0.0115,0.0006,0.0866,540.2,1935,7501
1273,vehicle,108.400,11.5039,5.0150,6.4889,3.9250,0.4639,1.5913,0.8643,0.1966,0.7301,751892,0,2019,1922,0,14,0,1.3106,0.5892,0.0926,540.2,1935,7501
1274,vehicle,108.600,11.1843,3.7101,7.4742,3.5144,0.0010,1.5933,0.8909,0.1946,0.7547,751892,0,0,0,0,14,0,0.0296,0.0004,0.1091,540.2,1935,7501
1275,vehicle,108.600,10.6530,4.1930,6.4600,3.7796,0.2447,1.6302,0.8950,0.1976,0.7393,751592,0,961,1261,0,14,0,0.8245,0.4540,0.0876,540.2,1935,7501
1276,vehicle,108.700,11.0996,4.5577,6.5419,3.7540,0.2355,1.6026,0.9042,0.1987,0.7424,751601,0,848,839,0,14,0,0.6277,0.4751,0.0936,540.2,1935,7501
1277,vehicle,108.700,12.2374,5.6201,6.6173,4.1492,0.2212,2.0029,0.9001,0.1976,0.7537,751551,0,846,896,0,14,0,0.7127,0.6113,0.1078,540.2,1935,7501
1278,vehicle,108.700,11.2433,4.7312,6.5121,3.8595,0.2990,1.6169,0.9226,0.2007,0.7444,751858,0,1266,959,0,14,0,0.8183,0.4474,0.1049,540.2,1935,7501
1279,vehicle,108.900,9.5644,3.0751,6.4893,3.5430,0.0020,1.6189,0.9144,0.2007,0.7270,751858,0,0,0,0,14,0,0.0226,0.0005,0.0710,540.2,1935,7501
1280,vehicle,109.000,10.5757,4.0833,6.4924,3.8226,0.0010,1.8708,0.9431,0.1976,0.7342,751858,0,0,0,0,14,0,0.0271,0.0006,0.1056,540.2,1935,7501
1281,vehicle,109.200,11.7111,4.7396,6.9715,3.9721,0.2560,1.7091,0.9564,0.1997,0.7762,751766,0,1060,1152,0,14,0,1.0491,0.5144,0.0969,540.2,1935,7501
1282,vehicle,109.400,10.4813,3.6970,6.7843,3.9772,0.2099,1.7398,0.9748,0.1956,0.7834,751658,0,824,932,0,14,0,0.6250,0.4176,0.0801,540.2,1935,7501
1283,vehicle,109.400,10.7868,3.7903,6.9965,4.6285,0.0020,2.1432,1.4264,0.1987,0.7834,751658,0,0,0,0,14,0,0.0265,0.0005,0.0854,540.2,1935,7501
1284,vehicle,109.500,11.3386,4.6048,6.7338,4.1103,0.2785,1.7654,0.9636,0.1987,0.8253,751728,0,1139,1069,0,14,0,0.8309,0.4547,0.0832,540.2,1935,7501
1285,vehicle,109.500,11.9631,5.4211,6.5420,4.4636,0.2068,2.1780,0.9697,0.1956,0.8387,751703,0,811,836,0,14,0,0.6352,0.5249,0.1166,540.2,1942,7501
1286,vehicle,109.600,12.1626,5.2886,6.8740,2.8283,0.2355,1.1796,0.8509,0.1966,0.2867,751690,0,842,855,0,14,0,0.7449,0.5445,0.1420,540.2,1942,7501
1287,vehicle,109.600,11.5165,4.9820,6.5345,3.0444,0.4485,1.1776,0.8571,0.1966,0.2888,751743,0,1992,1939,0,14,0,1.2991,0.5542,0.0848,540.2,1942,7501
1288,vehicle,109.700,10.4746,3.9419,6.5327,3.9260,0.0010,1.7940,0.9851,0.1956,0.8765,751743,0,0,0,0,14,0,0.0238,0.0011,0.0958,540.2,1942,7501
1289,vehicle,109.700,10.7567,3.9189,6.8378,3.9854,0.0010,1.8258,0.9830,0.1966,0.9042,751743,0,0,0,0,14,0,0.0235,0.0008,0.1282,540.2,1942,7501
1290,vehicle,109.700,10.8230,4.3273,6.4957,4.3305,0.2796,1.8995,0.9800,0.1956,0.9021,751820,0,1150,1073,0,14,0,0.7827,0.4354,0.0860,540.2,1942,7501
1291,vehicle,109.600,10.9228,3.5695,7.3533,4.0561,0.0010,1.8975,0.9943,0.1946,0.8960,751820,0,0,0,0,14,0,0.0238,0.0006,0.0795,540.2,1942,7501
1292,vehicle,109.600,11.9505,5.4918,6.4587,4.7708,0.2212,2.3736,0.9882,0.2017,0.9103,751807,0,856,869,0,14,0,1.0120,0.7594,0.2368,540.2,1942,7501
1293,vehicle,109.500,11.6779,4.4810,7.1969,4.3674,0.2673,1.9149,0.9902,0.1976,0.9226,751803,0,1097,1101,0,14,0,0.7651,0.4243,0.0808,540.2,1942,7501
1294,vehicle,109.400,9.2081,2.6610,6.5471,4.0602,0.0020,1.8934,0.9779,0.1956,0.9165,751803,0,0,0,0,14,0,0.0216,0.0005,0.0775,540.2,1942,7501
1295,vehicle,109.200,10.1943,3.7272,6.4671,4.6991,0.0010,2.5539,0.9759,0.1956,0.8970,751803,0,0,0,0,14,0,0.0250,0.0006,0.0797,540.2,1942,7501
1296,vehicle,109.100,9.8418,3.3417,6.5001,4.0796,0.0010,1.9067,1.0004,0.1966,0.8980,751803,0,0,0,0,14,0,0.0091,0.0007,0.0653,540.2,1942,7501
1297,vehicle,109.100,12.7822,5.4882,7.2940,4.1902,0.0799,1.9251,0.9912,0.1966,0.9226,748092,3323,127,3838,0,14,0,1.5141,0.5068,0.4442,540.2,1942,7501
1298,vehicle,109.000,13.3214,6.8348,6.4866,4.6459,0.5693,1.9200,0.9687,0.1987,0.9165,750651,764,2559,0,0,14,0,1.6531,0.7062,0.6589,540.2,1942,7501
1299,vehicle,109.000,11.6785,5.1834,6.4951,4.4718,0.4454,1.8913,0.9708,0.2017,0.8878,751659,0,1977,969,0,14,0,1.0529,0.4942,0.0792,540.2,1942,7501
1300,vehicle,108.900,9.9382,3.2048,6.7334,4.0428,0.0010,1.8893,0.9677,0.1976,0.9124,751659,0,0,0,0,14,0,0.0226,0.0010,0.0707,540.2,1942,7501
1301,vehicle,108.900,10.5301,3.6147,6.9154,4.0417,0.0010,1.8801,0.9677,0.1976,0.9196,751659,0,0,0,0,14,0,0.0282,0.0005,0.0842,540.2,1942,7501
1302,vehicle,108.800,10.1674,3.6769,6.4905,4.0141,0.0010,1.8749,0.9615,0.1976,0.9032,751659,0,0,0,0,14,0,0.0133,0.0008,0.0953,540.2,1942,7501
1303,vehicle,108.800,11.4236,4.9237,6.4999,4.4268,0.4567,1.8668,0.9492,0.1987,0.8796,751765,0,2021,1915,0,14,0,1.3392,0.5592,0.0844,540.2,1942,7501
1304,vehicle,108.700,10.8573,4.3137,6.5436,4.3080,0.0010,2.2231,0.9390,0.1976,0.8735,751765,0,0,0,0,14,0,0.0261,0.0006,0.0822,540.2,1942,7501
1305,vehicle,108.600,15.7780,9.3360,6.4420,4.3428,0.4321,1.8156,0.9452,0.1956,0.8796,751705,0,1907,1967,0,14,0,5.3186,0.9401,0.0977,540.2,1942,7501
1306,vehicle,108.500,10.6917,4.2341,6.4576,4.1329,0.2376,1.8063,0.9400,0.2007,0.8745,751766,0,869,808,0,14,0,0.5770,0.4043,0.0877,540.2,1942,7501
1308,rotate,108.500,2.8599,2.8389,0.0210,3.9045,0.0010,1.8657,0.9462,0.1802,0.8366,751725,0,0,0,0,14,0,0.0092,0.0007,0.0727,540.2,1942,7501
1309,rotate,108.500,8.8856,8.8837,0.0019,4.0458,0.0983,1.9036,0.9400,0.1792,0.8530,737711,15,63,14077,0,14,0,4.0783,1.4069,0.0938,540.2,1942,7501
1310,rotate,108.500,4.1544,4.1325,0.0219,4.4104,0.0164,2.3327,0.9574,0.1802,0.8458,736546,0,0,1165,0,14,0,0.6490,0.3765,0.0874,540.2,1942,7501
1311,rotate,108.500,3.4302,3.4084,0.0218,3.9229,0.0010,1.8944,0.9574,0.1812,0.8141,736546,0,0,0,0,14,0,0.0244,0.0005,0.0800,540.2,1942,7501
1312,rotate,108.500,6.3146,2.7589,3.5557,3.9004,0.0020,1.8903,0.9236,0.1812,0.8305,736546,0,0,0,0,14,0,0.0066,0.0005,0.0680,540.2,1942,7501
1313,rotate,108.500,5.5404,2.5819,2.9585,3.9291,0.0010,1.8944,0.9308,0.1812,0.8489,736546,0,0,0,0,14,0,0.0064,0.0004,0.0635,540.2,1942,7501
1314,rotate,108.500,5.8252,2.8614,2.9638,3.9506,0.0010,1.9036,0.9472,0.1812,0.8387,736546,0,0,0,0,14,0,0.0068,0.0005,0.0715,540.2,1942,7501
1315,rotate,108.500,6.3807,2.3238,4.0569,4.8251,0.0010,2.1258,1.2073,0.1812,1.2349,736546,0,0,0,0,14,0,0.0068,0.0004,0.0806,540.2,1942,7501
1316,rotate,108.500,5.4908,2.4998,2.9910,3.9854,0.0010,1.9087,0.9718,0.1823,0.8479,736546,0,0,0,0,14,0,0.0063,0.0005,0.0656,540.2,1942,7501
1317,rotate,108.500,7.0144,3.7806,3.2338,3.9567,0.0010,1.9026,0.9462,0.1802,0.8540,736546,0,0,0,0,14,0,0.0078,0.0004,0.0820,540.2,1942,7501
1318,rotate,108.500,5.7493,2.7568,2.9925,3.9281,0.0020,1.8944,0.9411,0.1812,0.8356,736546,0,0,0,0,14,0,0.0141,0.0006,0.1142,540.2,1942,7501
1319,rotate,108.500,6.0759,2.5038,3.5721,3.9117,0.0010,1.8954,0.9462,0.1812,0.8131,736546,0,0,0,0,14,0,0.0064,0.0005,0.0754,540.2,1942,7501
1320,rotate,108.500,5.7500,2.7673,2.9827,3.9107,0.0010,1.8964,0.9411,0.1823,0.8172,736546,0,0,0,0,14,0,0.0067,0.0005,0.1550,540.2,1942,7501
1321,rotate,108.500,6.1932,2.1909,4.0023,4.6766,0.0010,2.2661,1.3353,0.1812,0.8172,736546,0,0,0,0,14,0,0.0069,0.0005,0.0680,540.2,1942,7501
1322,rotate,108.500,5.8290,3.0365,2.7925,3.9004,0.0020,1.8811,0.9441,0.1823,0.8172,736546,0,0,0,0,14,0,0.0064,0.0005,0.0614,540.2,1942,7501
1323,rotate,108.500,6.4616,2.9788,3.4828,3.8830,0.0010,1.8831,0.9421,0.1823,0.7997,736546,0,0,0,0,14,0,0.0081,0.0006,0.1004,540.2,1942,7501
1324,rotate,108.500,5.9596,2.9481,3.0115,3.8707,0.0010,1.8668,0.9390,0.1802,0.8090,736546,0,0,0,0,14,0,0.0064,0.0004,0.0651,540.2,1942,7501
1325,rotate,108.500,5.7583,3.2660,2.4923,3.8523,0.0010,1.8575,0.9226,0.1833,0.8141,736546,0,0,0,0,14,0,0.0073,0.0006,0.0778,540.2,1942,7501
1326,rotate,108.500,5.6873,2.6081,3.0792,3.8523,0.0010,1.8442,0.9318,0.1802,0.8202,736546,0,0,0,0,14,0,0.0065,0.0011,0.0742,540.2,1942,7501
1327,rotate,108.500,5.9231,2.8735,3.0496,3.8154,0.0010,1.8350,0.9124,0.1792,0.8131,736546,0,0,0,0,14,0,0.0072,0.0004,0.0743,540.2,1942,7501
1328,rotate,108.500,6.0063,3.4626,2.5437,3.8226,0.0010,1.8217,0.9247,0.1823,0.8192,736546,0,0,0,0,14,0,0.0079,0.0004,0.0890,540.2,1942,7501
1329,rotate,108.500,6.1474,2.6040,3.5434,3.7919,0.0010,1.8217,0.9032,0.1812,0.8120,736546,0,0,0,0,14,0,0.0068,0.0005,0.0617,540.2,1942,7501
1330,rotate,108.500,5.9080,2.2245,3.6835,3.8083,0.0020,1.8002,0.9236,0.1782,0.8294,736546,0,0,0,0,14,0,0.0062,0.0005,0.0674,540.2,1942,7501
1331,rotate,108.500,5.5328,2.5322,3.0006,3.7489,0.0010,1.7869,0.8899,0.1812,0.8161,736546,0,0,0,0,14,0,0.0066,0.0005,0.0700,540.2,1942,7501
1332,rotate,108.500,6.2102,2.1560,4.0542,4.4544,0.0010,2.0296,0.9329,0.1802,1.2360,736546,0,0,0,0,14,0,0.0062,0.0004,0.0662,540.2,1942,7501
1333,rotate,108.500,5.7629,2.5369,3.2260,3.7622,0.0010,1.7623,0.9144,0.1792,0.8315,736546,0,0,0,0,14,0,0.0062,0.0005,0.0670,540.2,1942,7501
1334,rotate,108.500,5.9354,2.9424,2.9930,3.7294,0.0010,1.7500,0.8868,0.1812,0.8346,736546,0,0,0,0,14,0,0.0073,0.0005,0.0812,540.2,1942,7501
1335,rotate,108.500,6.1136,2.5524,3.5612,3.6669,0.0010,1.7326,0.8663,0.1782,0.8161,736546,0,0,0,0,14,0,0.0063,0.0004,0.0664,540.2,1942,7501
1336,rotate,108.500,5.4425,2.8428,2.5997,3.6383,0.0010,1.7244,0.8479,0.1792,0.8131,736546,0,0,0,0,14,0,0.0066,0.0007,0.0670,540.2,1942,7501
1337,rotate,108.500,5.4741,2.4596,3.0145,3.2901,0.0010,1.4940,0.8591,0.1792,0.6840,736546,0,0,0,0,14,0,0.0063,0.0005,0.0677,540.2,1942,7501
1338,rotate,108.500,5.7633,2.6626,3.1007,3.9414,0.0010,1.8657,0.8714,0.1823,0.7004,736546,0,0,0,0,14,0,0.0074,0.0004,0.0656,540.2,1942,7501
1339,rotate,108.500,5.7180,3.4719,2.2461,3.2594,0.0010,1.4766,0.8540,0.1802,0.6738,736546,0,0,0,0,14,0,0.0073,0.0005,0.0704,540.2,1942,7501
1340,rotate,108.500,5.5124,3.0190,2.4934,3.2389,0.0010,1.4694,0.8264,0.1792,0.6881,736546,0,0,0,0,14,0,0.0080,0.0005,0.0759,540.2,1942,7501
1341,rotate,108.500,4.9985,3.0404,1.9581,3.2604,0.0010,1.4612,0.8366,0.1812,0.7066,736546,0,0,0,0,14,0,0.0075,0.0006,0.0756,540.2,1942,7501
1342,rotate,108.500,5.3466,3.1844,2.1622,3.2205,0.0010,1.4623,0.8079,0.1812,0.6932,736546,0,0,0,0,14,0,0.0086,0.0007,0.0839,540.2,1942,7501
1343,rotate,108.500,5.0990,2.5994,2.4996,3.1867,0.0010,1.4500,0.8243,0.1772,0.6615,736546,0,0,0,0,14,0,0.0078,0.0005,0.0853,540.2,1942,7501
1344,rotate,108.500,5.6303,3.0856,2.5447,4.0438,0.0010,1.8995,0.8223,0.1741,1.0742,736546,0,0,0,0,14,0,0.0067,0.0004,0.0688,540.2,1942,7501
1345,rotate,108.500,4.9352,2.7749,2.1603,3.1867,0.0010,1.4367,0.8172,0.1792,0.6789,736546,0,0,0,0,14,0,0.0073,0.0005,0.0689,540.2,1942,7501
1346,rotate,108.500,5.6564,5.6092,0.0472,3.1928,0.0010,1.4295,0.8131,0.1792,0.6963,736546,0,0,0,0,14,0,0.0072,0.0005,0.0756,540.2,1942,7501
1347,rotate,108.500,5.4767,3.0295,2.4472,3.1764,0.0020,1.4264,0.8274,0.1772,0.6707,736546,0,0,0,0,14,0,0.0068,0.0004,0.0650,540.2,1942,7501
1348,rotate,108.500,5.3691,2.7506,2.6185,3.1744,0.0010,1.4182,0.8253,0.1843,0.6728,736546,0,0,0,0,14,0,0.0069,0.0005,0.0724,540.2,1942,7501
1349,rotate,108.500,4.7020,3.2057,1.4963,3.1785,0.0010,1.4111,0.8428,0.1782,0.6738,736546,0,0,0,0,14,0,0.0091,0.0007,0.1232,540.2,1942,7501
1350,rotate,108.500,5.1733,2.7260,2.4473,3.1447,0.0010,1.4049,0.7956,0.1772,0.6922,736546,0,0,0,0,14,0,0.0100,0.0008,0.1300,540.2,1942,7501
1351,rotate,108.500,5.3160,2.7857,2.5303,3.6823,0.0010,1.7562,1.0209,0.1782,0.6523,736546,0,0,0,0,14,0,0.0079,0.0005,0.0740,540.2,1942,7501
1352,rotate,108.500,5.1079,3.5678,1.5401,3.1150,0.0010,1.3937,0.7977,0.1782,0.6717,736546,0,0,0,0,14,0,0.0074,0.0004,0.0815,540.2,1942,7501
1353,rotate,108.500,6.1128,3.0469,3.0659,3.1222,0.0010,1.3814,0.8120,0.1802,0.6717,736546,0,0,0,0,14,0,0.0103,0.0011,0.1040,540.2,1942,7501
1354,rotate,108.500,4.7981,2.8409,1.9572,3.0884,0.0020,1.3742,0.7803,0.1772,0.6810,736546,0,0,0,0,14,0,0.0076,0.0004,0.0752,540.2,1942,7501
1355,rotate,108.500,5.3530,3.2747,2.0783,3.0802,0.0020,1.3660,0.8038,0.1792,0.6554,736546,0,0,0,0,14,0,0.0082,0.0006,0.0842,540.2,1942,7501
1356,rotate,108.500,4.9643,2.9714,1.9929,3.0812,0.0010,1.3507,0.8131,0.1782,0.6636,736546,0,0,0,0,14,0,0.0066,0.0007,0.0666,540.2,1942,7501
1357,rotate,108.500,4.8939,2.9522,1.9417,3.6321,0.0020,1.7029,0.9943,0.1792,0.6799,736546,0,0,0,0,14,0,0.0084,0.0006,0.0826,540.2,1942,7501
1358,rotate,108.500,4.9761,3.3255,1.6506,3.0188,0.0010,1.3292,0.7690,0.1772,0.6697,736546,0,0,0,0,14,0,0.0078,0.0005,0.0899,540.2,1942,7501
1359,rotate,108.500,5.6479,3.1675,2.4804,3.0075,0.0010,1.3107,0.7987,0.1812,0.6400,736546,0,0,0,0,14,0,0.0080,0.0006,0.1294,540.2,1942,7501
1360,rotate,108.500,4.9070,2.3875,2.5195,2.9778,0.0010,1.2954,0.7762,0.1792,0.6523,736546,0,0,0,0,14,0,0.0062,0.0005,0.0696,540.2,1942,7501
1361,rotate,108.500,5.3332,2.7273,2.6059,2.9112,0.0010,1.2780,0.7332,0.1782,0.6482,736546,0,0,0,0,14,0,0.0071,0.0005,0.0712,540.2,1942,7501
1362,rotate,108.500,4.4122,4.3755,0.0367,2.9594,0.0010,1.2575,0.7946,0.1761,0.6564,736546,0,0,0,0,14,0,0.0082,0.0008,0.1145,540.2,1942,7501
1363,rotate,108.500,5.0646,3.1433,1.9213,2.8764,0.0010,1.2472,0.7444,0.1761,0.6328,736546,0,0,0,0,14,0,0.0067,0.0008,0.0714,540.2,1942,7501
1364,rotate,108.500,4.8717,2.3506,2.5211,3.2502,0.0061,1.5852,0.7608,0.1772,0.6461,736546,0,0,0,0,14,0,0.0077,0.0005,0.0727,540.2,1942,7501
1365,rotate,108.500,5.5916,2.8394,2.7522,2.8467,0.0010,1.2052,0.7270,0.1782,0.6605,736546,0,0,0,0,14,0,0.0076,0.0007,0.1039,540.2,1942,7501
1366,rotate,108.500,5.3742,2.2995,3.0747,2.8385,0.0010,1.1899,0.7424,0.1802,0.6513,736546,0,0,0,0,14,0,0.0072,0.0005,0.0806,540.2,1942,7501
1367,rotate,108.500,4.7409,2.7509,1.9900,2.7607,0.0010,1.1745,0.6943,0.1802,0.6359,736546,0,0,0,0,14,0,0.0071,0.0006,0.0715,540.2,1942,7501
1368,rotate,108.500,4.9545,2.9575,1.9970,2.7535,0.0010,1.1571,0.6973,0.1792,0.6451,736546,0,0,0,0,14,0,0.0070,0.0005,0.0662,540.2,1942,7501
1369,rotate,108.500,4.7229,2.7535,1.9694,2.7505,0.0010,1.1356,0.7107,0.1812,0.6492,736546,0,0,0,0,14,0,0.0079,0.0004,0.0769,540.2,1942,7501
1370,rotate,108.500,4.5986,2.6506,1.9480,3.2123,0.0010,1.1233,0.7117,0.1812,1.1203,736546,0,0,0,0,14,0,0.0070,0.0005,0.0699,540.2,1942,7501
1371,rotate,108.500,4.7916,2.6766,2.1150,2.6644,0.0010,1.1121,0.6789,0.1782,0.6205,736546,0,0,0,0,14,0,0.0070,0.0005,0.0689,540.2,1942,7501
1372,rotate,108.500,5.6112,3.5048,2.1064,2.6808,0.0010,1.0998,0.7250,0.1772,0.6042,736546,0,0,0,0,14,0,0.0079,0.0005,0.0893,540.2,1942,7501
1373,rotate,108.500,4.1422,2.6222,1.5200,2.6921,0.0010,1.0926,0.7199,0.1772,0.6267,736546,0,0,0,0,14,0,0.0073,0.0005,0.0732,540.2,1942,7501
1374,rotate,108.500,4.8635,2.7629,2.1006,2.6399,0.0010,1.0865,0.6758,0.1782,0.6236,736546,0,0,0,0,14,0,0.0071,0.0006,0.0677,540.2,1942,7501
1375,rotate,108.500,4.5120,3.0839,1.4281,2.6296,0.0010,1.0854,0.6881,0.1812,0.6001,736546,0,0,0,0,14,0,0.0074,0.0006,0.0997,540.2,1942,7501
1376,rotate,108.500,4.6595,2.7204,1.9391,2.6501,0.0010,1.0793,0.6973,0.1782,0.6185,736546,0,0,0,0,14,0,0.0068,0.0004,0.0667,540.2,1942,7501
1377,rotate,108.500,4.6214,2.6809,1.9405,2.9102,0.0010,1.0721,0.6687,0.1741,0.9185,736546,0,0,0,0,14,0,0.0072,0.0005,0.0681,540.2,1942,7501
1378,rotate,108.500,4.3398,2.3626,1.9772,2.6153,0.0010,1.0752,0.6656,0.1772,0.6236,736546,0,0,0,0,14,0,0.0069,0.0005,0.0715,540.2,1942,7501
1379,rotate,108.500,5.4747,3.8640,1.6107,2.5743,0.0010,1.0721,0.6472,0.1751,0.6052,736546,0,0,0,0,14,0,0.0088,0.0012,0.1293,540.2,1942,7501
1380,rotate,108.500,4.6062,2.6729,1.9333,2.5989,0.0010,1.0752,0.6615,0.1761,0.6113,736546,0,0,0,0,14,0,0.0066,0.0009,0.0670,540.2,1942,7501
1381,rotate,108.500,4.9231,2.9261,1.9970,2.5928,0.0010,1.0854,0.6390,0.1741,0.6103,736546,0,0,0,0,14,0,0.0068,0.0005,0.0720,540.2,1942,7501
1382,rotate,108.500,4.4778,2.4807,1.9971,2.6378,0.0020,1.0895,0.6953,0.1772,0.6011,736546,0,0,0,0,14,0,0.0068,0.0004,0.0697,540.2,1942,7501
1383,rotate,108.500,4.1464,2.7282,1.4182,2.6010,0.0010,1.0936,0.6564,0.1751,0.6011,736546,0,0,0,0,14,0,0.0068,0.0005,0.0676,540.2,1942,7501
1384,rotate,108.500,4.9448,2.8661,2.0787,2.6450,0.0010,1.1039,0.6820,0.1741,0.6103,736546,0,0,0,0,14,0,0.0069,0.0005,0.0703,540.2,1942,7501
1385,rotate,108.500,4.0952,2.7096,1.3856,3.6444,0.0010,1.5104,0.6543,0.5161,0.8878,736546,0,0,0,0,14,0,0.0070,0.0004,0.0699,540.2,1942,7501
1386,rotate,108.500,4.8903,3.3308,1.5595,2.6982,0.0010,1.1110,0.7188,0.1731,0.6205,736546,0,0,0,0,14,0,0.0083,0.0007,0.0823,540.2,1942,7501
1387,rotate,108.500,5.6744,3.1241,2.5503,2.6440,0.0010,1.1203,0.6625,0.1761,0.6093,736546,0,0,0,0,14,0,0.0083,0.0006,0.1067,540.2,1942,7501
1388,rotate,108.500,4.3099,2.8888,1.4211,2.6348,0.0010,1.1213,0.6779,0.1741,0.5868,736546,0,0,0,0,14,0,0.0071,0.0007,0.0949,540.2,1942,7501
1389,rotate,108.500,4.8329,2.5789,2.2540,2.6675,0.0010,1.1284,0.6851,0.1761,0.6031,736546,0,0,0,0,14,0,0.0063,0.0005,0.0705,540.2,1942,7501
1390,rotate,108.500,4.5873,2.6277,1.9596,2.6921,0.0061,1.1295,0.6932,0.1731,0.6154,736546,0,0,0,0,14,0,0.0071,0.0004,0.0681,540.2,1942,7501
1391,rotate,108.500,3.8072,3.7787,0.0285,2.6962,0.0010,1.1366,0.7076,0.1761,0.6021,736546,0,0,0,0,14,0,0.0068,0.0010,0.0663,540.2,1942,7501
1392,rotate,108.500,5.2777,2.7102,2.5675,3.4089,0.0010,1.8739,0.6912,0.1731,0.5949,736546,0,0,0,0,14,0,0.0073,0.0004,0.0743,540.2,1942,7501
1393,rotate,108.500,4.3121,4.2796,0.0325,2.7105,0.0010,1.1500,0.7014,0.1751,0.6093,736546,0,0,0,0,14,0,0.0089,0.0009,0.1428,540.2,1942,7501
1394,rotate,108.500,6.1593,2.9423,3.2170,2.7341,0.0020,1.1581,0.7055,0.1751,0.6205,736546,0,0,0,0,14,0,0.0069,0.0005,0.0706,540.2,1942,7501
1395,rotate,108.500,4.7116,2.6042,2.1074,2.7279,0.0010,1.1715,0.7086,0.1731,0.5990,736546,0,0,0,0,14,0,0.0075,0.0005,0.0773,540.2,1942,7501
1396,rotate,108.500,4.6378,3.1490,1.4888,2.7116,0.0010,1.1745,0.6973,0.1751,0.5898,736546,0,0,0,0,14,0,0.0069,0.0005,0.0695,540.2,1942,7501
1397,rotate,108.500,4.4073,2.9577,1.4496,2.7761,0.0010,1.1868,0.7393,0.1720,0.6021,736546,0,0,0,0,14,0,0.0088,0.0011,0.1236,540.2,1942,7501
1398,rotate,108.500,5.1298,3.0197,2.1101,2.9952,0.0010,1.2052,0.7332,0.1720,0.8069,736546,0,0,0,0,14,0,0.0084,0.0007,0.1098,540.2,1942,7501
1399,rotate,108.500,3.8542,3.8059,0.0483,3.5328,0.0020,1.9405,0.7526,0.1710,0.5939,736546,0,0,0,0,14,0,0.0086,0.0010,0.1035,540.2,1942,7501
1400,rotate,108.500,5.9437,3.7912,2.1525,2.8262,0.0010,1.2257,0.7711,0.1731,0.5837,736546,0,0,0,0,14,0,0.0092,0.0009,0.1463,540.2,1942,7501
1401,rotate,108.500,5.4859,3.4407,2.0452,2.8037,0.0020,1.2257,0.7322,0.1700,0.6011,736546,0,0,0,0,14,0,0.0065,0.0006,0.0720,540.2,1942,7501
1402,rotate,108.500,4.3136,3.3310,0.9826,2.8396,0.0010,1.2319,0.7557,0.1731,0.6042,736546,0,0,0,0,14,0,0.0072,0.0006,0.0754,540.2,1942,7501
1403,rotate,108.500,4.8090,3.1744,1.6346,2.8477,0.0010,1.2544,0.7547,0.1731,0.5908,736546,0,0,0,0,14,0,0.0086,0.0006,0.0867,540.2,1942,7501
1404,rotate,108.500,4.8405,2.8224,2.0181,2.8549,0.0010,1.2554,0.7639,0.1741,0.5868,736546,0,0,0,0,14,0,0.0104,0.0005,0.0916,540.2,1942,7501
1405,rotate,108.500,4.8899,3.3774,1.5125,3.3843,0.0010,1.2708,1.0291,0.4055,0.6031,736546,0,0,0,0,14,0,0.0224,0.0005,0.0896,540.2,1942,7501
1406,rotate,108.500,5.3895,3.5186,1.8709,2.9583,0.0010,1.2739,0.8172,0.1720,0.6205,736546,0,0,0,0,14,0,0.0074,0.0008,0.0769,540.2,1942,7501
1407,rotate,108.500,5.8354,5.7901,0.0453,2.8887,0.0010,1.2800,0.7649,0.1720,0.5949,736546,0,0,0,0,14,0,0.0075,0.0005,0.2431,540.2,1942,7501
1408,rotate,108.500,4.6231,2.4391,2.1840,4.0468,0.0010,2.4259,0.7854,0.1731,0.5908,736546,0,0,0,0,14,0,0.0091,0.0008,0.0801,540.2,1942,7501
1409,rotate,108.500,4.9918,2.5560,2.4358,2.9542,0.0010,1.2892,0.8059,0.1720,0.6124,736546,0,0,0,0,14,0,0.0073,0.0006,0.0766,540.2,1942,7501
1410,rotate,108.500,4.8697,4.8276,0.0421,2.9389,0.0010,1.3015,0.7721,0.1720,0.6175,736546,0,0,0,0,14,0,0.0091,0.0013,0.3445,540.2,1942,7501
1411,rotate,108.500,5.4317,2.8384,2.5933,3.4324,0.0020,1.3036,1.2841,0.1720,0.5980,736546,0,0,0,0,14,0,0.0075,0.0007,0.0775,540.2,1942,7501
1412,rotate,108.500,5.0745,3.0534,2.0211,2.9317,0.0010,1.3036,0.7997,0.1700,0.5827,736546,0,0,0,0,14,0,0.0085,0.0006,0.0782,540.2,1942,7501
1413,rotate,108.500,5.8703,3.7469,2.1234,2.9563,0.0010,1.3117,0.7895,0.1720,0.6083,736546,0,0,0,0,14,0,0.0097,0.0009,0.1323,540.2,1942,7501
1414,rotate,108.500,4.5422,2.9398,1.6024,2.9778,0.0010,1.3107,0.8253,0.1720,0.5939,736546,0,0,0,0,14,0,0.0076,0.0011,0.0723,540.2,1942,7501
1415,rotate,108.500,5.0701,2.9103,2.1598,3.3505,0.0010,1.7132,0.8028,0.1700,0.5878,736546,0,0,0,0,14,0,0.0073,0.0006,0.0795,540.2,1942,7501
1416,rotate,108.500,4.6579,3.1877,1.4702,2.9471,0.0072,1.3138,0.8090,0.1700,0.5745,736546,0,0,0,0,14,0,0.0077,0.0005,0.0689,540.2,1942,7501
1417,rotate,108.500,5.5365,2.9807,2.5558,3.0013,0.0010,1.3189,0.8212,0.1710,0.6154,736546,0,0,0,0,14,0,0.0096,0.0007,0.0814,540.2,1942,7501
1418,rotate,108.500,4.6216,2.6873,1.9343,3.0116,0.0020,1.3189,0.8428,0.1710,0.6011,736546,0,0,0,0,14,0,0.0070,0.0007,0.0618,540.2,1942,7501
1419,rotate,108.500,5.4032,2.4795,2.9237,3.8636,0.0010,1.5944,1.4275,0.1710,0.5960,736546,0,0,0,0,14,0,0.0083,0.0005,0.0797,540.2,1942,7501
1420,rotate,108.500,4.8811,2.7649,2.1162,3.0034,0.0010,1.3220,0.8540,0.1710,0.5827,736546,0,0,0,0,14,0,0.0079,0.0005,0.0777,540.2,1942,7501
1421,rotate,108.500,5.5236,2.9620,2.5616,3.0392,0.0010,1.3302,0.8407,0.1710,0.6216,736546,0,0,0,0,14,0,0.0094,0.0006,0.0928,540.2,1942,7501
1422,rotate,108.500,5.0732,3.0320,2.0412,3.0321,0.0010,1.3425,0.8520,0.1731,0.5898,736546,0,0,0,0,14,0,0.0071,0.0005,0.0758,540.2,1942,7501
1423,rotate,108.500,4.7069,3.2169,1.4900,3.0280,0.0010,1.3404,0.8550,0.1700,0.5878,736546,0,0,0,0,14,0,0.0083,0.0006,0.0843,540.2,1942,7501
1424,rotate,108.500,5.4056,2.8920,2.5136,3.0208,0.0010,1.3414,0.8407,0.1720,0.5908,736546,0,0,0,0,14,0,0.0082,0.0006,0.0825,540.2,1942,7501
1425,rotate,108.500,4.6746,3.2116,1.4630,4.2793,0.0020,1.7715,1.4213,0.1741,0.5939,736546,0,0,0,0,14,0,0.0073,0.0006,0.0763,540.2,1942,7501
1426,rotate,108.500,5.2760,3.1507,2.1253,3.0454,0.0010,1.3599,0.8397,0.1720,0.5970,736546,0,0,0,0,14,0,0.0079,0.0006,0.0798,540.2,1942,7501
1427,rotate,108.500,5.8766,3.3339,2.5427,3.0689,0.0010,1.3599,0.8653,0.1700,0.6001,736546,0,0,0,0,14,0,0.0086,0.0008,0.0915,540.2,1942,7501
1428,rotate,108.500,5.1630,3.6455,1.5175,3.0648,0.0020,1.3619,0.8694,0.1679,0.5898,736546,0,0,0,0,14,0,0.0085,0.0005,0.0958,540.2,1942,7501
1429,rotate,108.500,5.0203,3.4669,1.5534,3.0720,0.0010,1.3660,0.8581,0.1731,0.6001,736546,0,0,0,0,14,0,0.0070,0.0005,0.0785,540.2,1942,7501
1430,rotate,108.500,5.3097,3.1841,2.1256,3.0556,0.0010,1.3640,0.8428,0.1720,0.6031,736546,0,0,0,0,14,0,0.0074,0.0005,0.0746,540.2,1942,7501
1431,rotate,108.500,4.8581,3.4301,1.4280,3.3341,0.0020,1.3711,1.1151,0.1731,0.5970,736546,0,0,0,0,14,0,0.0071,0.0004,0.0744,540.2,1942,7501
1432,rotate,108.500,4.8507,2.7307,2.1200,3.0525,0.0020,1.3660,0.8540,0.1690,0.5888,736546,0,0,0,0,14,0,0.0074,0.0005,0.0668,540.2,1942,7501
1433,rotate,108.500,5.4620,3.4017,2.0603,3.1089,0.0010,1.3804,0.8632,0.1731,0.6185,736546,0,0,0,0,14,0,0.0089,0.0006,0.1154,540.2,1942,7501
1434,rotate,108.500,5.3899,2.8521,2.5378,3.0904,0.0010,1.3742,0.8653,0.1710,0.6031,736546,0,0,0,0,14,0,0.0074,0.0004,0.0657,540.2,1942,7501
1435,rotate,108.500,4.9838,2.8564,2.1274,3.0904,0.0010,1.3885,0.8540,0.1710,0.6011,736546,0,0,0,0,14,0,0.0080,0.0005,0.0727,540.2,1942,7501
1436,rotate,108.500,4.7781,3.3421,1.4360,3.0843,0.0010,1.3885,0.8612,0.1720,0.5868,736546,0,0,0,0,14,0,0.0087,0.0008,0.0808,540.2,1942,7501
1437,rotate,108.500,5.1767,2.6532,2.5235,3.0874,0.0010,1.3926,0.8540,0.1710,0.5929,736546,0,0,0,0,14,0,0.0084,0.0005,0.0816,540.2,1935,7501
1438,rotate,108.500,5.1165,2.5522,2.5643,3.6188,0.0010,1.9159,0.8663,0.1720,0.5888,736546,0,0,0,0,14,0,0.0083,0.0004,0.0797,540.2,1935,7501
1439,rotate,108.500,5.2264,3.6949,1.5315,3.0648,0.0020,1.3967,0.8428,0.1700,0.5806,736546,0,0,0,0,14,0,0.0078,0.0006,0.0820,540.2,1935,7501
1440,rotate,108.500,5.4749,2.9237,2.5512,3.0986,0.0010,1.3978,0.8643,0.1710,0.5878,736546,0,0,0,0,14,0,0.0076,0.0005,0.0714,540.2,1935,7501
1441,rotate,108.500,4.9861,2.3828,2.6033,3.1068,0.0010,1.3937,0.8561,0.1710,0.6103,736546,0,0,0,0,14,0,0.0070,0.0005,0.0754,540.2,1935,7501
1442,rotate,108.500,5.1535,3.1476,2.0059,3.0976,0.0010,1.3916,0.8755,0.1700,0.5847,736546,0,0,0,0,14,0,0.0075,0.0007,0.0710,540.2,1935,7501
1443,rotate,108.500,5.1842,3.5697,1.6145,3.1089,0.0010,1.3957,0.8755,0.1700,0.5878,736546,0,0,0,0,14,0,0.0070,0.0004,0.0736,540.2,1935,7501
1444,rotate,108.500,4.7940,2.7702,2.0238,4.0847,0.0010,1.7940,1.2155,0.1710,0.8294,736546,0,0,0,0,14,0,0.0076,0.0007,0.1017,540.2,1935,7501
1445,rotate,108.500,5.4569,3.0740,2.3829,3.1150,0.0010,1.4070,0.8694,0.1720,0.5929,736546,0,0,0,0,14,0,0.0083,0.0006,0.0776,540.2,1935,7501
1446,rotate,108.500,5.3787,3.8694,1.5093,3.0945,0.0010,1.3978,0.8591,0.1710,0.5939,736546,0,0,0,0,14,0,0.0073,0.0005,0.0806,540.2,1935,7501
1447,rotate,108.500,5.4127,2.8502,2.5625,3.1324,0.0010,1.4060,0.8796,0.1720,0.5990,736546,0,0,0,0,14,0,0.0071,0.0006,0.0742,540.2,1935,7501
1448,rotate,108.500,5.0128,3.0158,1.9970,3.1058,0.0010,1.4039,0.8684,0.1690,0.5908,736546,0,0,0,0,14,0,0.0081,0.0008,0.0677,540.2,1935,7501
1449,rotate,108.500,4.8574,2.8896,1.9678,3.1212,0.0010,1.4121,0.8612,0.1710,0.6011,736546,0,0,0,0,14,0,0.0075,0.0005,0.0776,540.2,1935,7501
1450,rotate,108.500,4.8706,2.3771,2.4935,3.1427,0.0010,1.4121,0.8724,0.1720,0.6124,736546,0,0,0,0,14,0,0.0067,0.0004,0.0705,540.2,1935,7501
1451,rotate,108.500,5.3417,2.7812,2.5605,3.5041,0.0020,1.7807,0.8724,0.1720,0.6031,736546,0,0,0,0,14,0,0.0069,0.0004,0.0654,540.2,1935,7501
1452,rotate,108.500,5.8628,3.9370,1.9258,3.1416,0.0010,1.4131,0.8724,0.1720,0.6083,736546,0,0,0,0,14,0,0.0139,0.0008,0.1269,540.2,1935,7501
1453,rotate,108.500,5.0725,3.0721,2.0004,3.1375,0.0072,1.4080,0.8602,0.1690,0.6185,736546,0,0,0,0,14,0,0.0076,0.0004,0.0744,540.2,1935,7501
1454,rotate,108.500,4.2385,4.2082,0.0303,3.1662,0.0010,1.4162,0.8714,0.1720,0.6308,736546,0,0,0,0,14,0,0.0072,0.0005,0.0669,540.2,1935,7501
1455,rotate,108.500,5.9040,3.2764,2.6276,3.1089,0.0010,1.4049,0.8509,0.1720,0.6062,736546,0,0,0,0,14,0,0.0071,0.0004,0.0654,540.2,1935,7501
1456,rotate,108.500,4.8583,2.8613,1.9970,3.1468,0.0020,1.4111,0.8663,0.1731,0.6216,736546,0,0,0,0,14,0,0.0076,0.0006,0.1041,540.2,1935,7501
1458,rotate,108.500,5.1446,3.5783,1.5663,3.1775,0.0010,1.4305,0.8612,0.1690,0.6431,736546,0,0,0,0,14,0,0.0092,0.0007,0.0858,540.2,1935,7501
1459,rotate,108.500,3.5235,3.5213,0.0022,3.2123,0.0010,1.4469,0.8827,0.1710,0.6390,736546,0,0,0,0,14,0,0.0099,0.0006,0.1574,540.2,1935,7501
1460,rotate,108.500,4.1556,4.1316,0.0240,3.1939,0.0010,1.4479,0.8622,0.1679,0.6400,736546,0,0,0,0,14,0,0.0078,0.0006,0.0821,540.2,1935,7501
1461,rotate,108.500,3.5757,3.5498,0.0259,3.2061,0.0020,1.4541,0.8561,0.1690,0.6533,736546,0,0,0,0,14,0,0.0074,0.0010,0.0808,540.2,1935,7501
1462,rotate,108.500,3.5748,3.5540,0.0208,3.2369,0.0020,1.4582,0.8776,0.1710,0.6533,736546,0,0,0,0,14,0,0.0066,0.0005,0.0654,540.2,1935,7501
1463,rotate,108.500,5.5622,3.0755,2.4867,3.2092,0.0010,1.4551,0.8530,0.1700,0.6564,736546,0,0,0,0,14,0,0.0072,0.0005,0.0637,540.2,1935,7501
1464,rotate,108.500,5.5637,3.4957,2.0680,3.2317,0.0010,1.4653,0.8663,0.1700,0.6554,736546,0,0,0,0,14,0,0.0085,0.0009,0.2082,540.2,1935,7501
1465,rotate,108.500,5.7115,3.1619,2.5496,3.2276,0.0010,1.4735,0.8356,0.1690,0.6738,736546,0,0,0,0,14,0,0.0084,0.0005,0.0794,540.2,1935,7501
1466,rotate,108.500,4.8736,2.8287,2.0449,3.2870,0.0010,1.4909,0.8765,0.1710,0.6748,736546,0,0,0,0,14,0,0.0067,0.0006,0.0844,540.2,1935,7501
1467,rotate,108.500,5.1975,3.7130,1.4845,3.2164,0.0020,1.4838,0.8233,0.1679,0.6666,736546,0,0,0,0,14,0,0.0076,0.0006,0.0776,540.2,1935,7501
1468,rotate,108.500,5.3730,2.8598,2.5132,3.2758,0.0010,1.5002,0.8602,0.1700,0.6717,736546,0,0,0,0,14,0,0.0071,0.0004,0.0678,540.2,1935,7501
1469,rotate,108.500,5.0350,3.0254,2.0096,3.7827,0.0010,2.0275,0.8284,0.1731,0.6779,736546,0,0,0,0,14,0,0.0072,0.0005,0.0734,540.2,1935,7501
1470,rotate,108.500,5.7969,3.0616,2.7353,3.2758,0.0010,1.5073,0.8448,0.1700,0.6789,736546,0,0,0,0,14,0,0.0076,0.0006,0.0794,540.2,1935,7501
1471,rotate,108.500,5.7060,2.4850,3.2210,3.2573,0.0010,1.5094,0.8253,0.1720,0.6758,736546,0,0,0,0,14,0,0.0075,0.0005,0.0816,540.2,1935,7501
1472,rotate,108.500,5.2812,2.7345,2.5467,3.3249,0.0010,1.5155,0.8827,0.1710,0.6789,736546,0,0,0,0,14,0,0.0065,0.0006,0.0710,540.2,1935,7501
1473,rotate,108.500,5.2566,3.0123,2.2443,3.3720,0.0020,1.5217,0.8929,0.1731,0.7096,736546,0,0,0,0,14,0,0.0081,0.0010,0.0784,540.2,1935,7501
1474,rotate,108.500,4.9515,2.8922,2.0593,3.3167,0.0010,1.5340,0.8428,0.1710,0.6943,736546,0,0,0,0,14,0,0.0082,0.0004,0.0763,540.2,1935,7501
1475,rotate,108.500,5.5030,2.4652,3.0378,3.5338,0.0010,1.5329,1.0721,0.1741,0.6799,736546,0,0,0,0,14,0,0.0070,0.0005,0.0744,540.2,1935,7501
1476,rotate,108.500,5.5179,2.8119,2.7060,3.2532,0.0010,1.5391,0.7793,0.1741,0.6871,736546,0,0,0,0,14,0,0.0075,0.0005,0.0791,540.2,1935,7501
1477,rotate,108.500,5.6500,3.0330,2.6170,3.3065,0.0020,1.5391,0.8192,0.1720,0.7004,736546,0,0,0,0,14,0,0.0077,0.0005,0.0789,540.2,1935,7501
1478,rotate,108.500,5.0229,2.5868,2.4361,3.2983,0.0010,1.5360,0.8059,0.1731,0.7076,736546,0,0,0,0,14,0,0.0073,0.0004,0.0641,540.2,1935,7501
1479,rotate,108.500,5.2620,2.6983,2.5637,3.2164,0.0010,1.5247,0.7588,0.1751,0.6830,736546,0,0,0,0,14,0,0.0072,0.0005,0.0738,540.2,1935,7501
1480,rotate,108.500,4.9521,2.8836,2.0685,3.2594,0.0010,1.5258,0.8018,0.1731,0.6840,736546,0,0,0,0,14,0,0.0071,0.0005,0.0669,540.2,1935,7501
1481,rotate,108.500,5.1592,2.6950,2.4642,3.7407,0.0010,1.5196,1.0455,0.1731,0.9267,736546,0,0,0,0,14,0,0.0067,0.0005,0.0662,540.2,1935,7501
1482,rotate,108.500,5.8097,2.5938,3.2159,3.2092,0.0010,1.5165,0.7557,0.1741,0.6881,736546,0,0,0,0,14,0,0.0065,0.0004,0.0639,540.2,1935,7501
1483,rotate,108.500,5.4219,3.9624,1.4595,3.2307,0.0010,1.5032,0.7946,0.1741,0.6840,736546,0,0,0,0,14,0,0.0072,0.0005,0.0797,540.2,1935,7501
1484,rotate,108.500,5.7855,2.7933,2.9922,3.2481,0.0010,1.5022,0.7956,0.1741,0.7014,736546,0,0,0,0,14,0,0.0087,0.0006,0.0816,540.2,1935,7501
1485,rotate,108.500,5.3290,2.6581,2.6709,3.2645,0.0010,1.5063,0.7997,0.1741,0.7086,736546,0,0,0,0,14,0,0.0066,0.0004,0.0677,540.2,1935,7501
1486,rotate,108.500,5.0531,3.0984,1.9547,3.2420,0.0010,1.5053,0.7629,0.1741,0.7260,736546,0,0,0,0,14,0,0.0069,0.0005,0.0713,540.2,1935,7501
1487,rotate,108.500,5.0641,2.6219,2.4422,3.2184,0.0010,1.5104,0.7526,0.1720,0.7076,736546,0,0,0,0,14,0,0.0074,0.0006,0.0646,540.2,1935,7501
1488,rotate,108.500,5.0629,2.6111,2.4518,3.2276,0.0010,1.5135,0.7598,0.1731,0.7055,736546,0,0,0,0,14,0,0.0064,0.0005,0.0884,540.2,1935,7501
1489,rotate,108.500,5.6260,3.6244,2.0016,3.2625,0.0020,1.5124,0.7823,0.1761,0.7158,736546,0,0,0,0,14,0,0.0090,0.0008,0.0829,540.2,1935,7501
1490,rotate,108.500,5.4560,2.4088,3.0472,3.2102,0.0010,1.4991,0.7465,0.1751,0.7137,736546,0,0,0,0,14,0,0.0073,0.0005,0.0704,540.2,1935,7501
1491,rotate,108.500,5.1917,2.7038,2.4879,3.1918,0.0010,1.4961,0.7496,0.1731,0.6994,736546,0,0,0,0,14,0,0.0079,0.0007,0.0683,540.2,1935,7501
1492,rotate,108.500,4.9981,2.9993,1.9988,3.2102,0.0020,1.4920,0.7711,0.1731,0.6984,736546,0,0,0,0,14,0,0.0101,0.0007,0.1240,540.2,1935,7501
1493,rotate,108.500,5.4558,2.8689,2.5869,3.1990,0.0010,1.4868,0.7404,0.1741,0.7229,736546,0,0,0,0,14,0,0.0079,0.0011,0.0744,540.2,1935,7501
1494,rotate,108.500,4.6606,2.7124,1.9482,4.2721,0.0010,1.9190,1.3793,0.1741,0.7260,736546,0,0,0,0,14,0,0.0072,0.0004,0.0738,540.2,1935,7501
1495,rotate,108.500,5.3120,3.1176,2.1944,3.2092,0.0010,1.4848,0.7803,0.1731,0.6963,736546,0,0,0,0,14,0,0.0124,0.0008,0.1421,540.2,1935,7501
1496,rotate,108.500,6.1046,4.0698,2.0348,3.2348,0.0010,1.4950,0.7813,0.1720,0.7137,736546,0,0,0,0,14,0,0.0076,0.0005,0.0834,540.2,1935,7501
1497,rotate,108.500,5.3392,2.7623,2.5769,3.2246,0.0061,1.4828,0.7690,0.1751,0.7168,736546,0,0,0,0,14,0,0.0071,0.0005,0.0731,540.2,1935,7501
1498,rotate,108.500,5.7492,2.9557,2.7935,3.2553,0.0010,1.4961,0.7885,0.1741,0.7219,736546,0,0,0,0,14,0,0.0080,0.0006,0.0784,540.2,1935,7501
1499,rotate,108.500,4.9852,2.4400,2.5452,3.2410,0.0010,1.4920,0.7916,0.1741,0.7076,736546,0,0,0,0,14,0,0.0071,0.0004,0.0759,540.2,1935,7501
1500,rotate,108.500,5.1379,3.5025,1.6354,3.8400,0.0020,1.7848,1.1049,0.1772,0.6963,736546,0,0,0,0,14,0,0.0074,0.0005,0.0805,540.2,1935,7501
1501,rotate,108.500,4.7861,2.6765,2.1096,3.2655,0.0010,1.4971,0.7967,0.1731,0.7260,736546,0,0,0,0,14,0,0.0065,0.0008,0.0675,540.2,1935,7501
1502,rotate,108.500,6.2256,3.1939,3.0317,3.2092,0.0010,1.4879,0.7649,0.1751,0.7066,736546,0,0,0,0,14,0,0.0074,0.0004,0.0764,540.2,1935,7501
1503,rotate,108.500,5.5287,2.3926,3.1361,3.2082,0.0010,1.4961,0.7557,0.1751,0.7045,736546,0,0,0,0,14,0,0.0072,0.0005,0.0756,540.2,1935,7501
1504,rotate,108.500,4.8476,2.2417,2.6059,3.2225,0.0010,1.4940,0.7782,0.1751,0.7035,736546,0,0,0,0,14,0,0.0063,0.0004,0.0683,540.2,1935,7501
1505,rotate,108.500,5.0426,3.0841,1.9585,3.2461,0.0010,1.5002,0.7711,0.1782,0.7199,736546,0,0,0,0,14,0,0.0071,0.0005,0.0746,540.2,1935,7501
1506,rotate,108.500,5.3653,2.7901,2.5752,3.2276,0.0010,1.4981,0.7537,0.1782,0.7229,736546,0,0,0,0,14,0,0.0066,0.0005,0.0891,540.2,1935,7501
1507,rotate,108.500,5.1703,2.6770,2.4933,3.7089,0.0020,1.9835,0.7649,0.1731,0.7066,736546,0,0,0,0,14,0,0.0071,0.0004,0.0687,540.2,1935,7501
1508,rotate,108.500,5.8514,2.7007,3.1507,3.2358,0.0010,1.4879,0.7690,0.1772,0.7270,736546,0,0,0,0,14,0,0.0079,0.0005,0.0765,540.2,1935,7501
1509,rotate,108.500,5.6913,2.6770,3.0143,3.2389,0.0010,1.4879,0.7639,0.1761,0.7342,736546,0,0,0,0,14,0,0.0073,0.0006,0.0674,540.2,1935,7501
1510,rotate,108.500,4.8411,2.8309,2.0102,3.2584,0.0010,1.4930,0.7844,0.1772,0.7291,736546,0,0,0,0,14,0,0.0073,0.0005,0.0924,540.2,1935,7501
1511,rotate,108.500,5.2810,2.8070,2.4740,3.2317,0.0020,1.4950,0.7721,0.1772,0.7127,736546,0,0,0,0,14,0,0.0071,0.0004,0.0731,540.2,1935,7501
1512,rotate,108.500,5.1889,2.7189,2.4700,3.2983,0.0010,1.5063,0.8264,0.1782,0.7137,736546,0,0,0,0,14,0,0.0069,0.0005,0.0714,540.2,1935,7501
1513,rotate,108.500,5.2286,2.7452,2.4834,3.6086,0.0010,1.4961,0.7916,0.1802,0.7127,736546,0,0,0,0,14,0,0.0073,0.0004,0.0719,540.2,1935,7501
1514,rotate,108.500,5.4233,2.8292,2.5941,3.2655,0.0010,1.4971,0.7895,0.1772,0.7270,736546,0,0,0,0,14,0,0.0073,0.0005,0.0753,540.2,1935,7501
1515,rotate,108.500,5.7801,2.6895,3.0906,3.2676,0.0010,1.5012,0.8079,0.1782,0.7045,736546,0,0,0,0,14,0,0.0069,0.0006,0.0699,540.2,1935,7501
1516,rotate,108.500,5.0452,3.0502,1.9950,3.2614,0.0010,1.5063,0.7936,0.1802,0.7055,736546,0,0,0,0,14,0,0.0073,0.0005,0.0721,540.2,1935,7501
1517,rotate,108.500,5.1979,3.1257,2.0722,3.2932,0.0010,1.5094,0.8028,0.1802,0.7250,736546,0,0,0,0,14,0,0.0083,0.0006,0.0775,540.2,1935,7501
1518,rotate,108.500,5.3935,2.8952,2.4983,3.3188,0.0010,1.5186,0.8110,0.1802,0.7352,736546,0,0,0,0,14,0,0.0073,0.0006,0.0779,540.2,1935,7501
1519,rotate,108.500,5.2994,2.7943,2.5051,3.6762,0.0020,1.9067,0.8049,0.1812,0.7086,736546,0,0,0,0,14,0,0.0068,0.0005,0.0733,540.2,1935,7501
1520,rotate,108.500,5.5399,2.8389,2.7010,3.2911,0.0010,1.5370,0.7987,0.1782,0.7014,736546,0,0,0,0,14,0,0.0074,0.0004,0.0695,540.2,1935,7501
1521,rotate,108.500,5.4901,2.4882,3.0019,3.3393,0.0020,1.5483,0.8387,0.1792,0.6994,736546,0,0,0,0,14,0,0.0077,0.0005,0.0916,540.2,1935,7501
1522,rotate,108.500,5.1217,2.5985,2.5232,3.3782,0.0010,1.5555,0.8499,0.1802,0.7137,736546,0,0,0,0,14,0,0.0069,0.0004,0.0736,540.2,1935,7501
1523,rotate,108.500,5.4332,2.8161,2.6171,3.3270,0.0010,1.5647,0.8192,0.1802,0.6861,736546,0,0,0,0,14,0,0.0070,0.0004,0.0665,540.2,1935,7501
1524,rotate,108.500,5.4243,2.8931,2.5312,3.3659,0.0010,1.5688,0.8540,0.1802,0.6871,736546,0,0,0,0,14,0,0.0114,0.0013,0.0952,540.2,1935,7501
1525,rotate,108.500,5.1789,2.6859,2.4930,4.3315,0.0010,1.9507,1.1940,0.4055,0.7055,736546,0,0,0,0,14,0,0.0075,0.0004,0.0674,540.2,1935,7501
1526,rotate,108.500,5.6747,2.3236,3.3511,3.3874,0.0010,1.5811,0.8653,0.1812,0.6861,736546,0,0,0,0,14,0,0.0066,0.0005,0.0823,540.2,1935,7501
1527,rotate,108.500,5.9859,2.9584,3.0275,3.3843,0.0010,1.5954,0.8499,0.1812,0.6830,736546,0,0,0,0,14,0,0.0102,0.0007,0.1149,540.2,1935,7501
1528,rotate,108.500,5.2561,2.7171,2.5390,3.4068,0.0010,1.6077,0.8499,0.1823,0.6932,736546,0,0,0,0,14,0,0.0067,0.0005,0.0679,540.2,1935,7501
1529,rotate,108.500,5.8114,2.4961,3.3153,3.4294,0.0010,1.6148,0.8602,0.1792,0.7014,736546,0,0,0,0,14,0,0.0072,0.0006,0.0782,540.2,1935,7501
1530,rotate,108.500,4.9679,2.9645,2.0034,3.4324,0.0010,1.6251,0.8591,0.1782,0.6963,736546,0,0,0,0,14,0,0.0082,0.0005,0.0810,540.2,1935,7501
1531,rotate,108.500,5.5401,3.0401,2.5000,4.4483,0.0010,2.0255,1.2493,0.4055,0.6953,736546,0,0,0,0,14,0,0.0085,0.0005,0.0887,540.2,1935,7501
1532,rotate,108.500,5.3296,2.5147,2.8149,3.4550,0.0020,1.6364,0.8612,0.1812,0.7025,736546,0,0,0,0,14,0,0.0072,0.0004,0.0752,540.2,1935,7501
1533,rotate,108.500,6.3816,3.3529,3.0287,3.4755,0.0020,1.6404,0.8704,0.1823,0.7066,736546,0,0,0,0,14,0,0.0082,0.0007,0.0819,540.2,1935,7501
1534,rotate,108.500,5.5764,2.5515,3.0249,3.4755,0.0020,1.6466,0.8786,0.1802,0.6973,736546,0,0,0,0,14,0,0.0072,0.0005,0.0761,540.2,1935,7501
1535,rotate,108.500,5.5143,3.2607,2.2536,3.4816,0.0010,1.6538,0.8827,0.1812,0.6902,736546,0,0,0,0,14,0,0.0103,0.0011,0.1042,540.2,1935,7501
1536,rotate,108.500,5.3710,2.3284,3.0426,3.5144,0.0010,1.6630,0.8950,0.1833,0.6984,736546,0,0,0,0,14,0,0.0068,0.0004,0.0859,540.2,1935,7501
1537,rotate,108.500,5.4914,2.9154,2.5760,4.0090,0.0010,1.6609,1.3937,0.1792,0.6994,736546,0,0,0,0,14,0,0.0072,0.0004,0.0750,540.2,1935,7501
1538,rotate,108.500,5.5823,2.9382,2.6441,3.5082,0.0010,1.6609,0.8919,0.1833,0.6984,736546,0,0,0,0,14,0,0.0070,0.0005,0.0703,540.2,1935,7501
1539,rotate,108.500,6.0310,3.5078,2.5232,3.4949,0.0010,1.6650,0.9052,0.1792,0.6707,736546,0,0,0,0,14,0,0.0073,0.0005,0.0843,540.2,1935,7501
1540,rotate,108.500,6.0993,2.8039,3.2954,3.5092,0.0010,1.6599,0.9021,0.1833,0.6881,736546,0,0,0,0,14,0,0.0083,0.0006,0.0702,540.2,1935,7501
1541,rotate,108.500,5.1761,3.6773,1.4988,3.5287,0.0010,1.6630,0.9134,0.1802,0.6994,736546,0,0,0,0,14,0,0.0075,0.0006,0.0923,540.2,1935,7501
1542,rotate,108.500,5.4945,2.9606,2.5339,3.5041,0.0010,1.6620,0.8960,0.1802,0.6912,736546,0,0,0,0,14,0,0.0076,0.0005,0.0899,540.2,1935,7501
1543,rotate,108.500,5.4818,2.9792,2.5026,4.6797,0.0010,2.2446,1.5094,0.1812,0.6707,736546,0,0,0,0,14,0,0.0081,0.0004,0.0743,540.2,1935,7501
1544,rotate,108.500,5.7381,4.1272,1.6109,3.5195,0.0010,1.6579,0.9124,0.1802,0.6932,736546,0,0,0,0,14,0,0.0075,0.0006,0.0788,540.2,1935,7501
1545,rotate,108.500,6.0177,3.0076,3.0101,3.5348,0.0010,1.6630,0.9083,0.1823,0.7066,736546,0,0,0,0,14,0,0.0075,0.0006,0.0758,540.2,1935,7501
1546,rotate,108.500,5.5833,2.5402,3.0431,3.5092,0.0010,1.6558,0.9011,0.1802,0.6963,736546,0,0,0,0,14,0,0.0074,0.0005,0.0802,540.2,1935,7501
1548,ascent,108.500,6.0088,2.8175,3.1913,3.9014,0.0020,1.6425,1.0936,0.2673,0.8233,736546,0,0,0,0,14,0,0.0076,0.0005,0.0771,540.2,1935,7501
1549,ascent,108.535,4.9051,4.9035,0.0016,3.8830,0.0031,1.6333,1.0578,0.2724,0.8294,736546,0,0,0,0,14,0,0.0196,0.0006,0.0871,540.2,1935,7501
1550,ascent,108.570,5.5393,5.5162,0.0231,3.8851,0.0031,1.6302,1.0629,0.2693,0.8346,736546,0,0,0,0,14,0,0.0260,0.0008,0.0736,540.2,1935,7501
1551,ascent,108.606,4.4760,4.4540,0.0220,3.8636,0.0031,1.6189,1.0670,0.2662,0.8305,736546,0,0,0,0,14,0,0.0238,0.0004,0.1061,540.2,1935,7501
1552,ascent,108.643,3.5058,3.4814,0.0244,3.8461,0.0031,1.6067,1.0445,0.2662,0.8458,736546,0,0,0,0,14,0,0.0242,0.0005,0.0739,540.2,1935,7501
1553,ascent,108.680,6.1029,3.6367,2.4662,4.8640,0.0051,1.9794,1.6947,0.2703,0.8366,736546,0,0,0,0,14,0,0.0250,0.0006,0.0683,540.2,1935,7501
1554,ascent,108.719,6.5963,4.1486,2.4477,3.8461,0.0031,1.5800,1.0557,0.2703,0.8591,736546,0,0,0,0,14,0,0.0237,0.0005,0.0697,540.2,1935,7501
1555,ascent,108.758,7.0732,4.9494,2.1238,3.7724,0.0031,1.5647,1.0250,0.2673,0.8335,736546,0,0,0,0,14,0,0.0278,0.0006,0.0858,540.2,1935,7501
1556,ascent,108.798,6.4675,4.7363,1.7312,3.7847,0.0031,1.5555,1.0260,0.2652,0.8530,736546,0,0,0,0,14,0,0.0269,0.0007,0.1300,540.2,1935,7501
1557,ascent,108.838,6.5187,6.4630,0.0557,3.7888,0.0031,1.5421,1.0301,0.2714,0.8663,736546,0,0,0,0,14,0,0.0265,0.0012,0.0785,540.2,1935,7501
1558,ascent,108.880,5.5276,4.0009,1.5267,4.2998,0.0031,1.8770,1.2390,0.2673,0.8335,736546,0,0,0,0,14,0,0.0253,0.0008,0.1002,540.2,1935,7501
1559,ascent,108.922,5.9404,5.8868,0.0536,3.7571,0.0031,1.5370,1.0353,0.2703,0.8264,736546,0,0,0,0,14,0,0.0255,0.0010,0.1097,540.2,1935,7501
1560,ascent,108.965,7.4034,5.2608,2.1426,3.7499,0.0031,1.5217,1.0240,0.2683,0.8509,736546,0,0,0,0,14,0,0.0240,0.0009,0.1239,540.2,1935,7501
1561,ascent,109.010,5.6148,4.1470,1.4678,3.7171,0.0031,1.5002,1.0117,0.2734,0.8499,736546,0,0,0,0,14,0,0.0247,0.0006,0.0786,540.2,1935,7501
1562,ascent,109.055,6.6365,4.8992,1.7373,3.6936,0.0031,1.4961,0.9984,0.2693,0.8428,736546,0,0,0,0,14,0,0.0251,0.0010,0.1266,540.2,1935,7501
1563,ascent,109.101,5.5894,5.5460,0.0434,5.0299,0.0031,1.7244,1.2882,0.6799,1.2544,736546,0,0,0,0,14,0,0.0329,0.0007,0.1068,540.2,1935,7501
1564,ascent,109.147,6.7681,4.2297,2.5384,3.6833,0.0031,1.4797,1.0025,0.2744,0.8458,736546,0,0,0,0,14,0,0.0229,0.0009,0.1233,540.2,1935,7501
1565,ascent,109.195,7.3565,5.2373,2.1192,4.0458,0.0031,1.4449,1.3885,0.2693,0.8643,736546,0,0,0,0,14,0,0.0232,0.0009,0.1144,540.2,1935,7501
1566,ascent,109.244,6.6080,3.1542,3.4538,3.6086,0.0010,1.4254,0.9912,0.2673,0.8499,736546,0,0,0,0,14,0,0.0283,0.0006,0.0893,540.2,1935,7501
1567,ascent,109.294,6.0240,3.9329,2.0911,3.5942,0.0010,1.4223,1.0076,0.2642,0.8233,736546,0,0,0,0,14,0,0.0259,0.0013,0.1953,540.2,1935,7501
1568,ascent,109.345,5.6911,4.1576,1.5335,4.6029,0.0031,1.8801,0.9964,0.2662,1.3773,736546,0,0,0,0,14,0,0.0267,0.0006,0.0736,540.2,1935,7501
1569,ascent,109.397,5.7147,4.7020,1.0127,3.6116,0.0031,1.4152,0.9974,0.2662,0.8540,736546,0,0,0,0,14,0,0.0299,0.0008,0.1632,540.2,1935,7501
1570,ascent,109.449,6.9261,4.7954,2.1307,3.5881,0.0020,1.3988,0.9953,0.2673,0.8499,736546,0,0,0,0,14,0,0.0309,0.0009,0.1772,540.2,1935,7501
1571,ascent,109.503,6.0506,4.0465,2.0041,3.9803,0.0031,1.3916,1.3967,0.2683,0.8346,736546,0,0,0,0,14,0,0.0267,0.0005,0.0773,540.2,1935,7501
1572,ascent,109.558,6.6046,3.5998,3.0048,3.5553,0.0031,1.3926,0.9718,0.2683,0.8387,736546,0,0,0,0,14,0,0.0245,0.0005,0.0807,540.2,1935,7501
1573,ascent,109.615,5.3257,5.2797,0.0460,3.5389,0.0031,1.3783,0.9595,0.2693,0.8438,736546,0,0,0,0,14,0,0.0256,0.0005,0.0782,540.2,1935,7501
1574,ascent,109.672,6.3424,3.8123,2.5301,4.4186,0.0031,1.6814,1.3251,0.4833,0.8468,736546,0,0,0,0,14,0,0.0261,0.0006,0.0738,540.2,1935,7501
1575,ascent,109.731,5.5747,5.5254,0.0493,3.5226,0.0072,1.3517,0.9841,0.2734,0.8294,736546,0,0,0,0,14,0,0.0271,0.0008,0.0835,540.2,1935,7501
1576,ascent,109.790,6.9055,4.7063,2.1992,3.4939,0.0031,1.3496,0.9595,0.2652,0.8325,736546,0,0,0,0,14,0,0.0324,0.0005,0.0876,540.2,1935,7501
1577,ascent,109.851,6.2976,3.6567,2.6409,3.5082,0.0031,1.3455,0.9615,0.2683,0.8520,736546,0,0,0,0,14,0,0.0251,0.0004,0.0796,540.2,1935,7501
1578,ascent,109.913,5.0792,5.0349,0.0443,3.4867,0.0031,1.3394,0.9503,0.2683,0.8468,736546,0,0,0,0,14,0,0.0290,0.0008,0.1656,540.2,1935,7501
1579,ascent,109.977,6.4831,3.7770,2.7061,3.4703,0.0031,1.3322,0.9492,0.2693,0.8356,736546,0,0,0,0,14,0,0.0257,0.0007,0.0746,540.2,1935,7501
1580,ascent,110.041,5.5900,3.5136,2.0764,3.9700,0.0031,1.8125,0.9462,0.2673,0.8591,736546,0,0,0,0,14,0,0.0250,0.0006,0.0713,540.2,1935,7501
1581,ascent,110.107,5.9305,4.3638,1.5667,3.4478,0.0031,1.3230,0.9431,0.2683,0.8325,736546,0,0,0,0,14,0,0.0254,0.0009,0.1345,540.2,1935,7501
1582,ascent,110.175,6.1953,4.2013,1.9940,3.4796,0.0031,1.3148,0.9554,0.2703,0.8499,736546,0,0,0,0,14,0,0.0221,0.0008,0.1145,540.2,1935,7501
1583,ascent,110.244,5.9541,3.7827,2.1714,3.4335,0.0031,1.3117,0.9400,0.2724,0.8294,736546,0,0,0,0,14,0,0.0262,0.0005,0.0778,540.2,1935,7501
1584,ascent,110.314,5.7684,4.2025,1.5659,3.4324,0.0072,1.3005,0.9482,0.2693,0.8305,736546,0,0,0,0,14,0,0.0260,0.0005,0.0716,540.2,1935,7501
1585,ascent,110.385,5.6630,3.3489,2.3141,4.0120,0.0031,1.2974,1.5206,0.2652,0.8468,736546,0,0,0,0,14,0,0.0302,0.0009,0.1419,540.2,1935,7501
1586,ascent,110.458,5.5157,5.4727,0.0430,3.4652,0.0041,1.2954,0.9462,0.2693,0.8745,736546,0,0,0,0,14,0,0.0304,0.0007,0.0767,540.2,1935,7501
1587,ascent,110.533,6.7589,5.1179,1.6410,3.4017,0.0031,1.2882,0.9349,0.2673,0.8284,736546,0,0,0,0,14,0,0.0276,0.0007,0.1252,540.2,1935,7501
1588,ascent,110.609,6.2627,6.2253,0.0374,3.4120,0.0031,1.2851,0.9380,0.2683,0.8387,736546,0,0,0,0,14,0,0.0269,0.0007,0.0856,540.2,1935,7501
1589,ascent,110.687,4.6373,4.6145,0.0228,3.4150,0.0031,1.2790,0.9277,0.2734,0.8479,736546,0,0,0,0,14,0,0.0259,0.0005,0.0819,540.2,1935,7501
1590,ascent,110.766,6.5334,3.9973,2.5361,3.3935,0.0031,1.2728,0.9318,0.2673,0.8428,736546,0,0,0,0,14,0,0.0265,0.0010,0.0786,540.2,1935,7501
1591,ascent,110.847,5.3140,3.3308,1.9832,4.1697,0.0031,1.6230,1.1479,0.2652,0.8253,736546,0,0,0,0,14,0,0.0239,0.0005,0.0803,540.2,1935,7501
1592,ascent,110.929,5.4953,5.4639,0.0314,3.3925,0.0031,1.2564,0.9308,0.2755,0.8438,736546,0,0,0,0,14,0,0.0247,0.0005,0.0727,540.2,1935,7501
1593,ascent,111.013,6.9681,3.8550,3.1131,3.3556,0.0010,1.2493,0.9196,0.2662,0.8448,736546,0,0,0,0,14,0,0.0252,0.0010,0.1276,540.2,1935,7501
1594,ascent,111.099,5.6121,2.5332,3.0789,3.3485,0.0010,1.2390,0.9185,0.2662,0.8479,736546,0,0,0,0,14,0,0.0280,0.0007,0.0839,540.2,1935,7501
1595,ascent,111.187,5.0124,4.9751,0.0373,3.3198,0.0031,1.2401,0.9165,0.2662,0.8069,736546,0,0,0,0,14,0,0.0252,0.0013,0.1142,540.2,1935,7501
1596,ascent,111.276,6.2607,3.7107,2.5500,3.3792,0.0031,1.2411,0.9370,0.2673,0.8468,736546,0,0,0,0,14,0,0.0252,0.0008,0.0715,540.2,1935,7501
1597,ascent,111.367,4.7623,4.7301,0.0322,3.3413,0.0031,1.2329,0.9165,0.2642,0.8458,736546,0,0,0,0,14,0,0.0272,0.0004,0.0789,540.2,1935,7501
1598,ascent,111.460,6.7784,4.7379,2.0405,3.3454,0.0031,1.2227,0.9165,0.2662,0.8530,736546,0,0,0,0,14,0,0.0410,0.0009,0.2587,540.2,1935,7501
1599,ascent,111.555,6.2235,4.7616,1.4619,3.3085,0.0031,1.2227,0.9175,0.2662,0.8120,736546,0,0,0,0,14,0,0.0230,0.0006,0.0734,540.2,1935,7501
1600,ascent,111.652,4.8008,4.7674,0.0334,3.3454,0.0031,1.2227,0.9144,0.2683,0.8530,736546,0,0,0,0,14,0,0.0245,0.0005,0.0708,540.2,1935,7501
1601,ascent,111.751,6.0108,4.0422,1.9686,3.3198,0.0031,1.2145,0.9083,0.2734,0.8438,736546,0,0,0,0,14,0,0.0250,0.0006,0.0746,540.2,1935,7501
1602,ascent,111.852,5.9190,3.3282,2.5908,3.7796,0.0031,1.2165,1.1407,0.2703,1.0721,736546,0,0,0,0,14,0,0.0282,0.0010,0.0835,540.2,1935,7501
1603,ascent,111.955,5.5218,3.9025,1.6193,3.2922,0.0031,1.2114,0.9103,0.2703,0.8192,736546,0,0,0,0,14,0,0.0233,0.0005,0.0772,540.2,1935,7501
1604,ascent,112.060,6.3400,3.7186,2.6214,3.2942,0.0031,1.2083,0.9032,0.2673,0.8335,736546,0,0,0,0,14,0,0.0253,0.0007,0.1242,540.2,1935,7501
1605,ascent,112.167,5.6015,4.1041,1.4974,3.3198,0.0031,1.2032,0.9216,0.2703,0.8428,736546,0,0,0,0,14,0,0.0240,0.0008,0.0812,540.2,1935,7501
1606,ascent,112.276,4.6091,4.5464,0.0627,3.3567,0.0031,1.2063,0.9226,0.2693,0.8745,736546,0,0,0,0,14,0,0.0236,0.0008,0.0762,540.2,1935,7501
1607,ascent,112.388,6.3393,3.8742,2.4651,3.2860,0.0031,1.2052,0.9032,0.2662,0.8223,736546,0,0,0,0,14,0,0.0277,0.0004,0.0886,540.2,1935,7501
1608,ascent,112.502,5.7262,3.6426,2.0836,3.3352,0.0031,1.1981,0.9103,0.2714,0.8673,736546,0,0,0,0,14,0,0.0243,0.0012,0.0734,540.2,1935,7501
1609,ascent,112.618,5.1062,5.0725,0.0337,3.8042,0.0031,1.6886,0.9175,0.2693,0.8428,736546,0,0,0,0,14,0,0.0249,0.0006,0.0761,540.2,1935,7501
1610,ascent,112.736,6.1440,4.5778,1.5662,3.3280,0.0031,1.2022,0.9196,0.2724,0.8530,736546,0,0,0,0,14,0,0.0284,0.0010,0.1088,540.2,1935,7501
1611,ascent,112.857,6.2732,3.0644,3.2088,3.2911,0.0041,1.1971,0.9185,0.2673,0.8192,736546,0,0,0,0,14,0,0.0246,0.0005,0.0821,540.2,1935,7501
1612,ascent,112.981,5.6614,4.0827,1.5787,3.2942,0.0031,1.1981,0.9021,0.2703,0.8448,736546,0,0,0,0,14,0,0.0263,0.0008,0.0752,540.2,1935,7501
1613,ascent,113.106,5.3795,3.4076,1.9719,3.3085,0.0031,1.1981,0.9021,0.2714,0.8561,736546,0,0,0,0,14,0,0.0248,0.0005,0.0766,540.2,1935,7501
1614,ascent,113.235,5.5198,3.5327,1.9871,4.1646,0.0031,1.4623,1.2626,0.4833,0.8765,736546,0,0,0,0,14,0,0.0270,0.0006,0.1219,540.2,1935,7501
1615,ascent,113.366,5.8448,3.5180,2.3268,3.2727,0.0031,1.1899,0.9083,0.2652,0.8305,736546,0,0,0,0,14,0,0.0245,0.0006,0.0789,540.2,1935,7501
1616,ascent,113.500,6.4446,3.5475,2.8971,3.2963,0.0031,1.1878,0.9042,0.2714,0.8520,736546,0,0,0,0,14,0,0.0310,0.0008,0.1378,540.2,1935,7501
1617,ascent,113.636,5.4234,3.3040,2.1194,3.3137,0.0031,1.1848,0.9144,0.2683,0.8653,736546,0,0,0,0,14,0,0.0255,0.0005,0.0856,540.2,1935,7501
1618,ascent,113.776,5.5270,3.9938,1.5332,3.3239,0.0031,1.1817,0.9185,0.2683,0.8745,736546,0,0,0,0,14,0,0.0259,0.0007,0.0756,540.2,1935,7501
1619,ascent,113.918,5.8524,3.7559,2.0965,3.2768,0.0031,1.1796,0.9124,0.2652,0.8366,736546,0,0,0,0,14,0,0.0251,0.0005,0.0791,540.2,1935,7501
1620,ascent,114.063,5.4005,3.3798,2.0207,3.2737,0.0031,1.1848,0.9042,0.2673,0.8366,736546,0,0,0,0,14,0,0.0254,0.0004,0.0761,540.2,1935,7501
1621,ascent,114.211,5.2808,3.7424,1.5384,3.2901,0.0020,1.1827,0.9093,0.2683,0.8550,736546,0,0,0,0,14,0,0.0264,0.0005,0.0931,540.2,1935,7501
1622,ascent,114.362,6.1227,3.3060,2.8167,3.6608,0.0020,1.5524,0.9114,0.2652,0.8571,736546,0,0,0,0,14,0,0.0236,0.0008,0.0988,540.2,1935,7501
1623,ascent,114.516,5.1298,4.2276,0.9022,3.2737,0.0031,1.1827,0.9114,0.2683,0.8305,736546,0,0,0,0,14,0,0.0281,0.0008,0.0912,540.2,1935,7501
1624,ascent,114.673,5.9635,3.8157,2.1478,3.2983,0.0031,1.1807,0.9124,0.2734,0.8479,736546,0,0,0,0,14,0,0.0229,0.0006,0.0829,540.2,1935,7501
1625,ascent,114.833,5.7219,3.6943,2.0276,3.3044,0.0031,1.1848,0.9103,0.2662,0.8612,736546,0,0,0,0,14,0,0.0261,0.0007,0.0954,540.2,1935,7501
1626,ascent,114.997,5.5007,4.0321,1.4686,4.1431,0.0031,1.1786,1.5370,0.2662,0.8684,736546,0,0,0,0,14,0,0.0264,0.0006,0.0742,540.2,1935,7501
1627,ascent,115.164,4.9631,4.9331,0.0300,3.2758,0.0031,1.1817,0.9093,0.2662,0.8366,736546,0,0,0,0,14,0,0.0241,0.0005,0.0976,540.2,1935,7501
1628,ascent,115.334,7.0943,3.9820,3.1123,3.3126,0.0031,1.1827,0.9298,0.2673,0.8448,736546,0,0,0,0,14,0,0.0318,0.0007,0.1115,540.2,1935,7501
1629,ascent,115.508,5.2803,3.8045,1.4758,3.3085,0.0031,1.1827,0.9144,0.2642,0.8663,736546,0,0,0,0,14,0,0.0286,0.0005,0.0941,540.2,1935,7501
1630,ascent,115.686,5.6684,3.6719,1.9965,3.3004,0.0031,1.1827,0.9103,0.2652,0.8632,736546,0,0,0,0,14,0,0.0260,0.0009,0.1143,540.2,1935,7501
1631,ascent,115.867,5.7002,3.7052,1.9950,3.3034,0.0031,1.1889,0.9185,0.2673,0.8489,736546,0,0,0,0,14,0,0.0241,0.0005,0.0735,540.2,1935,7501
1632,ascent,116.051,5.4150,3.9525,1.4625,3.7161,0.0031,1.6046,0.9134,0.2683,0.8468,736546,0,0,0,0,14,0,0.0248,0.0007,0.0747,540.2,1935,7501
1633,ascent,116.240,5.3143,5.2839,0.0304,3.3239,0.0031,1.1909,0.9236,0.2693,0.8612,736546,0,0,0,0,14,0,0.0368,0.0009,0.2369,540.2,1935,7501
1634,ascent,116.432,7.1666,4.6243,2.5423,3.3751,0.0031,1.1960,0.9421,0.2693,0.8786,736546,0,0,0,0,14,0,0.0255,0.0008,0.1183,540.2,1935,7501
1635,ascent,116.628,4.5552,4.5155,0.0397,3.3270,0.0031,1.1919,0.9277,0.2714,0.8540,736546,0,0,0,0,14,0,0.0280,0.0006,0.1017,540.2,1935,7501
1636,ascent,116.829,5.4608,5.4392,0.0216,3.3413,0.0031,1.1930,0.9359,0.2662,0.8653,736546,0,0,0,0,14,0,0.0232,0.0007,0.1141,540.2,1935,7501
1637,ascent,117.033,5.3357,5.3081,0.0276,3.3413,0.0031,1.1950,0.9206,0.2703,0.8724,736546,0,0,0,0,14,0,0.0274,0.0008,0.0915,540.2,1935,7501
1638,ascent,117.242,6.3923,3.5617,2.8306,4.0438,0.0031,1.1981,1.3773,0.2683,0.8878,736546,0,0,0,0,14,0,0.0292,0.0006,0.0731,540.2,1935,7501
1639,ascent,117.454,5.0095,4.9671,0.0424,3.3249,0.0031,1.2052,0.9226,0.2693,0.8458,736546,0,0,0,0,14,0,0.0286,0.0004,0.0860,540.2,1935,7501
1640,ascent,117.671,6.4650,6.4388,0.0262,3.3485,0.0031,1.2052,0.9247,0.2693,0.8694,736546,0,0,0,0,14,0,0.0332,0.0005,0.0845,540.2,1935,7501
1641,ascent,117.893,5.7604,3.1691,2.5913,3.3587,0.0031,1.2012,0.9277,0.2724,0.8765,736546,0,0,0,0,14,0,0.0296,0.0009,0.0993,540.2,1935,7501
1642,ascent,118.119,5.4929,3.4514,2.0415,3.3710,0.0031,1.2052,0.9339,0.2673,0.8796,736546,0,0,0,0,14,0,0.0248,0.0007,0.0789,540.2,1935,7501
1643,ascent,118.349,5.7752,4.1332,1.6420,3.5738,0.0031,1.2083,0.9298,0.5069,0.8489,736546,0,0,0,0,14,0,0.0250,0.0005,0.0754,540.2,1935,7501
1644,ascent,118.585,5.9374,3.7123,2.2251,3.3618,0.0031,1.2083,0.9329,0.2703,0.8704,736546,0,0,0,0,14,0,0.0238,0.0016,0.1043,540.2,1935,7501
1645,ascent,118.825,5.3488,5.3029,0.0459,3.3782,0.0031,1.2093,0.9431,0.2703,0.8745,736546,0,0,0,0,14,0,0.0246,0.0004,0.0829,540.2,1935,7501
1646,ascent,119.070,5.9695,3.8549,2.1146,3.4263,0.0031,1.2186,0.9574,0.2652,0.9052,736546,0,0,0,0,14,0,0.0288,0.0005,0.0733,540.2,1935,7501
1647,ascent,119.320,5.4781,3.8251,1.6530,3.4017,0.0031,1.2206,0.9759,0.2693,0.8489,736546,0,0,0,0,14,0,0.0262,0.0007,0.0787,540.2,1935,7501
1648,ascent,119.575,5.7213,3.7367,1.9846,3.3925,0.0020,1.2165,0.9462,0.2662,0.8765,736546,0,0,0,0,14,0,0.0248,0.0006,0.0782,540.2,1935,7501
1649,ascent,119.835,5.7020,2.6752,3.0268,3.6424,0.0031,1.2124,1.2001,0.2683,0.8827,736546,0,0,0,0,14,0,0.0250,0.0005,0.0763,540.2,1935,7501
1650,ascent,120.101,6.0711,2.9578,3.1133,3.3946,0.0010,1.2186,0.9452,0.2673,0.8888,736546,0,0,0,0,14,0,0.0259,0.0008,0.0740,540.2,1935,7501
1651,ascent,120.372,5.6912,4.2376,1.4536,3.3894,0.0031,1.2257,0.9564,0.2693,0.8561,736546,0,0,0,0,14,0,0.0254,0.0006,0.0829,540.2,1935,7501
1652,ascent,120.648,5.8209,3.7704,2.0505,3.4427,0.0031,1.2257,0.9728,0.2683,0.8919,736546,0,0,0,0,14,0,0.0295,0.0013,0.1986,540.2,1935,7501
1653,ascent,120.930,5.0013,4.9659,0.0354,3.4468,0.0031,1.2288,0.9626,0.2652,0.9032,736546,0,0,0,0,14,0,0.0298,0.0006,0.1152,540.2,1935,7501
1654,ascent,121.218,6.1288,3.5547,2.5741,3.4591,0.0031,1.2288,0.9697,0.2662,0.9134,736546,0,0,0,0,14,0,0.0321,0.0006,0.0941,540.2,1935,7501
1655,ascent,121.512,5.5199,3.8290,1.6909,4.3459,0.0031,1.4756,1.2585,0.2632,1.2677,736546,0,0,0,0,14,0,0.0269,0.0005,0.0748,540.2,1935,7501
1656,ascent,121.812,5.3606,5.2272,0.1334,3.4652,0.0031,1.2349,0.9759,0.2642,0.9093,736546,0,0,0,0,14,0,0.0255,0.0009,0.1177,540.2,1935,7501
1657,ascent,122.117,6.9862,4.8547,2.1315,3.4898,0.0031,1.2390,0.9769,0.2683,0.9165,736546,0,0,0,0,14,0,0.0256,0.0004,0.1053,540.2,1935,7501
1658,ascent,122.429,5.8556,4.2676,1.5880,3.4867,0.0031,1.2390,0.9769,0.2662,0.9165,736546,0,0,0,0,14,0,0.0266,0.0005,0.0864,540.2,1935,7501
1659,ascent,122.748,6.4822,6.4339,0.0483,3.4888,0.0031,1.2483,1.0025,0.2714,0.8858,736546,0,0,0,0,14,0,0.0286,0.0008,0.1286,540.2,1935,7501
1660,ascent,123.073,4.8476,4.8242,0.0234,3.5000,0.0031,1.2431,0.9902,0.2662,0.9144,736546,0,0,0,0,14,0,0.0264,0.0004,0.0879,540.2,1935,7501
1661,ascent,123.404,5.8975,4.3230,1.5745,3.8830,0.0031,1.6200,1.0025,0.2673,0.9114,736546,0,0,0,0,14,0,0.0488,0.0008,0.0934,540.2,1935,7501
1662,ascent,123.743,5.6018,3.9703,1.6315,3.5666,0.0041,1.2483,1.0260,0.2693,0.9390,736546,0,0,0,0,14,0,0.0334,0.0010,0.1556,540.2,1935,7501
1663,ascent,124.088,6.7174,4.5841,2.1333,3.5113,0.0031,1.2575,1.0004,0.2703,0.8940,736546,0,0,0,0,14,0,0.0296,0.0009,0.1062,540.2,1935,7501
1664,ascent,124.440,5.6166,4.0522,1.5644,3.5471,0.0031,1.2554,1.0035,0.2673,0.9298,736546,0,0,0,0,14,0,0.0326,0.0008,0.1022,540.2,1935,7501
1665,ascent,124.799,5.0341,4.9860,0.0481,3.5594,0.0031,1.2585,1.0138,0.2662,0.9370,736546,0,0,0,0,14,0,0.0249,0.0009,0.1085,540.2,1935,7501
1666,ascent,125.166,6.7730,4.6729,2.1001,3.5850,0.0031,1.2626,1.0127,0.2724,0.9554,736546,0,0,0,0,14,0,0.0295,0.0015,0.1033,540.2,1935,7501
1667,ascent,125.540,6.0229,4.0641,1.9588,3.9455,0.0031,1.6384,1.0312,0.2724,0.9216,736546,0,0,0,0,14,0,0.0325,0.0007,0.0894,540.2,1935,7501
1668,ascent,125.922,4.8762,4.8336,0.0426,3.5676,0.0031,1.2646,1.0281,0.2662,0.9277,736546,0,0,0,0,14,0,0.0296,0.0013,0.1058,540.2,1935,7501
1669,ascent,126.312,7.2472,4.1221,3.1251,3.6086,0.0031,1.2698,1.0322,0.2673,0.9544,736546,0,0,0,0,14,0,0.0324,0.0011,0.0994,540.2,1935,7501
1670,ascent,126.709,6.0188,5.9868,0.0320,3.6239,0.0031,1.2769,1.0383,0.2703,0.9482,736546,0,0,0,0,14,0,0.0249,0.0006,0.0711,540.2,1935,7501
1671,ascent,127.115,5.2837,3.7645,1.5192,3.5963,0.0031,1.2739,1.0547,0.2693,0.9165,736546,0,0,0,0,14,0,0.0282,0.0008,0.1897,540.2,1935,7501
1672,ascent,127.529,5.8968,3.8584,2.0384,3.6116,0.0031,1.2769,1.0435,0.2662,0.9359,736546,0,0,0,0,14,0,0.0280,0.0006,0.0804,540.2,1935,7501
1673,ascent,127.951,5.4988,5.4650,0.0338,4.1359,0.0031,1.7326,1.0762,0.2724,0.9718,736546,0,0,0,0,14,0,0.0270,0.0006,0.0768,540.2,1935,7501
1674,ascent,128.382,6.4787,4.9621,1.5166,3.6536,0.0031,1.2872,1.0557,0.2652,0.9636,736546,0,0,0,0,14,0,0.0318,0.0009,0.0847,540.2,1935,7501
1675,ascent,128.822,5.6666,5.6284,0.0382,3.6086,0.0031,1.2800,1.0537,0.2662,0.9267,736546,0,0,0,0,14,0,0.0264,0.0005,0.0852,540.2,1935,7501
1676,ascent,129.270,6.5022,3.9486,2.5536,3.6372,0.0010,1.2790,1.0629,0.2652,0.9533,736546,0,0,0,0,14,0,0.0274,0.0005,0.0971,540.2,1935,7501
1677,ascent,129.728,5.6420,3.0579,2.5841,3.6454,0.0010,1.2841,1.0609,0.2652,0.9595,736546,0,0,0,0,14,0,0.0265,0.0005,0.0742,540.2,1935,7501
1678,ascent,130.195,5.9020,2.7838,3.1182,3.6567,0.0010,1.2841,1.0711,0.2662,0.9605,736546,0,0,0,0,14,0,0.0256,0.0005,0.0772,540.2,1935,7501
1679,ascent,130.672,6.3073,4.0741,2.2332,3.6690,0.0041,1.2995,1.0875,0.2683,0.9298,736546,0,0,0,0,14,0,0.0296,0.0010,0.1659,540.2,1935,7501
1680,ascent,131.158,5.7731,3.6820,2.0911,3.6987,0.0031,1.2954,1.1100,0.2652,0.9462,736546,0,0,0,0,14,0,0.0272,0.0008,0.0818,540.2,1935,7501
1681,ascent,131.654,6.2904,3.5786,2.7118,3.7059,0.0031,1.2974,1.1049,0.2642,0.9595,736546,0,0,0,0,14,0,0.0460,0.0006,0.1314,540.2,1935,7501
1682,ascent,132.161,5.6777,4.1381,1.5396,3.7304,0.0031,1.3015,1.1059,0.2662,0.9718,736546,0,0,0,0,14,0,0.0286,0.0008,0.0829,540.2,1935,7501
1683,ascent,132.677,6.0031,5.9689,0.0342,4.1329,0.0031,1.3036,1.3179,0.4884,0.9411,736546,0,0,0,0,14,0,0.0290,0.0007,0.0820,540.2,1935,7501
1684,ascent,133.205,8.5619,8.5293,0.0326,3.7018,0.0031,1.3056,1.1039,0.2652,0.9462,736546,0,0,0,0,14,0,0.0300,0.0009,0.1416,540.2,1935,7501
1685,ascent,133.743,4.1253,4.0905,0.0348,3.7714,0.0031,1.3087,1.1356,0.2724,0.9677,736546,0,0,0,0,14,0,0.0249,0.0007,0.1333,540.2,1935,7501
1686,ascent,134.291,5.9797,3.8468,2.1329,3.7775,0.0031,1.3117,1.1366,0.2683,0.9738,736546,0,0,0,0,14,0,0.0237,0.0004,0.1009,540.2,1935,7501
1687,ascent,134.852,5.5961,4.0439,1.5522,3.7499,0.0031,1.3148,1.1407,0.2693,0.9462,736546,0,0,0,0,14,0,0.0249,0.0006,0.0812,540.2,1935,7501
1688,ascent,135.423,6.1775,4.0409,2.1366,3.7396,0.0031,1.3189,1.1203,0.2652,0.9533,736546,0,0,0,0,14,0,0.0321,0.0007,0.1087,540.2,1935,7501
1689,ascent,136.006,6.0469,3.9561,2.0908,4.1912,0.0031,1.7121,1.1397,0.2714,0.9851,736546,0,0,0,0,14,0,0.0246,0.0007,0.0792,540.2,1935,7501
1690,ascent,136.601,6.5195,4.7724,1.7471,3.8042,0.0031,1.3261,1.1448,0.2662,0.9789,736546,0,0,0,0,14,0,0.0275,0.0010,0.1375,540.2,1935,7501
1691,ascent,137.208,6.1523,4.0777,2.0746,3.8021,0.0031,1.3353,1.1540,0.2662,0.9646,736546,0,0,0,0,14,0,0.0256,0.0007,0.0762,540.2,1935,7501
1692,ascent,137.828,5.8636,5.8282,0.0354,3.8113,0.0031,1.3394,1.1571,0.2662,0.9667,736546,0,0,0,0,14,0,0.0328,0.0007,0.0826,540.2,1935,7501
1693,ascent,138.460,5.9159,3.8792,2.0367,3.8779,0.0031,1.3394,1.2083,0.2662,0.9820,736546,0,0,0,0,14,0,0.0244,0.0006,0.0732,540.2,1935,7501
1694,ascent,139.105,6.0424,4.0053,2.0371,4.3069,0.0031,1.3507,1.3885,0.4905,0.9851,736546,0,0,0,0,14,0,0.0341,0.0012,0.1193,540.2,1935,7501
1695,ascent,139.763,6.1296,4.3470,1.7826,3.8451,0.0031,1.3548,1.1766,0.2693,0.9554,736546,0,0,0,0,14,0,0.0283,0.0008,0.0803,540.2,1935,7501
1696,ascent,140.435,6.8466,3.9724,2.8742,3.8298,0.0031,1.3527,1.1633,0.2683,0.9564,736546,0,0,0,0,14,0,0.0271,0.0004,0.0918,540.2,1935,7501
1698,ascent,141.819,5.8753,3.8270,2.0483,3.8994,0.0031,1.3578,1.2145,0.2734,0.9738,736546,0,0,0,0,14,0,0.0266,0.0008,0.0807,540.2,1935,7501
1699,ascent,142.533,4.1889,4.1875,0.0014,3.9178,0.0031,1.3681,1.2298,0.2673,0.9626,736546,0,0,0,0,14,0,0.0216,0.0009,0.0948,540.2,1935,7501
1700,ascent,143.261,4.2239,4.1996,0.0243,3.8881,0.0031,1.3711,1.2083,0.2714,0.9544,736546,0,0,0,0,14,0,0.0282,0.0006,0.0804,540.2,1935,7501
1701,ascent,144.004,4.8145,4.7917,0.0228,3.9014,0.0031,1.3783,1.2134,0.2662,0.9636,736546,0,0,0,0,14,0,0.0303,0.0005,0.0793,540.2,1935,7501
1702,ascent,144.761,4.3357,4.3122,0.0235,3.9352,0.0031,1.3763,1.2380,0.2683,0.9708,736546,0,0,0,0,14,0,0.0309,0.0009,0.0836,540.2,1935,7501
1703,ascent,145.535,6.1914,3.1594,3.0320,4.9869,0.0031,1.8534,1.5596,0.2662,1.2165,736546,0,0,0,0,14,0,0.0259,0.0007,0.0744,540.2,1935,7501
1704,ascent,146.324,5.9743,4.3212,1.6531,3.9301,0.0031,1.3844,1.2308,0.2693,0.9595,736546,0,0,0,0,14,0,0.0256,0.0006,0.1001,540.2,1935,7501
1705,ascent,147.129,7.3948,5.8543,1.5405,3.9700,0.0031,1.3947,1.2472,0.2683,0.9759,736546,0,0,0,0,14,0,0.0307,0.0008,0.1396,540.2,1935,7501
1706,ascent,147.951,5.2915,5.2554,0.0361,3.9291,0.0031,1.3926,1.2308,0.2734,0.9503,736546,0,0,0,0,14,0,0.0306,0.0006,0.0853,540.2,1935,7501
1707,ascent,148.789,6.7560,4.7789,1.9771,3.9547,0.0031,1.3988,1.2564,0.2693,0.9472,736546,0,0,0,0,14,0,0.0249,0.0008,0.0839,540.2,1935,7501
1708,ascent,149.645,6.3596,4.2854,2.0742,3.9782,0.0031,1.4019,1.2769,0.2714,0.9390,736546,0,0,0,0,14,0,0.0260,0.0007,0.0727,540.2,1935,7501
1709,ascent,150.518,5.9648,3.8061,2.1587,4.8097,0.0031,1.6804,1.8227,0.2703,0.9554,736546,0,0,0,0,14,0,0.0249,0.0008,0.0978,540.2,1935,7501
1710,ascent,151.408,6.1875,4.5841,1.6034,3.9987,0.0031,1.4060,1.2882,0.2693,0.9452,736546,0,0,0,0,14,0,0.0287,0.0007,0.1112,540.2,1935,7501
1711,ascent,152.317,7.5252,4.6450,2.8802,3.9864,0.0031,1.4070,1.2933,0.2673,0.9339,736546,0,0,0,0,14,0,0.0265,0.0012,0.1268,540.2,1935,7501
1712,ascent,153.244,5.5948,5.5467,0.0481,3.9711,0.0031,1.4060,1.2882,0.2673,0.9298,736546,0,0,0,0,14,0,0.0257,0.0005,0.0842,540.2,1935,7501
1713,ascent,154.191,6.1467,3.9948,2.1519,3.9680,0.0031,1.4070,1.2892,0.2693,0.9226,736546,0,0,0,0,14,0,0.0270,0.0009,0.1021,540.2,1935,7501
1714,ascent,155.156,6.0921,3.9273,2.1648,4.0253,0.0031,1.4080,1.3281,0.2683,0.9359,736546,0,0,0,0,14,0,0.0251,0.0005,0.0840,540.2,1935,7501
1715,ascent,156.141,7.1979,4.3522,2.8457,4.0008,0.0031,1.4060,1.3271,0.2724,0.9134,736546,0,0,0,0,14,0,0.0253,0.0009,0.1401,540.2,1935,7501
1716,ascent,157.147,6.4771,2.8596,3.6175,3.9782,0.0010,1.4039,1.3240,0.2652,0.9103,736546,0,0,0,0,14,0,0.0228,0.0004,0.0845,540.2,1935,7501
1717,ascent,158.172,5.7947,4.6768,1.1179,3.9526,0.0010,1.3988,1.2995,0.2632,0.9165,736546,0,0,0,0,14,0,0.0236,0.0008,0.1199,540.2,1935,7501
1718,ascent,159.219,6.2316,3.1588,3.0728,3.9916,0.0020,1.3967,1.3332,0.2724,0.9134,736546,0,0,0,0,14,0,0.0241,0.0006,0.0789,540.2,1935,7501
1719,ascent,160.287,5.9419,3.8310,2.1109,4.9080,0.0031,1.8862,1.3425,0.2662,1.3302,736546,0,0,0,0,14,0,0.0247,0.0007,0.0777,540.2,1935,7501
1720,ascent,161.377,6.1526,6.1081,0.0445,3.9680,0.0031,1.3967,1.3230,0.2683,0.8991,736546,0,0,0,0,14,0,0.0241,0.0005,0.0828,540.2,1935,7501
1721,ascent,162.488,7.1121,3.7814,3.3307,4.9244,0.0031,2.3163,1.3435,0.2693,0.9144,736546,0,0,0,0,14,0,0.0244,0.0006,0.0858,540.2,1935,7501
1722,ascent,163.623,5.8696,3.7711,2.0985,4.0100,0.0031,1.4029,1.3466,0.2703,0.9062,736546,0,0,0,0,14,0,0.0279,0.0006,0.0869,540.2,1935,7501
1723,ascent,164.781,7.1532,4.5206,2.6326,4.5640,0.0031,1.4039,1.3711,0.2693,1.4387,736546,0,0,0,0,14,0,0.0203,0.0008,0.1179,540.2,1935,7501
1724,ascent,165.962,6.4061,4.1429,2.2632,4.2578,0.0031,1.6814,1.3373,0.2683,0.8899,736546,0,0,0,0,14,0,0.0228,0.0009,0.1118,540.2,1935,7501
1725,ascent,167.167,6.8043,4.5130,2.2913,4.0079,0.0031,1.4060,1.3599,0.2652,0.8940,736546,0,0,0,0,14,0,0.0345,0.0008,0.1225,540.2,1935,7501
1726,ascent,168.397,6.0097,4.4464,1.5633,4.0346,0.0031,1.4049,1.3804,0.2734,0.8940,736546,0,0,0,0,14,0,0.0268,0.0007,0.0840,540.2,1935,7501
1727,ascent,169.652,6.3910,3.7695,2.6215,3.9926,0.0031,1.4019,1.3588,0.2683,0.8827,736546,0,0,0,0,14,0,0.0249,0.0004,0.0798,540.2,1935,7501
1728,ascent,170.933,6.3675,4.6762,1.6913,4.0212,0.0031,1.4070,1.3865,0.2673,0.8786,736546,0,0,0,0,14,0,0.0254,0.0005,0.0831,540.2,1935,7501
1729,ascent,172.239,6.1066,3.5823,2.5243,4.6920,0.0031,1.4111,1.6722,0.2714,1.2575,736546,0,0,0,0,14,0,0.0269,0.0008,0.1226,540.2,1935,7501
1730,ascent,173.572,6.7403,4.8063,1.9340,4.0438,0.0031,1.4090,1.3885,0.2673,0.8960,736546,0,0,0,0,14,0,0.0243,0.0004,0.0874,540.2,1935,7501
1731,ascent,174.933,7.0714,3.7427,3.3287,4.0366,0.0031,1.4008,1.4008,0.2673,0.8868,736546,0,0,0,0,14,0,0.0323,0.0009,0.1376,540.2,1935,7501
1732,ascent,176.321,5.6883,5.6481,0.0402,4.0335,0.0031,1.3978,1.4162,0.2703,0.8602,736546,0,0,0,0,14,0,0.0266,0.0006,0.1056,540.2,1935,7501
1733,ascent,177.737,6.2303,4.1367,2.0936,4.0387,0.0031,1.3967,1.4316,0.2662,0.8550,736546,0,0,0,0,14,0,0.0261,0.0010,0.0960,540.2,1935,7501
1734,ascent,179.182,6.1437,4.1048,2.0389,4.5558,0.0031,1.3967,1.6732,0.2662,1.1366,736546,0,0,0,0,14,0,0.0290,0.0009,0.0903,540.2,1935,7501
1735,ascent,180.657,6.2872,3.7110,2.5762,4.0079,0.0031,1.4019,1.4234,0.2693,0.8325,736546,0,0,0,0,14,0,0.0264,0.0007,0.0857,540.2,1935,7501
1736,ascent,182.162,7.0931,4.5192,2.5739,4.0008,0.0031,1.3814,1.4305,0.2693,0.8366,736546,0,0,0,0,14,0,0.0309,0.0009,0.1061,540.2,1935,7501
1737,ascent,183.697,6.3203,3.7669,2.5534,3.9956,0.0031,1.3773,1.4346,0.2683,0.8346,736546,0,0,0,0,14,0,0.0320,0.0009,0.0856,540.2,1935,7501
1738,ascent,185.264,6.3581,3.8123,2.5458,3.9854,0.0031,1.3711,1.4264,0.2673,0.8315,736546,0,0,0,0,14,0,0.0553,0.0006,0.0755,540.2,1935,7501
1739,ascent,186.862,5.5737,3.5202,2.0535,3.9711,0.0031,1.3609,1.4305,0.2652,0.8274,736546,0,0,0,0,14,0,0.0382,0.0006,0.0973,540.2,1935,7501
1740,ascent,188.493,6.6713,3.4456,3.2257,3.9598,0.0031,1.3548,1.4418,0.2693,0.8151,736546,0,0,0,0,14,0,0.0259,0.0013,0.0888,540.2,1935,7501
1741,ascent,190.158,5.5401,3.9750,1.5651,3.9516,0.0031,1.3404,1.4438,0.2673,0.8172,736546,0,0,0,0,14,0,0.0297,0.0007,0.0838,540.2,1935,7501
1742,ascent,191.856,6.4402,3.3503,3.0899,4.9920,0.0031,1.7592,1.4572,0.6236,1.0711,736546,0,0,0,0,14,0,0.0257,0.0008,0.0764,540.2,1935,7501
1743,ascent,193.589,6.0947,2.6744,3.4203,3.8707,0.0010,1.3251,1.4029,0.2693,0.7967,736546,0,0,0,0,14,0,0.0300,0.0006,0.0920,540.2,1935,7501
1744,ascent,195.357,6.9855,3.1980,3.7875,3.8636,0.0010,1.3169,1.4141,0.2662,0.7875,736546,0,0,0,0,14,0,0.0299,0.0010,0.1493,540.2,1935,7501
1745,ascent,197.161,5.7352,3.1106,2.6246,3.8769,0.0031,1.3199,1.4193,0.2703,0.7864,736546,0,0,0,0,14,0,0.0240,0.0007,0.0796,540.2,1935,7501
1746,ascent,199.002,6.3460,4.4211,1.9249,3.8799,0.0031,1.3240,1.4152,0.2652,0.7936,736546,0,0,0,0,14,0,0.0341,0.0008,0.1932,540.2,1935,7501
1747,ascent,200.881,6.1057,4.3991,1.7066,3.8779,0.0031,1.3189,1.4213,0.2724,0.7772,736546,0,0,0,0,14,0,0.0262,0.0011,0.1229,540.2,1935,7501
1748,ascent,202.797,5.9571,3.7803,2.1768,4.2691,0.0031,1.7070,1.4336,0.2693,0.7782,736546,0,0,0,0,14,0,0.0242,0.0006,0.0713,540.2,1935,7501
1749,ascent,204.753,6.4672,4.1431,2.3241,3.8789,0.0031,1.3179,1.4275,0.2673,0.7772,736546,0,0,0,0,14,0,0.0255,0.0006,0.0710,540.2,1935,7501
1750,ascent,206.749,6.5290,4.4364,2.0926,4.1667,0.0031,1.3189,1.4336,0.2693,1.0547,736546,0,0,0,0,14,0,0.0267,0.0007,0.0833,540.2,1935,7501
1751,ascent,208.785,5.6725,3.5663,2.1062,3.8871,0.0031,1.3220,1.4336,0.2703,0.7803,736546,0,0,0,0,14,0,0.0230,0.0010,0.0695,540.2,1935,7501
1752,ascent,210.863,6.9566,4.7098,2.2468,3.8861,0.0031,1.3230,1.4356,0.2683,0.7752,736546,0,0,0,0,14,0,0.0253,0.0010,0.1009,540.2,1935,7501
1753,ascent,212.983,5.9631,3.9801,1.9830,4.9715,0.0031,1.8176,1.4264,0.6195,1.0240,736546,0,0,0,0,14,0,0.0285,0.0008,0.0829,540.2,1935,7501
1754,ascent,215.146,6.4117,4.4585,1.9532,3.9260,0.0031,1.3332,1.4653,0.2683,0.7700,736546,0,0,0,0,14,0,0.0267,0.0004,0.0784,540.2,1935,7501
1755,ascent,217.354,6.6785,4.5043,2.1742,3.8963,0.0031,1.3435,1.4387,0.2662,0.7619,736546,0,0,0,0,14,0,0.0278,0.0006,0.0872,540.2,1935,7501
1756,ascent,219.606,6.2694,4.1215,2.1479,4.5578,0.0031,1.6067,1.8381,0.2662,0.7639,736546,0,0,0,0,14,0,0.0313,0.0007,0.0878,540.2,1935,7501
1757,ascent,221.904,5.8879,4.2121,1.6758,3.8912,0.0031,1.3548,1.4244,0.2683,0.7629,736546,0,0,0,0,14,0,0.0291,0.0004,0.0837,540.2,1935,7501
1758,ascent,224.249,7.0013,3.7972,3.2041,4.3919,0.0031,1.3650,1.8995,0.2755,0.7700,736546,0,0,0,0,14,0,0.0303,0.0006,0.0877,540.2,1935,7501
1759,ascent,226.642,6.0630,3.3873,2.6757,3.9332,0.0031,1.3691,1.4387,0.2724,0.7619,736546,0,0,0,0,14,0,0.0217,0.0006,0.0773,540.2,1935,7501
1760,ascent,229.084,6.8424,4.7225,2.1199,3.9485,0.0031,1.3844,1.4490,0.2703,0.7639,736546,0,0,0,0,14,0,0.0319,0.0009,0.0963,540.2,1935,7501
1761,ascent,231.575,5.4974,4.0207,1.4767,4.8722,0.0031,1.6916,2.0623,0.2703,0.7680,736546,0,0,0,0,14,0,0.0291,0.0006,0.0809,540.2,1935,7501
1762,ascent,234.117,6.2484,3.8965,2.3519,3.9823,0.0031,1.4039,1.4582,0.2714,0.7680,736546,0,0,0,0,14,0,0.0210,0.0005,0.0801,540.2,1935,7501
1763,ascent,236.711,7.0483,3.9702,3.0781,3.9711,0.0031,1.4131,1.4459,0.2673,0.7608,736546,0,0,0,0,14,0,0.0318,0.0006,0.0837,540.2,1935,7501
1764,ascent,239.357,5.8513,3.8068,2.0445,4.8722,0.0031,1.7142,2.0552,0.2744,0.7465,736546,0,0,0,0,14,0,0.0395,0.0006,0.0738,540.2,1935,7501
1765,ascent,242.058,6.3143,4.0621,2.2522,3.9987,0.0031,1.4356,1.4551,0.2703,0.7537,736546,0,0,0,0,14,0,0.0261,0.0005,0.1051,540.2,1935,7501
1766,ascent,244.814,6.8054,4.2845,2.5209,4.2844,0.0031,1.4377,1.4531,0.2734,1.0353,736546,0,0,0,0,14,0,0.0282,0.0004,0.0836,540.2,1935,7501
1767,ascent,247.626,5.9739,3.3307,2.6432,4.2680,0.0031,1.4428,1.4551,0.2744,0.7506,736546,0,0,0,0,14,0,0.0231,0.0005,0.0788,540.2,1935,7501
1768,ascent,250.495,6.7512,6.7127,0.0385,3.9885,0.0195,1.4305,1.4469,0.2693,0.7465,733730,0,0,2816,0,14,0,1.5652,0.6585,0.1730,540.2,1935,7501
1769,ascent,253.422,6.3278,4.9079,1.4199,3.9721,0.0246,1.4264,1.4367,0.2662,0.7444,728098,0,0,5632,0,14,0,1.5919,0.5663,0.0881,540.2,1935,7501
1770,ascent,256.409,6.3062,4.7940,1.5122,4.0018,0.0184,1.4305,1.4459,0.2662,0.7557,727578,0,0,520,0,14,0,0.3806,0.3155,0.0734,540.2,1935,7501
1771,ascent,259.457,5.6205,3.5206,2.0999,3.9639,0.0031,1.4254,1.4531,0.2703,0.7352,727578,0,0,0,0,14,0,0.0270,0.0006,0.0829,540.2,1935,7501
1772,ascent,262.567,6.3699,3.8143,2.5556,3.9311,0.0031,1.4162,1.4459,0.2621,0.7270,727578,0,0,0,0,14,0,0.0266,0.0006,0.0685,540.2,1935,7501
1773,ascent,265.741,6.1120,4.0312,2.0808,3.9291,0.0031,1.4039,1.4500,0.2662,0.7270,727578,0,0,0,0,14,0,0.0225,0.0004,0.0905,540.2,1935,7501
1774,ascent,268.979,5.9267,5.8826,0.0441,4.4513,0.0236,1.6251,1.7295,0.2673,0.7291,723738,0,0,3840,0,14,0,1.5571,0.5719,0.1180,540.2,1935,7501
1775,ascent,272.283,6.5512,6.5123,0.0389,3.9475,0.0276,1.3814,1.4715,0.2683,0.7219,718618,0,0,5120,0,14,0,1.6131,0.7078,0.1073,540.2,1935,7501
1776,ascent,275.655,6.5454,5.0449,1.5005,3.9219,0.0184,1.3773,1.4643,0.2683,0.7178,718267,0,0,351,0,14,0,0.5895,0.4549,0.1687,540.2,1935,7501
1777,ascent,279.095,6.3530,6.3210,0.0320,4.2895,0.0338,1.7428,1.4653,0.2652,0.7045,712891,0,0,5376,0,14,0,1.5221,0.6622,0.1109,540.2,1935,7501
1778,ascent,282.605,6.4544,6.4317,0.0227,4.0059,0.0963,1.3609,1.4868,0.2693,0.7096,712079,4487,319,1131,0,14,0,1.5119,0.6220,0.1513,540.2,1935,7501
1779,ascent,286.187,6.1635,6.1413,0.0222,5.1784,0.3686,1.3527,2.0347,0.2673,1.0772,710670,2312,2175,3584,0,14,0,1.6557,0.6660,0.3141,540.2,1935,7501
1780,ascent,289.841,5.8596,5.8346,0.0250,4.2527,0.4024,1.3435,1.4879,0.2693,0.6748,711404,0,2312,1578,0,14,0,1.3381,0.6099,0.0960,540.2,1935,7501
1781,ascent,293.570,8.1374,6.1478,1.9896,3.8851,0.0205,1.3404,1.4848,0.2683,0.6932,709100,0,0,2304,0,14,0,1.5576,0.4254,0.1217,540.2,1935,7501
1782,ascent,297.376,6.2651,6.2344,0.0307,4.4370,0.0287,1.3373,2.0500,0.2652,0.6820,703957,0,0,5143,0,14,0,1.5374,0.5351,0.0921,540.2,1935,7501
1783,ascent,301.258,7.3447,7.3220,0.0227,3.8728,0.0307,1.3189,1.4981,0.2693,0.6820,700935,0,0,3022,0,14,0,1.5753,0.6175,0.1324,540.2,1935,7501
1784,ascent,305.220,6.1780,6.1544,0.0236,4.3192,0.0225,1.3138,1.9528,0.2724,0.6779,697704,0,0,3231,0,14,0,1.5809,0.6152,0.1228,540.2,1935,7501
1785,ascent,309.262,5.7382,5.7160,0.0222,3.8697,0.0256,1.3169,1.5012,0.2683,0.6810,692408,0,0,5296,0,14,0,1.5255,0.5777,0.0937,540.2,1935,7501
1786,ascent,313.387,5.8077,5.7834,0.0243,3.8861,0.0205,1.3148,1.5053,0.2703,0.6963,690138,0,0,2270,0,13,1,1.6137,0.6109,0.1249,540.2,1935,7501
1787,ascent,317.596,6.7325,4.7530,1.9795,4.7237,0.0225,1.5729,2.1176,0.2673,0.6697,687777,0,0,2361,0,13,1,0.7763,0.3706,0.0819,540.2,1935,7501
1788,ascent,321.891,6.0868,3.2294,2.8574,3.8052,0.0031,1.3128,1.4879,0.2683,0.6625,687777,0,0,0,0,13,1,0.0323,0.0005,0.0836,540.2,1935,7501
1789,ascent,326.273,7.2229,3.9589,3.2640,3.8185,0.0031,1.3128,1.4950,0.2714,0.6666,687777,0,0,0,0,13,1,0.0296,0.0005,0.0980,540.2,1935,7501
1790,ascent,330.744,5.3746,3.3269,2.0477,4.4329,0.0031,1.9087,1.5165,0.2673,0.6656,687777,0,0,0,0,13,1,0.0246,0.0012,0.0963,540.2,1935,7501
1791,ascent,335.307,6.6108,4.8761,1.7347,3.8328,0.0031,1.3189,1.5145,0.2673,0.6584,687777,0,0,0,0,13,1,0.0302,0.0021,0.0925,540.2,1935,7501
1792,ascent,339.962,6.1197,4.0630,2.0567,4.2998,0.0031,1.3169,1.9855,0.2683,0.6502,687777,0,0,0,0,13,1,0.0293,0.0005,0.0864,540.2,1935,7501
1793,ascent,344.712,5.8334,4.3583,1.4751,3.8441,0.0031,1.3210,1.5206,0.2662,0.6625,687777,0,0,0,0,13,1,0.0348,0.0011,0.1342,540.2,1935,7501
1794,ascent,349.559,6.8305,4.6225,2.2080,3.8175,0.0010,1.3189,1.5165,0.2642,0.6502,687777,0,0,0,0,13,1,0.0304,0.0006,0.1364,540.2,1935,7501
1795,ascent,354.505,5.7348,2.9436,2.7912,4.6694,0.0082,1.6108,1.8596,0.4772,0.6451,687777,0,0,0,0,13,1,0.0240,0.0005,0.0838,540.2,1935,7501
1796,ascent,359.552,6.1767,4.3062,1.8705,3.8461,0.0031,1.3281,1.5186,0.2673,0.6574,687777,0,0,0,0,13,1,0.0280,0.0007,0.0781,540.2,1935,7501
1797,ascent,364.701,6.6473,6.5971,0.0502,3.8799,0.0266,1.3322,1.5258,0.2662,0.6564,682401,0,0,5376,0,13,1,1.5432,0.7373,0.1250,540.2,1935,7501
1798,ascent,369.955,6.6600,6.6369,0.0231,4.5445,0.0256,1.6312,1.8872,0.2662,0.6554,677281,0,0,5120,0,13,1,1.5687,0.6464,0.0926,540.2,1935,7501
1799,ascent,375.317,6.2270,6.2038,0.0232,3.8728,0.0205,1.3414,1.5145,0.2693,0.6554,677086,0,0,195,0,13,1,0.2145,0.4897,0.1332,540.2,1935,7501
1800,ascent,380.787,5.1513,3.6587,1.4926,3.8922,0.0031,1.3558,1.5360,0.2734,0.6533,677086,0,0,0,0,13,1,0.0283,0.0010,0.1012,540.2,1935,7501
1801,ascent,386.369,5.6120,4.0490,1.5630,4.2895,0.0031,1.7428,1.5217,0.2755,0.6666,677086,0,0,0,0,13,1,0.0288,0.0007,0.0754,540.2,1935,7501
1802,ascent,392.065,6.7790,4.3627,2.4163,3.8943,0.0031,1.3629,1.5155,0.2652,0.6707,677086,0,0,0,0,13,1,0.0272,0.0007,0.0863,540.2,1935,7501
1803,ascent,397.877,5.1080,5.0701,0.0379,4.3776,0.0031,1.3650,1.7510,0.2683,0.9103,677086,0,0,0,0,13,1,0.0300,0.0006,0.0833,540.2,1935,7501
1804,ascent,403.807,6.9299,4.1718,2.7581,4.0919,0.0031,1.3732,1.5206,0.2724,0.6502,677086,0,0,0,0,13,1,0.0325,0.0009,0.0880,540.2,1935,7501
1805,ascent,409.858,5.5346,5.4606,0.0740,3.8861,0.0031,1.3681,1.5124,0.2744,0.6543,677086,0,0,0,0,13,1,0.0307,0.0013,0.2047,540.2,1935,7501
1806,ascent,416.032,6.2057,6.1756,0.0301,4.7698,0.0256,1.8596,1.8913,0.2673,0.6564,671710,0,0,5376,0,13,1,1.5703,0.6221,0.1039,540.2,1935,7501
1807,ascent,422.332,6.1673,6.1431,0.0242,3.8922,0.0236,1.3660,1.5124,0.2693,0.6492,667404,0,0,4306,0,13,1,1.4371,0.5983,0.0901,540.2,1935,7501
1808,ascent,428.760,7.7308,4.4246,3.3062,3.8922,0.0031,1.3701,1.5299,0.2673,0.6431,667404,0,0,0,0,13,1,0.0302,0.0004,0.0874,540.2,1935,7501
1809,ascent,435.320,5.5664,4.0783,1.4881,4.2353,0.0031,1.7398,1.5176,0.2683,0.6287,667404,0,0,0,0,13,1,0.0227,0.0009,0.1010,540.2,1935,7501
1810,ascent,442.013,6.8835,6.8491,0.0344,3.8973,0.0236,1.3650,1.5360,0.2662,0.6349,662796,0,0,4608,0,13,1,1.5570,0.8607,0.1241,540.2,1935,7501
1811,ascent,448.842,5.2702,5.2461,0.0241,4.3540,0.0205,1.3588,1.5186,0.4966,0.8878,660083,0,0,2713,0,13,1,0.9712,0.4975,0.0973,540.2,1935,7501
1812,ascent,455.811,6.0602,4.0187,2.0415,4.4145,0.0041,1.9313,1.5217,0.2662,0.6205,660083,0,0,0,0,13,1,0.0275,0.0007,0.0803,540.2,1935,7501
1813,ascent,462.921,8.0595,8.0126,0.0469,3.8420,0.0246,1.3435,1.5196,0.2683,0.6103,656243,0,0,3840,0,13,1,1.5736,0.7384,0.1461,540.2,1935,7501
1814,ascent,470.176,5.6510,5.6204,0.0306,4.7821,0.0225,1.3343,1.8452,0.6277,0.8745,653001,0,0,3242,0,13,1,1.1821,0.5614,0.1005,540.2,1935,7501
1815,ascent,477.580,7.1143,7.0924,0.0219,3.8451,0.0338,1.3312,1.5278,0.2662,0.6164,647380,0,0,5621,0,13,1,1.5646,0.5632,0.1229,540.2,1935,7501
1816,ascent,485.134,4.5974,4.5741,0.0233,3.8216,0.0031,1.3240,1.5411,0.2714,0.6113,647380,0,0,0,0,13,1,0.0368,0.0008,0.0906,540.2,1935,7501
1817,ascent,492.841,5.6699,5.6471,0.0228,3.8441,0.0328,1.3210,1.5401,0.2703,0.5980,641748,0,0,5632,0,13,1,1.5514,0.5699,0.0959,540.2,1935,7501
1818,ascent,500.706,6.7224,6.6996,0.0228,3.8236,0.0266,1.2964,1.5503,0.2693,0.6093,637625,0,0,4123,0,13,1,1.6572,0.6682,0.1741,540.2,1935,7501
1819,ascent,508.732,5.8635,5.8398,0.0237,3.8124,0.0246,1.2995,1.5606,0.2673,0.5878,633562,0,0,4063,0,13,1,1.3413,0.5447,0.0920,540.2,1935,7501
1820,ascent,516.920,5.1311,5.1071,0.0240,4.6950,0.0205,1.2882,2.0746,0.2683,0.9820,629404,0,0,4158,0,13,1,1.2641,0.4962,0.0941,540.2,1935,7501
1821,ascent,525.276,6.5299,4.6686,1.8613,3.7519,0.0174,1.2892,1.5329,0.2662,0.5847,626859,0,0,2545,0,12,2,1.2951,0.4704,0.1015,540.2,1935,7501
1822,ascent,533.801,6.2525,4.2609,1.9916,3.7499,0.0031,1.2882,1.5401,0.2652,0.5847,626859,0,0,0,0,12,2,0.0280,0.0007,0.0902,540.2,1935,7501
1823,ascent,542.501,5.7774,3.3960,2.3814,3.7601,0.0031,1.2902,1.5462,0.2683,0.5868,626859,0,0,0,0,12,2,0.0226,0.0007,0.0756,540.2,1935,7501
1824,ascent,551.377,5.6199,4.1191,1.5008,3.7714,0.0031,1.2861,1.5565,0.2703,0.5847,626859,0,0,0,0,12,2,0.0231,0.0005,0.0731,540.2,1935,7501
1825,ascent,560.435,5.5012,4.0484,1.4528,3.9977,0.0031,1.2861,1.7848,0.2703,0.5786,626859,0,0,0,0,12,2,0.0225,0.0005,0.0748,540.2,1935,7501
1826,ascent,569.677,5.9519,4.2106,1.7413,3.7714,0.0031,1.2851,1.5596,0.2662,0.5857,626859,0,0,0,0,12,2,0.0259,0.0007,0.0734,540.2,1935,7501
1827,ascent,579.107,6.2969,3.5414,2.7555,3.7304,0.0031,1.2831,1.5370,0.2662,0.5755,626859,0,0,0,0,12,2,0.0264,0.0005,0.1330,540.2,1935,7501
1828,ascent,588.730,5.6312,3.6380,1.9932,3.7601,0.0031,1.2831,1.5596,0.2683,0.5786,626859,0,0,0,0,12,2,0.0247,0.0006,0.0718,540.2,1935,7501
1829,ascent,598.548,5.7786,3.7597,2.0189,3.7519,0.0031,1.2810,1.5473,0.2703,0.5765,626859,0,0,0,0,12,2,0.0246,0.0008,0.1041,540.2,1935,7501
1830,ascent,608.567,5.3812,3.9236,1.4576,3.7612,0.0031,1.2851,1.5555,0.2693,0.5724,626859,0,0,0,0,12,2,0.0253,0.0006,0.0729,540.2,1935,7501
1831,ascent,618.789,6.2319,3.5722,2.6597,4.5916,0.0031,1.5247,2.1617,0.2652,0.5704,626859,0,0,0,0,12,2,0.0256,0.0006,0.0772,540.2,1935,7501
1832,ascent,629.220,7.2270,7.1937,0.0333,4.2076,0.4444,1.2882,1.5442,0.2724,0.5827,629546,2998,2687,0,0,12,2,1.5362,0.5089,0.5374,540.2,1935,7501
1833,ascent,639.863,6.4554,6.4286,0.0268,4.2537,0.5007,1.2820,1.5534,0.2683,0.5745,632544,0,2998,0,0,12,2,1.0078,0.5650,0.0936,540.2,1935,7501
1834,ascent,650.724,4.6043,3.6503,0.9540,3.7663,0.0031,1.3005,1.5544,0.2662,0.5693,632544,0,0,0,0,12,2,0.0235,0.0006,0.0746,540.2,1935,7501
1835,ascent,661.805,6.8250,5.3830,1.4420,3.7796,0.0276,1.2902,1.5575,0.2683,0.5704,628704,0,0,3840,0,12,2,1.5233,0.5453,0.0939,540.2,1935,7501
1836,ascent,673.112,5.7964,5.7650,0.0314,4.2117,0.0328,1.2923,1.9866,0.2683,0.5673,623072,0,0,5632,0,12,2,1.5767,0.6092,0.0926,540.2,1935,7501
1837,ascent,684.650,6.0260,4.4507,1.5753,3.7601,0.0184,1.3015,1.5391,0.2642,0.5704,622976,0,0,96,0,12,2,0.2669,0.2645,0.0974,540.2,1935,7501
1838,ascent,696.423,6.3709,4.6956,1.6753,3.7816,0.0031,1.3036,1.5462,0.2693,0.5837,622976,0,0,0,0,12,2,0.0236,0.0011,0.1375,540.2,1935,7501
1839,ascent,708.435,5.6658,4.1797,1.4861,3.7458,0.0031,1.3015,1.5483,0.2632,0.5632,622976,0,0,0,0,12,2,0.0252,0.0005,0.0771,540.2,1935,7501
1840,ascent,720.692,5.9525,3.7780,2.1745,3.7325,0.0031,1.2995,1.5268,0.2673,0.5693,622976,0,0,0,0,12,2,0.0247,0.0008,0.0809,540.2,1935,7501
1841,ascent,733.199,5.5377,3.5682,1.9695,3.7345,0.0031,1.2995,1.5268,0.2703,0.5673,622976,0,0,0,0,12,2,0.0243,0.0005,0.0770,540.2,1935,7501
1842,ascent,745.961,6.6248,6.5932,0.0316,4.4360,0.0328,1.3005,1.8186,0.2683,0.9452,618368,0,0,4608,0,12,2,1.5250,0.5641,0.1010,540.2,1935,7501
1843,ascent,758.983,7.3812,7.3566,0.0246,3.7366,0.0338,1.2974,1.5114,0.2662,0.5571,613760,0,0,4608,0,12,2,1.6647,0.8748,0.1506,540.2,1935,7501
1844,ascent,772.270,5.3372,5.3055,0.0317,3.7059,0.0195,1.3036,1.4971,0.2714,0.5478,613738,0,0,22,0,12,2,0.1100,0.2660,0.1616,540.2,1935,7501
1845,ascent,785.828,5.6324,5.6060,0.0264,3.6905,0.0031,1.2933,1.5063,0.2714,0.5509,613738,0,0,0,0,12,2,0.0249,0.0006,0.1254,540.2,1935,7501
1846,ascent,799.662,5.9756,5.9284,0.0472,3.7192,0.0276,1.2995,1.5186,0.2662,0.5458,609130,0,0,4608,0,12,2,1.5385,0.7514,0.0967,540.2,1935,7501
1848,ascent,828.181,4.1975,2.7528,1.4447,4.4780,0.0010,1.7500,1.8627,0.2673,0.5345,605602,0,0,0,0,12,2,0.0268,0.0006,0.0745,540.2,1935,7501
1849,ascent,842.878,6.6278,6.6263,0.0015,3.6823,0.0369,1.2800,1.4981,0.2683,0.5253,599458,0,0,6144,0,12,2,1.5299,0.6501,0.0995,540.2,1935,7501
1850,ascent,857.874,6.4062,6.3820,0.0242,3.6393,0.0205,1.2626,1.5094,0.2652,0.5151,597764,0,0,1694,0,12,2,1.4018,0.5102,0.1271,540.2,1935,7501
1851,ascent,873.176,6.4152,6.3894,0.0258,3.6608,0.0266,1.2728,1.5032,0.2693,0.5202,594180,0,0,3584,0,12,2,1.5833,0.5785,0.1047,540.2,1935,7501
1852,ascent,888.789,6.9183,6.8954,0.0229,3.6250,0.0317,1.2605,1.4807,0.2673,0.5110,589531,0,0,4649,0,12,2,1.5900,0.8476,0.1046,540.2,1935,7501
1853,ascent,904.721,6.2935,6.2691,0.0244,3.5963,0.0266,1.2442,1.4848,0.2703,0.5018,584473,0,0,5058,0,12,2,1.4919,0.5749,0.0960,540.2,1935,7501
1854,ascent,920.977,4.5041,4.4814,0.0227,3.5963,0.0236,1.2380,1.4838,0.2714,0.5120,580513,0,0,3960,0,12,2,1.0722,0.4501,0.0866,540.2,1935,7501
1855,ascent,937.565,5.9873,5.9680,0.0193,3.6127,0.0328,1.2370,1.4909,0.2755,0.5018,576114,0,0,4399,0,12,2,1.1508,0.4771,0.0903,540.2,1935,7501
1856,ascent,954.490,4.6737,4.6505,0.0232,3.5523,0.0184,1.2339,1.4694,0.2714,0.4915,575354,0,0,760,0,11,3,0.2754,0.2481,0.0975,540.2,1935,7501
1857,ascent,971.760,4.3577,4.3321,0.0256,3.5287,0.0031,1.2370,1.4633,0.2693,0.4895,575354,0,0,0,0,11,3,0.0341,0.0006,0.1021,540.2,1935,7501
1858,ascent,989.382,5.8218,5.7954,0.0264,4.1175,0.0031,1.8217,1.4664,0.2693,0.4895,575354,0,0,0,0,11,3,0.0289,0.0008,0.0856,540.2,1935,7501
1859,ascent,1007.363,6.4504,6.4174,0.0330,3.5533,0.0031,1.2452,1.4776,0.2734,0.4833,575354,0,0,0,0,11,3,0.0493,0.0007,0.1831,540.2,1935,7501
1860,ascent,1025.711,5.6108,5.5850,0.0258,3.5328,0.0031,1.2513,1.4541,0.2683,0.4833,575354,0,0,0,0,11,3,0.0250,0.0005,0.0835,540.2,1935,7501
1861,ascent,1044.432,4.8506,4.7809,0.0697,3.5072,0.0031,1.2442,1.4449,0.2673,0.4803,575354,0,0,0,0,11,3,0.0375,0.0014,0.1460,540.2,1935,7501
1862,ascent,1063.534,4.5899,4.5643,0.0256,3.5041,0.0031,1.2442,1.4367,0.2632,0.4854,575354,0,0,0,0,11,3,0.0261,0.0008,0.0833,540.2,1935,7501
1863,ascent,1083.026,4.6741,4.6270,0.0471,3.5215,0.0041,1.2401,1.4520,0.2714,0.4803,575354,0,0,0,0,11,3,0.0260,0.0004,0.1269,540.2,1935,7501
1864,ascent,1102.915,5.9898,4.1378,1.8520,3.7366,0.0031,1.2442,1.6865,0.2673,0.4700,575354,0,0,0,0,11,3,0.0258,0.0007,0.1217,540.2,1935,7501
1865,ascent,1123.209,5.2921,5.2483,0.0438,3.4970,0.0031,1.2452,1.4285,0.2693,0.4864,575354,0,0,0,0,11,3,0.0270,0.0008,0.1376,540.2,1935,7501
1866,ascent,1143.917,5.6589,5.6258,0.0331,3.5021,0.0031,1.2483,1.4234,0.2703,0.4884,575354,0,0,0,0,11,3,0.0243,0.0008,0.1237,540.2,1935,7501
1867,ascent,1165.046,6.4850,6.4505,0.0345,3.4888,0.0031,1.2503,1.4203,0.2724,0.4772,575354,0,0,0,0,11,3,0.0130,0.0008,0.0805,540.2,1935,7501
1868,ascent,1186.606,6.7884,6.7559,0.0325,3.4980,0.0236,1.2483,1.4152,0.2734,0.4721,571002,0,0,4352,0,11,3,1.5557,0.6501,0.1147,540.2,1935,7501
1870,ascent,1231.052,7.9610,7.9371,0.0239,3.5707,0.0645,1.2575,1.4316,0.2683,0.4844,565430,4289,63,515,0,11,3,1.6589,0.5193,0.2082,540.2,1935,7501
1871,ascent,1253.957,7.7889,7.7654,0.0235,4.2015,0.6973,1.2626,1.4193,0.2693,0.4762,569653,2520,4223,0,0,11,3,1.6603,0.6997,0.3807,540.2,1935,7501
1873,ascent,1301.176,6.0894,6.0660,0.0234,3.6792,0.1679,1.2800,1.4203,0.2673,0.4803,569101,0,729,3072,0,11,3,1.2323,0.5590,0.1075,540.2,1935,7501
1874,ascent,1325.509,7.9302,7.9036,0.0266,3.8001,0.0246,1.5360,1.4223,0.2683,0.4813,565005,0,0,4096,0,11,3,1.5180,0.5700,0.1373,540.2,1935,7501
1875,ascent,1350.338,4.1068,4.0807,0.0261,3.5338,0.0195,1.2718,1.4295,0.2693,0.4772,564039,0,0,966,0,11,3,0.5269,0.3207,0.1246,540.2,1935,7501
1876,ascent,1375.673,4.1069,4.0854,0.0215,3.4877,0.0031,1.2749,1.4049,0.2693,0.4690,564039,0,0,0,0,11,3,0.0263,0.0007,0.1157,540.2,1935,7501
1877,ascent,1401.524,5.7870,5.7640,0.0230,3.7489,0.0266,1.2923,1.4111,0.2714,0.4721,558919,0,0,5120,0,11,3,1.5345,0.6353,0.1123,540.2,1935,7501
1878,ascent,1427.901,5.9301,5.9040,0.0261,3.5246,0.0215,1.2861,1.4100,0.2652,0.4762,556252,0,0,2667,0,11,3,1.0585,0.4864,0.1172,540.2,1935,7501
1879,ascent,1454.817,4.8259,4.8018,0.0241,3.4826,0.0031,1.2810,1.3957,0.2673,0.4690,556252,0,0,0,0,11,3,0.0300,0.0004,0.0812,540.2,1935,7501
1880,ascent,1482.280,7.3380,7.3134,0.0246,4.1073,0.0287,1.2810,1.9968,0.2673,0.4649,549852,0,0,6400,0,11,3,1.5173,0.7602,0.1029,540.2,1935,7501
1881,ascent,1510.303,5.8895,5.8329,0.0566,3.4929,0.0195,1.2677,1.4029,0.2703,0.4659,548861,0,0,991,0,11,3,1.1407,0.3554,0.1020,540.2,1935,7501
1882,ascent,1538.897,5.9768,5.9508,0.0260,3.5092,0.0297,1.2636,1.4141,0.2683,0.4608,543053,0,0,5808,0,11,3,1.5532,0.6739,0.0921,540.2,1935,7501
1884,ascent,1597.844,5.2774,5.2521,0.0253,3.4386,0.0215,1.2073,1.4326,0.2714,0.4383,536421,0,0,3417,0,11,3,0.8414,0.4167,0.0937,540.2,1935,7501
1885,ascent,1628.222,5.9332,5.9096,0.0236,3.4468,0.0236,1.2083,1.4459,0.2652,0.4362,532762,0,0,3659,0,11,3,0.8886,0.4266,0.0905,540.2,1935,7501
1886,ascent,1659.218,6.7013,6.6749,0.0264,3.8369,0.0236,1.5821,1.4582,0.2683,0.4372,528778,0,0,3984,0,11,3,1.1700,0.6189,0.1150,540.2,1935,7501
1887,ascent,1690.846,4.7785,4.7519,0.0266,3.4089,0.0195,1.1919,1.4356,0.2683,0.4270,526794,0,0,1984,0,10,4,0.5386,0.3188,0.0837,540.2,1935,7501
1889,ascent,1756.047,6.4637,6.4386,0.0251,3.4632,0.0584,1.1899,1.4582,0.2673,0.4219,526857,10689,63,0,0,11,4,1.5589,0.2384,0.1292,540.2,1935,7501
1890,ascent,1789.648,7.3434,7.3136,0.0298,4.2414,0.8223,1.1878,1.4766,0.2693,0.4168,532360,7158,5503,0,0,11,4,1.8474,1.1318,0.1329,540.2,1935,7501
1891,ascent,1823.933,7.3359,7.3122,0.0237,4.3776,0.9411,1.1899,1.4920,0.2683,0.4157,538695,823,6335,0,0,11,4,1.7417,0.9309,0.2082,540.2,1935,7501
1892,ascent,1858.916,4.2838,4.2553,0.0285,3.5912,0.1546,1.1868,1.4899,0.2693,0.4239,539518,0,823,0,0,11,4,0.3595,0.2872,0.1119,540.2,1935,7501
1893,ascent,1894.612,3.7016,3.6791,0.0225,4.0776,0.0031,1.1981,2.1115,0.2703,0.4219,539518,0,0,0,0,11,4,0.0269,0.0007,0.0999,540.2,1935,7501
1894,ascent,1931.036,6.6543,6.6196,0.0347,3.6465,0.1700,1.1899,1.5104,0.2703,0.4342,540285,7286,767,0,0,11,4,1.5129,0.3082,0.1269,540.2,1935,7501
1895,ascent,1968.202,8.1789,8.1465,0.0324,4.0806,0.6113,1.1930,1.5094,0.2693,0.4239,543932,3639,3647,0,0,11,4,1.7524,0.7915,0.4790,540.2,1935,7501
1896,ascent,2006.124,6.1197,6.0959,0.0238,4.1175,0.6236,1.1991,1.5145,0.2662,0.4454,547571,0,3639,0,0,11,4,1.2005,0.6733,0.1026,540.2,1935,7501
1897,ascent,2044.820,4.4214,4.3967,0.0247,3.5123,0.0031,1.1971,1.5299,0.2683,0.4444,547571,0,0,0,0,11,4,0.0277,0.0005,0.1091,540.2,1935,7501
1898,ascent,2084.303,6.0017,4.4774,1.5243,3.5103,0.0031,1.1971,1.5350,0.2673,0.4424,547571,0,0,0,0,11,4,0.0308,0.0005,0.0958,540.2,1935,7501
1899,ascent,2124.591,4.7558,4.7181,0.0377,4.1185,0.0031,1.5729,1.7654,0.2693,0.4424,547571,0,0,0,0,11,4,0.0254,0.0010,0.0791,540.2,1935,7501
1900,ascent,2165.700,6.2119,3.7108,2.5011,3.5400,0.0031,1.1981,1.5575,0.2683,0.4475,547571,0,0,0,0,11,4,0.0272,0.0007,0.0777,540.2,1935,7501
1901,ascent,2207.647,5.4626,4.5266,0.9360,3.5492,0.0041,1.2001,1.5811,0.2662,0.4342,547571,0,0,0,0,11,4,0.0243,0.0004,0.0848,540.2,1935,7501
1902,ascent,2250.448,5.3041,5.2662,0.0379,4.2148,0.0031,1.4592,1.5944,0.6287,0.4577,547571,0,0,0,0,11,4,0.0256,0.0006,0.0780,540.2,1935,7501
1903,ascent,2294.121,6.4394,3.9471,2.4923,3.5645,0.0031,1.1971,1.5903,0.2734,0.4362,547571,0,0,0,0,11,4,0.0293,0.0009,0.0826,540.2,1935,7501
1904,ascent,2338.684,6.5523,6.5072,0.0451,3.6270,0.0328,1.2022,1.6282,0.2683,0.4301,541427,0,0,6144,0,11,4,1.5644,0.6081,0.0942,540.2,1935,7501
1905,ascent,2384.154,5.7396,5.7168,0.0228,3.6342,0.0246,1.2052,1.6251,0.2642,0.4434,538326,0,0,3101,0,11,4,1.0401,0.4107,0.0912,540.2,1935,7501
1906,ascent,2430.551,4.0200,3.9961,0.0239,3.6209,0.0031,1.1991,1.6476,0.2724,0.4383,538326,0,0,0,0,11,4,0.0280,0.0004,0.0900,540.2,1935,7501
1907,ascent,2477.894,6.0541,3.5279,2.5262,3.6465,0.0031,1.1981,1.6855,0.2642,0.4332,538326,0,0,0,0,11,4,0.0241,0.0006,0.0866,540.2,1935,7501
1908,ascent,2526.200,5.9025,3.8400,2.0625,4.2680,0.0041,1.4664,2.0337,0.2703,0.4250,538326,0,0,0,0,11,4,0.0285,0.0009,0.0821,540.2,1935,7501
1909,ascent,2575.491,5.7003,4.0291,1.6712,3.6782,0.0031,1.2042,1.6937,0.2642,0.4454,538326,0,0,0,0,11,4,0.0233,0.0008,0.1101,540.2,1935,7501
1910,ascent,2625.787,6.4103,6.3718,0.0385,3.7263,0.0297,1.2155,1.7162,0.2611,0.4332,532438,0,0,5888,0,11,4,1.5473,0.5259,0.0938,540.2,1935,7501
1911,ascent,2677.106,6.0309,6.0066,0.0243,3.7192,0.0215,1.2083,1.7347,0.2642,0.4260,529596,0,0,2842,0,11,4,0.9403,0.3779,0.0897,540.2,1935,7501
1912,ascent,2729.472,4.3696,4.3463,0.0233,3.7089,0.0031,1.2083,1.7449,0.2703,0.4198,529596,0,0,0,0,11,4,0.0291,0.0014,0.1359,540.2,1935,7501
1913,ascent,2782.904,5.8240,3.8260,1.9980,3.7294,0.0031,1.2093,1.7674,0.2693,0.4127,529596,0,0,0,0,11,4,0.0273,0.0005,0.0715,540.2,1935,7501
1914,ascent,2837.425,6.7160,6.6845,0.0315,4.3305,0.0379,1.5493,1.9937,0.2662,0.4157,522172,0,0,7424,0,11,4,1.5444,0.7123,0.1051,540.2,1935,7501
1915,ascent,2893.057,7.7845,7.7602,0.0243,3.7919,0.0809,1.2012,1.7613,0.2642,0.4157,521430,2300,255,997,0,11,4,1.5163,0.3757,0.4410,540.2,1935,7501
1916,ascent,2949.822,6.2028,6.1746,0.0282,3.8738,0.1966,1.1858,1.7623,0.2652,0.4055,520213,1213,1087,2304,0,11,4,1.5880,0.6259,0.2635,540.2,1935,7501
1918,ascent,3066.845,6.2418,6.2158,0.0260,3.7294,0.0297,1.1807,1.7695,0.2662,0.4137,512603,0,0,5934,0,11,4,1.4956,0.6694,0.1029,540.2,1935,7501
1919,ascent,3127.150,9.0876,9.0611,0.0265,4.1595,0.0215,1.1653,1.7736,0.4895,0.6451,509319,0,0,3284,0,11,4,1.2990,0.6556,0.1882,540.2,1935,7501
1920,ascent,3188.685,7.8686,7.8283,0.0403,3.6700,0.0215,1.1366,1.7664,0.2693,0.4004,505991,0,0,3328,0,11,4,1.6242,0.7412,0.1715,540.2,1935,7501
1921,ascent,3251.473,8.2748,8.2407,0.0341,3.6567,0.0225,1.1336,1.7623,0.2693,0.4014,502227,0,0,3764,0,11,4,1.5639,0.5266,0.1061,540.2,1935,7501
1923,ascent,3380.912,5.2005,5.1743,0.0262,4.0714,0.0215,1.1162,2.2139,0.2693,0.3871,495673,0,0,3821,0,10,5,1.3040,0.5097,0.1307,540.2,1935,7501
1924,ascent,3447.616,6.9494,6.9171,0.0323,4.0684,0.0031,1.3455,2.0029,0.2714,0.3820,495673,0,0,0,0,10,5,0.5805,0.0019,0.3412,540.2,1935,7501
1925,ascent,3515.679,6.3548,6.3220,0.0328,3.6127,0.0041,1.1141,1.7695,0.2683,0.3799,495673,0,0,0,0,10,5,0.0373,0.0012,0.1550,540.2,1935,7501
1926,ascent,3585.129,3.4549,3.4318,0.0231,4.0899,0.0031,1.1182,2.0132,0.5028,0.3871,495673,0,0,0,0,10,5,0.0256,0.0006,0.0795,540.2,1935,7501
1927,ascent,3655.994,4.4983,4.4752,0.0231,3.6280,0.0031,1.1264,1.7807,0.2693,0.3820,495673,0,0,0,0,10,5,0.0296,0.0005,0.0866,540.2,1935,7501
1928,ascent,3728.303,5.3824,5.3527,0.0297,3.6086,0.0031,1.1213,1.7705,0.2642,0.3860,495673,0,0,0,0,10,5,0.0248,0.0006,0.1116,540.2,1935,7501
1929,ascent,3802.084,3.9186,3.8927,0.0259,3.8717,0.0031,1.1264,2.0285,0.2693,0.3809,495673,0,0,0,0,10,5,0.0238,0.0009,0.1163,540.2,1935,7501
1930,ascent,3877.369,5.9575,3.8158,2.1417,3.6209,0.0031,1.1264,1.7807,0.2673,0.3758,495673,0,0,0,0,10,5,0.0287,0.0005,0.0817,540.2,1935,7501
1931,ascent,3954.188,5.8705,5.8193,0.0512,3.6383,0.0031,1.1295,1.7859,0.2673,0.3850,495673,0,0,0,0,10,5,0.0320,0.0007,0.0958,540.2,1935,7501
1932,ascent,4032.571,6.4946,4.4050,2.0896,3.6413,0.0031,1.1315,1.7879,0.2703,0.3799,495673,0,0,0,0,10,5,0.0249,0.0009,0.1368,540.2,1935,7501
1933,ascent,4112.552,5.3784,5.3369,0.0415,3.6321,0.0031,1.1387,1.7725,0.2642,0.3799,495673,0,0,0,0,10,5,0.0314,0.0008,0.0818,540.2,1935,7501
1934,ascent,4194.162,5.1634,5.1350,0.0284,3.6301,0.0031,1.1336,1.7746,0.2683,0.3830,495673,0,0,0,0,10,5,0.0309,0.0006,0.0829,540.2,1935,7501
1935,ascent,4277.435,5.6638,5.6380,0.0258,4.8937,0.4577,1.1295,2.3706,0.2673,0.6042,498683,0,3010,0,0,10,5,1.1462,0.5577,0.1108,540.2,1935,7501
1936,ascent,4362.404,6.0835,2.4406,3.6429,3.6137,0.0010,1.1336,1.7654,0.2744,0.3748,498683,0,0,0,0,10,5,0.0269,0.0006,0.0770,540.2,1935,7501
1937,ascent,4449.104,6.9217,4.2846,2.6371,3.6024,0.0010,1.1366,1.7644,0.2673,0.3707,498683,0,0,0,0,10,5,0.0397,0.0009,0.1354,540.2,1935,7501
1938,ascent,4537.571,5.2818,3.2156,2.0662,3.6035,0.0010,1.1356,1.7633,0.2632,0.3799,498683,0,0,0,0,10,5,0.0294,0.0011,0.0874,540.2,1935,7501
1939,ascent,4627.840,5.4136,3.3256,2.0880,3.5942,0.0010,1.1325,1.7633,0.2683,0.3676,498683,0,0,0,0,10,5,0.0252,0.0006,0.0824,540.2,1935,7501
1940,ascent,4719.948,6.3885,6.3552,0.0333,3.6250,0.0287,1.1366,1.7644,0.2662,0.3656,492539,0,0,6144,0,10,5,1.5248,0.5606,0.0961,540.2,1935,7501
1941,ascent,4813.933,4.7488,4.7242,0.0246,4.4298,0.0205,1.3998,2.3132,0.2652,0.3697,489382,0,0,3157,0,10,5,1.0559,0.4127,0.1054,540.2,1935,7501
1942,ascent,4909.833,5.6863,2.4506,3.2357,3.5953,0.0010,1.1407,1.7613,0.2642,0.3656,489382,0,0,0,0,10,5,0.0278,0.0007,0.0799,540.2,1935,7501
1943,ascent,5007.686,5.6618,3.0538,2.6080,3.9690,0.0010,1.5186,1.7521,0.2652,0.3697,489382,0,0,0,0,10,5,0.0295,0.0005,0.0876,540.2,1935,7501
1944,ascent,5107.533,4.9769,2.9180,2.0589,3.9670,0.0010,1.5247,1.7500,0.2662,0.3645,489382,0,0,0,0,10,5,0.0250,0.0006,0.0800,540.2,1935,7501
1945,ascent,5209.414,6.3013,3.0338,3.2675,3.9639,0.0010,1.4991,1.7603,0.2662,0.3717,489382,0,0,0,0,10,5,0.0242,0.0007,0.0754,540.2,1935,7501
1946,ascent,5313.370,5.2792,5.2394,0.0398,4.1114,0.0236,1.6476,1.7469,0.2642,0.3697,482470,0,0,6912,0,10,5,1.5254,0.7118,0.1018,540.2,1935,7501
1947,ascent,5419.445,5.8766,3.8346,2.0420,4.9080,0.0164,2.2282,1.9640,0.2652,0.3717,480044,0,0,2426,0,10,5,0.8141,0.3214,0.0845,540.2,1935,7501
1948,ascent,5527.681,6.2947,2.8848,3.4099,4.0448,0.0010,1.6108,1.7428,0.2632,0.3635,480044,0,0,0,0,10,5,0.0291,0.0005,0.0812,540.2,1935,7501
1949,ascent,5638.121,6.5216,5.0853,1.4363,4.0796,0.0236,1.6241,1.7449,0.2642,0.3625,473900,0,0,6144,0,10,5,1.5704,0.5830,0.0916,540.2,1935,7501
1950,ascent,5750.812,5.8444,3.8012,2.0432,4.0438,0.0154,1.6026,1.7449,0.2683,0.3523,473562,0,0,338,0,10,5,0.3034,0.2258,0.0913,540.2,1935,7501
1951,ascent,5865.799,6.0010,4.5209,1.4801,4.0243,0.0215,1.5800,1.7449,0.2673,0.3502,468382,0,0,5180,0,10,5,1.1793,0.4853,0.0916,540.2,1935,7501
1952,ascent,5983.128,5.7484,3.2115,2.5369,3.9854,0.0031,1.5636,1.7449,0.2642,0.3512,468382,0,0,0,0,10,5,0.0307,0.0006,0.0907,540.2,1935,7501
1953,ascent,6102.848,5.7189,5.6837,0.0352,4.8886,0.0236,2.2170,1.9743,0.2673,0.3451,462453,0,0,5929,0,10,5,1.4461,0.6240,0.0951,540.2,1935,7501
1954,ascent,6225.007,5.7511,5.7264,0.0247,3.9885,0.0932,1.4889,1.7449,0.2601,0.3410,459569,3262,383,3267,0,10,5,1.5215,0.6013,0.3641,540.2,1935,7501
1955,ascent,6349.654,6.8136,4.8285,1.9851,4.1503,0.3389,1.4008,1.7459,0.2683,0.3348,458169,1151,2111,3511,0,10,5,1.6309,0.7095,0.2096,540.2,1935,7501
1956,ascent,6476.842,5.7655,5.7318,0.0337,3.8820,0.2058,1.2698,1.7459,0.2693,0.3308,455558,0,1151,3762,0,10,5,1.3262,0.5824,0.1327,540.2,1935,7501
1957,ascent,6606.620,6.3011,4.2267,2.0744,3.6628,0.0184,1.2349,1.7480,0.2673,0.3348,451480,0,0,4078,0,10,5,1.0101,0.4478,0.0888,540.2,1935,7501
1958,ascent,6739.042,5.7805,4.0765,1.7040,4.4575,0.0164,1.6701,2.1156,0.2642,0.3267,448317,0,0,3163,0,9,6,0.7748,0.3519,0.0888,540.2,1935,7501
1959,ascent,6874.162,5.0286,2.8681,2.1605,3.5994,0.0010,1.1981,1.7469,0.2683,0.3267,448317,0,0,0,0,9,6,0.0255,0.0005,0.0697,540.2,1935,7501
1960,ascent,7012.035,6.4489,4.9295,1.5194,3.6065,0.0020,1.2012,1.7490,0.2662,0.3297,448317,0,0,0,0,9,6,0.0274,0.0007,0.0824,540.2,1935,7501
1961,ascent,7152.717,5.0305,2.9756,2.0549,3.6065,0.0010,1.1981,1.7480,0.2611,0.3400,448317,0,0,0,0,9,6,0.0234,0.0006,0.0790,540.2,1935,7501
1962,ascent,7296.265,5.5662,3.0037,2.5625,3.6055,0.0010,1.2001,1.7500,0.2673,0.3246,448317,0,0,0,0,9,6,0.0268,0.0006,0.0785,540.2,1935,7501
1963,ascent,7442.738,5.5364,2.9671,2.5693,3.6086,0.0010,1.2001,1.7531,0.2683,0.3277,448317,0,0,0,0,9,6,0.0240,0.0007,0.0801,540.2,1935,7501
1964,ascent,7592.194,4.9014,2.8180,2.0834,4.4216,0.0010,1.4326,1.9825,0.6195,0.3267,448317,0,0,0,0,9,6,0.0255,0.0006,0.0887,540.2,1935,7501
1965,ascent,7744.696,5.9996,2.9935,3.0061,3.6055,0.0020,1.1940,1.7510,0.2703,0.3297,448317,0,0,0,0,9,6,0.0336,0.0010,0.1188,540.2,1935,7501
1966,ascent,7900.304,6.0118,5.9560,0.0558,3.6321,0.0215,1.1919,1.7521,0.2744,0.3297,445245,0,0,3072,0,9,6,1.5485,0.4446,0.0983,540.2,1935,7501
1967,ascent,8059.083,5.9590,5.9341,0.0249,3.6260,0.0307,1.1889,1.7500,0.2673,0.3297,439101,0,0,6144,0,9,6,1.5642,0.6487,0.0987,540.2,1935,7501
1968,ascent,8221.097,4.4229,4.4002,0.0227,3.6239,0.0164,1.1899,1.7644,0.2652,0.3287,438881,0,0,220,0,9,6,0.2263,0.1980,0.0769,540.2,1935,7501
1969,ascent,8386.411,5.6871,2.6230,3.0641,3.5953,0.0010,1.1848,1.7500,0.2703,0.3287,438881,0,0,0,0,9,6,0.0253,0.0006,0.0779,540.2,1935,7501
1970,ascent,8555.094,5.4596,2.8702,2.5894,3.8216,0.0010,1.1756,1.7500,0.2673,0.5663,438881,0,0,0,0,9,6,0.0255,0.0008,0.1327,540.2,1935,7501
1971,ascent,8727.213,5.4627,5.4311,0.0316,4.2004,0.6134,1.1704,1.7510,0.2662,0.3400,442976,207,4095,0,0,9,6,1.5135,0.6167,0.1213,540.2,1935,7501
1972,ascent,8902.838,4.8287,4.8045,0.0242,3.6495,0.0748,1.1602,1.7490,0.2673,0.3389,440111,0,207,3072,0,9,6,1.0472,0.4511,0.1083,540.2,1935,7501
1973,ascent,9082.042,7.7146,5.1301,2.5845,3.5973,0.0184,1.1602,1.7480,0.2662,0.3451,437295,0,0,2816,0,9,6,1.5154,0.4909,0.1420,540.2,1935,7501
1974,ascent,9264.896,5.0923,5.0561,0.0362,3.5830,0.0164,1.1500,1.7469,0.2673,0.3430,435424,0,0,1871,0,9,6,0.7110,0.3327,0.0999,540.2,1935,7501
1975,ascent,9451.476,5.7505,3.0694,2.6811,3.5543,0.0010,1.1448,1.7459,0.2642,0.3389,435424,0,0,0,0,9,6,0.0270,0.0006,0.0784,540.2,1935,7501
1976,ascent,9641.857,4.8849,4.8548,0.0301,4.2353,0.0328,1.1807,2.0029,0.2652,0.6963,428176,0,0,7248,0,9,6,1.5315,0.6217,0.0878,540.2,1935,7501
1977,ascent,9836.117,5.3883,2.6285,2.7598,3.5656,0.0010,1.1602,1.7418,0.2673,0.3389,428176,0,0,0,0,9,6,0.0522,0.0007,0.0694,540.2,1935,7501
1978,ascent,10034.335,6.3197,3.6353,2.6844,3.5615,0.0010,1.1540,1.7418,0.2662,0.3410,428176,0,0,0,0,9,6,0.0272,0.0006,0.0829,540.2,1935,7501
1979,ascent,10236.591,5.1554,5.1234,0.0320,3.5871,0.0307,1.1540,1.7398,0.2673,0.3379,421390,0,0,6786,0,9,6,1.4298,0.5728,0.0897,540.2,1935,7501
1980,ascent,10442.967,5.6862,3.4621,2.2241,3.5318,0.0010,1.1356,1.7398,0.2642,0.3338,421390,0,0,0,0,9,6,0.0278,0.0012,0.0706,540.2,1935,7501
1981,ascent,10653.548,5.3171,5.2846,0.0325,3.5441,0.0266,1.1162,1.7388,0.2662,0.3338,415089,0,0,6301,0,9,6,1.5579,0.6271,0.0995,540.2,1935,7501
1982,ascent,10868.419,5.2197,5.1982,0.0215,3.5359,0.0328,1.0998,1.7367,0.2703,0.3348,407665,0,0,7424,0,9,6,1.5244,0.5861,0.0864,540.2,1935,7501
1983,ascent,11087.668,5.4837,5.4613,0.0224,3.8707,0.0236,1.4592,1.7347,0.2683,0.3267,401841,0,0,5824,0,9,6,1.5217,0.6491,0.1213,540.2,1935,7501
1984,ascent,11311.384,6.3132,6.2860,0.0272,3.4765,0.0195,1.0721,1.7357,0.2642,0.3256,397704,0,0,4137,0,9,6,1.4768,0.5495,0.1106,540.2,1935,7501
1985,ascent,11539.657,6.0415,6.0125,0.0290,3.4540,0.0184,1.0527,1.7357,0.2642,0.3236,394376,0,0,3328,0,9,6,1.5244,0.4350,0.0922,540.2,1935,7501
1986,ascent,11772.581,5.3299,5.3077,0.0222,3.4304,0.0184,1.0394,1.7347,0.2632,0.3164,390271,0,0,4105,0,9,6,1.1964,0.6829,0.1064,540.2,1935,7501
1987,ascent,12010.251,5.3739,5.3524,0.0215,3.8308,0.4280,1.0260,1.7347,0.2642,0.3174,392421,2475,2751,601,0,8,7,1.5196,0.4858,0.2858,540.2,1935,7501
1988,ascent,12252.763,3.8099,3.7881,0.0218,4.3991,0.3901,1.2646,2.0992,0.2693,0.3123,394896,0,2475,0,0,8,7,0.7620,0.3916,0.0928,540.2,1935,7501
1989,ascent,12500.215,6.2015,2.7453,3.4562,3.3782,0.0020,0.9994,1.7439,0.2642,0.3113,394896,0,0,0,0,8,7,0.0247,0.0006,0.0696,540.2,1935,7501
1990,ascent,12752.709,5.5898,5.5494,0.0404,3.3884,0.0317,0.9830,1.7377,0.2652,0.3062,387472,0,0,7424,0,8,7,1.5516,0.6683,0.0857,540.2,1935,7501
1991,ascent,13010.347,5.2418,3.2532,1.9886,3.3577,0.0154,0.9677,1.7408,0.2642,0.3113,386775,0,0,697,0,8,7,0.4217,0.2071,0.0797,540.2,1935,7501
1992,ascent,13273.233,5.8148,2.8805,2.9343,3.3341,0.0010,0.9574,1.7428,0.2662,0.3000,386775,0,0,0,0,8,7,0.0281,0.0005,0.0792,540.2,1935,7501
1993,ascent,13541.476,4.8342,2.8211,2.0131,3.3178,0.0010,0.9492,1.7449,0.2673,0.2990,386775,0,0,0,0,8,7,0.0281,0.0005,0.0758,540.2,1935,7501
1994,ascent,13815.184,4.7313,3.2951,1.4362,3.3137,0.0010,0.9400,1.7480,0.2652,0.2980,386775,0,0,0,0,8,7,0.0254,0.0007,0.0676,540.2,1935,7501
1995,ascent,14094.468,5.7467,5.7173,0.0294,3.3823,0.0287,0.9892,1.7459,0.2673,0.2918,380224,0,0,6551,0,8,7,1.3817,0.5989,0.0921,540.2,1935,7501
1996,ascent,14379.441,4.9939,3.5080,1.4859,3.3434,0.0010,0.9800,1.7459,0.2652,0.2939,380224,0,0,0,0,8,7,0.0326,0.0008,0.1151,540.2,1935,7501
1998,ascent,14966.925,5.2637,2.6104,2.6533,3.3382,0.0010,0.9677,1.7449,0.2642,0.2959,380224,0,0,0,0,8,7,0.0233,0.0005,0.0747,540.2,1935,7501
1999,ascent,15269.674,5.6307,5.6285,0.0022,3.3556,0.0246,0.9585,1.7459,0.2683,0.2929,373582,0,0,6642,0,8,7,1.6182,0.6368,0.0925,540.2,1935,7501
2000,ascent,15578.590,2.4214,2.4009,0.0205,3.3280,0.0020,0.9503,1.7480,0.2662,0.2970,373582,0,0,0,0,8,7,0.0524,0.0008,0.0833,540.2,1935,7501
2001,ascent,15893.800,3.8872,2.6738,1.2134,3.3219,0.0010,0.9390,1.7459,0.2652,0.3052,373582,0,0,0,0,8,7,0.0269,0.0006,0.0846,540.2,1935,7501
2002,ascent,16215.432,5.6865,3.6882,1.9983,3.3055,0.0010,0.9288,1.7459,0.2662,0.2980,373582,0,0,0,0,8,7,0.0106,0.0006,0.0801,540.2,1935,7501
2003,ascent,16543.617,6.1936,6.1639,0.0297,3.6669,0.0246,0.9462,1.8063,0.2662,0.5550,367694,0,0,5888,0,8,7,1.6079,0.7060,0.1034,540.2,1935,7501
2004,ascent,16878.488,5.8525,5.8298,0.0227,3.3915,0.0358,0.9646,1.7449,0.2683,0.3103,360716,0,0,6978,0,8,7,1.5516,0.8130,0.1386,540.2,1935,7501
2005,ascent,17220.181,5.1094,5.0866,0.0228,3.4038,0.0625,0.9564,1.7439,0.2621,0.3133,358680,6081,63,2099,0,8,7,1.5505,0.4003,0.0934,540.2,1935,7501
2006,ascent,17568.836,4.9701,4.9488,0.0213,3.6465,0.3154,0.9482,1.7418,0.2683,0.3062,356503,4332,1919,4096,0,8,7,1.7020,0.6522,0.1041,540.2,1935,7501
2007,ascent,17924.594,5.6211,5.6001,0.0210,3.7253,0.3922,0.9482,1.7418,0.2683,0.3092,355175,1773,2559,3887,0,8,7,1.6547,0.6854,0.2270,540.2,1935,7501
2008,ascent,18287.600,4.9492,4.9295,0.0197,3.6250,0.2898,0.9441,1.7428,0.2662,0.3185,352829,0,1773,4119,0,8,7,1.3932,0.6325,0.1083,540.2,1935,7501
2009,ascent,18658.001,4.6822,4.6615,0.0207,3.3556,0.0205,0.9513,1.7398,0.2621,0.3174,347657,0,0,5172,0,7,8,1.2752,0.5522,0.0863,540.2,1935,7501
2010,ascent,19035.949,5.0081,2.5165,2.4916,3.3413,0.0020,0.9492,1.7377,0.2652,0.3236,347657,0,0,0,0,7,8,0.0276,0.0006,0.0685,540.2,1935,7501
2011,ascent,19421.597,5.4130,2.8621,2.5509,3.3382,0.0010,0.9492,1.7347,0.2632,0.3267,347657,0,0,0,0,7,8,0.0298,0.0013,0.1208,540.2,1935,7501
2012,ascent,19815.101,5.7867,2.9801,2.8066,3.3464,0.0010,0.9554,1.7336,0.2642,0.3287,347657,0,0,0,0,7,8,0.0227,0.0004,0.0698,540.2,1935,7501
2013,ascent,20216.623,5.5917,5.5581,0.0336,3.3802,0.0358,0.9513,1.7326,0.2632,0.3308,340233,0,0,7424,0,7,8,1.5280,0.7974,0.1012,540.2,1935,7501
2014,ascent,20626.325,4.5584,3.1519,1.4065,3.3577,0.0154,0.9564,1.7306,0.2673,0.3246,339968,0,0,265,0,7,8,0.2787,0.1808,0.0901,540.2,1935,7501
2015,ascent,21044.374,4.8019,2.8676,1.9343,3.3270,0.0010,0.9503,1.7265,0.2632,0.3215,339968,0,0,0,0,7,8,0.0213,0.0005,0.0676,540.2,1935,7501
2016,ascent,21470.939,5.3069,5.2804,0.0265,4.1984,0.5304,0.9370,2.0828,0.2662,0.3154,343551,3893,3583,0,0,7,8,1.5109,0.4108,0.4033,540.2,1935,7501
2017,ascent,21906.196,5.1993,5.1776,0.0217,3.8994,0.5827,0.9318,1.7254,0.2642,0.3287,347444,0,3893,0,0,7,8,1.0711,0.4557,0.0723,540.2,1935,7501
2018,ascent,22350.320,6.6055,2.4322,4.1733,3.2942,0.0010,0.9257,1.7234,0.2642,0.3164,347444,0,0,0,0,7,8,0.0280,0.0006,0.0760,540.2,1935,7501
2019,ascent,22803.492,6.0688,2.9500,3.1188,3.2850,0.0010,0.9155,1.7234,0.2673,0.3133,347444,0,0,0,0,7,8,0.0246,0.0004,0.0822,540.2,1935,7501
2020,ascent,23265.896,5.2466,5.2146,0.0320,3.2860,0.0348,0.8909,1.7213,0.2693,0.3031,340788,0,0,6656,0,7,8,1.5446,0.5542,0.0920,540.2,1935,7501
2021,ascent,23737.722,4.8720,3.3816,1.4904,3.2502,0.0195,0.8745,1.7203,0.2662,0.3052,340001,0,0,787,0,7,8,0.4258,0.2563,0.0825,540.2,1935,7501
2022,ascent,24219.160,7.0512,7.0196,0.0316,3.7151,0.0563,0.8561,2.1760,0.2673,0.2949,340064,11969,63,0,0,8,8,1.5466,0.1598,0.1023,540.2,1935,7501
2023,ascent,24710.406,6.4869,6.4636,0.0233,3.6833,0.4987,0.8397,1.7213,0.2662,0.2877,343263,9544,3199,0,0,8,8,1.9153,0.7343,0.1784,540.2,1935,7501
2024,ascent,25211.661,5.3527,5.3283,0.0244,3.5154,0.3584,0.8305,1.7183,0.2621,0.2796,340126,7305,2239,5376,0,8,8,1.8129,0.7857,0.0949,540.2,1935,7501
2025,ascent,25723.128,5.6797,5.6582,0.0215,3.9639,0.8161,0.8141,1.7234,0.2621,0.2806,345966,1354,5951,111,0,8,8,1.7502,0.7396,0.2107,540.2,1935,7501
2026,ascent,26245.015,4.3407,4.3183,0.0224,3.3710,0.2140,0.8223,1.7254,0.2673,0.2775,347320,0,1354,0,0,8,8,0.5367,0.2898,0.1180,540.2,1935,7501
2027,ascent,26777.535,5.3609,5.3387,0.0222,3.1683,0.0246,0.8090,1.7265,0.2662,0.2755,342496,0,0,4824,0,8,8,1.1355,0.6537,0.0969,540.2,1935,7501
2028,ascent,27320.903,5.6449,5.6242,0.0207,3.1764,0.0358,0.8038,1.7275,0.2724,0.2703,335072,0,0,7424,0,8,8,1.5133,0.6824,0.0981,540.2,1935,7501
2029,ascent,27875.342,6.2053,6.1833,0.0220,3.1498,0.0195,0.8038,1.7295,0.2662,0.2642,331940,0,0,3132,0,8,8,1.5779,0.7524,0.1896,540.2,1935,7501
2030,ascent,28441.077,5.7218,5.6992,0.0226,3.1939,0.0625,0.8018,1.7316,0.2642,0.2673,329910,1985,63,2093,0,8,8,1.5714,0.5775,0.1023,540.2,1935,7501
2031,ascent,29018.337,5.1421,5.1208,0.0213,3.7325,0.3707,1.0332,1.7326,0.2662,0.2611,331509,6013,2367,768,0,8,8,1.5727,0.4140,0.0967,540.2,1935,7501
2032,ascent,29607.359,5.8566,5.8334,0.0232,3.4468,0.3133,0.7956,1.7326,0.2724,0.2642,330218,4094,1919,3210,0,8,8,1.7096,0.6820,0.4315,540.2,1935,7501
2033,ascent,30208.380,6.0042,5.9835,0.0207,3.5625,0.4454,0.7905,1.7306,0.2632,0.2652,328645,1279,2815,4388,0,8,8,1.6469,0.9072,0.2657,540.2,1935,7501
2034,ascent,30821.646,4.9361,4.9149,0.0212,3.5789,0.2171,0.7875,1.9732,0.2652,0.2683,327551,0,1279,2373,0,8,8,0.9690,0.4900,0.0922,540.2,1935,7501
2035,ascent,31447.406,5.1026,5.0812,0.0214,3.1416,0.0174,0.7895,1.7285,0.2724,0.2683,325003,0,0,2548,0,8,8,1.0841,0.5070,0.1913,540.2,1935,7501
2036,ascent,32085.916,5.0994,5.0790,0.0204,3.5021,0.3922,0.7885,1.7265,0.2621,0.2673,325493,0,2677,2187,0,7,9,1.3747,0.6252,0.1023,540.2,1935,7501
2037,ascent,32737.433,3.0992,3.0774,0.0218,3.4970,0.0020,1.1612,1.7275,0.2693,0.2703,325493,0,0,0,0,7,9,0.0263,0.0006,0.0768,540.2,1935,7501
2038,ascent,33402.224,6.3827,2.9826,3.4001,3.1252,0.0010,0.7916,1.7295,0.2652,0.2703,325493,0,0,0,0,7,9,0.0236,0.0005,0.0813,540.2,1935,7501
2039,ascent,34080.559,5.0205,2.9756,2.0449,3.1314,0.0010,0.7895,1.7377,0.2662,0.2703,325493,0,0,0,0,7,9,0.0233,0.0007,0.0796,540.2,1935,7501
2040,ascent,34772.714,4.8008,3.3000,1.5008,3.3536,0.0010,0.7926,1.7295,0.4884,0.2765,325493,0,0,0,0,7,9,0.0243,0.0008,0.0754,540.2,1935,7501
2041,ascent,35478.971,5.9679,5.9285,0.0394,3.7335,0.3779,1.0199,1.7285,0.2673,0.2724,317813,0,0,7680,0,7,9,1.5858,0.6871,0.0921,540.2,1935,7501
2042,ascent,36199.616,4.0360,4.0038,0.0322,3.1683,0.0154,0.8233,1.7254,0.2652,0.2724,317625,0,0,188,0,7,9,0.1958,0.1991,0.0953,540.2,1935,7501
2043,ascent,36934.942,6.0386,2.8953,3.1433,3.1468,0.0010,0.8212,1.7244,0.2632,0.2714,317625,0,0,0,0,7,9,0.0232,0.0004,0.0807,540.2,1935,7501
2044,ascent,37685.250,4.5261,2.5917,1.9344,3.1508,0.0010,0.8212,1.7224,0.2673,0.2734,317625,0,0,0,0,7,9,0.0230,0.0005,0.0696,540.2,1935,7501
2045,ascent,38450.844,5.3046,2.7756,2.5290,3.1580,0.0010,0.8264,1.7234,0.2662,0.2744,317625,0,0,0,0,7,9,0.0239,0.0006,0.0749,540.2,1935,7501
2046,ascent,39232.036,4.5496,2.5523,1.9973,3.1427,0.0010,0.8202,1.7203,0.2632,0.2724,317625,0,0,0,0,7,9,0.0218,0.0007,0.0690,540.2,1935,7501
2047,ascent,40029.143,4.8216,2.8297,1.9919,3.9864,0.0010,0.8253,2.1821,0.2632,0.6492,317625,0,0,0,0,7,9,0.0215,0.0006,0.0700,540.2,1935,7501
2048,ascent,40842.490,5.5322,5.5063,0.0259,3.1744,0.0307,0.8182,1.7162,0.2642,0.2765,311125,0,0,6500,0,7,9,1.5673,0.5917,0.0910,540.2,1935,7501
2049,ascent,41672.407,5.1815,5.0696,0.1119,3.5963,0.4454,0.8233,1.7132,0.2632,0.2857,314270,0,3145,0,0,7,9,1.3334,0.5063,0.0991,540.2,1935,7501
2050,ascent,42519.232,5.0997,2.5853,2.5144,3.1457,0.0010,0.8131,1.7172,0.2673,0.2806,314270,0,0,0,0,7,9,0.0225,0.0005,0.0948,540.2,1935,7501
2051,ascent,43383.310,5.9650,2.3254,3.6396,3.1109,0.0010,0.7916,1.7080,0.2724,0.2724,314270,0,0,0,0,7,9,0.0218,0.0004,0.0776,540.2,1935,7501
2052,ascent,44264.992,4.5335,2.9697,1.5638,3.0894,0.0031,0.7772,1.7060,0.2673,0.2703,314270,0,0,0,0,7,9,0.0233,0.0008,0.0754,540.2,1935,7501
2053,ascent,45164.637,4.7840,4.7419,0.0421,3.1078,0.0276,0.7731,1.7050,0.2662,0.2673,308254,0,0,6016,0,7,9,1.2651,0.4779,0.0842,540.2,1935,7501
2054,ascent,46082.610,5.0756,2.5799,2.4957,3.6444,0.0020,0.7813,2.2630,0.2652,0.2642,308254,0,0,0,0,7,9,0.0285,0.0004,0.0735,540.2,1935,7501
2055,ascent,47019.285,5.4623,3.0067,2.4556,3.0863,0.0020,0.7793,1.7029,0.2673,0.2673,308254,0,0,0,0,7,9,0.0224,0.0009,0.1249,540.2,1935,7501
2056,ascent,47975.044,4.8417,2.8996,1.9421,3.0628,0.0010,0.7598,1.7029,0.2683,0.2621,308254,0,0,0,0,7,9,0.0094,0.0005,0.0741,540.2,1935,7501
2057,ascent,48950.274,4.4231,4.3973,0.0258,3.0566,0.0215,0.7424,1.7009,0.2652,0.2550,303951,0,0,4303,0,7,9,0.9838,0.3880,0.0870,540.2,1935,7501
2058,ascent,49945.373,5.1934,5.1731,0.0203,3.0505,0.0348,0.7291,1.6998,0.2683,0.2488,296783,0,0,7168,0,7,9,1.5527,0.7295,0.0942,540.2,1935,7501
2059,ascent,50960.745,4.9369,4.9169,0.0200,3.0095,0.0236,0.7055,1.7019,0.2703,0.2386,290950,0,0,5833,0,7,9,1.5399,0.4664,0.0872,540.2,1935,7501
2060,ascent,51996.804,5.1051,3.1287,1.9764,3.2379,0.0154,0.6973,1.9517,0.2652,0.2406,289876,0,0,1074,0,7,9,0.4349,0.1780,0.0698,540.2,1935,7501
2061,ascent,53053.970,4.6731,4.6442,0.0289,2.9788,0.0184,0.6810,1.7080,0.2683,0.2335,286206,0,0,3670,0,7,9,0.8341,0.3547,0.0811,540.2,1935,7501
2062,ascent,54132.675,5.4596,5.4316,0.0280,3.2020,0.2540,0.6697,1.7080,0.2673,0.2324,287933,2212,1727,0,0,7,9,1.5102,0.3649,0.3781,540.2,1935,7501
2063,ascent,55233.356,4.5161,4.4955,0.0206,3.2584,0.3154,0.6554,1.7111,0.2714,0.2355,286141,0,2212,4004,0,7,9,1.4557,0.5371,0.0815,540.2,1935,7501
2064,ascent,56356.461,5.1812,3.2580,1.9232,2.9563,0.0164,0.6676,1.7121,0.2652,0.2263,283977,0,0,2164,0,7,9,0.5257,0.2275,0.0730,540.2,1935,7501
2065,ascent,57502.448,5.2401,3.8409,1.3992,2.9583,0.0174,0.6676,1.7132,0.2673,0.2232,281661,0,0,2316,0,7,9,0.5877,0.2607,0.1299,540.2,1935,7501
2066,ascent,58671.782,4.9854,3.0089,1.9765,2.9614,0.0174,0.6687,1.7142,0.2652,0.2263,279095,0,0,2566,0,7,9,0.5867,0.2268,0.0689,540.2,1935,7501
2067,ascent,59864.940,4.3280,2.3859,1.9421,3.2236,0.0143,0.6728,1.9589,0.2714,0.2376,278858,0,0,237,0,6,10,0.1223,0.1176,0.0707,540.2,1935,7501
2068,ascent,61082.406,4.6173,2.5752,2.0421,2.9542,0.0010,0.6707,1.7142,0.2662,0.2324,278858,0,0,0,0,6,10,0.0218,0.0005,0.0650,540.2,1935,7501
2069,ascent,62324.675,5.6154,3.6743,1.9411,2.9563,0.0010,0.6748,1.7152,0.2662,0.2294,278858,0,0,0,0,6,10,0.0242,0.0004,0.0817,540.2,1935,7501
2070,ascent,63592.254,4.5267,2.5808,1.9459,2.9624,0.0010,0.6676,1.7132,0.2673,0.2345,278858,0,0,0,0,6,10,0.0315,0.0006,0.0698,540.2,1935,7501
2071,ascent,64885.657,4.7569,2.6648,2.0921,2.9696,0.0020,0.6779,1.7152,0.2724,0.2324,278858,0,0,0,0,6,10,0.0219,0.0006,0.0668,540.2,1935,7501
2072,ascent,66205.411,4.6374,4.6046,0.0328,3.0075,0.0338,0.6892,1.7162,0.2642,0.2335,271178,0,0,7680,0,6,10,1.5087,0.5265,0.0809,540.2,1935,7501
2073,ascent,67552.052,4.7875,2.8697,1.9178,2.9932,0.0154,0.6932,1.7132,0.2642,0.2376,270983,0,0,195,0,6,10,0.2025,0.1324,0.0705,540.2,1935,7501
2074,ascent,68926.129,4.8601,4.8360,0.0241,4.5988,1.0414,1.0404,1.9343,0.2693,0.2396,275528,0,4545,0,0,6,10,1.4191,0.5039,0.1391,540.2,1935,7501
2075,ascent,70328.201,4.6539,2.5854,2.0685,2.9880,0.0010,0.6953,1.7121,0.2652,0.2447,275528,0,0,0,0,6,10,0.0229,0.0006,0.0683,540.2,1935,7501
2076,ascent,71758.837,6.9351,2.8623,4.0728,2.9921,0.0010,0.6984,1.7142,0.2652,0.2427,275528,0,0,0,0,6,10,0.0245,0.0005,0.0790,540.2,1935,7501
2077,ascent,73218.620,4.7393,2.1874,2.5519,2.9932,0.0020,0.6943,1.7142,0.2683,0.2458,275528,0,0,0,0,6,10,0.0220,0.0005,0.0734,540.2,1935,7501
2078,ascent,74708.143,4.7749,2.8163,1.9586,3.0054,0.0020,0.6953,1.7244,0.2683,0.2458,275528,0,0,0,0,6,10,0.0217,0.0006,0.0687,540.2,1935,7501
2079,ascent,76228.013,4.7701,2.3144,2.4557,3.0341,0.0010,0.7291,1.7152,0.2683,0.2499,275528,0,0,0,0,6,10,0.0224,0.0004,0.0812,540.2,1935,7501
2080,ascent,77778.847,5.1275,5.1004,0.0271,3.2891,0.0317,0.7260,1.7152,0.2652,0.4803,268416,0,0,7112,0,6,10,1.4674,0.5032,0.0785,540.2,1935,7501
2081,ascent,79361.277,4.0031,2.6146,1.3885,3.0525,0.0102,0.7373,1.7142,0.2693,0.2509,268416,0,0,0,0,6,10,0.0280,0.0005,0.0681,540.2,1935,7501
2082,ascent,80975.946,5.2403,3.1924,2.0479,3.0464,0.0010,0.7322,1.7142,0.2724,0.2560,268416,0,0,0,0,6,10,0.0266,0.0005,0.0874,540.2,1935,7501
2083,ascent,82623.511,5.1269,2.6264,2.5005,3.0321,0.0020,0.7209,1.7152,0.2652,0.2591,268416,0,0,0,0,6,10,0.0221,0.0006,0.0705,540.2,1935,7501
2084,ascent,84304.642,4.7015,2.7529,1.9486,3.0003,0.0010,0.6963,1.7111,0.2673,0.2540,268416,0,0,0,0,6,10,0.0226,0.0005,0.0686,540.2,1935,7501
2085,ascent,86020.023,4.5073,4.4815,0.0258,3.0669,0.0266,0.7322,1.7070,0.2693,0.2621,262602,0,0,5814,0,6,10,1.3338,0.5275,0.1030,540.2,1935,7501
2086,ascent,87770.352,4.5442,4.5235,0.0207,3.5666,0.5427,0.7178,1.7111,0.2673,0.2570,266761,1498,4159,0,0,6,10,1.5093,0.4585,0.1959,540.2,1935,7501
2087,ascent,89556.341,5.5648,3.0609,2.5039,3.7960,0.2191,0.7076,1.9548,0.2642,0.5796,268259,0,1498,0,0,6,10,0.5122,0.2343,0.1019,540.2,1935,7501
2088,ascent,91378.716,6.0729,3.7890,2.2839,3.0054,0.0215,0.6912,1.7060,0.2673,0.2499,264115,0,0,4144,0,6,10,0.9230,0.2987,0.0741,540.2,1935,7501
2089,ascent,93238.219,5.5599,2.4365,3.1234,3.2317,0.0020,0.9400,1.7060,0.2621,0.2509,264115,0,0,0,0,6,10,0.0295,0.0007,0.0797,540.2,1935,7501
2090,ascent,95135.606,6.1167,6.0686,0.0481,3.0116,0.0410,0.6789,1.7060,0.2673,0.2468,256435,0,0,7680,0,6,10,1.5264,0.6761,0.0919,540.2,1935,7501
2091,ascent,97071.649,5.1045,5.0833,0.0212,2.9911,0.0236,0.6892,1.7019,0.2703,0.2376,250254,0,0,6181,0,6,10,1.5167,0.5678,0.0922,540.2,1935,7501
2092,ascent,99047.135,3.4287,3.4065,0.0222,2.9522,0.0143,0.6707,1.7080,0.2632,0.2273,250155,0,0,99,0,6,10,0.1227,0.1086,0.0733,540.2,1935,7501
2093,ascent,101062.869,4.1129,4.0896,0.0233,2.9338,0.0184,0.6492,1.7080,0.2621,0.2253,246675,0,0,3480,0,6,10,0.8174,0.4717,0.1195,540.2,1935,7501
2094,ascent,103119.669,5.2420,2.6646,2.5774,3.1355,0.0010,0.6277,1.9517,0.2652,0.2212,246675,0,0,0,0,6,10,0.0319,0.0005,0.0932,540.2,1935,7501
2095,ascent,105218.373,4.9670,3.4208,1.5462,2.8754,0.0010,0.6083,1.7142,0.2652,0.2181,246675,0,0,0,0,6,10,0.0087,0.0005,0.1350,540.2,1935,7501
2096,ascent,107359.834,5.1368,3.0556,2.0812,2.8764,0.0010,0.6072,1.7172,0.2662,0.2161,246675,0,0,0,0,6,10,0.0092,0.0005,0.0661,540.2,1935,7501
2097,ascent,109544.924,5.1810,5.1458,0.0352,3.4458,0.0276,0.5919,2.2784,0.2662,0.2109,238739,0,0,7936,0,6,10,1.5675,0.5954,0.0908,540.2,1935,7501
2098,ascent,111774.531,5.2176,5.1966,0.0210,3.0259,0.1710,0.5857,1.7234,0.2693,0.2079,237247,5388,1023,2515,0,6,10,1.5101,0.3846,0.0892,540.2,1935,7501
2099,ascent,114049.562,6.2574,6.2295,0.0279,3.2256,0.3789,0.5827,1.7213,0.2662,0.2068,239182,2637,2751,816,0,5,11,1.6869,0.4919,0.2952,540.2,1935,7501
2100,ascent,116370.943,4.4251,4.4016,0.0235,3.2307,0.3594,0.6062,1.7203,0.2673,0.2079,241819,0,2637,0,0,5,11,0.8142,0.4035,0.0923,540.2,1935,7501
2101,ascent,118739.618,3.1377,3.1163,0.0214,3.2256,0.0072,0.6062,2.0777,0.2580,0.2089,241819,0,0,0,0,5,11,0.0252,0.0006,0.0793,540.2,1935,7501
2102,ascent,121156.551,5.7592,3.1073,2.6519,2.8744,0.0010,0.6072,1.7224,0.2662,0.2099,241819,0,0,0,0,5,11,0.0323,0.0008,0.1085,540.2,1935,7501
2103,ascent,123622.724,5.1215,2.1106,3.0109,2.8611,0.0010,0.5939,1.7224,0.2652,0.2109,241819,0,0,0,0,5,11,0.0256,0.0005,0.0897,540.2,1935,7501
2104,ascent,126139.142,5.1848,5.1562,0.0286,2.9235,0.0348,0.6216,1.7234,0.2652,0.2109,234337,0,0,7482,0,5,11,1.5026,0.5149,0.0848,540.2,1935,7501
2105,ascent,128706.826,3.1233,3.1023,0.0210,2.8948,0.0010,0.6257,1.7224,0.2662,0.2120,234337,0,0,0,0,5,11,0.0273,0.0007,0.0668,540.2,1935,7501
2106,ascent,131326.823,5.3182,1.8242,3.4940,2.8908,0.0010,0.6195,1.7224,0.2662,0.2140,234337,0,0,0,0,5,11,0.0223,0.0005,0.0715,540.2,1935,7501
2107,ascent,134000.198,4.5683,2.6453,1.9230,2.8928,0.0020,0.6216,1.7234,0.2642,0.2140,234337,0,0,0,0,5,11,0.0220,0.0005,0.0803,540.2,1935,7501
2108,ascent,136728.037,5.2003,5.1725,0.0278,3.7120,0.7987,0.6380,1.7224,0.2632,0.2212,237856,4359,3519,0,0,5,11,1.5080,0.3765,0.0876,540.2,1935,7501
2109,ascent,139511.452,5.4046,5.3833,0.0213,3.4990,0.5693,0.6461,1.7295,0.2652,0.2202,242215,0,4359,0,0,5,11,1.3825,0.6783,0.1187,540.2,1935,7501
2110,ascent,142351.574,5.1115,2.6058,2.5057,2.9225,0.0010,0.6461,1.7203,0.2632,0.2232,242215,0,0,0,0,5,11,0.0231,0.0005,0.0693,540.2,1935,7501
2111,ascent,145249.558,5.7181,4.2085,1.5096,2.9737,0.0522,0.6410,1.7193,0.2683,0.2253,242278,12865,63,0,0,6,11,1.5137,0.1213,0.0894,540.2,1935,7501
2112,ascent,148206.584,5.6592,5.6161,0.0431,3.3597,0.4198,0.6492,1.7234,0.2703,0.2263,239653,9858,3007,5632,0,6,11,1.9190,0.8219,0.0945,540.2,1935,7501
2113,ascent,151223.853,5.6918,5.6714,0.0204,3.6516,0.7086,0.6554,1.7183,0.2673,0.2335,244361,4099,5759,1051,0,6,11,1.8242,0.7561,0.0938,540.2,1935,7501
2114,ascent,154302.594,4.5169,4.4968,0.0201,3.6762,0.5018,0.8724,1.7234,0.2683,0.2417,248460,0,4099,0,0,6,11,1.1288,0.5288,0.0818,540.2,1935,7501
2115,ascent,157444.059,5.0562,2.9741,2.0821,3.0013,0.0020,0.7035,1.7193,0.2662,0.2437,248460,0,0,0,0,6,11,0.0228,0.0006,0.0715,540.2,1935,7501
2116,ascent,160649.526,6.6481,3.1237,3.5244,3.0044,0.0010,0.7076,1.7183,0.2642,0.2458,248460,0,0,0,0,6,11,0.0256,0.0005,0.0790,540.2,1935,7501
2117,ascent,163920.298,4.6867,4.6610,0.0257,3.0044,0.0246,0.6717,1.7172,0.2632,0.2509,243001,0,0,5459,0,6,11,1.1389,0.3641,0.0753,540.2,1935,7501
2118,ascent,167257.707,5.0124,3.5219,1.4905,3.0290,0.0010,0.7158,1.7162,0.2693,0.2560,243001,0,0,0,0,6,11,0.0296,0.0005,0.0751,540.2,1935,7501
2119,ascent,170663.109,4.3047,2.3709,1.9338,3.0106,0.0010,0.6943,1.7132,0.2683,0.2652,243001,0,0,0,0,6,11,0.0234,0.0007,0.0788,540.2,1935,7501
2120,ascent,174137.891,4.7111,2.6930,2.0181,3.2420,0.0072,0.6789,1.9548,0.2662,0.2632,243001,0,0,0,0,6,11,0.0213,0.0007,0.0683,540.2,1935,7501
2121,ascent,177683.465,5.6339,5.6076,0.0263,3.0577,0.0246,0.7229,1.7101,0.2632,0.2652,237881,0,0,5120,0,6,11,1.5775,0.4499,0.0932,540.2,1935,7501
2122,ascent,181301.273,4.9244,4.8950,0.0294,3.3608,0.3338,0.7188,1.7080,0.2642,0.2642,240375,0,2627,133,0,6,11,1.0692,0.4022,0.0997,540.2,1935,7501
2123,ascent,184992.788,4.8209,2.8769,1.9440,2.9809,0.0010,0.6738,1.7091,0.2662,0.2591,240375,0,0,0,0,6,11,0.0239,0.0006,0.0674,540.2,1935,7501
2124,ascent,188759.511,5.7539,4.3271,1.4268,3.0054,0.0236,0.6769,1.7080,0.2693,0.2570,235801,0,0,4574,0,6,11,1.2249,0.3333,0.0869,540.2,1935,7501
2125,ascent,192602.975,4.5468,3.1159,1.4309,2.9696,0.0010,0.6717,1.7070,0.2621,0.2560,235801,0,0,0,0,6,11,0.0295,0.0007,0.0712,540.2,1935,7501
2126,ascent,196524.742,5.1147,3.7136,1.4011,2.9583,0.0195,0.6523,1.7070,0.2632,0.2458,232407,0,0,3394,0,6,11,0.7501,0.2459,0.0874,540.2,1935,7501
2127,ascent,200526.408,4.5463,2.5705,1.9758,3.8113,0.0010,0.9236,1.9487,0.2652,0.6011,232407,0,0,0,0,6,11,0.0238,0.0010,0.0731,540.2,1935,7501
2128,ascent,204609.601,4.8820,4.8549,0.0271,2.9286,0.0215,0.6267,1.7111,0.2683,0.2304,228697,0,0,3710,0,6,11,0.8957,0.3638,0.0960,540.2,1935,7501
2129,ascent,208775.982,5.8016,2.7538,3.0478,2.9266,0.0010,0.6451,1.7152,0.2662,0.2273,228697,0,0,0,0,6,11,0.0129,0.0006,0.0775,540.2,1935,7501
2130,ascent,213027.245,5.2800,5.2507,0.0293,2.9123,0.0287,0.6093,1.7172,0.2642,0.2232,222610,0,0,6087,0,6,11,1.5214,0.5947,0.0894,540.2,1935,7501
2131,ascent,217365.120,5.1565,5.1362,0.0203,2.9051,0.0276,0.6001,1.7234,0.2652,0.2191,217996,0,0,4614,0,6,11,1.2311,0.3137,0.0766,540.2,1935,7501
2132,ascent,221791.372,4.0724,2.6537,1.4187,2.8867,0.0010,0.6083,1.7265,0.2673,0.2140,217996,0,0,0,0,6,11,0.0151,0.0006,0.0740,540.2,1935,7501
2133,ascent,226307.801,4.4014,2.9716,1.4298,2.8733,0.0010,0.5929,1.7306,0.2642,0.2150,217996,0,0,0,0,6,11,0.0087,0.0006,0.0639,540.2,1935,7501
2134,ascent,230916.244,4.5570,2.9856,1.5714,3.3300,0.0020,0.6011,2.1832,0.2652,0.2079,217996,0,0,0,0,6,11,0.0083,0.0005,0.0668,540.2,1935,7501
2135,ascent,235618.576,5.0607,3.0093,2.0514,2.8672,0.0020,0.5949,1.7265,0.2662,0.2079,217996,0,0,0,0,6,11,0.0087,0.0006,0.0702,540.2,1935,7501
2136,ascent,240416.709,5.3093,2.6763,2.6330,2.9153,0.0010,0.6390,1.7265,0.2693,0.2079,217996,0,0,0,0,6,11,0.0101,0.0005,0.0952,540.2,1935,7501
2137,ascent,245312.596,4.7580,2.7726,1.9854,2.9020,0.0010,0.6277,1.7285,0.2621,0.2120,217996,0,0,0,0,6,11,0.0093,0.0007,0.0651,540.2,1935,7501
2138,ascent,250308.228,4.5516,3.0889,1.4627,2.9164,0.0010,0.6400,1.7265,0.2652,0.2140,217996,0,0,0,0,6,11,0.0088,0.0005,0.0663,540.2,1935,7501
2139,ascent,255405.637,4.6036,2.5875,2.0161,2.8846,0.0010,0.6113,1.7254,0.2673,0.2099,217996,0,0,0,0,6,11,0.0085,0.0006,0.0682,540.2,1935,7501
2140,ascent,260606.897,4.8770,2.9357,1.9413,2.9194,0.0020,0.6451,1.7265,0.2652,0.2109,217996,0,0,0,0,6,11,0.0078,0.0005,0.0820,540.2,1935,7501
2141,ascent,265914.123,4.1689,4.1416,0.0273,3.4939,0.0174,0.6441,2.2876,0.2673,0.2079,215894,0,0,2102,0,6,11,0.5251,0.1876,0.0767,540.2,1935,7501
2142,ascent,271329.474,5.4727,5.4521,0.0206,2.9143,0.0225,0.6164,1.7254,0.2673,0.2099,210934,0,0,4960,0,5,12,1.5618,0.5190,0.0959,540.2,1935,7501
2143,ascent,276855.153,5.9123,5.8903,0.0220,2.9123,0.0266,0.6134,1.7224,0.2673,0.2109,206582,0,0,4352,0,5,12,1.5307,0.4215,0.0900,540.2,1935,7501
2144,ascent,282493.409,5.1054,5.0826,0.0228,3.0700,0.1597,0.6369,1.7224,0.2652,0.2140,205634,5110,1023,1971,0,5,12,1.5166,0.3510,0.0966,540.2,1935,7501
2145,ascent,288246.533,5.4575,5.4351,0.0224,3.4724,0.5663,0.6308,1.7213,0.2642,0.2161,210241,503,4607,0,0,5,12,1.6719,0.6483,0.1506,540.2,1935,7501
2146,ascent,294116.868,3.4261,3.3943,0.0318,3.0085,0.0891,0.6431,1.7203,0.2673,0.2171,210744,0,503,0,0,5,12,0.2114,0.1324,0.0711,540.2,1935,7501
2147,ascent,300106.800,5.9455,2.9690,2.9765,3.3761,0.0010,0.6380,2.1750,0.2652,0.2243,210744,0,0,0,0,5,12,0.0230,0.0004,0.0672,540.2,1935,7501
2148,orbit_settle,300108.500,5.6084,5.5817,0.0267,2.9399,0.0317,0.6349,1.7203,0.2632,0.2181,204600,0,0,6144,0,5,12,1.5109,0.3759,0.0799,540.2,1935,7501
2149,orbit_settle,300108.500,4.9716,3.5890,1.3826,2.9409,0.0164,0.6328,1.7285,0.2693,0.2212,204257,0,0,343,0,5,12,0.2965,0.1294,0.0771,540.2,1935,7501
2150,orbit_settle,300108.500,5.1158,2.6345,2.4813,2.9225,0.0010,0.6328,1.7285,0.2652,0.2222,204257,0,0,0,0,5,12,0.0075,0.0004,0.0603,540.2,1935,7501
2151,orbit,300108.500,5.4848,2.2666,3.2182,2.9245,0.0010,0.6328,1.7306,0.2683,0.2202,204257,0,0,0,0,5,12,0.0062,0.0005,0.0643,540.2,1935,7501
2152,orbit,300108.500,4.8990,2.8931,2.0059,2.9225,0.0010,0.6339,1.7295,0.2652,0.2202,204257,0,0,0,0,5,12,0.0083,0.0007,0.1357,540.2,1935,7501
2153,orbit,300108.500,4.7501,2.8170,1.9331,2.9194,0.0010,0.6359,1.7234,0.2673,0.2202,204257,0,0,0,0,5,12,0.0067,0.0006,0.0605,540.2,1935,7501
2154,orbit,300108.500,5.1426,2.6630,2.4796,3.2860,0.0010,1.0056,1.7224,0.2642,0.2202,204257,0,0,0,0,5,12,0.0066,0.0004,0.0576,540.2,1935,7501
2155,orbit,300108.500,5.2240,3.2018,2.0222,2.9164,0.0020,0.6339,1.7203,0.2673,0.2212,204257,0,0,0,0,5,12,0.0067,0.0005,0.0595,540.2,1935,7501
2156,orbit,300108.500,5.6988,2.6716,3.0272,2.9204,0.0010,0.6349,1.7213,0.2714,0.2202,204257,0,0,0,0,5,12,0.0066,0.0008,0.0580,540.2,1935,7501
2157,orbit,300108.500,4.6147,2.6459,1.9688,2.9153,0.0010,0.6339,1.7213,0.2632,0.2232,204257,0,0,0,0,5,12,0.0065,0.0005,0.0580,540.2,1935,7501
2158,orbit,300108.500,5.0728,3.1578,1.9150,2.9184,0.0010,0.6328,1.7213,0.2673,0.2232,204257,0,0,0,0,5,12,0.0070,0.0005,0.1729,540.2,1935,7501
2159,orbit,300108.500,5.0956,2.6218,2.4738,2.9133,0.0010,0.6339,1.7234,0.2621,0.2202,204257,0,0,0,0,5,12,0.0063,0.0004,0.0585,540.2,1935,7501
2160,orbit,300108.500,5.0364,2.5713,2.4651,3.1601,0.0010,0.6328,1.9692,0.2673,0.2171,204257,0,0,0,0,5,12,0.0060,0.0004,0.0588,540.2,1935,7501
2161,orbit,300108.500,5.2839,2.5359,2.7480,2.9153,0.0010,0.6339,1.7234,0.2662,0.2202,204257,0,0,0,0,5,12,0.0064,0.0004,0.0578,540.2,1935,7501
2162,orbit,300108.500,5.3673,3.4452,1.9221,2.9245,0.0020,0.6328,1.7306,0.2683,0.2202,204257,0,0,0,0,5,12,0.0082,0.0008,0.0955,540.2,1935,7501
2163,orbit,300108.500,4.9229,2.4799,2.4430,2.9348,0.0010,0.6369,1.7336,0.2683,0.2232,204257,0,0,0,0,5,12,0.0065,0.0004,0.0575,540.2,1935,7501
2164,orbit,300108.500,4.9309,2.3349,2.5960,2.9317,0.0010,0.6390,1.7336,0.2673,0.2202,204257,0,0,0,0,5,12,0.0063,0.0005,0.0565,540.2,1935,7501
2165,orbit,300108.500,4.7755,3.3584,1.4171,2.9368,0.0010,0.6359,1.7326,0.2714,0.2253,204257,0,0,0,0,5,12,0.0099,0.0011,0.1284,540.2,1935,7501
2166,orbit,300108.500,5.4021,2.8685,2.5336,2.9368,0.0010,0.6359,1.7336,0.2714,0.2232,204257,0,0,0,0,5,12,0.0065,0.0004,0.0570,540.2,1935,7501
2167,orbit,300108.500,4.6841,2.7497,1.9344,3.5400,0.0010,0.6380,2.3429,0.2662,0.2202,204257,0,0,0,0,5,12,0.0068,0.0005,0.0583,540.2,1935,7501
2168,orbit,300108.500,5.2480,3.1909,2.0571,2.9286,0.0010,0.6380,1.7326,0.2652,0.2202,204257,0,0,0,0,5,12,0.0067,0.0006,0.0578,540.2,1935,7501
2169,orbit,300108.500,5.4090,2.9231,2.4859,2.9327,0.0010,0.6380,1.7336,0.2693,0.2202,204257,0,0,0,0,5,12,0.0074,0.0005,0.0692,540.2,1935,7501
2170,orbit,300108.500,5.0617,2.6090,2.4527,2.9307,0.0010,0.6369,1.7326,0.2662,0.2222,204257,0,0,0,0,5,12,0.0064,0.0005,0.0582,540.2,1935,7501
2171,orbit,300108.500,4.5178,2.5499,1.9679,2.9327,0.0010,0.6380,1.7336,0.2662,0.2222,204257,0,0,0,0,5,12,0.0065,0.0005,0.0644,540.2,1935,7501
2172,orbit,300108.500,5.1570,2.1582,2.9988,2.9307,0.0010,0.6380,1.7336,0.2683,0.2181,204257,0,0,0,0,5,12,0.0066,0.0005,0.0619,540.2,1935,7501
2173,orbit,300108.500,4.9014,2.4306,2.4708,3.1601,0.0072,0.6369,1.7326,0.4895,0.2222,204257,0,0,0,0,5,12,0.0065,0.0004,0.0566,540.2,1935,7501
2174,orbit,300108.500,4.9526,2.4768,2.4758,2.9358,0.0010,0.6359,1.7336,0.2683,0.2253,204257,0,0,0,0,5,12,0.0060,0.0004,0.0561,540.2,1935,7501
2175,orbit,300108.500,5.8942,3.3325,2.5617,2.9286,0.0010,0.6359,1.7326,0.2662,0.2212,204257,0,0,0,0,5,12,0.0089,0.0004,0.0967,540.2,1935,7501
2176,orbit,300108.500,4.6718,2.7142,1.9576,2.9379,0.0020,0.6472,1.7326,0.2693,0.2161,204257,0,0,0,0,5,12,0.0067,0.0004,0.0563,540.2,1935,7501
2177,orbit,300108.500,4.9700,2.4614,2.5086,2.9338,0.0010,0.6380,1.7357,0.2673,0.2212,204257,0,0,0,0,5,12,0.0063,0.0006,0.0591,540.2,1935,7501
2178,orbit,300108.500,4.9726,2.5454,2.4272,2.9348,0.0010,0.6359,1.7336,0.2642,0.2273,204257,0,0,0,0,5,12,0.0078,0.0006,0.1239,540.2,1935,7501
2179,orbit,300108.500,5.4507,2.2607,3.1900,2.9440,0.0010,0.6369,1.7316,0.2724,0.2232,204257,0,0,0,0,5,12,0.0061,0.0006,0.0611,540.2,1935,7501
2180,orbit,300108.500,4.6999,2.2428,2.4571,3.9537,0.0020,1.0957,2.2958,0.2714,0.2171,204257,0,0,0,0,5,12,0.0066,0.0004,0.0638,540.2,1935,7501
2181,orbit,300108.500,4.9699,2.1893,2.7806,2.9307,0.0010,0.6380,1.7326,0.2683,0.2202,204257,0,0,0,0,5,12,0.0060,0.0005,0.0626,540.2,1935,7501
2182,orbit,300108.500,6.0175,2.3212,3.6963,2.9327,0.0010,0.6380,1.7326,0.2693,0.2212,204257,0,0,0,0,5,12,0.0068,0.0005,0.0872,540.2,1935,7501
2183,orbit,300108.500,4.7043,2.2407,2.4636,2.9358,0.0010,0.6380,1.7326,0.2683,0.2243,204257,0,0,0,0,5,12,0.0063,0.0005,0.0783,540.2,1935,7501
2184,orbit,300108.500,5.1958,2.1729,3.0229,2.9276,0.0010,0.6359,1.7336,0.2662,0.2202,204257,0,0,0,0,5,12,0.0062,0.0005,0.0627,540.2,1935,7501
2185,orbit,300108.500,5.1363,2.1553,2.9810,2.9338,0.0010,0.6369,1.7326,0.2693,0.2232,204257,0,0,0,0,5,12,0.0063,0.0004,0.0620,540.2,1935,7501
2186,orbit,300108.500,4.4961,2.5067,1.9894,2.9358,0.0010,0.6380,1.7326,0.2703,0.2222,204257,0,0,0,0,5,12,0.0066,0.0004,0.0566,540.2,1935,7501
2187,orbit,300108.500,5.1819,2.6607,2.5212,3.2850,0.0010,0.6369,1.7316,0.2662,0.2232,204257,0,0,0,0,5,12,0.0063,0.0004,0.0604,540.2,1935,7501
2188,orbit,300108.500,5.3102,2.7711,2.5391,2.9276,0.0010,0.6369,1.7326,0.2673,0.2191,204257,0,0,0,0,5,12,0.0072,0.0005,0.0701,540.2,1935,7501
2189,orbit,300108.500,5.5008,2.5026,2.9982,2.9368,0.0020,0.6400,1.7326,0.2714,0.2202,204257,0,0,0,0,5,12,0.0065,0.0005,0.0577,540.2,1935,7501
2190,orbit,300108.500,4.7626,2.3131,2.4495,2.9368,0.0010,0.6380,1.7326,0.2693,0.2243,204257,0,0,0,0,5,12,0.0064,0.0005,0.0614,540.2,1935,7501
2191,orbit,300108.500,4.9439,2.9416,2.0023,2.9420,0.0020,0.6369,1.7398,0.2693,0.2232,204257,0,0,0,0,5,12,0.0072,0.0005,0.0588,540.2,1935,7501
2192,orbit,300108.500,5.0313,2.5874,2.4439,2.9297,0.0010,0.6369,1.7336,0.2673,0.2191,204257,0,0,0,0,5,12,0.0068,0.0005,0.0569,540.2,1935,7501
2193,orbit,300108.500,5.0724,2.6090,2.4634,3.5379,0.0010,0.6369,2.3388,0.2673,0.2232,204257,0,0,0,0,5,12,0.0064,0.0005,0.0573,540.2,1935,7501
2194,orbit,300108.500,5.3793,2.6601,2.7192,2.9317,0.0010,0.6369,1.7336,0.2673,0.2212,204257,0,0,0,0,5,12,0.0062,0.0005,0.0558,540.2,1935,7501
2195,orbit,300108.500,5.2260,2.7851,2.4409,2.9348,0.0010,0.6380,1.7316,0.2714,0.2222,204257,0,0,0,0,5,12,0.0065,0.0004,0.0692,540.2,1935,7501
2196,orbit,300108.500,4.6454,2.2000,2.4454,2.9317,0.0010,0.6369,1.7336,0.2683,0.2202,204257,0,0,0,0,5,12,0.0062,0.0005,0.0627,540.2,1935,7501
2197,orbit,300108.500,5.4717,2.6239,2.8478,2.9297,0.0010,0.6380,1.7326,0.2673,0.2202,204257,0,0,0,0,5,12,0.0067,0.0009,0.0567,540.2,1935,7501
2198,orbit,300108.500,4.6561,2.7434,1.9127,2.9286,0.0010,0.6380,1.7316,0.2662,0.2212,204257,0,0,0,0,5,12,0.0069,0.0004,0.0616,540.2,1935,7501
2199,orbit,300108.500,4.8950,2.4531,2.4419,2.9327,0.0020,0.6369,1.7336,0.2673,0.2222,204257,0,0,0,0,5,12,0.0071,0.0004,0.0574,540.2,1935,7501
2200,orbit,300108.500,5.1645,2.6661,2.4984,3.5502,0.0020,0.8888,2.0972,0.2714,0.2202,204257,0,0,0,0,5,12,0.0063,0.0005,0.0585,540.2,1935,7501
2201,orbit,300108.500,4.7194,2.1513,2.5681,2.9358,0.0010,0.6369,1.7347,0.2724,0.2191,204257,0,0,0,0,5,12,0.0067,0.0004,0.0655,540.2,1935,7501
2202,orbit,300108.500,5.6656,2.6915,2.9741,2.9338,0.0010,0.6380,1.7326,0.2683,0.2222,204257,0,0,0,0,5,12,0.0079,0.0006,0.0821,540.2,1935,7501
2203,orbit,300108.500,4.9829,2.4494,2.5335,2.9317,0.0010,0.6369,1.7336,0.2652,0.2243,204257,0,0,0,0,5,12,0.0063,0.0005,0.0580,540.2,1935,7501
2204,orbit,300108.500,5.0609,3.0429,2.0180,2.9348,0.0031,0.6369,1.7326,0.2693,0.2212,204257,0,0,0,0,5,12,0.0070,0.0009,0.0682,540.2,1935,7501
2205,orbit,300108.500,4.6983,2.7109,1.9874,2.9420,0.0010,0.6369,1.7326,0.2724,0.2232,204257,0,0,0,0,5,12,0.0070,0.0005,0.0654,540.2,1935,7501
2206,orbit,300108.500,5.1510,2.6151,2.5359,3.1795,0.0010,0.6380,1.9804,0.2673,0.2212,204257,0,0,0,0,5,12,0.0067,0.0005,0.0605,540.2,1935,7501
2207,orbit,300108.500,5.0147,2.4726,2.5421,2.9317,0.0010,0.6359,1.7326,0.2673,0.2243,204257,0,0,0,0,5,12,0.0055,0.0004,0.0573,540.2,1935,7501
2208,orbit,300108.500,5.4006,2.9296,2.4710,2.9297,0.0010,0.6380,1.7326,0.2673,0.2202,204257,0,0,0,0,5,12,0.0073,0.0004,0.0710,540.2,1935,7501
2210,orbit,300108.500,5.1178,2.4779,2.6399,2.9338,0.0010,0.6380,1.7336,0.2703,0.2202,204257,0,0,0,0,5,12,0.0056,0.0004,0.0572,540.2,1935,7501
2211,audit,300108.500,4.1765,4.1740,0.0025,3.1601,0.0010,0.8602,1.7326,0.2714,0.2232,204257,0,0,0,0,5,12,0.0075,0.0006,0.0895,540.2,1935,7501
2212,orbit_limb,300108.500,3.6033,3.6023,0.0010,1.6118,0.0010,0.4813,0.7997,0.0922,0.1669,204257,0,0,0,0,5,12,0.0073,0.0006,0.0810,540.2,1927,7501
2213,descent,300106.800,5.0762,5.0740,0.0022,2.9153,0.0020,0.6400,1.7213,0.2621,0.2202,204257,0,0,0,0,5,12,0.0241,0.0006,0.0896,540.2,1927,7501
2214,descent,294116.868,3.3522,3.3510,0.0012,2.9215,0.0010,0.6431,1.7244,0.2662,0.2161,204257,0,0,0,0,5,12,0.0268,0.0007,0.0884,540.2,1927,7501
2215,descent,288246.533,3.3050,3.2848,0.0202,2.9123,0.0010,0.6287,1.7265,0.2714,0.2150,204257,0,0,0,0,5,12,0.0242,0.0005,0.0750,540.2,1927,7501
2216,descent,282493.409,2.8092,2.7926,0.0166,2.9133,0.0010,0.6380,1.7244,0.2673,0.2120,204257,0,0,0,0,5,12,0.0103,0.0006,0.0814,540.2,1927,7501
2217,descent,276855.153,4.2054,4.1832,0.0222,3.2963,0.0471,0.9759,1.7254,0.2683,0.2109,204320,15553,63,0,0,6,11,1.5410,0.1023,0.0978,540.2,1927,7501
2218,descent,271329.474,5.9126,5.8911,0.0215,3.3075,0.4106,0.6144,1.7254,0.2703,0.2171,206751,22082,2431,0,0,6,11,1.9985,0.3838,0.0942,540.2,1927,7501
2219,descent,265914.123,5.5604,5.5401,0.0203,3.4079,0.5079,0.6267,1.7275,0.2642,0.2130,209822,32591,3071,0,0,6,11,2.2064,0.3549,0.0897,540.2,1927,7501
2220,descent,260606.897,6.1755,6.1550,0.0205,3.7100,0.8090,0.6287,1.7285,0.2673,0.2079,214813,38826,4991,0,0,6,11,2.5394,0.7045,0.0994,540.2,1927,7501
2221,descent,255405.637,6.7494,6.7280,0.0214,4.3674,1.4950,0.5939,1.7295,0.2703,0.2089,224348,29291,9535,0,0,6,11,2.7338,1.0896,0.1013,540.2,1927,7501
2222,descent,250308.228,6.5094,6.4881,0.0213,5.0596,1.7787,1.0035,1.7306,0.2673,0.2099,232923,20716,8575,0,0,6,11,2.4301,1.1081,0.1172,540.2,1927,7501
2223,descent,245312.596,6.0846,6.0632,0.0214,3.3956,0.4884,0.6287,1.7285,0.2683,0.2109,235930,23843,3007,0,0,6,11,2.1673,0.4462,0.1110,540.2,1927,7501
2224,descent,240416.709,6.9382,6.9081,0.0301,4.1226,1.2052,0.6390,1.7295,0.2693,0.2079,243673,16100,7743,0,0,6,11,2.2863,1.0315,0.1081,540.2,1927,7501
2225,descent,235618.576,6.3489,6.3259,0.0230,3.9424,1.0660,0.5970,1.7306,0.2642,0.2140,250456,9317,6783,0,0,6,11,2.0294,0.8607,0.1076,540.2,1927,7501
2226,descent,230916.244,5.6873,5.6669,0.0204,3.8851,1.0056,0.6001,1.7326,0.2673,0.2089,256791,2982,6335,0,0,6,11,1.8094,0.8130,0.4577,540.2,1927,7501
2227,descent,226307.801,5.4178,3.4809,1.9369,4.1759,0.7250,0.5929,2.3101,0.2662,0.2109,259773,0,2982,0,0,6,11,0.9033,0.3419,0.0788,540.2,1927,7501
2228,descent,221791.372,6.5323,2.2573,4.2750,2.8887,0.0010,0.6113,1.7275,0.2652,0.2140,259773,0,0,0,0,6,11,0.0223,0.0005,0.0770,540.2,1927,7501
2229,descent,217365.120,6.4995,2.3726,4.1269,2.8856,0.0010,0.6042,1.7244,0.2662,0.2191,259773,0,0,0,0,6,11,0.0274,0.0006,0.0907,540.2,1927,7501
2230,descent,213027.245,4.4974,2.5879,1.9095,2.9071,0.0010,0.6175,1.7244,0.2662,0.2212,259773,0,0,0,0,6,11,0.0221,0.0006,0.0697,540.2,1927,7501
2231,descent,208775.982,4.5435,4.5184,0.0251,3.2369,0.2929,0.6595,1.7213,0.2632,0.2294,261301,0,1528,0,0,7,10,0.5409,0.2285,0.1093,540.2,1927,7501
2232,descent,204609.601,3.9801,3.9595,0.0206,3.3454,0.4188,0.6431,1.7152,0.2662,0.2324,263600,0,2299,0,0,7,10,0.7873,0.3218,0.0828,540.2,1927,7501
2233,descent,200526.408,5.8166,4.3999,1.4167,3.0710,0.1024,0.6810,1.7101,0.2683,0.2417,259797,1819,319,4122,0,7,10,1.5162,0.3970,0.3519,540.2,1927,7501
2234,descent,196524.742,5.5384,5.5103,0.0281,3.6966,0.7537,0.6543,1.7091,0.2642,0.2447,262036,8011,2239,0,0,7,10,1.5677,0.3091,0.3408,540.2,1927,7501
2235,descent,192602.975,6.3623,6.3173,0.0450,3.5850,0.6072,0.6758,1.7080,0.2683,0.2550,265619,6655,3583,0,0,7,10,1.7658,0.5577,0.4596,540.2,1927,7501
2236,descent,188759.511,5.3784,5.3575,0.0209,4.0038,1.0158,0.6820,1.7091,0.2673,0.2591,271762,512,6143,0,0,7,10,1.7295,0.7228,0.1731,540.2,1927,7501
2237,descent,184992.788,4.7864,4.7667,0.0197,3.6864,0.7107,0.6697,1.7121,0.2673,0.2560,275887,0,4125,0,0,7,10,1.2817,0.4946,0.1414,540.2,1927,7501
2238,descent,181301.273,6.4472,2.3875,4.0597,3.0249,0.0010,0.7168,1.7121,0.2642,0.2632,275887,0,0,0,0,7,10,0.0248,0.0004,0.0908,540.2,1927,7501
2239,descent,177683.465,6.1438,4.2084,1.9354,4.2230,0.5847,0.7209,1.9610,0.2683,0.6195,279193,0,3306,0,0,7,10,1.0574,0.3708,0.0760,540.2,1927,7501
2240,descent,174137.891,4.7766,2.7987,1.9779,2.9860,0.0010,0.6810,1.7162,0.2652,0.2550,279193,0,0,0,0,7,10,0.0226,0.0006,0.0708,540.2,1927,7501
2241,descent,170663.109,6.5290,3.4674,3.0616,3.0024,0.0010,0.6922,1.7172,0.2673,0.2570,279193,0,0,0,0,7,10,0.0237,0.0005,0.0828,540.2,1927,7501
2242,descent,167257.707,4.7446,4.7138,0.0308,3.7970,0.7721,0.7086,1.7193,0.2683,0.2591,283647,0,4454,0,0,7,10,1.3563,0.4901,0.0854,540.2,1927,7501
2243,descent,163920.298,4.7065,2.2213,2.4852,2.9819,0.0010,0.6676,1.7224,0.2693,0.2540,283647,0,0,0,0,7,10,0.0204,0.0005,0.0751,540.2,1927,7501
2244,descent,160649.526,6.2045,3.2049,2.9996,3.0208,0.0010,0.7076,1.7244,0.2662,0.2540,283647,0,0,0,0,7,10,0.0242,0.0004,0.0844,540.2,1927,7501
2245,descent,157444.059,3.9754,3.9500,0.0254,3.0464,0.0287,0.7045,1.7357,0.2683,0.2417,280375,0,0,3272,0,7,10,0.8866,0.2658,0.0827,540.2,1927,7501
2246,descent,154302.594,4.9644,4.9434,0.0210,4.1052,0.5530,0.8817,2.0992,0.2673,0.2355,283510,1973,3135,0,0,7,10,1.5182,0.3764,0.3021,540.2,1927,7501
2247,descent,151223.853,5.3573,3.8447,1.5126,3.3137,0.3666,0.6543,1.7285,0.2652,0.2304,285483,0,1973,0,0,7,10,0.6528,0.3238,0.0880,540.2,1927,7501
2248,descent,148206.584,6.4211,2.8854,3.5357,2.9532,0.0020,0.6554,1.7254,0.2714,0.2314,285483,0,0,0,0,7,10,0.0240,0.0005,0.0784,540.2,1927,7501
2249,descent,145249.558,5.0448,2.5556,2.4892,2.9307,0.0010,0.6390,1.7275,0.2693,0.2263,285483,0,0,0,0,7,10,0.0227,0.0005,0.0711,540.2,1927,7501
2250,descent,142351.574,4.7559,2.8405,1.9154,2.9297,0.0010,0.6431,1.7275,0.2683,0.2232,285483,0,0,0,0,7,10,0.0211,0.0006,0.0782,540.2,1927,7501
2251,descent,139511.452,4.6472,4.6226,0.0246,3.7775,0.8530,0.6431,1.7275,0.2642,0.2212,290410,361,4927,0,0,7,10,1.5194,0.5426,0.1388,540.2,1927,7501
2252,descent,136728.037,4.1495,4.1299,0.0196,3.6209,0.1044,0.8827,2.0797,0.2693,0.2181,286675,0,361,4096,0,6,10,1.0753,0.3423,0.0843,540.2,1927,7501
2253,descent,134000.198,6.8974,4.2234,2.6740,2.9348,0.0256,0.6226,1.7295,0.2683,0.2212,279507,0,0,7168,0,6,10,1.5210,0.4582,0.0800,540.2,1927,7501
2254,descent,131326.823,4.5307,4.4925,0.0382,2.9276,0.0215,0.6216,1.7295,0.2703,0.2171,276477,0,0,3030,0,6,10,1.0961,0.3429,0.1049,540.2,1927,7501
2255,descent,128706.826,5.5651,2.3593,3.2058,2.9020,0.0010,0.6267,1.7295,0.2652,0.2120,276477,0,0,0,0,6,10,0.0236,0.0005,0.0844,540.2,1927,7501
2256,descent,126139.142,4.1003,2.6083,1.4920,2.9030,0.0010,0.6226,1.7295,0.2714,0.2120,276477,0,0,0,0,6,10,0.0210,0.0005,0.0683,540.2,1927,7501
2257,descent,123622.724,4.8266,2.3614,2.4652,2.8774,0.0010,0.6021,1.7295,0.2621,0.2161,276477,0,0,0,0,6,10,0.0268,0.0005,0.0889,540.2,1927,7501
2258,descent,121156.551,4.4391,2.4020,2.0371,2.8969,0.0010,0.6144,1.7306,0.2714,0.2120,276477,0,0,0,0,6,10,0.0209,0.0005,0.0720,540.2,1927,7501
2259,descent,118739.618,5.0467,5.0198,0.0269,4.0284,0.6830,0.6113,1.9569,0.4956,0.2130,280316,2609,3839,0,0,6,10,1.5100,0.4589,0.3320,540.2,1927,7501
2260,descent,116370.943,4.1679,4.1475,0.0204,3.3536,0.4731,0.6072,1.7275,0.2673,0.2089,282925,0,2609,0,0,6,10,0.7916,0.3275,0.0756,540.2,1927,7501
2261,descent,114049.562,6.9607,3.2486,3.7121,2.8662,0.0010,0.5878,1.7275,0.2693,0.2130,282925,0,0,0,0,6,10,0.0276,0.0009,0.1163,540.2,1927,7501
2262,descent,111774.531,4.8114,4.7808,0.0306,3.4079,0.5407,0.5919,1.7265,0.2662,0.2120,286124,4717,3199,0,0,6,10,1.5074,0.3731,0.0920,540.2,1927,7501
2263,descent,109544.924,5.8750,5.8545,0.0205,3.8277,0.9523,0.6011,1.7285,0.2632,0.2120,291883,0,5759,0,0,7,9,1.6541,0.6592,0.1186,540.2,1927,7501
2264,descent,107359.834,4.7312,4.7087,0.0225,3.3403,0.4506,0.6093,1.7234,0.2693,0.2161,294335,0,2452,0,0,7,9,1.1042,0.3840,0.1283,540.2,1927,7501
2265,descent,105218.373,6.2224,3.7343,2.4881,3.5543,0.4219,0.6103,1.7213,0.5079,0.2232,296584,0,2249,0,0,7,9,0.7799,0.3263,0.0903,540.2,1927,7501
2266,descent,103119.669,5.4434,5.4149,0.0285,2.9737,0.0686,0.6277,1.7172,0.2683,0.2243,290503,2062,63,6144,0,7,9,1.5697,0.4867,0.3778,540.2,1927,7501
2267,descent,101062.869,5.5721,5.5494,0.0227,3.3649,0.4198,0.6605,1.7183,0.2693,0.2273,290365,335,2239,2377,0,7,9,1.5879,0.6055,0.0980,540.2,1927,7501
2268,descent,99047.135,5.0265,3.0883,1.9382,3.3106,0.3543,0.6728,1.7142,0.2662,0.2304,292234,0,1869,0,0,7,9,0.6235,0.2791,0.0784,540.2,1927,7501
2269,descent,97071.649,5.4800,5.4534,0.0266,3.6577,0.6779,0.6922,1.7101,0.2714,0.2355,296009,0,3775,0,0,7,9,1.2203,0.4662,0.0929,540.2,1927,7501
2270,descent,95135.606,5.3239,2.8178,2.5061,2.9727,0.0010,0.6758,1.7132,0.2662,0.2478,296009,0,0,0,0,7,9,0.0214,0.0005,0.0758,540.2,1927,7501
2271,descent,93238.219,5.4291,4.0026,1.4265,4.4134,0.6216,0.6943,2.1514,0.2673,0.6103,299458,0,3449,0,0,7,9,1.0878,0.3887,0.0782,540.2,1927,7501
2272,descent,91378.716,5.2292,2.5574,2.6718,2.9942,0.0010,0.6963,1.7132,0.2683,0.2478,299458,0,0,0,0,7,9,0.0224,0.0005,0.0691,540.2,1927,7501
2273,descent,89556.341,6.1204,4.6993,1.4211,3.4150,0.3983,0.7127,1.7183,0.2683,0.2478,301633,4970,2175,0,0,7,9,1.5111,0.3568,0.1036,540.2,1927,7501
2274,descent,87770.352,5.3256,5.3004,0.0252,3.8881,0.8581,0.7199,1.7172,0.2693,0.2540,306496,4761,4863,0,0,7,9,1.6634,0.5768,0.6215,540.2,1927,7501
2275,descent,86020.023,5.3052,5.2850,0.0202,3.9107,0.8530,0.7455,1.7193,0.2662,0.2570,311257,0,4761,0,0,7,9,1.3694,0.5789,0.1011,540.2,1927,7501
2276,descent,84304.642,6.2224,2.7150,3.5074,3.0116,0.0010,0.7025,1.7203,0.2703,0.2499,311257,0,0,0,0,7,9,0.0282,0.0009,0.1261,540.2,1927,7501
2277,descent,82623.511,5.9984,2.9734,3.0250,3.2748,0.0010,0.7281,1.7203,0.2673,0.4895,311257,0,0,0,0,7,9,0.0223,0.0005,0.0717,540.2,1927,7501
2278,descent,80975.946,4.8273,4.7732,0.0541,3.1191,0.0594,0.7404,1.7234,0.2714,0.2570,307224,5228,63,4096,0,7,9,1.5978,0.4900,0.1001,540.2,1927,7501
2279,descent,79361.277,6.0899,6.0676,0.0223,3.4140,0.3594,0.7404,1.7254,0.2683,0.2519,306375,3373,1855,2704,0,7,9,1.6792,0.5999,0.6423,540.2,1927,7501
2280,descent,77778.847,4.2720,4.2512,0.0208,3.6424,0.6113,0.7291,1.7234,0.2642,0.2458,309748,0,3373,0,0,7,9,1.0014,0.4222,0.0787,540.2,1927,7501
2281,descent,76228.013,5.0380,2.4973,2.5407,3.0372,0.0010,0.7291,1.7234,0.2662,0.2488,309748,0,0,0,0,7,9,0.0218,0.0004,0.0669,540.2,1927,7501
2282,descent,74708.143,5.9894,2.4750,3.5144,3.0065,0.0020,0.6984,1.7285,0.2642,0.2458,309748,0,0,0,0,7,9,0.0224,0.0007,0.0788,540.2,1927,7501
2283,descent,73218.620,5.3582,5.3318,0.0264,4.2650,0.7895,0.6984,1.9528,0.2693,0.4854,314163,1038,4415,0,0,7,9,1.5146,0.5271,0.1985,540.2,1927,7501
2284,descent,71758.837,3.5783,3.5577,0.0206,3.2215,0.2171,0.7014,1.7224,0.2662,0.2447,315201,0,1038,0,0,7,9,0.3792,0.2120,0.0664,540.2,1927,7501
2285,descent,70328.201,7.4508,2.7540,4.6968,2.9952,0.0010,0.7004,1.7203,0.2642,0.2406,315201,0,0,0,0,7,9,0.0221,0.0007,0.0679,540.2,1927,7501
2286,descent,68926.129,5.1817,2.1957,2.9860,2.9972,0.0010,0.6963,1.7244,0.2693,0.2386,315201,0,0,0,0,7,9,0.0232,0.0006,0.0744,540.2,1927,7501
2287,descent,67552.052,4.8531,2.3370,2.5161,3.0013,0.0010,0.6984,1.7213,0.2683,0.2376,315201,0,0,0,0,7,9,0.0232,0.0005,0.0840,540.2,1927,7501
2288,descent,66205.411,4.3728,2.4511,1.9217,3.0034,0.0010,0.6943,1.7316,0.2693,0.2396,315201,0,0,0,0,7,9,0.0238,0.0006,0.0777,540.2,1927,7501
2289,descent,64885.657,4.6083,2.6512,1.9571,2.9809,0.0010,0.6851,1.7244,0.2652,0.2376,315201,0,0,0,0,7,9,0.0214,0.0006,0.0707,540.2,1927,7501
2290,descent,63592.254,5.0040,4.9780,0.0260,3.2266,0.0215,0.6728,1.9732,0.2621,0.2294,309742,0,0,5459,0,7,9,1.2994,0.4527,0.0926,540.2,1927,7501
2291,descent,62324.675,5.8143,5.7940,0.0203,3.6854,0.7107,0.6830,1.7254,0.2662,0.2314,313645,2692,3903,0,0,7,9,1.5112,0.4722,0.3667,540.2,1927,7501
2292,descent,61082.406,4.8251,4.8037,0.0214,3.4877,0.5069,0.6799,1.7306,0.2652,0.2365,316337,0,2692,0,0,7,9,0.8613,0.5124,0.1208,540.2,1927,7501
2293,descent,59864.940,5.4360,2.7129,2.7231,3.0331,0.0584,0.6810,1.7234,0.2703,0.2314,316452,0,115,0,0,8,8,0.0835,0.1303,0.0657,540.2,1927,7501
2294,descent,58671.782,5.7683,4.2979,1.4704,3.5000,0.5304,0.6799,1.7224,0.2693,0.2284,319273,0,2821,0,0,8,8,0.9156,0.3509,0.0824,540.2,1927,7501
2295,descent,57502.448,4.4382,3.0479,1.3903,3.4324,0.4680,0.6779,1.7234,0.2662,0.2273,321752,0,2479,0,0,8,8,0.8538,0.3241,0.0766,540.2,1927,7501
2296,descent,56356.461,5.9824,4.0162,1.9662,3.6475,0.4424,0.6748,1.9630,0.2714,0.2273,324101,0,2349,0,0,8,8,0.7997,0.3145,0.0752,540.2,1927,7501
2297,descent,55233.356,5.3981,3.3720,2.0261,3.3853,0.4198,0.6707,1.7193,0.2693,0.2335,326306,0,2205,0,0,8,8,0.7965,0.3177,0.0806,540.2,1927,7501
2298,descent,54132.675,5.7340,4.3188,1.4152,3.3700,0.4065,0.6769,1.7172,0.2662,0.2345,328428,0,2122,0,0,8,8,0.9611,0.3636,0.0949,540.2,1927,7501
2299,descent,53053.970,5.3166,2.3323,2.9843,2.9809,0.0010,0.6881,1.7152,0.2703,0.2386,328428,0,0,0,0,8,8,0.0226,0.0006,0.0730,540.2,1927,7501
2300,descent,51996.804,5.4902,3.9355,1.5547,3.7089,0.7137,0.7076,1.7152,0.2632,0.2406,332347,0,3919,0,0,8,8,1.1967,0.4559,0.0800,540.2,1927,7501
2301,descent,50960.745,4.6437,2.6990,1.9447,3.0147,0.0010,0.7148,1.7121,0.2683,0.2509,332347,0,0,0,0,8,8,0.0226,0.0005,0.0717,540.2,1927,7501
2302,descent,49945.373,6.3338,3.8388,2.4950,3.9485,0.6554,0.7404,1.7111,0.2662,0.5059,335931,0,3584,0,0,8,8,1.1962,0.4542,0.1127,540.2,1927,7501
2303,descent,48950.274,4.4327,4.4060,0.0267,3.0700,0.0195,0.7455,1.7091,0.2693,0.2591,331224,0,0,4707,0,8,8,1.1257,0.3777,0.0763,540.2,1927,7501
2304,descent,47975.044,6.2013,3.3024,2.8989,3.0659,0.0010,0.7619,1.7111,0.2642,0.2601,331224,0,0,0,0,8,8,0.0311,0.0006,0.0870,540.2,1927,7501
2305,descent,47019.285,4.9119,4.8814,0.0305,3.6209,0.5284,0.7793,1.7132,0.2683,0.2621,334039,1947,2815,0,0,8,8,1.5103,0.4657,0.3735,540.2,1927,7501
2306,descent,46082.610,5.1852,5.1647,0.0205,3.7315,0.6318,0.7834,1.7132,0.2652,0.2673,337494,6004,3455,0,0,8,8,1.5774,0.4405,0.3911,540.2,1927,7501
2307,descent,45164.637,5.0592,5.0320,0.0272,4.0366,0.9308,0.7782,1.7152,0.2703,0.2724,342677,821,5183,0,0,8,8,1.7116,0.7327,0.2392,540.2,1927,7501
2308,descent,44264.992,6.1881,3.1916,2.9965,3.2799,0.1812,0.7762,1.7172,0.2703,0.2662,343498,0,821,0,0,8,8,0.3125,0.2016,0.0727,540.2,1927,7501
2309,descent,43383.310,6.8317,4.7677,2.0640,4.2691,1.1479,0.7936,1.7183,0.2673,0.2724,347913,986,4415,0,0,8,8,1.5201,0.5136,0.1927,540.2,1927,7501
2310,descent,42519.232,4.5560,4.5230,0.0330,3.3536,0.2068,0.8120,1.7193,0.2662,0.2806,348899,0,986,0,0,8,8,0.4051,0.2384,0.0975,540.2,1927,7501
2311,descent,41672.407,6.9788,2.3760,4.6028,3.1621,0.0010,0.8223,1.7254,0.2662,0.2785,348899,0,0,0,0,8,8,0.0281,0.0007,0.1025,540.2,1927,7501
2312,descent,40842.490,5.4868,2.4579,3.0289,3.1580,0.0010,0.8161,1.7265,0.2662,0.2796,348899,0,0,0,0,8,8,0.0226,0.0008,0.0772,540.2,1927,7501
2313,descent,40029.143,4.9553,2.3295,2.6258,3.1652,0.0010,0.8243,1.7275,0.2621,0.2806,348899,0,0,0,0,8,8,0.0245,0.0007,0.0839,540.2,1927,7501
2314,descent,39232.036,4.5931,2.6579,1.9352,3.1672,0.0010,0.8202,1.7316,0.2673,0.2796,348899,0,0,0,0,8,8,0.0223,0.0007,0.0703,540.2,1927,7501
2315,descent,38450.844,5.2569,5.2303,0.0266,4.7698,1.2319,1.1827,1.7326,0.2673,0.2857,353058,2269,4159,0,0,8,8,1.5338,0.5045,0.3166,540.2,1927,7501
2316,descent,37685.250,4.5644,4.5423,0.0221,3.6045,0.4372,0.8223,1.7336,0.2652,0.2775,355327,0,2269,0,0,8,8,0.8399,0.5062,0.1246,540.2,1927,7501
2317,descent,36934.942,6.9532,3.8498,3.1034,3.2000,0.0195,0.8223,1.7418,0.2662,0.2806,351335,0,0,3992,0,8,8,1.0325,0.4467,0.1003,540.2,1927,7501
2318,descent,36199.616,5.7441,2.2161,3.5280,3.1795,0.0010,0.8253,1.7347,0.2703,0.2796,351335,0,0,0,0,8,8,0.0240,0.0007,0.0758,540.2,1927,7501
2319,descent,35478.971,5.2218,2.7199,2.5019,3.1427,0.0010,0.7916,1.7377,0.2652,0.2785,351335,0,0,0,0,8,8,0.0234,0.0010,0.0780,540.2,1927,7501
2320,descent,34772.714,4.4267,2.4860,1.9407,3.1560,0.0010,0.7967,1.7459,0.2621,0.2816,351335,0,0,0,0,8,8,0.0215,0.0004,0.0699,540.2,1927,7501
2321,descent,34080.559,4.7976,3.9783,0.8193,4.5302,0.5601,1.0271,1.9702,0.2652,0.6380,354250,0,2915,0,0,9,7,0.9334,0.3729,0.0810,540.2,1927,7501
2322,descent,33402.224,5.1864,5.1600,0.0264,3.7059,0.5499,0.8028,1.7418,0.2642,0.2775,357127,0,2877,0,0,9,7,0.9377,0.3875,0.0952,540.2,1927,7501
2323,descent,32737.433,6.4327,6.4017,0.0310,3.5420,0.3983,0.7977,1.7388,0.2591,0.2785,359174,646,2047,0,0,9,7,1.5366,0.5453,0.3037,540.2,1927,7501
2324,descent,32085.916,6.3274,4.8726,1.4548,3.5092,0.3471,0.8008,1.7367,0.2724,0.2826,360965,5749,1791,0,0,9,7,1.5430,0.3501,0.4666,540.2,1927,7501
2325,descent,31447.406,5.8958,5.8628,0.0330,3.6628,0.5110,0.8018,1.7377,0.2632,0.2785,363652,7946,2687,0,0,9,7,1.7224,0.5330,0.6170,540.2,1927,7501
2326,descent,30821.646,6.2623,6.2412,0.0211,4.3960,1.0158,0.8008,1.7398,0.2683,0.5018,369155,2443,5503,0,0,9,7,1.7632,0.7721,0.4578,540.2,1927,7501
2327,descent,30208.380,7.3796,7.3571,0.0225,4.4196,1.2257,0.8069,1.7490,0.2744,0.2816,373954,2102,4799,0,0,9,7,1.5949,0.6348,0.4175,540.2,1927,7501
2328,descent,29607.359,5.2922,5.2634,0.0288,3.5973,0.4137,0.8079,1.7551,0.2693,0.2755,376056,0,2102,0,0,9,7,0.7507,0.4035,0.1102,540.2,1927,7501
2329,descent,29018.337,6.0433,6.0200,0.0233,3.9291,0.7516,0.8069,1.7490,0.2703,0.2755,380069,0,4013,0,0,9,7,1.5004,0.5703,0.0978,540.2,1927,7501
2330,descent,28441.077,6.0253,4.5018,1.5235,3.1969,0.0031,0.8100,1.7572,0.2703,0.2806,380069,0,0,0,0,9,7,0.0240,0.0009,0.0774,540.2,1927,7501
2331,descent,27875.342,5.6766,5.6406,0.0360,3.2154,0.0215,0.8110,1.7531,0.2652,0.2847,376945,0,0,3124,0,9,7,1.1631,0.4172,0.1109,540.2,1927,7501
2332,descent,27320.903,6.6573,6.6341,0.0232,4.7094,0.6922,1.0568,1.9855,0.2693,0.6298,380592,1639,3647,0,0,9,7,1.5186,0.5434,0.3080,540.2,1927,7501
2333,descent,26777.535,5.8008,5.7610,0.0398,3.5430,0.3338,0.8243,1.7521,0.2744,0.2877,382231,0,1639,0,0,9,7,0.5386,0.2964,0.0968,540.2,1927,7501
2334,descent,26245.015,5.5032,4.0474,1.4558,3.2195,0.0031,0.8417,1.7469,0.2724,0.2867,382231,0,0,0,0,9,7,0.0259,0.0005,0.0860,540.2,1927,7501
2335,descent,25723.128,5.8384,3.7961,2.0423,3.2143,0.0031,0.8325,1.7480,0.2683,0.2929,382231,0,0,0,0,9,7,0.0252,0.0008,0.0809,540.2,1927,7501
2336,descent,25211.661,6.7309,6.6985,0.0324,3.7315,0.5028,0.8417,1.7459,0.2734,0.2959,384854,3269,2623,0,0,9,7,1.5260,0.6580,0.6962,540.2,1927,7501
2337,descent,24710.406,6.1946,6.1711,0.0235,4.5711,0.5827,0.8520,2.4986,0.2703,0.2970,387925,198,3071,0,0,9,7,1.6340,0.6214,0.1666,540.2,1927,7501
2338,descent,24219.160,4.2393,4.2178,0.0215,3.5830,0.0768,1.1223,1.7449,0.2673,0.3031,388123,0,198,0,0,9,7,0.1931,0.2219,0.1259,540.2,1927,7501
2339,descent,23737.722,6.5611,4.2552,2.3059,3.2758,0.0031,0.8899,1.7388,0.2652,0.3082,388123,0,0,0,0,9,7,0.0270,0.0006,0.0842,540.2,1927,7501
2340,descent,23265.896,5.3419,3.8692,1.4727,4.1390,0.0031,0.9062,2.2026,0.6369,0.3133,388123,0,0,0,0,9,7,0.0234,0.0006,0.0820,540.2,1927,7501
2341,descent,22803.492,5.4968,5.4692,0.0276,3.3618,0.0317,0.9298,1.7418,0.2673,0.3205,382235,0,0,5888,0,8,7,1.5228,0.5091,0.1042,540.2,1927,7501
2342,descent,22350.320,5.9749,5.9546,0.0203,3.3669,0.0225,0.9380,1.7469,0.2673,0.3236,378907,0,0,3328,0,8,7,1.5442,0.4406,0.0914,540.2,1927,7501
2343,descent,21906.196,6.0648,6.0431,0.0217,3.3823,0.0256,0.9482,1.7469,0.2693,0.3236,373668,0,0,5239,0,9,6,1.5220,0.4892,0.0853,540.2,1927,7501
2344,descent,21470.939,5.5476,5.5246,0.0230,3.4376,0.0543,0.9492,1.7592,0.2744,0.3287,373731,10817,63,0,0,9,6,1.5506,0.2041,0.1199,540.2,1927,7501
2345,descent,21044.374,6.6820,6.6571,0.0249,3.6608,0.2826,0.9605,1.7490,0.2673,0.3297,375074,14255,1343,0,0,9,6,1.8542,0.3710,0.1239,540.2,1927,7501
2346,descent,20626.325,6.3016,6.2811,0.0205,4.3807,0.4434,0.9585,2.0931,0.4803,0.3297,377313,22277,2239,0,0,9,6,1.9646,0.3819,0.1689,540.2,1927,7501
2347,descent,20216.623,6.9942,6.9735,0.0207,4.0008,0.6093,0.9615,1.7521,0.2683,0.3287,376480,23358,3007,3840,0,9,6,2.2148,1.0740,0.1609,540.2,1927,7501
2348,descent,19815.101,6.8591,6.8383,0.0208,3.9916,0.5837,0.9738,1.7592,0.2693,0.3256,374168,20479,2879,5191,0,9,6,2.2484,0.8484,0.0925,540.2,1927,7501
2349,descent,19421.597,6.6763,6.6548,0.0215,4.8845,1.1213,0.9646,2.1176,0.2724,0.3308,380119,20046,5951,0,0,9,6,2.1551,0.6993,0.0906,540.2,1927,7501
2350,descent,19035.949,7.0549,7.0323,0.0226,4.4943,1.1151,0.9605,1.7449,0.2673,0.3277,386070,14095,5951,0,0,9,6,2.1547,0.8432,0.5167,540.2,1927,7501
2351,descent,18658.001,5.9100,5.8902,0.0198,4.0847,0.7096,0.9595,1.7480,0.2621,0.3308,389717,15332,3647,0,0,9,6,1.9518,0.5248,0.4586,540.2,1927,7501
2352,descent,18287.600,7.2205,7.2015,0.0190,4.5629,1.1715,0.9482,1.7613,0.2714,0.3328,395988,9061,6271,0,0,9,6,2.0052,0.9416,0.8047,540.2,1927,7501
2353,descent,17924.594,6.4274,6.4070,0.0204,4.1165,0.7311,0.9492,1.7592,0.2673,0.3318,399827,13029,3839,0,0,9,6,1.8012,0.5641,0.4459,540.2,1927,7501
2354,descent,17568.836,6.6602,6.6401,0.0201,4.3919,1.0127,0.9441,1.7633,0.2683,0.3318,405074,14029,5247,0,0,9,6,1.9160,0.6299,0.4293,540.2,1927,7501
2355,descent,17220.181,8.0899,8.0664,0.0235,4.5476,1.1786,0.9390,1.7623,0.2662,0.3297,411281,7822,6207,0,0,9,6,1.9529,0.7996,1.0803,540.2,1927,7501
2356,descent,16878.488,7.0951,7.0715,0.0236,4.8691,0.9196,0.9452,2.3398,0.2642,0.3277,416144,2959,4863,0,0,9,6,1.7739,0.9464,0.7856,540.2,1927,7501
2357,descent,16543.617,7.2114,7.1880,0.0234,3.9711,0.5806,0.9513,1.7664,0.2714,0.3287,419103,0,2959,0,0,9,6,1.4227,0.5979,0.1280,540.2,1927,7501
2358,descent,16215.432,6.0138,5.9927,0.0211,4.0151,0.6584,0.9216,1.7695,0.2693,0.3246,422430,3338,3327,0,0,9,6,1.5147,0.4397,0.3928,540.2,1927,7501
2359,descent,15893.800,5.3023,5.2801,0.0222,4.8599,0.9021,0.9329,2.3593,0.2724,0.3277,425768,0,3338,0,0,9,6,1.0243,0.4596,0.0864,540.2,1927,7501
2360,descent,15578.590,8.6980,8.6718,0.0262,4.0018,0.6451,0.9329,1.7664,0.2673,0.3256,428967,592,3199,0,0,10,5,1.5215,0.6578,0.2442,540.2,1927,7501
2361,descent,15269.674,6.3783,6.3592,0.0191,4.1103,0.7465,0.9380,1.7644,0.2652,0.3226,432742,1890,3775,0,0,10,5,1.5299,0.5416,0.3545,540.2,1927,7501
2363,descent,14670.221,6.2284,6.2023,0.0261,3.6526,0.2826,0.9431,1.7654,0.2734,0.3256,432740,3201,1279,2304,0,10,5,1.6593,0.5740,0.1149,540.2,1927,7501
2364,descent,14379.441,6.7161,6.7146,0.0015,4.2844,0.4372,0.9513,2.2323,0.2714,0.3195,430947,1154,2047,3840,0,10,5,1.6213,0.6947,0.1023,540.2,1927,7501
2366,descent,13815.184,6.3005,6.2814,0.0191,3.8636,0.4782,0.9585,1.7644,0.2683,0.3215,434169,4945,2303,337,0,8,7,1.5264,0.3927,0.0930,540.2,1927,7501
2367,descent,13541.476,7.2231,7.2025,0.0206,4.7073,0.6779,1.2237,2.1320,0.2693,0.3226,432947,1815,2111,3333,0,10,5,1.6811,0.6540,0.1133,540.2,1927,7501
2368,descent,13273.233,6.0726,6.0488,0.0238,3.7448,0.3226,0.9810,1.7674,0.2703,0.3267,431934,12,1471,2484,0,10,5,1.6795,0.5747,0.0912,540.2,1927,7501
2370,descent,12752.709,6.9455,6.9243,0.0212,3.4560,0.0266,0.9984,1.7572,0.2703,0.3277,421962,0,0,6400,0,10,5,1.5414,0.5240,0.1016,540.2,1927,7501
2372,descent,12252.763,4.9469,4.9258,0.0211,3.4908,0.0328,1.0250,1.7551,0.2673,0.3400,411281,0,0,6144,0,11,4,1.5487,0.4631,0.0889,540.2,1927,7501
2373,descent,12010.251,6.6114,6.5927,0.0187,3.5133,0.0276,1.0435,1.7582,0.2703,0.3441,406161,0,0,5120,0,11,4,1.5594,0.5482,0.0969,540.2,1927,7501
2374,descent,11772.581,5.7293,5.7062,0.0231,3.5389,0.0307,1.0588,1.7562,0.2703,0.3502,400529,0,0,5632,0,11,4,1.5103,0.5776,0.1016,540.2,1927,7501
2376,descent,11311.384,5.7490,5.7135,0.0355,3.5615,0.0328,1.0813,1.7541,0.2683,0.3543,390545,0,0,4864,0,11,4,1.5381,0.5214,0.1070,540.2,1927,7501
2377,descent,11087.668,6.7178,6.6978,0.0200,3.5758,0.0297,1.0885,1.7562,0.2703,0.3615,384913,0,0,5632,0,11,4,1.5233,0.5922,0.0948,540.2,1927,7501
2378,descent,10868.419,6.0348,6.0120,0.0228,4.0724,0.0246,1.3435,1.9988,0.2693,0.3676,381329,0,0,3584,0,12,3,1.6041,0.4583,0.0900,540.2,1927,7501
2379,descent,10653.548,6.1652,6.1334,0.0318,3.7007,0.0236,1.2104,1.7582,0.2642,0.3758,377848,0,0,3481,0,12,3,1.5386,0.4888,0.0949,540.2,1927,7501
2380,descent,10442.967,5.9094,5.8880,0.0214,3.7284,0.0328,1.2186,1.7623,0.2703,0.3758,371704,0,0,6144,0,12,3,1.5505,0.5037,0.0953,540.2,1927,7501
2381,descent,10236.591,4.8815,4.8578,0.0237,4.0008,0.2867,1.2247,1.7623,0.2714,0.3809,366072,0,0,5632,0,13,2,1.5243,0.5362,0.1259,540.2,1927,7501
2382,descent,10034.335,5.7017,5.6630,0.0387,3.7908,0.0614,1.2298,1.7766,0.2724,0.3820,364750,5569,63,1385,0,13,2,1.5415,0.3524,0.1015,540.2,1927,7501
2383,descent,9836.117,6.0043,5.9803,0.0240,4.7514,0.5376,1.2360,2.2487,0.2693,0.3840,367437,11330,2687,0,0,13,2,1.6912,0.3963,0.0888,540.2,1927,7501
2384,descent,9641.857,6.9558,6.9325,0.0233,3.9864,0.2560,1.2380,1.7705,0.2673,0.3860,368588,19907,1151,0,0,14,1,1.8983,0.3794,0.1446,540.2,1927,7501
2385,descent,9451.476,6.3287,6.3063,0.0224,4.3069,0.5673,1.2442,1.7654,0.2673,0.3932,371403,28073,2815,0,0,15,0,2.1336,0.3990,0.0945,540.2,1927,7501
2386,descent,9264.896,7.0417,7.0196,0.0221,4.8312,1.0230,1.3148,1.7664,0.2632,0.3912,375306,36202,3903,0,0,15,0,2.3936,0.4993,0.0892,540.2,1927,7501
2387,descent,9082.042,7.6825,7.6545,0.0280,4.6725,0.8530,1.3251,1.7684,0.2683,0.3871,379785,46315,4479,0,0,15,0,2.6436,0.5416,0.1131,540.2,1927,7501
2389,descent,8727.213,8.0623,8.0434,0.0189,4.6428,0.7455,1.3916,1.7695,0.2693,0.3932,387783,65963,3839,0,0,15,0,3.3258,0.5697,0.0938,540.2,1927,7501
2390,descent,8555.094,8.2986,8.2786,0.0200,5.6494,0.9032,1.9763,2.0285,0.2652,0.4035,392390,79995,4607,0,0,15,0,3.5845,0.6207,0.1027,540.2,1927,7501
2391,descent,8386.411,8.2505,8.2303,0.0202,4.7800,0.8468,1.4182,1.7725,0.2673,0.3963,396741,93838,4351,0,0,15,0,4.0106,0.6033,0.0919,540.2,1927,7501
2392,descent,8221.097,8.5188,8.4974,0.0214,5.4548,0.8458,1.8299,2.0419,0.2703,0.3963,401092,111628,4351,0,0,15,0,4.0118,0.6867,0.0950,540.2,1927,7501
2393,descent,8059.083,8.6870,8.6662,0.0208,4.8732,0.8817,1.4787,1.7746,0.2673,0.3973,405507,119970,4415,0,0,15,0,4.0160,0.6912,0.1024,540.2,1927,7501
2394,descent,7900.304,10.6474,10.6243,0.0231,4.8968,0.8714,1.5053,1.7695,0.2724,0.4045,408706,123857,4223,1024,0,15,0,4.0132,0.7481,0.1015,540.2,1927,7501
2395,descent,7744.696,9.9039,9.8730,0.0309,4.9336,0.9615,1.4623,1.7715,0.2673,0.3983,408089,129042,4799,5416,0,15,0,4.0205,1.3422,0.1580,540.2,1927,7501
2396,descent,7592.194,8.5606,8.5404,0.0202,5.2163,1.1930,1.5073,1.7756,0.2673,0.4014,412632,146538,4543,0,0,15,0,4.0190,0.7261,0.0995,540.2,1927,7501
2397,descent,7442.738,8.7440,8.7186,0.0254,5.2316,1.1786,1.5370,1.7715,0.2693,0.4004,418327,161841,5695,0,0,15,0,4.0170,0.7362,0.0943,540.2,1927,7501
2399,descent,7152.717,8.1814,8.1601,0.0213,4.9418,0.8428,1.5892,1.7705,0.2662,0.3983,427925,194474,4031,0,0,15,0,4.2937,0.6517,0.0949,540.2,1927,7501
2400,descent,7012.035,8.6842,8.6649,0.0193,5.2275,0.4495,1.9046,2.1381,0.2642,0.3973,429972,215000,2047,0,0,15,0,4.0253,0.4363,0.1392,540.2,1927,7501
2401,descent,6874.162,8.5812,8.5595,0.0217,5.0483,0.8858,1.6394,1.7715,0.2724,0.4055,434195,231257,4223,0,0,15,0,4.0271,0.6677,0.1148,540.2,1927,7501
2402,descent,6739.042,8.8531,8.8320,0.0211,5.1517,0.9646,1.6660,1.7684,0.2662,0.4086,438802,246576,4607,0,0,15,0,4.0444,0.9954,0.1649,540.2,1927,7501
2403,descent,6606.620,8.4798,8.4588,0.0210,5.2900,1.0650,1.6968,1.7695,0.2734,0.4116,443921,263593,5119,0,0,15,0,4.0133,0.6579,0.1087,540.2,1927,7501
2404,descent,6476.842,9.0119,8.9921,0.0198,5.1200,0.8888,1.6988,1.7695,0.2683,0.4147,448144,280695,4223,0,0,14,0,4.0309,0.9219,0.1390,540.2,1927,7501
2405,descent,6349.654,8.7008,8.6792,0.0216,5.6279,1.0957,1.7377,1.7736,0.5192,0.4260,447485,274368,5183,5842,0,14,0,4.0203,1.2730,0.0958,540.2,1927,7501
2406,descent,6225.007,8.7929,8.7718,0.0211,5.0770,0.7485,1.7900,1.7613,0.2714,0.4219,448857,250980,3519,2147,0,14,0,4.0341,0.8258,0.1605,540.2,1927,7501
2407,descent,6102.848,8.8852,8.8641,0.0211,5.6433,0.9830,1.8340,2.0449,0.2703,0.4321,451658,228979,4671,1870,0,15,0,4.0111,0.8627,0.0931,540.2,1927,7501
2408,descent,5983.128,8.3300,8.3101,0.0199,5.8102,1.3885,1.8842,1.7623,0.2703,0.4291,458285,228260,6783,156,0,15,0,4.0138,1.2278,0.1401,540.2,1927,7501
2409,descent,5865.799,8.7136,8.6931,0.0205,6.7113,2.2108,1.9507,1.7613,0.2652,0.4383,469356,220891,11071,0,0,15,0,4.0258,1.3551,0.1021,540.2,1927,7501
2410,descent,5750.812,8.3208,8.2992,0.0216,6.1256,1.5636,1.9958,1.7674,0.2714,0.4465,477099,216592,7743,0,0,15,0,4.0197,0.9846,0.1132,540.2,1927,7501
2411,descent,5638.121,8.7314,8.7129,0.0185,6.2700,0.9923,2.7126,1.7654,0.2683,0.4454,478307,195928,4863,3655,0,14,0,4.0259,0.9144,0.0986,540.2,1927,7501
2412,descent,5527.681,7.9483,7.9268,0.0215,5.5153,0.8059,2.1545,1.7551,0.2714,0.4557,479534,181901,3839,2612,0,14,0,4.0251,0.8887,0.1134,540.2,1927,7501
2413,descent,5419.445,8.6634,8.6419,0.0215,5.6484,0.9011,2.1658,1.7684,0.2703,0.4659,479896,163107,4479,4117,0,14,0,4.0115,1.0105,0.1093,540.2,1927,7501
2414,descent,5313.370,8.7971,8.7768,0.0203,5.9525,0.9820,2.3818,1.7695,0.2703,0.4700,480117,167250,4735,4514,0,14,0,4.0175,1.1106,0.0959,540.2,1927,7501
2415,descent,5209.414,9.2632,9.2405,0.0227,6.5905,1.2646,2.7709,1.7695,0.2673,0.4413,479371,152124,4991,5737,0,13,0,4.0266,1.1553,0.0928,540.2,1927,7501
2416,descent,5107.533,9.5277,9.5017,0.0260,6.0703,0.8929,2.6163,1.7695,0.2703,0.4352,478786,138629,4479,5064,0,13,0,4.0162,1.0314,0.0972,540.2,1927,7501
2418,descent,4909.833,9.1177,9.0933,0.0244,4.8517,1.0445,1.2585,1.7756,0.2642,0.4270,479389,120968,5247,3166,0,11,4,4.0287,1.1270,0.1045,540.2,1927,7501
2419,descent,4813.933,9.5107,9.4882,0.0225,5.0237,0.8643,1.5985,1.7756,0.2703,0.4352,476274,110771,4287,7402,0,11,4,4.0118,1.2417,0.1202,540.2,1927,7501
2420,descent,4719.948,8.9134,8.8875,0.0259,4.7995,0.9984,1.2370,1.7725,0.2703,0.4403,474440,101085,4863,6697,0,11,4,4.0275,1.2210,0.1044,540.2,1927,7501
2421,descent,4627.840,8.6248,8.6026,0.0222,4.6817,0.8684,1.2390,1.7756,0.2724,0.4465,472266,92507,4351,6525,0,11,4,4.0234,1.1734,0.0980,540.2,1927,7501
2422,descent,4537.571,9.1155,9.0925,0.0230,5.0862,1.0291,1.2462,1.7746,0.2683,0.6871,469197,82264,5055,8124,0,11,4,4.0211,1.2334,0.0979,540.2,1927,7501
2423,descent,4449.104,9.0983,9.0748,0.0235,4.5097,0.6922,1.2585,1.7807,0.2714,0.4270,466911,76477,3327,5613,0,11,4,4.0216,1.1279,0.1006,540.2,1927,7501
2424,descent,4362.404,9.2760,9.2530,0.0230,4.7933,0.9646,1.2667,1.7787,0.2683,0.4291,463472,69420,4799,8238,0,11,4,3.9140,1.2436,0.0996,540.2,1927,7501
2425,descent,4277.435,8.6767,8.6550,0.0217,4.8404,0.9789,1.2810,1.7869,0.2693,0.4424,461085,62591,4863,7250,0,11,4,3.6868,1.1832,0.0971,540.2,1927,7501
2426,descent,4194.162,8.5510,8.5149,0.0361,5.5818,0.8970,1.2810,2.2415,0.2703,0.8028,457972,56488,4479,7592,0,11,4,3.4761,1.4742,0.1019,540.2,1927,7501
2427,descent,4112.552,8.3057,8.2836,0.0221,4.6019,0.7567,1.2790,1.7797,0.2662,0.4393,457810,51786,3839,4001,0,11,4,3.2891,0.9423,0.1162,540.2,1927,7501
2428,descent,4032.571,8.7034,8.6763,0.0271,4.5455,0.6943,1.2831,1.7807,0.2683,0.4321,454180,46968,3327,6957,0,11,4,3.1335,1.4099,0.1297,540.2,1927,7501
2429,descent,3954.188,7.9540,7.9229,0.0311,4.6223,0.7506,1.2851,1.7879,0.2775,0.4424,453042,42474,3711,4849,0,11,4,2.9854,0.9873,0.0978,540.2,1927,7501
2431,descent,3802.084,6.7594,6.7369,0.0225,4.4820,0.6062,1.2954,1.7900,0.2693,0.4403,458641,56321,2943,0,0,11,4,2.9610,0.6202,0.1103,540.2,1927,7501
2432,descent,3728.303,8.1580,8.1370,0.0210,5.9914,2.1217,1.2892,1.7889,0.2703,0.4393,469584,45378,10943,0,0,11,4,3.2719,1.4712,0.1359,540.2,1927,7501
2433,descent,3655.994,8.3473,8.3241,0.0232,5.5624,1.7152,1.2698,1.7838,0.2693,0.4526,478543,36419,8959,0,0,11,4,2.9373,1.2898,0.9322,540.2,1927,7501
2434,descent,3585.129,7.9360,7.9162,0.0198,6.1716,1.7172,1.2718,2.0234,0.2662,0.8264,487310,27652,8767,0,0,11,4,2.6622,1.1027,1.0356,540.2,1927,7501
2435,descent,3515.679,8.0003,7.9784,0.0219,4.7852,0.9533,1.2646,1.7879,0.2662,0.4454,488552,22789,4863,3621,0,11,4,2.3771,1.0399,0.9823,540.2,1927,7501
2436,descent,3447.616,8.1858,8.1622,0.0236,5.3494,1.5380,1.2575,1.7777,0.2673,0.4424,496359,14982,7807,0,0,11,4,2.2323,1.0144,1.1600,540.2,1927,7501
2437,descent,3380.912,7.6181,7.5959,0.0222,5.1558,1.3322,1.2646,1.7756,0.2683,0.4475,503142,8199,6783,0,0,11,4,1.9788,0.8884,1.1728,540.2,1927,7501
2438,descent,3315.540,6.9448,6.8924,0.0524,4.8486,1.0916,1.1878,1.7766,0.2693,0.4536,508773,2568,5631,0,0,11,4,1.7708,0.7411,0.4670,540.2,1927,7501
2439,descent,3251.473,4.4362,4.4146,0.0216,4.5885,0.8489,1.1807,1.7777,0.2673,0.4516,511341,0,2568,0,0,11,4,0.8367,0.4230,0.0855,540.2,1927,7501
2440,descent,3188.685,7.9420,2.6088,5.3332,3.7550,0.0010,1.1848,1.7756,0.2724,0.4588,511341,0,0,0,0,11,4,0.0349,0.0009,0.0810,540.2,1927,7501
2441,descent,3127.150,6.5942,3.0385,3.5557,3.7898,0.0031,1.1960,1.7725,0.2734,0.4731,511341,0,0,0,0,11,4,0.0295,0.0008,0.0783,540.2,1927,7501
2442,descent,3066.845,5.7076,3.1176,2.5900,3.8083,0.0031,1.2063,1.7900,0.2662,0.4772,511341,0,0,0,0,11,4,0.0219,0.0006,0.0719,540.2,1927,7501
2443,descent,3007.743,5.4993,5.4664,0.0329,4.4687,0.6584,1.2104,1.7869,0.2703,0.4751,514510,0,3169,0,0,12,3,1.0961,0.4476,0.0835,540.2,1927,7501
2444,descent,2949.822,5.5726,5.5498,0.0228,5.4446,1.2534,1.5923,1.7879,0.2662,0.4782,518370,0,3860,0,0,12,3,1.2746,0.5651,0.1023,540.2,1927,7501
2445,descent,2893.057,7.3046,5.1966,2.1080,4.5824,0.7465,1.2288,1.7828,0.2683,0.4895,521972,0,3602,0,0,12,3,1.1905,0.5070,0.1092,540.2,1927,7501
2446,descent,2837.425,7.5391,5.5810,1.9581,4.5507,0.6922,1.2390,1.7848,0.2652,0.4946,525330,0,3358,0,0,12,3,1.4577,0.5257,0.0971,540.2,1927,7501
2447,descent,2782.904,6.8983,4.8986,1.9997,4.5189,0.6584,1.2390,1.7766,0.2734,0.4977,528477,0,3147,0,0,12,3,1.0768,0.4520,0.0818,540.2,1927,7501
2448,descent,2729.472,7.0545,4.0558,2.9987,3.8646,0.0031,1.2483,1.7777,0.2662,0.5028,528477,0,0,0,0,12,3,0.0230,0.0007,0.0812,540.2,1927,7501
2449,descent,2677.106,7.1620,5.7196,1.4424,4.9101,1.0424,1.2554,1.7654,0.2673,0.5048,532316,1839,3839,0,0,12,3,1.5167,0.5338,0.2670,540.2,1927,7501
2450,descent,2625.787,5.5948,5.5672,0.0276,4.2629,0.3973,1.2483,1.7592,0.2683,0.5181,534155,0,1839,0,0,12,3,0.7448,0.4199,0.1016,540.2,1927,7501
2451,descent,2575.491,7.6822,5.7112,1.9710,4.3121,0.4628,1.2493,1.7418,0.2703,0.5100,536330,2826,2175,0,0,12,3,1.5082,0.4117,0.3495,540.2,1927,7501
2452,descent,2526.200,6.6957,4.8928,1.8029,4.4216,0.5939,1.2524,1.7142,0.2703,0.5181,539156,0,2826,0,0,12,3,0.9065,0.4422,0.0820,540.2,1927,7501
2453,descent,2477.894,6.2335,3.6487,2.5848,3.8277,0.0031,1.2524,1.7183,0.2724,0.5171,539156,0,0,0,0,12,3,0.0270,0.0005,0.0859,540.2,1927,7501
2454,descent,2430.551,7.2558,5.1491,2.1067,4.8476,0.4628,1.5985,1.9190,0.2714,0.5263,541331,4177,2175,0,0,12,3,1.5142,0.4300,0.1348,540.2,1927,7501
2455,descent,2384.154,6.7565,6.7148,0.0417,4.6141,0.8243,1.2493,1.6742,0.2693,0.5253,545362,146,4031,0,0,12,3,1.6541,0.8928,0.2151,540.2,1927,7501
2456,descent,2338.684,6.3998,4.2775,2.1223,3.8328,0.0676,1.2401,1.6640,0.2683,0.5243,545508,0,146,0,0,12,3,0.1489,0.2426,0.1084,540.2,1927,7501
2457,descent,2294.121,7.0463,5.7551,1.2912,3.7417,0.0031,1.2380,1.6292,0.2724,0.5253,545508,0,0,0,0,12,3,0.0259,0.0008,0.1045,540.2,1927,7501
2458,descent,2250.448,6.2249,6.1688,0.0561,4.1124,0.3768,1.2349,1.6200,0.2662,0.5458,547235,4937,1727,0,0,12,3,1.5299,0.4762,0.1481,540.2,1927,7501
2459,descent,2207.647,7.3183,7.2940,0.0243,5.1548,0.8428,1.6026,1.8371,0.2734,0.5304,550114,2058,2879,0,0,12,3,1.6879,0.6570,0.5781,540.2,1927,7501
2460,descent,2165.700,6.6092,6.5770,0.0322,3.9455,0.2365,1.2380,1.6067,0.2673,0.5315,549793,1099,959,1280,0,12,3,1.5801,0.6133,0.3774,540.2,1927,7501
2461,descent,2124.591,5.3623,5.3263,0.0360,3.9506,0.2601,1.2380,1.5811,0.2683,0.5356,549087,0,1099,1805,0,12,3,0.9160,0.4552,0.0909,540.2,1927,7501
2462,descent,2084.303,5.9723,3.7974,2.1749,3.7028,0.0031,1.2411,1.5872,0.2673,0.5376,549087,0,0,0,0,12,3,0.0230,0.0005,0.0790,540.2,1927,7501
2463,descent,2044.820,6.0613,3.9100,2.1513,3.7048,0.0041,1.2462,1.5739,0.2693,0.5427,549087,0,0,0,0,12,3,0.0290,0.0006,0.0939,540.2,1927,7501
2464,descent,2006.124,5.5792,3.2615,2.3177,3.9250,0.0010,1.2442,1.5514,0.2683,0.7977,549087,0,0,0,0,12,3,0.0256,0.0010,0.0821,540.2,1927,7501
2465,descent,1968.202,6.1041,4.5434,1.5607,4.1380,0.4721,1.2431,1.5452,0.2693,0.5448,551326,5337,2239,0,0,12,3,1.5257,0.4488,0.0994,540.2,1927,7501
2466,descent,1931.036,6.4829,6.4398,0.0431,5.4528,0.9574,1.2493,2.3562,0.2673,0.5530,555997,666,4671,0,0,12,3,1.6914,0.8033,0.3132,540.2,1927,7501
2467,descent,1894.612,6.3372,4.3345,2.0027,3.8738,0.1731,1.2544,1.5544,0.2662,0.5519,556663,0,666,0,0,12,3,0.2932,0.2647,0.1483,540.2,1927,7501
2468,descent,1858.916,8.2119,4.0885,4.1234,3.6731,0.0031,1.2544,1.5196,0.2714,0.5581,556663,0,0,0,0,12,3,0.0269,0.0007,0.0924,540.2,1927,7501
2469,descent,1823.933,5.5604,3.5451,2.0153,3.6803,0.0031,1.2524,1.5288,0.2673,0.5632,556663,0,0,0,0,12,3,0.0231,0.0005,0.0748,540.2,1927,7501
2470,descent,1789.648,6.2391,3.3930,2.8461,3.6874,0.0031,1.2534,1.5217,0.2693,0.5724,556663,0,0,0,0,12,3,0.0231,0.0006,0.0734,540.2,1927,7501
2471,descent,1756.047,5.5348,4.1049,1.4299,3.7048,0.0031,1.2564,1.5278,0.2703,0.5745,556663,0,0,0,0,12,3,0.0300,0.0010,0.1096,540.2,1927,7501
2472,descent,1723.118,5.5854,3.1362,2.4492,4.0294,0.0031,1.6343,1.4879,0.2673,0.5704,556663,0,0,0,0,12,3,0.0214,0.0005,0.0778,540.2,1927,7501
2473,descent,1690.846,6.0702,3.3561,2.7141,3.6567,0.0031,1.2626,1.4828,0.2693,0.5724,556663,0,0,0,0,12,3,0.0222,0.0006,0.0715,540.2,1927,7501
2474,descent,1659.218,6.2695,6.2265,0.0430,3.7519,0.0696,1.2698,1.4889,0.2693,0.5806,551094,2036,63,5632,0,12,2,1.5591,0.5260,0.3776,540.2,1927,7501
2475,descent,1628.222,5.7976,5.7764,0.0212,4.7944,0.4588,1.5473,1.8627,0.2714,0.5857,549290,0,2036,3840,0,12,2,1.5338,0.5947,0.1052,540.2,1927,7501
2476,descent,1597.844,6.3414,6.3192,0.0222,3.7693,0.0676,1.2841,1.4909,0.2693,0.5816,544880,449,63,4473,0,12,2,1.5287,0.5897,0.0949,540.2,1927,7501
2477,descent,1568.073,6.0045,5.9642,0.0403,4.0899,0.3830,1.2913,1.4592,0.2673,0.6103,546607,5777,1727,0,0,12,2,1.5402,0.5146,0.1110,540.2,1927,7501
2478,descent,1538.897,6.4785,6.4558,0.0227,4.2332,0.5120,1.3015,1.4705,0.2703,0.6052,548910,10988,2303,0,0,12,2,1.6974,0.4941,0.0994,540.2,1927,7501
2479,descent,1510.303,7.3699,7.3463,0.0236,4.8159,1.0783,1.3087,1.4643,0.2703,0.6185,554093,5805,5183,0,0,12,2,1.8589,0.9398,0.1103,540.2,1927,7501
2480,descent,1482.280,6.0947,6.0720,0.0227,4.4513,0.7209,1.3128,1.4746,0.2703,0.6011,557484,8473,3391,0,0,12,2,1.6979,0.5624,0.1000,540.2,1927,7501
2481,descent,1454.817,6.7325,6.7106,0.0219,5.2890,1.1469,1.3220,1.4612,0.6666,0.6195,562987,2970,5503,0,0,12,2,1.7771,0.7647,0.4656,540.2,1927,7501
2482,descent,1427.901,6.3159,6.2908,0.0251,4.4626,0.7055,1.3302,1.4612,0.2683,0.6246,566250,4992,3263,0,0,12,2,1.6029,0.5206,0.0932,540.2,1927,7501
2483,descent,1401.524,8.3992,6.8271,1.5721,4.6807,0.8888,1.3322,1.4971,0.2693,0.6216,570409,833,4159,0,0,12,2,1.7564,0.7208,0.2804,540.2,1927,7501
2484,descent,1375.673,6.8230,4.3171,2.5059,3.9619,0.2007,1.3384,1.4520,0.2662,0.6318,571242,0,833,0,0,12,2,0.3613,0.0856,0.1483,540.2,1927,7501
2485,descent,1350.338,7.4090,5.4321,1.9769,5.5296,0.6748,1.8299,1.8176,0.4823,0.6461,574377,3534,3135,0,0,12,2,1.5167,0.4711,0.4254,540.2,1927,7501
2486,descent,1325.509,6.0975,6.0674,0.0301,4.5609,0.7670,1.3414,1.4602,0.2693,0.6513,577911,0,3534,0,0,12,2,1.2264,0.5621,0.1707,540.2,1927,7501
2487,descent,1301.176,7.4834,3.9796,3.5038,3.7908,0.0031,1.3384,1.4582,0.2673,0.6543,577911,0,0,0,0,12,2,0.0244,0.0004,0.0827,540.2,1927,7501
2488,descent,1277.328,7.3805,3.6353,3.7452,3.7888,0.0031,1.3353,1.4715,0.2714,0.6390,577911,0,0,0,0,12,2,0.0233,0.0006,0.0720,540.2,1927,7501
2489,descent,1253.957,5.4075,5.3750,0.0325,4.4882,0.7045,1.3240,1.4633,0.2683,0.6615,581174,3569,3263,0,0,12,2,1.5100,0.4863,0.3928,540.2,1927,7501
2490,descent,1231.052,6.1267,4.1902,1.9365,5.3729,0.9974,1.3271,2.0695,0.2632,0.6502,584743,0,3569,0,0,12,2,1.0744,0.5093,0.0826,540.2,1927,7501
2491,descent,1208.605,6.8476,3.1566,3.6910,3.7560,0.0031,1.3240,1.4418,0.2673,0.6441,584743,0,0,0,0,12,2,0.0205,0.0006,0.0726,540.2,1927,7501
2492,descent,1186.606,7.9351,3.8336,4.1015,3.7847,0.0031,1.3210,1.4623,0.2744,0.6543,584743,0,0,0,0,12,2,0.0234,0.0008,0.0836,540.2,1927,7501
2493,descent,1165.046,5.5388,3.5533,1.9855,3.7724,0.0031,1.3189,1.4459,0.2673,0.6646,584743,0,0,0,0,12,2,0.0234,0.0007,0.0749,540.2,1927,7501
2494,descent,1143.917,5.7264,3.2376,2.4888,3.7929,0.0031,1.3179,1.4694,0.2642,0.6687,584743,0,0,0,0,12,2,0.0278,0.0005,0.0897,540.2,1927,7501
2495,descent,1123.209,5.7969,3.3435,2.4534,4.6500,0.0031,1.3148,1.6927,0.2642,1.2974,584743,0,0,0,0,12,2,0.0215,0.0007,0.0691,540.2,1927,7501
2496,descent,1102.915,5.7993,3.6511,2.1482,3.7755,0.0031,1.3128,1.4572,0.2683,0.6595,584743,0,0,0,0,12,2,0.0218,0.0005,0.0709,540.2,1927,7501
2497,descent,1083.026,6.2031,6.1613,0.0418,4.1370,0.3686,1.3066,1.4643,0.2652,0.6595,586342,6644,1599,0,0,12,2,1.5207,0.3948,0.1588,540.2,1927,7501
2498,descent,1063.534,6.0397,6.0181,0.0216,5.0422,1.2513,1.3066,1.4643,0.2683,0.6687,592229,757,5887,0,0,12,2,1.7179,0.7438,0.1933,540.2,1927,7501
2499,descent,1044.432,6.2998,3.7450,2.5548,3.9875,0.2089,1.3087,1.4674,0.2724,0.6595,592986,0,757,0,0,12,2,0.3128,0.2796,0.0719,540.2,1927,7501
2500,descent,1025.711,8.1450,3.4990,4.6460,4.2721,0.0041,1.3056,1.4664,0.5028,0.9236,592986,0,0,0,0,12,2,0.0228,0.0006,0.0732,540.2,1927,7501
2501,descent,1007.363,6.2022,3.6173,2.5849,3.8195,0.0031,1.3046,1.4735,0.2693,0.6912,592986,0,0,0,0,12,2,0.0227,0.0006,0.0775,540.2,1927,7501
2502,descent,989.382,6.0804,3.4199,2.6605,3.8216,0.0031,1.3046,1.4899,0.2734,0.6820,592986,0,0,0,0,12,2,0.0247,0.0007,0.1336,540.2,1927,7501
2503,descent,971.760,5.9673,3.4895,2.4778,3.8216,0.0031,1.3046,1.4899,0.2714,0.6830,592986,0,0,0,0,12,2,0.0229,0.0006,0.0701,540.2,1927,7501
2504,descent,954.490,5.6612,3.6648,1.9964,3.8226,0.0031,1.2964,1.5114,0.2693,0.6717,592986,0,0,0,0,12,2,0.0222,0.0006,0.0728,540.2,1927,7501
2505,descent,937.565,5.9074,3.4334,2.4740,3.8287,0.0031,1.2933,1.5084,0.2683,0.6779,592986,0,0,0,0,12,2,0.0200,0.0005,0.0756,540.2,1927,7501
2506,descent,920.977,6.0909,3.0987,2.9922,4.6479,0.0031,1.7725,1.8452,0.2703,0.6820,592986,0,0,0,0,12,2,0.0220,0.0006,0.0719,540.2,1927,7501
2507,descent,904.721,5.7880,3.6926,2.0954,4.0704,0.0031,1.2933,1.7572,0.2693,0.6769,592986,0,0,0,0,12,2,0.0212,0.0007,0.0916,540.2,1927,7501
2508,descent,888.789,6.3866,5.3305,1.0561,3.8584,0.0358,1.2902,1.5104,0.2693,0.6830,587098,0,0,5888,0,12,2,1.5689,0.6174,0.0930,540.2,1927,7501
2509,descent,873.176,6.4731,6.4314,0.0417,4.1001,0.2560,1.2984,1.4961,0.2734,0.7014,585908,2746,1023,2213,0,13,1,1.5149,0.5489,0.4840,540.2,1927,7501
2510,descent,857.874,6.6418,6.6187,0.0231,4.9623,0.6513,1.3036,1.9528,0.2683,0.7045,588979,3724,3071,0,0,13,1,1.6027,0.5941,0.5291,540.2,1927,7501
2511,descent,842.878,6.6076,6.5843,0.0233,4.7790,0.6451,1.3097,1.7684,0.2703,0.7035,591026,5427,2047,0,0,13,1,1.6338,0.5074,0.1017,540.2,1927,7501
2513,descent,813.777,6.4847,6.4605,0.0242,5.1067,0.8325,1.7019,1.5104,0.2673,0.7127,598320,4893,3967,0,0,13,1,1.6973,0.6343,0.1402,540.2,1927,7501
2514,descent,799.662,6.5974,6.5952,0.0022,5.3985,0.9226,1.3394,2.0695,0.2673,0.7260,602735,478,4415,0,0,13,1,1.6799,0.7640,0.2218,540.2,1927,7501
2515,descent,785.828,5.4925,5.4637,0.0288,4.0581,0.1290,1.3414,1.5217,0.2673,0.7250,600397,0,412,2750,0,12,2,1.1351,0.5347,0.1137,540.2,1927,7501
2516,descent,772.270,5.7249,5.7048,0.0201,3.9875,0.0266,1.3486,1.5227,0.2693,0.7475,594509,0,0,5888,0,13,1,1.5189,0.5152,0.0881,540.2,1927,7501
2517,descent,758.983,6.1777,6.1563,0.0214,4.0233,0.0338,1.3599,1.5299,0.2662,0.7619,588365,0,0,6144,0,13,1,1.5607,0.5287,0.0867,540.2,1927,7501
2518,descent,745.961,5.8157,5.7938,0.0219,4.0212,0.0225,1.3588,1.5421,0.2703,0.7485,584117,0,0,4248,0,13,1,1.5408,0.6169,0.0984,540.2,1927,7501
2519,descent,733.199,5.6336,5.6118,0.0218,4.7063,0.0358,1.3640,1.8463,0.6216,0.7670,577717,0,0,6400,0,13,1,1.5323,0.5193,0.0846,540.2,1927,7501
2520,descent,720.692,6.3102,6.2882,0.0220,4.0397,0.0369,1.3670,1.5421,0.2755,0.7475,572085,0,0,5632,0,13,1,1.5505,0.5955,0.0937,540.2,1927,7501
2521,descent,708.435,6.0755,6.0515,0.0240,4.1032,0.0625,1.3732,1.5544,0.2734,0.7690,571233,8641,63,915,0,13,1,1.5631,0.3621,0.0892,540.2,1927,7501
2522,descent,696.423,5.8968,5.8751,0.0217,4.6336,0.5919,1.3783,1.5514,0.2714,0.7711,573984,14850,2751,0,0,13,1,1.7790,0.5242,0.0964,540.2,1927,7501
2523,descent,684.650,5.7310,5.7090,0.0220,4.5681,0.5161,1.3814,1.5565,0.2693,0.7741,576351,22476,2367,0,0,13,1,1.9861,0.4491,0.0887,540.2,1927,7501
2524,descent,673.112,6.3708,6.3481,0.0227,5.5480,0.6062,1.6404,1.9333,0.2693,1.0117,579166,31949,2815,0,0,13,1,2.2197,0.4646,0.0908,540.2,1927,7501
2525,descent,661.805,9.1224,9.0991,0.0233,4.2527,0.1690,1.3752,1.5739,0.2714,0.7916,579805,40903,639,0,0,13,1,2.5365,0.5237,0.3002,540.2,1927,7501
2526,descent,650.724,7.3729,7.3422,0.0307,5.0811,0.9769,1.3783,1.5882,0.2693,0.7956,584476,44691,4671,0,0,13,1,2.8009,0.7121,0.0945,540.2,1927,7501
2527,descent,639.863,8.5630,8.5402,0.0228,5.9054,1.8473,1.3660,1.5708,0.2703,0.7782,593435,35732,8959,0,0,13,1,2.9112,1.3844,0.1099,540.2,1927,7501
2528,descent,629.220,7.7287,7.7047,0.0240,6.1870,1.6497,1.3650,2.0460,0.2714,0.7813,601370,27797,7935,0,0,13,1,2.6357,1.2461,0.1009,540.2,1927,7501
2529,descent,618.789,7.4726,7.4479,0.0247,5.1886,1.0977,1.3629,1.5974,0.2683,0.7813,606617,22550,5247,0,0,13,1,2.3920,0.9687,0.1173,540.2,1927,7501
2530,descent,608.567,8.0948,6.6603,1.4345,4.7247,0.6410,1.3629,1.5811,0.2683,0.7987,609624,27523,3007,0,0,13,1,2.2238,0.5652,0.1016,540.2,1927,7501
2531,descent,598.548,8.4285,6.9768,1.4517,5.6873,1.5985,1.3629,1.6026,0.2652,0.7875,617303,19844,7679,0,0,13,1,2.3799,1.0190,0.1006,540.2,1927,7501
2532,descent,588.730,7.6211,7.5703,0.0508,6.6499,1.4715,1.6097,1.8452,0.6052,1.0435,624406,12741,7103,0,0,13,1,2.1400,0.9162,0.5484,540.2,1927,7501
2533,descent,579.107,7.9323,6.4290,1.5033,5.4036,1.3220,1.3609,1.5852,0.2673,0.7946,630741,6406,6335,0,0,13,1,1.9094,0.8000,0.3809,540.2,1927,7501
2534,descent,569.677,9.5915,7.0408,2.5507,4.9562,0.8632,1.3599,1.5882,0.2673,0.8049,634836,2311,4095,0,0,13,1,1.7142,0.4923,0.4585,540.2,1927,7501
2535,descent,560.435,8.6965,4.3008,4.3957,4.6070,0.5263,1.3619,1.5841,0.2642,0.7977,637147,0,2311,0,0,13,1,0.7872,0.4301,0.0774,540.2,1927,7501
2536,descent,551.377,6.9231,2.6908,4.2323,4.0428,0.0020,1.3486,1.5780,0.2652,0.7864,637147,0,0,0,0,13,1,0.0234,0.0006,0.0747,540.2,1927,7501
2537,descent,542.501,6.8180,3.2403,3.5777,4.6746,0.0020,1.7193,1.8268,0.2662,0.7967,637147,0,0,0,0,13,1,0.0347,0.0008,0.0986,540.2,1927,7501
2538,descent,533.801,5.9389,3.3149,2.6240,4.0980,0.0031,1.3558,1.5923,0.2724,0.8059,637147,0,0,0,0,13,1,0.0209,0.0004,0.0872,540.2,1927,7501
2539,descent,525.276,6.9257,3.3623,3.5634,4.0940,0.0031,1.3537,1.5821,0.2703,0.8172,637147,0,0,0,0,13,1,0.0232,0.0010,0.1301,540.2,1927,7501
2540,descent,516.920,5.9171,3.3334,2.5837,4.0970,0.0031,1.3527,1.5852,0.2683,0.8110,637147,0,0,0,0,13,1,0.0224,0.0006,0.0736,540.2,1927,7501
2541,descent,508.732,6.1490,3.6320,2.5170,4.1236,0.0031,1.3527,1.5974,0.2683,0.8315,637147,0,0,0,0,13,1,0.0237,0.0004,0.0777,540.2,1927,7501
2542,descent,500.706,6.3874,3.3715,3.0159,4.8067,0.0031,1.3517,1.8842,0.2652,1.2308,637147,0,0,0,0,13,1,0.0221,0.0004,0.0742,540.2,1927,7501
2543,descent,492.841,6.0452,3.4494,2.5958,4.1062,0.0031,1.3527,1.5800,0.2683,0.8305,637147,0,0,0,0,13,1,0.0222,0.0008,0.0923,540.2,1927,7501
2544,descent,485.134,6.4933,6.4494,0.0439,4.5701,0.4495,1.3578,1.5821,0.2693,0.8335,639194,2280,2047,0,0,14,0,1.5269,0.4909,0.4958,540.2,1927,7501
2545,descent,477.580,6.4493,6.4277,0.0216,5.0104,0.8755,1.3670,1.5882,0.2662,0.8407,643353,2088,4159,0,0,14,0,1.5839,0.6887,0.3423,540.2,1927,7501
2546,descent,470.176,6.7202,6.6970,0.0232,4.7032,0.5939,1.3578,1.5657,0.2734,0.8397,646104,3014,2751,0,0,14,0,1.5840,0.6273,0.4595,540.2,1927,7501
2547,descent,462.921,7.8794,5.9217,1.9577,5.4968,1.1192,1.5974,1.5862,0.2652,0.8540,650327,2217,4223,0,0,14,0,1.6025,0.6307,0.3800,540.2,1927,7501
2548,descent,455.811,6.5368,6.4974,0.0394,5.0299,0.8878,1.3701,1.5698,0.2703,0.8581,654550,1203,4223,0,0,14,0,1.5768,0.6596,0.2777,540.2,1927,7501
2549,descent,448.842,8.9644,4.3428,4.6216,4.4104,0.2857,1.3732,1.5616,0.2642,0.8550,655753,0,1203,0,0,14,0,0.5072,0.1416,0.1173,540.2,1927,7501
2550,descent,442.013,7.7004,6.2642,1.4362,4.8691,0.7076,1.3804,1.5688,0.2714,0.8684,659080,2475,3327,0,0,14,0,1.5225,0.5839,0.3836,540.2,1927,7501
2551,descent,435.320,6.7252,5.2882,1.4370,5.2060,0.5386,1.3875,1.7920,0.2673,1.1469,661555,0,2475,0,0,14,0,0.8447,0.4743,0.0920,540.2,1927,7501
2552,descent,428.760,7.4792,5.3570,2.1222,4.2424,0.0696,1.3967,1.5606,0.2673,0.8765,657778,4985,63,3840,0,14,0,1.5363,0.4315,0.0989,540.2,1927,7501
2553,descent,422.332,8.0944,6.6387,1.4557,4.6039,0.3922,1.4008,1.5749,0.2652,0.9001,656689,3258,1727,2816,0,14,0,1.6847,0.7493,0.5361,540.2,1927,7501
2554,descent,416.032,6.8120,5.2205,1.5915,4.9254,0.6994,1.4090,1.5780,0.2662,0.9001,659870,0,3258,77,0,14,0,1.0639,0.5480,0.0932,540.2,1927,7501
2555,descent,409.858,5.8755,5.8421,0.0334,4.7032,0.4731,1.4152,1.5677,0.2673,0.8991,662045,4206,2175,0,0,14,0,1.5286,0.5094,0.0962,540.2,1927,7501
2556,descent,403.807,8.3435,5.2875,3.0560,5.4682,1.2216,1.4193,1.5565,0.2724,0.9247,666251,0,4206,0,0,14,0,1.3251,0.6261,0.0906,540.2,1927,7501
2557,descent,397.877,7.2166,3.4746,3.7420,4.2332,0.0031,1.4182,1.5708,0.2683,0.9032,666251,0,0,0,0,14,0,0.0223,0.0006,0.0733,540.2,1927,7501
2558,descent,392.065,8.1972,3.5261,4.6711,4.2496,0.0031,1.4213,1.5749,0.2683,0.9114,666251,0,0,0,0,14,0,0.0250,0.0008,0.0784,540.2,1927,7501
2559,descent,386.369,6.1568,3.5117,2.6451,4.2476,0.0031,1.4223,1.5759,0.2703,0.9052,666251,0,0,0,0,14,0,0.0227,0.0008,0.0721,540.2,1927,7501
2560,descent,380.787,6.5729,4.6403,1.9326,4.7063,0.5018,1.4223,1.5473,0.2683,0.8980,668554,5582,2303,0,0,14,0,1.5146,0.4498,0.0866,540.2,1927,7501
2561,descent,375.317,6.3537,4.9249,1.4288,5.7201,1.4971,1.4193,1.5616,0.2662,0.9062,674136,0,5582,0,0,14,0,1.6621,0.7629,0.1741,540.2,1927,7501
2562,descent,369.955,6.8291,3.7254,3.1037,4.2650,0.0031,1.4223,1.5780,0.2683,0.9185,674136,0,0,0,0,14,0,0.0217,0.0005,0.0871,540.2,1927,7501
2563,descent,364.701,8.4522,2.8589,5.5933,4.2476,0.0031,1.4182,1.5677,0.2693,0.9175,674136,0,0,0,0,14,0,0.0216,0.0004,0.0774,540.2,1927,7501
2564,descent,359.552,6.3378,3.8293,2.5085,4.2445,0.0031,1.4234,1.5657,0.2652,0.9175,674136,0,0,0,0,14,0,0.0239,0.0005,0.0753,540.2,1927,7501
2565,descent,354.505,6.7410,3.5179,3.2231,4.2578,0.0031,1.4264,1.5636,0.2673,0.9277,674136,0,0,0,0,14,0,0.0225,0.0007,0.0940,540.2,1927,7501
2566,descent,349.559,5.9309,3.3763,2.5546,4.3018,0.0031,1.4203,1.6026,0.2755,0.9308,674136,0,0,0,0,14,0,0.0216,0.0006,0.0727,540.2,1927,7501
2567,descent,344.712,6.4457,3.8556,2.5901,4.2619,0.0031,1.4223,1.5688,0.2662,0.9288,674136,0,0,0,0,14,0,0.0231,0.0004,0.0779,540.2,1927,7501
2568,descent,339.962,6.7877,3.2488,3.5389,4.2844,0.0031,1.4193,1.5759,0.2662,0.9400,674136,0,0,0,0,14,0,0.0225,0.0006,0.0768,540.2,1927,7501
2569,descent,335.307,6.4714,3.8481,2.6233,4.2854,0.0031,1.4203,1.5790,0.2714,0.9400,674136,0,0,0,0,14,0,0.0222,0.0004,0.0744,540.2,1927,7501
2570,descent,330.744,5.9408,5.9083,0.0325,4.7626,0.4864,1.4193,1.5677,0.2693,0.9390,676375,5927,2239,0,0,14,0,1.5181,0.4602,0.0876,540.2,1927,7501
2571,descent,326.273,6.9505,5.5315,1.4190,5.6064,1.3507,1.4172,1.5647,0.2662,0.9359,681878,424,5503,0,0,14,0,1.7014,0.7520,0.1527,540.2,1927,7501
2572,descent,321.891,7.3324,4.5607,2.7717,4.4114,0.1239,1.4244,1.5780,0.2673,0.9400,682302,0,424,0,0,14,0,0.2090,0.2859,0.0804,540.2,1927,7501
2573,descent,317.596,8.9068,3.6874,5.2194,4.2721,0.0031,1.4193,1.5667,0.2673,0.9452,682302,0,0,0,0,14,0,0.0237,0.0008,0.0789,540.2,1927,7501
2574,descent,313.387,6.2524,3.6135,2.6389,4.2803,0.0031,1.4182,1.5657,0.2652,0.9503,682302,0,0,0,0,14,0,0.0236,0.0006,0.0863,540.2,1927,7501
2575,descent,309.262,6.6526,3.0514,3.6012,4.2875,0.0031,1.4182,1.5739,0.2683,0.9472,682302,0,0,0,0,14,0,0.0199,0.0006,0.0752,540.2,1927,7501
2576,descent,305.220,6.4255,3.3494,3.0761,4.6694,0.0031,1.7961,1.5708,0.2703,0.9513,682302,0,0,0,0,14,0,0.0220,0.0005,0.0738,540.2,1927,7501
2577,descent,301.258,6.1731,4.1725,2.0006,4.2885,0.0031,1.4182,1.5585,0.2683,0.9677,682302,0,0,0,0,14,0,0.0257,0.0004,0.0829,540.2,1927,7501
2578,descent,297.376,7.1392,3.5898,3.5494,4.2936,0.0031,1.4203,1.5585,0.2693,0.9708,682302,0,0,0,0,14,0,0.0236,0.0006,0.0759,540.2,1927,7501
2579,descent,293.570,6.3796,3.6694,2.7102,4.3141,0.0031,1.4193,1.5821,0.2693,0.9687,682302,0,0,0,0,14,0,0.0221,0.0008,0.0751,540.2,1927,7501
2580,descent,289.841,6.3015,3.2949,3.0066,4.3059,0.0031,1.4162,1.5770,0.2683,0.9708,682302,0,0,0,0,14,0,0.0223,0.0007,0.0762,540.2,1927,7501
2581,descent,286.187,6.5168,2.9189,3.5979,4.3295,0.0031,1.4234,1.5555,0.2693,1.0015,682302,0,0,0,0,14,0,0.0215,0.0007,0.0737,540.2,1927,7501
2582,descent,282.605,6.6469,3.5531,3.0938,4.2906,0.0031,1.4182,1.5473,0.2673,0.9779,682302,0,0,0,0,14,0,0.0260,0.0013,0.1275,540.2,1927,7501
2583,descent,279.095,6.9852,3.4044,3.5808,4.3192,0.0031,1.4285,1.5636,0.2673,0.9800,682302,0,0,0,0,14,0,0.0226,0.0006,0.0729,540.2,1927,7501
2584,descent,275.655,6.2622,2.6617,3.6005,4.2906,0.0010,1.4234,1.5350,0.2632,1.0004,682302,0,0,0,0,14,0,0.0227,0.0005,0.0715,540.2,1927,7501
2585,descent,272.283,6.6454,2.5935,4.0519,4.3049,0.0020,1.4295,1.5493,0.2662,0.9892,682302,0,0,0,0,14,0,0.0256,0.0013,0.0865,540.2,1927,7501
2586,descent,268.979,6.4675,3.2702,3.1973,4.3274,0.0031,1.4397,1.5544,0.2693,0.9912,682302,0,0,0,0,14,0,0.0210,0.0006,0.0692,540.2,1927,7501
2587,descent,265.741,6.2507,3.6409,2.6098,4.3284,0.0031,1.4438,1.5503,0.2642,0.9964,682302,0,0,0,0,14,0,0.0237,0.0005,0.0729,540.2,1927,7501
2588,descent,262.567,6.9316,3.3849,3.5467,4.3551,0.0031,1.4551,1.5534,0.2683,1.0056,682302,0,0,0,0,14,0,0.0222,0.0005,0.0729,540.2,1927,7501
2589,descent,259.457,6.7085,3.6248,3.0837,4.3704,0.0031,1.4674,1.5278,0.2693,1.0240,682302,0,0,0,0,14,0,0.0229,0.0005,0.1468,540.2,1927,7501
2590,descent,256.409,6.0370,3.0239,3.0131,4.4032,0.0031,1.4735,1.5462,0.2683,1.0414,682302,0,0,0,0,14,0,0.0216,0.0008,0.0761,540.2,1927,7501
2591,descent,253.422,6.7997,3.4611,3.3386,4.7565,0.0031,1.8545,1.5329,0.2683,1.0271,682302,0,0,0,0,14,0,0.0220,0.0005,0.0701,540.2,1927,7501
2592,descent,250.495,6.7044,4.9871,1.7173,4.4155,0.0031,1.4899,1.5452,0.2662,1.0414,682302,0,0,0,0,14,0,0.0243,0.0006,0.0890,540.2,1927,7501
2593,descent,247.626,7.0563,3.8438,3.2125,4.4175,0.0031,1.4920,1.5340,0.2662,1.0506,682302,0,0,0,0,14,0,0.0246,0.0006,0.1038,540.2,1927,7501
2594,descent,244.814,6.6157,3.4777,3.1380,4.4401,0.0031,1.4940,1.5421,0.2703,1.0527,682302,0,0,0,0,14,0,0.0199,0.0006,0.0814,540.2,1927,7501
2595,descent,242.058,6.8459,3.1957,3.6502,4.4534,0.0031,1.5012,1.5391,0.2714,1.0619,682302,0,0,0,0,14,0,0.0202,0.0004,0.0761,540.2,1927,7501
2596,descent,239.357,6.3396,3.7307,2.6089,4.7585,0.0031,1.4991,1.5227,0.2683,1.0486,682302,0,0,0,0,14,0,0.0219,0.0011,0.1398,540.2,1927,7501
2597,descent,236.711,7.1032,4.4119,2.6913,4.4401,0.0031,1.4879,1.5391,0.2724,1.0670,682302,0,0,0,0,14,0,0.0254,0.0010,0.0999,540.2,1927,7501
2598,descent,234.117,7.1920,4.3346,2.8574,4.4380,0.0031,1.4746,1.5370,0.2673,1.0824,682302,0,0,0,0,14,0,0.0260,0.0005,0.0812,540.2,1927,7501
2599,descent,231.575,6.6948,4.5350,2.1598,4.4114,0.0031,1.4653,1.5493,0.2673,1.0568,682302,0,0,0,0,14,0,0.0246,0.0006,0.0809,540.2,1927,7501
2600,descent,229.084,6.4394,3.8870,2.5524,5.2695,0.0031,1.4551,2.3982,0.2683,1.0752,682302,0,0,0,0,14,0,0.0251,0.0005,0.0893,540.2,1927,7501
2601,descent,226.642,6.8054,3.1656,3.6398,4.8998,0.0031,1.9210,1.5503,0.2744,1.0732,682302,0,0,0,0,14,0,0.0247,0.0004,0.0838,540.2,1927,7501
2602,descent,224.249,8.1212,4.4636,3.6576,5.1794,0.0031,1.4510,1.5319,0.2703,1.8534,682302,0,0,0,0,14,0,0.0275,0.0007,0.1310,540.2,1927,7501
2603,descent,221.904,6.1804,4.1009,2.0795,4.4012,0.0031,1.4387,1.5544,0.2693,1.0660,682302,0,0,0,0,14,0,0.0235,0.0005,0.0841,540.2,1927,7501
2604,descent,219.606,7.7323,4.6343,3.0980,4.3848,0.0031,1.4285,1.5380,0.2662,1.0783,682302,0,0,0,0,14,0,0.0269,0.0005,0.0867,540.2,1927,7501
2605,descent,217.354,6.5883,3.5269,3.0614,4.9039,0.0031,1.4223,2.0511,0.2683,1.0895,682302,0,0,0,0,14,0,0.0219,0.0005,0.0765,540.2,1927,7501
2606,descent,215.146,6.1379,3.6046,2.5333,4.3981,0.0031,1.4162,1.5483,0.2683,1.0916,682302,0,0,0,0,14,0,0.0222,0.0005,0.0741,540.2,1927,7501
2607,descent,212.983,7.3709,4.8768,2.4941,4.7462,0.0031,1.4141,1.5411,0.6205,1.0957,682302,0,0,0,0,14,0,0.2188,0.0011,0.2046,540.2,1927,7501
2608,descent,210.863,6.6322,2.5523,4.0799,4.3786,0.0020,1.4162,1.5421,0.2632,1.0885,682302,0,0,0,0,14,0,0.0210,0.0004,0.0740,540.2,1927,7501
2609,descent,208.785,6.7856,3.1062,3.6794,4.3930,0.0010,1.4152,1.5411,0.2683,1.1008,682302,0,0,0,0,14,0,0.0224,0.0005,0.0739,540.2,1927,7501
2610,descent,206.749,6.3627,2.8631,3.4996,5.0739,0.0031,1.4285,1.7900,0.2683,1.5165,682302,0,0,0,0,14,0,0.0209,0.0005,0.0794,540.2,1927,7501
2611,descent,204.753,6.5464,2.8324,3.7140,4.4390,0.0031,1.4346,1.5421,0.2734,1.1059,682302,0,0,0,0,14,0,0.0202,0.0007,0.0744,540.2,1927,7501
2612,descent,202.797,7.2840,3.7490,3.5350,4.4360,0.0031,1.4295,1.5555,0.2683,1.1090,682302,0,0,0,0,14,0,0.0269,0.0006,0.0896,540.2,1927,7501
2613,descent,200.881,6.7420,3.1829,3.5591,4.4472,0.0031,1.4367,1.5432,0.2714,1.1233,682302,0,0,0,0,14,0,0.0215,0.0006,0.0738,540.2,1927,7501
2614,descent,199.002,6.5640,3.5364,3.0276,4.4636,0.0031,1.4336,1.5340,0.2724,1.1500,682302,0,0,0,0,14,0,0.0227,0.0004,0.0882,540.2,1927,7501
2615,descent,197.161,6.4096,3.4227,2.9869,5.3576,0.0031,1.4449,1.8207,0.6205,1.3947,682302,0,0,0,0,14,0,0.0230,0.0007,0.0749,540.2,1927,7501
2616,descent,195.357,6.9502,3.3235,3.6267,4.4349,0.0031,1.4459,1.5176,0.2693,1.1264,682302,0,0,0,0,14,0,0.0231,0.0006,0.0717,540.2,1927,7501
2617,descent,193.589,7.1244,4.1240,3.0004,4.4513,0.0031,1.4500,1.5227,0.2714,1.1305,682302,0,0,0,0,14,0,0.0218,0.0009,0.0829,540.2,1927,7501
2618,descent,191.856,7.2100,3.3645,3.8455,4.4820,0.0031,1.4572,1.5268,0.2693,1.1459,682302,0,0,0,0,14,0,0.0228,0.0005,0.0721,540.2,1927,7501
2619,descent,190.158,6.0918,3.0903,3.0015,4.4831,0.0031,1.4612,1.5155,0.2652,1.1581,682302,0,0,0,0,14,0,0.0231,0.0006,0.0758,540.2,1927,7501
2620,descent,188.493,7.2534,3.5656,3.6878,5.3412,0.0031,1.7418,2.1135,0.2662,1.1479,682302,0,0,0,0,14,0,0.0221,0.0006,0.0745,540.2,1927,7501
2621,descent,186.862,6.6255,3.4659,3.1596,4.5097,0.0031,1.4746,1.5299,0.2673,1.1561,682302,0,0,0,0,14,0,0.0211,0.0005,0.0725,540.2,1927,7501
2622,descent,185.264,7.2424,3.7320,3.5104,4.4964,0.0031,1.4838,1.5155,0.2683,1.1551,682302,0,0,0,0,14,0,0.0263,0.0007,0.0851,540.2,1927,7501
2623,descent,183.697,7.0485,3.4485,3.6000,4.5302,0.0031,1.4930,1.5227,0.2662,1.1663,682302,0,0,0,0,14,0,0.0221,0.0005,0.1385,540.2,1927,7501
2624,descent,182.162,6.7501,3.6895,3.0606,4.5384,0.0031,1.4961,1.5288,0.2693,1.1694,682302,0,0,0,0,14,0,0.0216,0.0008,0.0774,540.2,1927,7501
2625,descent,180.657,6.4596,3.4650,2.9946,5.6535,0.0031,1.9855,1.8678,0.2703,1.4551,682302,0,0,0,0,14,0,0.0209,0.0004,0.0703,540.2,1927,7501
2626,descent,179.182,6.9179,3.5660,3.3519,4.6397,0.0031,1.5165,1.5626,0.2693,1.2114,682302,0,0,0,0,14,0,0.0253,0.0005,0.0784,540.2,1927,7501
2627,descent,177.737,7.3932,3.8673,3.5259,4.6326,0.0031,1.5247,1.5503,0.2673,1.2083,682302,0,0,0,0,14,0,0.0244,0.0005,0.0969,540.2,1927,7501
2628,descent,176.321,7.2634,3.0347,4.2287,4.6070,0.0031,1.5309,1.5165,0.2703,1.2155,682302,0,0,0,0,14,0,0.0223,0.0007,0.0802,540.2,1927,7501
2629,descent,174.933,6.9881,3.3531,3.6350,4.6080,0.0031,1.5288,1.5124,0.2693,1.2237,682302,0,0,0,0,14,0,0.0221,0.0005,0.0707,540.2,1927,7501
2630,descent,173.572,6.8781,3.3008,3.5773,4.6367,0.0031,1.5370,1.5206,0.2693,1.2349,682302,0,0,0,0,14,0,0.0214,0.0006,0.0720,540.2,1927,7501
2631,descent,172.239,7.0193,4.1141,2.9052,4.6520,0.0031,1.5391,1.5514,0.2673,1.2206,682302,0,0,0,0,14,0,0.0232,0.0003,0.0717,540.2,1927,7501
2632,descent,170.933,6.9583,2.2527,4.7056,4.6254,0.0010,1.5401,1.5186,0.2693,1.2319,682302,0,0,0,0,14,0,0.0213,0.0006,0.0765,540.2,1927,7501
2633,descent,169.652,6.8373,2.7215,4.1158,4.6500,0.0020,1.5401,1.5340,0.2632,1.2442,682302,0,0,0,0,14,0,0.0217,0.0005,0.0864,540.2,1927,7501
2634,descent,168.397,6.9184,3.3701,3.5483,5.2122,0.0031,1.5493,1.5084,0.2703,1.8043,682302,0,0,0,0,14,0,0.0220,0.0007,0.0693,540.2,1927,7501
2635,descent,167.167,6.7762,3.1496,3.6266,4.6623,0.0031,1.5493,1.5124,0.2683,1.2595,682302,0,0,0,0,14,0,0.0218,0.0006,0.0679,540.2,1927,7501
2636,descent,165.962,7.5648,3.8281,3.7367,4.6479,0.0031,1.5483,1.5073,0.2703,1.2483,682302,0,0,0,0,14,0,0.0277,0.0007,0.1122,540.2,1927,7501
2637,descent,164.781,6.8967,3.3636,3.5331,4.6858,0.0031,1.5493,1.5309,0.2703,1.2544,682302,0,0,0,0,14,0,0.0227,0.0005,0.1033,540.2,1927,7501
2638,descent,163.623,7.0584,3.3983,3.6601,4.6828,0.0031,1.5555,1.5032,0.2642,1.2810,682302,0,0,0,0,14,0,0.0220,0.0007,0.0753,540.2,1927,7501
2639,descent,162.488,7.0737,3.0274,4.0463,6.0334,0.0031,2.0244,2.0941,0.2775,1.5596,682302,0,0,0,0,14,0,0.0206,0.0006,0.0751,540.2,1927,7501
2640,descent,161.377,7.0840,3.8341,3.2499,4.6551,0.0031,1.5534,1.4889,0.2693,1.2708,682302,0,0,0,0,14,0,0.0225,0.0008,0.0757,540.2,1927,7501
2641,descent,160.287,8.0023,4.4608,3.5415,4.6684,0.0031,1.5534,1.4909,0.2693,1.2800,682302,0,0,0,0,14,0,0.0203,0.0012,0.1112,540.2,1927,7501
2642,descent,159.219,7.1321,3.4694,3.6627,4.6838,0.0031,1.5555,1.5002,0.2673,1.2882,682302,0,0,0,0,14,0,0.0213,0.0006,0.0727,540.2,1927,7501
2643,descent,158.172,6.6221,3.5562,3.0659,4.6500,0.0031,1.5585,1.4643,0.2693,1.2841,682302,0,0,0,0,14,0,0.0230,0.0004,0.0763,540.2,1927,7501
2644,descent,157.147,6.9427,3.3991,3.5436,4.6756,0.0031,1.5606,1.4909,0.2673,1.2790,682302,0,0,0,0,14,0,0.0223,0.0006,0.0733,540.2,1927,7501
2645,descent,156.141,6.8061,4.2374,2.5687,5.5194,0.0031,2.0613,1.8237,0.2662,1.2943,682302,0,0,0,0,14,0,0.0232,0.0006,0.0745,540.2,1927,7501
2646,descent,155.156,7.0930,3.8444,3.2486,4.6868,0.0031,1.5667,1.4633,0.2734,1.3005,682302,0,0,0,0,14,0,0.0259,0.0007,0.0844,540.2,1927,7501
2647,descent,154.191,7.8782,5.8729,2.0053,4.7370,0.0348,1.5647,1.4889,0.2693,1.3087,676704,0,0,5598,0,14,0,1.6040,0.6710,0.0940,540.2,1927,7501
2648,descent,153.244,7.0509,3.4692,3.5817,4.6868,0.0031,1.5698,1.4602,0.2724,1.3076,676704,0,0,0,0,14,0,0.0334,0.0006,0.0699,540.2,1927,7501
2649,descent,152.317,6.6115,3.4185,3.1930,5.0852,0.0031,1.9640,1.4449,0.2673,1.3343,676704,0,0,0,0,14,0,0.0215,0.0005,0.0693,540.2,1927,7501
2650,descent,151.408,7.5356,3.7753,3.7603,4.7073,0.0031,1.5708,1.4418,0.2683,1.3527,676704,0,0,0,0,14,0,0.0251,0.0006,0.0992,540.2,1927,7501
2651,descent,150.518,7.1176,3.4197,3.6979,4.7012,0.0031,1.5780,1.4367,0.2714,1.3404,676704,0,0,0,0,14,0,0.0227,0.0005,0.0735,540.2,1927,7501
2652,descent,149.645,7.0671,4.0051,3.0620,4.6940,0.0031,1.5729,1.4377,0.2714,1.3322,676704,0,0,0,0,14,0,0.0238,0.0006,0.0775,540.2,1927,7501
2653,descent,148.789,6.9176,3.3206,3.5970,5.5439,0.0031,1.8422,2.0122,0.2683,1.3466,676704,0,0,0,0,14,0,0.0221,0.0009,0.0710,540.2,1927,7501
2654,descent,147.951,7.3211,3.0305,4.2906,4.6991,0.0031,1.5749,1.4305,0.2673,1.3455,676704,0,0,0,0,14,0,0.0214,0.0004,0.0791,540.2,1927,7501
2655,descent,147.129,7.3066,3.2404,4.0662,4.6541,0.0010,1.5729,1.4049,0.2662,1.3414,676704,0,0,0,0,14,0,0.0256,0.0005,0.0849,540.2,1927,7501
2656,descent,146.324,7.4221,2.7050,4.7171,4.6725,0.0020,1.5708,1.4275,0.2683,1.3384,676704,0,0,0,0,14,0,0.0219,0.0007,0.1103,540.2,1927,7501
2657,descent,145.535,6.2910,3.3030,2.9880,4.7442,0.0031,1.5862,1.4285,0.2714,1.3844,676704,0,0,0,0,14,0,0.0216,0.0005,0.0737,540.2,1927,7501
2658,descent,144.761,6.8655,3.3059,3.5596,5.1538,0.0031,1.9927,1.4377,0.2693,1.3804,676704,0,0,0,0,14,0,0.0208,0.0005,0.1019,540.2,1927,7501
2659,descent,144.004,7.7472,3.7437,4.0035,4.7329,0.0031,1.5944,1.4326,0.2734,1.3609,676704,0,0,0,0,14,0,0.0212,0.0005,0.0753,540.2,1927,7501
2660,descent,143.261,7.1823,3.4317,3.7506,4.7299,0.0031,1.5954,1.4326,0.2734,1.3548,676704,0,0,0,0,14,0,0.0219,0.0008,0.0736,540.2,1927,7501
2661,descent,142.533,6.6654,3.1032,3.5622,4.7124,0.0031,1.5985,1.3957,0.2673,1.3732,676704,0,0,0,0,14,0,0.0236,0.0010,0.0865,540.2,1927,7501
2663,descent,141.120,7.0249,3.4184,3.6065,4.7370,0.0031,1.6015,1.4182,0.2693,1.3722,676704,0,0,0,0,14,0,0.0225,0.0004,0.0851,540.2,1927,7501
2664,descent,140.435,3.5849,3.5832,0.0017,4.7002,0.0010,1.5964,1.4039,0.2724,1.3578,676704,0,0,0,0,14,0,0.0210,0.0004,0.0998,540.2,1927,7501
2665,descent,139.763,3.6655,3.6410,0.0245,4.7544,0.0020,1.6015,1.4152,0.2724,1.3875,676704,0,0,0,0,14,0,0.0266,0.0007,0.0830,540.2,1927,7501
2666,descent,139.105,4.0820,4.0431,0.0389,4.7124,0.0010,1.5995,1.3957,0.2683,1.3804,676704,0,0,0,0,14,0,0.0266,0.0008,0.1034,540.2,1927,7501
2667,descent,138.460,7.7703,7.7001,0.0702,5.0964,0.0010,2.0234,1.3701,0.2693,1.3629,676704,0,0,0,0,14,0,0.0659,0.0008,0.1681,540.2,1927,7501
2668,descent,137.828,6.7164,3.3876,3.3288,4.7145,0.0010,1.6036,1.4182,0.2642,1.3609,676704,0,0,0,0,14,0,0.0232,0.0006,0.0898,540.2,1927,7501
2669,descent,137.208,7.0560,2.7759,4.2801,4.7391,0.0010,1.6026,1.4285,0.2683,1.3711,676704,0,0,0,0,14,0,0.0261,0.0006,0.0905,540.2,1927,7501
2670,descent,136.601,7.0991,2.8861,4.2130,5.6637,0.0010,1.5974,1.9128,0.2673,1.8176,676704,0,0,0,0,14,0,0.0240,0.0005,0.0859,540.2,1927,7501
2671,descent,136.006,7.0169,3.5460,3.4709,4.6950,0.0010,1.6026,1.3967,0.2683,1.3599,676704,0,0,0,0,14,0,0.0249,0.0006,0.0771,540.2,1927,7501
2672,descent,135.423,7.9243,3.6884,4.2359,4.7278,0.0010,1.6056,1.4008,0.2724,1.3804,676704,0,0,0,0,14,0,0.0321,0.0006,0.1135,540.2,1927,7501
2673,descent,134.852,7.0231,3.4767,3.5464,4.7258,0.0010,1.6026,1.4019,0.2652,1.3885,676704,0,0,0,0,14,0,0.0270,0.0008,0.0960,540.2,1927,7501
2674,descent,134.291,6.4874,4.3404,2.1470,4.7319,0.0010,1.6138,1.3834,0.2683,1.3988,676704,0,0,0,0,14,0,0.0302,0.0009,0.1160,540.2,1927,7501
2675,descent,133.743,7.0520,3.2314,3.8206,4.6848,0.0010,1.6046,1.4039,0.2693,1.3373,676704,0,0,0,0,14,0,0.0283,0.0006,0.0962,540.2,1927,7501
2676,descent,133.205,6.5656,3.1408,3.4248,4.6725,0.0020,1.6056,1.3732,0.2662,1.3578,676704,0,0,0,0,14,0,0.0260,0.0011,0.0940,540.2,1927,7501
2677,descent,132.677,6.8820,3.2197,3.6623,5.8665,0.0010,2.1791,1.9517,0.2683,1.3967,676704,0,0,0,0,14,0,0.0284,0.0006,0.0846,540.2,1927,7501
2678,descent,132.161,6.8512,3.9692,2.8820,4.7176,0.0020,1.6036,1.3906,0.2703,1.3844,676704,0,0,0,0,14,0,0.0279,0.0006,0.0910,540.2,1927,7501
2679,descent,131.654,7.7537,3.1144,4.6393,4.9828,0.0010,1.6056,1.3855,0.2734,1.6486,676704,0,0,0,0,14,0,0.0247,0.0006,0.0817,540.2,1927,7501
2680,descent,131.158,7.0508,2.4627,4.5881,4.6930,0.0010,1.6036,1.3967,0.2744,1.3527,676704,0,0,0,0,14,0,0.0201,0.0005,0.1363,540.2,1920,7501
2681,descent,130.672,7.3498,3.1812,4.1686,4.7350,0.0010,1.6169,1.3804,0.2673,1.3967,676704,0,0,0,0,14,0,0.0223,0.0007,0.0715,540.2,1920,7501
2682,descent,130.195,6.7712,2.6981,4.0731,4.7022,0.0010,1.6067,1.3824,0.2683,1.3783,676704,0,0,0,0,14,0,0.0217,0.0004,0.0710,540.2,1920,7501
2683,descent,129.728,6.9486,2.3202,4.6284,4.6981,0.0010,1.6097,1.3957,0.2714,1.3527,676704,0,0,0,0,14,0,0.0197,0.0008,0.0730,540.2,1920,7501
2684,descent,129.270,6.6933,2.5745,4.1188,5.3443,0.0010,1.6118,1.6118,0.2693,1.7828,676704,0,0,0,0,14,0,0.0207,0.0005,0.0728,540.2,1920,7501
2685,descent,128.822,7.1923,2.5829,4.6094,4.7329,0.0010,1.6159,1.3926,0.2652,1.3906,676704,0,0,0,0,14,0,0.0211,0.0007,0.1043,540.2,1920,7501
2686,descent,128.382,7.1623,3.5262,3.6361,4.7135,0.0010,1.6189,1.3619,0.2683,1.3957,676704,0,0,0,0,14,0,0.0259,0.0009,0.0869,540.2,1920,7501
2687,descent,127.951,7.1841,2.6012,4.5829,4.6828,0.0072,1.6159,1.3855,0.2652,1.3404,676704,0,0,0,0,14,0,0.0217,0.0006,0.0868,540.2,1920,7501
2688,descent,127.529,6.9759,2.7877,4.1882,4.6817,0.0010,1.6210,1.3773,0.2652,1.3507,676704,0,0,0,0,14,0,0.0222,0.0007,0.0707,540.2,1920,7501
2689,descent,127.115,6.5949,2.5795,4.0154,4.7063,0.0010,1.6210,1.3701,0.2683,1.3773,676704,0,0,0,0,14,0,0.0198,0.0011,0.0704,540.2,1920,7501
2690,descent,126.709,6.7763,2.6557,4.1206,5.1374,0.0010,2.0460,1.3701,0.2673,1.3875,676704,0,0,0,0,14,0,0.0220,0.0006,0.0715,540.2,1920,7501
2691,descent,126.312,7.1361,2.8524,4.2837,4.6735,0.0010,1.6251,1.3742,0.2673,1.3384,676704,0,0,0,0,14,0,0.0277,0.0008,0.1362,540.2,1920,7501
2692,descent,125.922,7.2347,2.5848,4.6499,4.6756,0.0010,1.6271,1.3486,0.2673,1.3609,676704,0,0,0,0,14,0,0.0225,0.0007,0.0739,540.2,1920,7501
2693,descent,125.540,7.0437,2.9596,4.0841,4.7094,0.0010,1.6343,1.3763,0.2673,1.3609,676704,0,0,0,0,14,0,0.0253,0.0006,0.0841,540.2,1920,7501
2694,descent,125.166,6.6449,2.5865,4.0584,5.3453,0.0010,2.2927,1.3763,0.2662,1.3404,676704,0,0,0,0,14,0,0.0196,0.0005,0.0746,540.2,1920,7501
2695,descent,124.799,7.2890,2.6626,4.6264,4.6817,0.0010,1.6364,1.3824,0.2693,1.3251,676704,0,0,0,0,14,0,0.0207,0.0006,0.0749,540.2,1920,7501
2696,descent,124.440,7.6210,3.0389,4.5821,4.6787,0.0010,1.6353,1.3732,0.2703,1.3312,676704,0,0,0,0,14,0,0.0231,0.0006,0.0878,540.2,1920,7501
2697,descent,124.088,6.9279,2.5322,4.3957,4.7135,0.0010,1.6364,1.3988,0.2683,1.3425,676704,0,0,0,0,14,0,0.0219,0.0005,0.0715,540.2,1920,7501
2698,descent,123.743,6.3539,4.4320,1.9219,4.9869,0.0010,1.6404,1.3496,0.2693,1.6579,676704,0,0,0,0,14,0,0.0218,0.0005,0.0789,540.2,1920,7501
2699,descent,123.404,6.9447,2.2053,4.7394,4.6735,0.0010,1.6435,1.3926,0.2703,1.3025,676704,0,0,0,0,14,0,0.0203,0.0005,0.0745,540.2,1920,7501
2700,descent,123.073,7.4822,2.6720,4.8102,4.6664,0.0010,1.6466,1.3660,0.2703,1.3169,676704,0,0,0,0,14,0,0.0239,0.0006,0.0786,540.2,1920,7501
2701,descent,122.748,6.8493,2.2257,4.6236,4.6879,0.0010,1.6476,1.3701,0.2714,1.3281,676704,0,0,0,0,14,0,0.0208,0.0006,0.0752,540.2,1920,7501
2702,descent,122.429,6.8586,2.7541,4.1045,4.6889,0.0072,1.6527,1.3701,0.2683,1.3210,676704,0,0,0,0,14,0,0.0210,0.0005,0.0739,540.2,1920,7501
2703,descent,122.117,7.1353,2.5548,4.5805,5.4518,0.0020,1.6466,1.5862,0.4864,1.6630,676704,0,0,0,0,14,0,0.0213,0.0005,0.0772,540.2,1920,7501
2704,descent,121.812,6.6046,3.0830,3.5216,4.6868,0.0010,1.6517,1.4131,0.2714,1.2820,676704,0,0,0,0,14,0,0.0225,0.0005,0.0801,540.2,1920,7501
2705,descent,121.512,7.5741,2.9412,4.6329,4.6838,0.0010,1.6517,1.3742,0.2693,1.3199,676704,0,0,0,0,14,0,0.0269,0.0010,0.1269,540.2,1920,7501
2706,descent,121.218,7.2767,2.5590,4.7177,4.7063,0.0010,1.6599,1.3752,0.2703,1.3312,676704,0,0,0,0,14,0,0.0203,0.0005,0.0709,540.2,1920,7501
2707,descent,120.930,6.5010,2.9840,3.5170,4.6305,0.0010,1.6691,1.3629,0.2693,1.2626,676704,0,0,0,0,14,0,0.0233,0.0006,0.0735,540.2,1920,7501
2708,descent,120.648,7.1690,2.5249,4.6441,5.2705,0.0020,1.9200,1.7183,0.2683,1.2974,676704,0,0,0,0,14,0,0.0203,0.0007,0.0742,540.2,1920,7501
2709,descent,120.372,6.3708,2.7456,3.6252,4.7084,0.0010,1.6701,1.3793,0.2744,1.3158,676704,0,0,0,0,14,0,0.0203,0.0006,0.0712,540.2,1920,7501
2710,descent,120.101,7.8582,3.1605,4.6977,4.6899,0.0010,1.6753,1.3742,0.2673,1.3025,676704,0,0,0,0,14,0,0.0257,0.0005,0.0857,540.2,1920,7501
2711,descent,119.835,6.6726,2.5668,4.1058,4.6674,0.0010,1.6855,1.3916,0.2693,1.2513,676704,0,0,0,0,14,0,0.0219,0.0005,0.0741,540.2,1920,7501
2712,descent,119.575,6.9832,2.3944,4.5888,4.6653,0.0010,1.6876,1.3865,0.2662,1.2575,676704,0,0,0,0,14,0,0.0337,0.0008,0.1079,540.2,1920,7501
2713,descent,119.320,6.4959,2.4312,4.0647,5.6310,0.0010,2.0101,1.9896,0.2683,1.2954,676704,0,0,0,0,14,0,0.0217,0.0007,0.0787,540.2,1920,7501
2714,descent,119.070,7.4186,3.0199,4.3987,4.7176,0.0010,1.6937,1.3844,0.2673,1.3036,676704,0,0,0,0,14,0,0.0215,0.0006,0.0699,540.2,1920,7501
2715,descent,118.825,7.4091,3.3339,4.0752,5.5675,0.0020,1.7039,1.8534,0.2693,1.6712,676704,0,0,0,0,14,0,0.0235,0.0005,0.0826,540.2,1920,7501
2716,descent,118.585,7.3964,2.2020,5.1944,4.7094,0.0010,1.7080,1.3865,0.2693,1.2759,676704,0,0,0,0,14,0,0.0196,0.0009,0.0766,540.2,1920,7501
2717,descent,118.349,7.4360,3.3264,4.1096,4.7401,0.0010,1.7121,1.3906,0.2693,1.2984,676704,0,0,0,0,14,0,0.0260,0.0005,0.0873,540.2,1920,7501
2718,descent,118.119,6.6628,2.5320,4.1308,4.7657,0.0010,1.7254,1.4029,0.2703,1.2943,676704,0,0,0,0,14,0,0.0207,0.0005,0.0701,540.2,1920,7501
2719,descent,117.893,6.9060,2.6906,4.2154,4.6756,0.0010,1.7254,1.3711,0.2673,1.2431,676704,0,0,0,0,14,0,0.0225,0.0007,0.0860,540.2,1920,7501
2720,descent,117.671,7.1305,2.5596,4.5709,5.4333,0.0010,2.4248,1.4049,0.2662,1.2687,676704,0,0,0,0,14,0,0.0219,0.0006,0.0736,540.2,1920,7501
2721,descent,117.454,7.2290,2.8866,4.3424,4.7821,0.0010,1.7480,1.4080,0.2683,1.2913,676704,0,0,0,0,14,0,0.0215,0.0005,0.0723,540.2,1920,7501
2722,descent,117.242,7.5119,2.3813,5.1306,4.7985,0.0061,1.7469,1.4182,0.2652,1.2933,676704,0,0,0,0,14,0,0.0230,0.0006,0.0831,540.2,1920,7501
2723,descent,117.033,7.3859,2.6421,4.7438,4.7565,0.0010,1.7613,1.4080,0.2662,1.2524,676704,0,0,0,0,14,0,0.0212,0.0005,0.0747,540.2,1920,7501
2724,descent,116.829,6.9592,2.3901,4.5691,4.7780,0.0010,1.7633,1.4019,0.2652,1.2800,676704,0,0,0,0,14,0,0.0236,0.0005,0.0869,540.2,1920,7501
2725,descent,116.628,6.7293,2.6652,4.0641,4.7913,0.0010,1.7705,1.4213,0.2683,1.2636,676704,0,0,0,0,14,0,0.0215,0.0005,0.0693,540.2,1920,7501
2726,descent,116.432,7.8432,3.5110,4.3322,4.7770,0.0010,1.7705,1.3978,0.2693,1.2708,676704,0,0,0,0,14,0,0.0223,0.0004,0.1625,540.2,1920,7501
2727,descent,116.240,7.2660,2.5707,4.6953,4.7473,0.0010,1.7725,1.4008,0.2693,1.2370,676704,0,0,0,0,14,0,0.0236,0.0006,0.0840,540.2,1920,7501
2728,descent,116.051,6.6822,3.0522,3.6300,4.7350,0.0010,1.7715,1.3916,0.2642,1.2390,676704,0,0,0,0,14,0,0.0240,0.0010,0.0819,540.2,1920,7501
2729,descent,115.867,6.9290,2.8006,4.1284,5.6392,0.0010,2.0244,1.4029,0.6072,1.5380,676704,0,0,0,0,14,0,0.0250,0.0007,0.0838,540.2,1920,7501
2730,descent,115.686,7.1178,2.7625,4.3553,4.7555,0.0010,1.7695,1.3732,0.2683,1.2769,676704,0,0,0,0,14,0,0.0229,0.0006,0.0780,540.2,1920,7501
2731,descent,115.508,7.6201,3.4402,4.1799,4.6858,0.0010,1.7684,1.3650,0.2652,1.2186,676704,0,0,0,0,14,0,0.0283,0.0012,0.1377,540.2,1920,7501
2732,descent,115.334,7.0978,2.3290,4.7688,4.6930,0.0010,1.7644,1.3629,0.2724,1.2247,676704,0,0,0,0,14,0,0.0190,0.0005,0.0787,540.2,1920,7501
2733,descent,115.164,6.9759,2.8632,4.1127,5.0801,0.0020,1.7613,1.3537,0.2642,1.6343,676704,0,0,0,0,14,0,0.0254,0.0006,0.0913,540.2,1920,7501
2734,descent,114.997,7.5788,2.7963,4.7825,4.7043,0.0010,1.7674,1.3548,0.2662,1.2452,676704,0,0,0,0,14,0,0.0236,0.0007,0.0777,540.2,1920,7501
2735,descent,114.833,7.7106,2.8692,4.8414,4.6756,0.0010,1.7623,1.3691,0.2703,1.2042,676704,0,0,0,0,14,0,0.0249,0.0005,0.0874,540.2,1920,7501
2736,descent,114.673,6.6526,2.6000,4.0526,4.6479,0.0010,1.7644,1.3292,0.2662,1.2196,676704,0,0,0,0,14,0,0.0230,0.0005,0.0829,540.2,1920,7501
2737,descent,114.516,8.3191,2.3061,6.0130,4.6756,0.0010,1.7644,1.3332,0.2662,1.2431,676704,0,0,0,0,14,0,0.0203,0.0006,0.0739,540.2,1920,7501
2738,descent,114.362,6.2492,2.7019,3.5473,4.9766,0.0010,1.7633,1.3220,0.2591,1.5626,676704,0,0,0,0,14,0,0.0223,0.0011,0.0739,540.2,1920,7501
2739,descent,114.211,7.0566,2.3796,4.6770,4.6356,0.0010,1.7654,1.3384,0.2611,1.2052,676704,0,0,0,0,14,0,0.0218,0.0004,0.0801,540.2,1920,7501
2740,descent,114.063,7.1807,3.1215,4.0592,5.0534,0.0010,1.7684,1.3107,0.2611,1.6445,676704,0,0,0,0,14,0,0.0236,0.0004,0.0842,540.2,1920,7501
2741,descent,113.918,6.8811,2.6719,4.2092,4.6121,0.0010,1.7654,1.2964,0.2703,1.2114,676704,0,0,0,0,14,0,0.0214,0.0006,0.0739,540.2,1920,7501
2742,descent,113.776,7.3044,3.1728,4.1316,4.6213,0.0010,1.7613,1.3199,0.2580,1.2155,676704,0,0,0,0,14,0,0.0252,0.0007,0.1393,540.2,1920,7501
2743,descent,113.636,6.9079,2.6929,4.2150,5.4241,0.0010,2.2497,1.6701,0.2591,1.1766,676704,0,0,0,0,14,0,0.0240,0.0005,0.0741,540.2,1920,7501
2744,descent,113.500,6.9002,2.6691,4.2311,4.5640,0.0010,1.7633,1.2780,0.2611,1.1930,676704,0,0,0,0,14,0,0.0207,0.0005,0.0709,540.2,1920,7501
2745,descent,113.366,7.1239,2.9737,4.1502,4.5507,0.0010,1.7654,1.2872,0.2591,1.1735,676704,0,0,0,0,14,0,0.0232,0.0006,0.0859,540.2,1920,7501
2746,descent,113.235,6.7867,2.1560,4.6307,4.5599,0.0020,1.7623,1.2687,0.2601,1.1991,676704,0,0,0,0,14,0,0.0204,0.0006,0.0744,540.2,1920,7501
2747,descent,113.106,7.2379,3.0340,4.2039,4.5128,0.0010,1.7644,1.2769,0.2550,1.1489,676704,0,0,0,0,14,0,0.0214,0.0005,0.0723,540.2,1920,7501
2748,descent,112.981,6.6798,3.0787,3.6011,5.2378,0.0020,2.4801,1.2564,0.2591,1.1725,676704,0,0,0,0,14,0,0.0230,0.0006,0.0784,540.2,1920,7501
2749,descent,112.857,6.8033,3.1102,3.6931,4.5138,0.0010,1.7695,1.2493,0.2591,1.1684,676704,0,0,0,0,14,0,0.0233,0.0005,0.0722,540.2,1920,7501
2750,descent,112.736,7.1957,3.0149,4.1808,4.4933,0.0010,1.7705,1.2390,0.2611,1.1551,676704,0,0,0,0,14,0,0.0257,0.0007,0.1012,540.2,1920,7501
2751,descent,112.618,6.5875,2.5404,4.0471,4.4493,0.0010,1.7715,1.2319,0.2611,1.1172,676704,0,0,0,0,14,0,0.0214,0.0004,0.0700,540.2,1920,7501
2752,descent,112.502,6.9419,2.8469,4.0950,4.4923,0.0020,1.7766,1.2421,0.2570,1.1479,676704,0,0,0,0,14,0,0.0232,0.0005,0.0736,540.2,1920,7501
2753,descent,112.388,6.2315,2.6905,3.5410,4.9838,0.0010,2.2743,1.2227,0.2519,1.1674,676704,0,0,0,0,14,0,0.0206,0.0005,0.0752,540.2,1920,7501
2754,descent,112.276,7.1567,2.7689,4.3878,4.4964,0.0010,1.7766,1.2288,0.2601,1.1622,676704,0,0,0,0,14,0,0.0199,0.0010,0.0721,540.2,1920,7501
2755,descent,112.167,7.0078,2.4366,4.5712,4.4524,0.0010,1.7787,1.2278,0.2499,1.1295,676704,0,0,0,0,14,0,0.0370,0.0007,0.0819,540.2,1920,7501
2756,descent,112.060,7.3088,2.2560,5.0528,4.4575,0.0010,1.7797,1.2155,0.2529,1.1418,676704,0,0,0,0,14,0,0.0209,0.0006,0.0770,540.2,1920,7501
2757,descent,111.955,6.3360,2.7518,3.5842,4.5261,0.0010,1.8606,1.2083,0.2509,1.1387,676704,0,0,0,0,14,0,0.0230,0.0005,0.0868,540.2,1920,7501
2758,descent,111.852,6.3497,2.8433,3.5064,4.9377,0.0010,2.2467,1.2155,0.2519,1.1561,676704,0,0,0,0,14,0,0.0247,0.0006,0.1215,540.2,1920,7501
2759,descent,111.751,7.5739,2.8400,4.7339,4.5117,0.0010,1.8534,1.2012,0.2570,1.1264,676704,0,0,0,0,14,0,0.0239,0.0006,0.0790,540.2,1920,7501
2760,descent,111.652,7.1349,2.5723,4.5626,4.4913,0.0010,1.8534,1.1868,0.2560,1.1264,676704,0,0,0,0,14,0,0.0287,0.0004,0.0718,540.2,1920,7501
2761,descent,111.555,6.3696,2.7354,3.6342,4.4984,0.0010,1.8555,1.1756,0.2519,1.1428,676704,0,0,0,0,14,0,0.0209,0.0006,0.0676,540.2,1920,7501
2762,descent,111.460,6.8546,2.8056,4.0490,4.4913,0.0010,1.8534,1.1756,0.2519,1.1418,676704,0,0,0,0,14,0,0.0261,0.0007,0.0834,540.2,1920,7501
2763,descent,111.367,6.6989,2.5192,4.1797,4.8640,0.0010,2.2548,1.1663,0.2509,1.1233,676704,0,0,0,0,14,0,0.0212,0.0004,0.0697,540.2,1920,7501
2764,descent,111.276,6.9038,3.2504,3.6534,4.4667,0.0020,1.8504,1.1715,0.2499,1.1274,676704,0,0,0,0,14,0,0.0216,0.0004,0.0704,540.2,1920,7501
2765,descent,111.187,7.3712,2.2217,5.1495,4.4493,0.0010,1.8463,1.1704,0.2488,1.1151,676704,0,0,0,0,14,0,0.0210,0.0006,0.0776,540.2,1920,7501
2766,descent,111.099,6.5348,2.4649,4.0699,4.4186,0.0010,1.8340,1.1500,0.2499,1.1151,676704,0,0,0,0,14,0,0.0206,0.0005,0.0755,540.2,1920,7501
2767,descent,111.013,6.5757,2.5433,4.0324,4.7043,0.0010,1.8319,1.1643,0.2529,1.3865,676704,0,0,0,0,14,0,0.0322,0.0011,0.0685,540.2,1920,7501
2768,descent,110.929,6.6267,3.0464,3.5803,4.4175,0.0072,1.8299,1.1704,0.2499,1.0947,676704,0,0,0,0,14,0,0.0211,0.0006,0.0685,540.2,1920,7501
2769,descent,110.847,7.3344,3.2098,4.1246,4.8148,0.0010,2.2026,1.1581,0.2529,1.1346,676704,0,0,0,0,14,0,0.0287,0.0007,0.0999,540.2,1920,7501
2770,descent,110.766,6.2548,2.5534,3.7014,4.4114,0.0010,1.8248,1.1387,0.2468,1.1336,676704,0,0,0,0,14,0,0.0213,0.0005,0.0701,540.2,1920,7501
2771,descent,110.687,7.0663,2.8978,4.1685,4.3643,0.0010,1.8237,1.1284,0.2488,1.0967,676704,0,0,0,0,14,0,0.0247,0.0006,0.0835,540.2,1920,7501
2772,descent,110.609,6.8754,2.5518,4.3236,4.3786,0.0010,1.8217,1.1315,0.2478,1.1110,676704,0,0,0,0,14,0,0.0224,0.0006,0.0865,540.2,1920,7501
2773,descent,110.533,6.3209,2.7751,3.5458,4.3602,0.0010,1.8207,1.1325,0.2458,1.0926,676704,0,0,0,0,14,0,0.0230,0.0005,0.0791,540.2,1920,7501
2774,descent,110.458,6.9574,2.8369,4.1205,4.7268,0.0010,1.8156,1.1305,0.2427,1.1223,676704,0,0,0,0,14,0,0.0246,0.0005,0.0831,540.2,1920,7501
2775,descent,110.385,6.6933,3.0671,3.6262,4.3141,0.0010,1.8084,1.1223,0.2468,1.0680,676704,0,0,0,0,14,0,0.0237,0.0008,0.0814,540.2,1920,7501
2776,descent,110.314,6.6475,2.8496,3.7979,4.3418,0.0010,1.8002,1.1489,0.2468,1.0762,676704,0,0,0,0,14,0,0.0221,0.0005,0.0732,540.2,1920,7501
2777,descent,110.244,6.7001,2.5730,4.1271,4.5373,0.0020,1.8063,1.0988,0.4854,1.0772,676704,0,0,0,0,14,0,0.0221,0.0008,0.0731,540.2,1920,7501
2778,descent,110.175,6.2106,2.6426,3.5680,4.3069,0.0010,1.7961,1.1049,0.2447,1.0926,676704,0,0,0,0,14,0,0.0203,0.0011,0.0709,540.2,1920,7501
2779,descent,110.107,7.2438,2.4937,4.7501,4.2711,0.0010,1.7961,1.1121,0.2447,1.0496,676704,0,0,0,0,14,0,0.0190,0.0005,0.0930,540.2,1920,7501
2780,descent,110.041,6.8086,2.1958,4.6128,4.2875,0.0010,1.7951,1.1008,0.2417,1.0834,676704,0,0,0,0,14,0,0.0218,0.0006,0.0758,540.2,1920,7501
2781,descent,109.977,6.0087,2.9115,3.0972,4.2629,0.0010,1.7879,1.0988,0.2396,1.0680,676704,0,0,0,0,14,0,0.0227,0.0005,0.0755,540.2,1920,7501
2782,descent,109.913,6.5114,2.4659,4.0455,4.5711,0.0010,1.7879,1.0793,0.2406,1.3906,676704,0,0,0,0,14,0,0.0212,0.0005,0.0920,540.2,1920,7501
2783,descent,109.851,6.5105,2.9690,3.5415,4.2107,0.0020,1.7900,1.0813,0.2396,1.0312,676704,0,0,0,0,14,0,0.0236,0.0006,0.0910,540.2,1920,7501
2784,descent,109.790,7.3655,2.5676,4.7979,4.2435,0.0010,1.7859,1.0865,0.2406,1.0619,676704,0,0,0,0,14,0,0.0247,0.0005,0.1440,540.2,1920,7501
2785,descent,109.731,6.0847,2.5822,3.5025,4.2189,0.0010,1.7777,1.0732,0.2417,1.0578,676704,0,0,0,0,14,0,0.0220,0.0004,0.0729,540.2,1920,7501
2786,descent,109.672,6.5468,2.8372,3.7096,4.2527,0.0010,1.7736,1.0926,0.2406,1.0783,676704,0,0,0,0,14,0,0.0211,0.0005,0.0720,540.2,1920,7501
2787,descent,109.615,6.5104,2.9631,3.5473,4.1882,0.0010,1.7736,1.0557,0.2386,1.0516,676704,0,0,0,0,14,0,0.0237,0.0009,0.0815,540.2,1920,7501
2788,descent,109.558,6.6107,2.5010,4.1097,4.6950,0.0010,2.2548,1.0650,0.2396,1.0680,676704,0,0,0,0,14,0,0.0214,0.0005,0.0697,540.2,1920,7501
2789,descent,109.503,6.0933,3.0457,3.0476,4.2148,0.0010,1.7756,1.0639,0.2345,1.0742,676704,0,0,0,0,14,0,0.0202,0.0004,0.1030,540.2,1920,7501
2790,descent,109.449,7.4274,2.7995,4.6279,4.1943,0.0020,1.7644,1.0557,0.2324,1.0732,676704,0,0,0,0,14,0,0.0251,0.0007,0.0873,540.2,1920,7501
2791,descent,109.397,6.5661,2.9960,3.5701,4.1830,0.0010,1.7623,1.0660,0.2335,1.0547,676704,0,0,0,0,14,0,0.0209,0.0009,0.0696,540.2,1920,7501
2792,descent,109.345,6.2111,2.6901,3.5210,4.1646,0.0010,1.7623,1.0527,0.2314,1.0506,676704,0,0,0,0,14,0,0.0207,0.0006,0.0759,540.2,1920,7501
2793,descent,109.294,6.6903,2.7235,3.9668,4.5292,0.0010,1.7684,1.0363,0.2314,1.0609,676704,0,0,0,0,14,0,0.0217,0.0005,0.0839,540.2,1920,7501
2794,descent,109.244,6.5767,3.4415,3.1352,4.1236,0.0010,1.7572,1.0291,0.2294,1.0435,676704,0,0,0,0,14,0,0.0279,0.0008,0.0868,540.2,1920,7501
2795,descent,109.195,6.2603,2.6098,3.6505,4.1339,0.0010,1.7531,1.0465,0.2324,1.0342,676704,0,0,0,0,14,0,0.0218,0.0007,0.0748,540.2,1920,7501
2796,descent,109.147,6.3831,2.6896,3.6935,4.1533,0.0010,1.7521,1.0537,0.2335,1.0476,676704,0,0,0,0,14,0,0.0213,0.0006,0.0837,540.2,1920,7501
2797,descent,109.101,6.2554,2.2122,4.0432,4.1492,0.0010,1.7541,1.0322,0.2324,1.0650,676704,0,0,0,0,14,0,0.0184,0.0004,0.0733,540.2,1920,7501
2798,descent,109.055,6.3149,2.6995,3.6154,4.5783,0.0010,2.2108,1.0424,0.2335,1.0230,676704,0,0,0,0,14,0,0.0203,0.0004,0.0702,540.2,1920,7501
2799,descent,109.010,6.8171,3.1053,3.7118,4.1175,0.0020,1.7521,1.0322,0.2376,1.0271,676704,0,0,0,0,14,0,0.0289,0.0006,0.1056,540.2,1920,7501
2800,descent,108.965,6.8111,2.2563,4.5548,4.0827,0.0010,1.7439,1.0025,0.2335,1.0342,676704,0,0,0,0,14,0,0.0217,0.0004,0.0769,540.2,1920,7501
2801,descent,108.922,6.1117,2.5023,3.6094,4.0919,0.0020,1.7459,1.0138,0.2273,1.0373,676704,0,0,0,0,14,0,0.0203,0.0005,0.0762,540.2,1920,7501
2802,descent,108.880,6.3385,2.8393,3.4992,4.0755,0.0061,1.7398,1.0076,0.2273,1.0260,676704,0,0,0,0,14,0,0.0210,0.0009,0.0725,540.2,1920,7501
2803,descent,108.838,6.2823,2.6514,3.6309,4.9418,0.0010,2.4279,1.2104,0.2263,1.0097,676704,0,0,0,0,14,0,0.0218,0.0005,0.0678,540.2,1920,7501
2804,descent,108.798,6.0796,2.4025,3.6771,4.0704,0.0010,1.7449,0.9943,0.2314,1.0291,676704,0,0,0,0,14,0,0.0206,0.0005,0.0736,540.2,1920,7501
2805,descent,108.758,7.0773,2.4243,4.6530,4.0980,0.0010,1.7439,1.0199,0.2314,1.0342,676704,0,0,0,0,14,0,0.0238,0.0005,0.0794,540.2,1920,7501
2806,descent,108.719,6.4498,2.3091,4.1407,4.0520,0.0010,1.7367,1.0035,0.2294,1.0127,676704,0,0,0,0,14,0,0.0319,0.0006,0.0796,540.2,1920,7501
2807,descent,108.680,6.1190,2.6320,3.4870,4.0028,0.0010,1.7357,0.9871,0.2284,0.9841,676704,0,0,0,0,14,0,0.0221,0.0003,0.1040,540.2,1920,7501
2808,descent,108.643,6.0782,2.5650,3.5132,4.6131,0.0010,1.9702,0.9912,0.2253,1.3599,676704,0,0,0,0,14,0,0.0206,0.0005,0.0697,540.2,1920,7501
2809,descent,108.606,6.5756,2.8833,3.6923,4.0151,0.0010,1.7295,0.9923,0.2212,1.0066,676704,0,0,0,0,14,0,0.0212,0.0005,0.0678,540.2,1920,7501
2810,descent,108.570,6.6105,2.9604,3.6501,4.0131,0.0010,1.7295,0.9830,0.2202,1.0148,676704,0,0,0,0,14,0,0.0324,0.0006,0.1123,540.2,1920,7501
2812,descent,108.500,6.2754,2.6871,3.5883,4.0253,0.0010,1.7275,0.9994,0.2232,1.0097,676704,0,0,0,0,14,0,0.0243,0.0005,0.0789,540.2,1920,7501
2813,arrival,108.500,3.6800,3.6780,0.0020,4.8896,0.0010,1.7316,1.4254,0.2263,1.4377,676704,0,0,0,0,14,0,0.0258,0.0006,0.0940,540.2,1920,7501
2814,arrival,108.500,3.0063,2.9562,0.0501,4.0417,0.0010,1.7326,0.9882,0.2263,1.0168,676704,0,0,0,0,14,0,0.0099,0.0008,0.0850,540.2,1920,7501
2815,arrival_settled,108.500,5.0623,3.0392,2.0231,4.0018,0.0010,1.7306,0.9861,0.2243,0.9912,676704,0,0,0,0,14,0,0.0071,0.0009,0.0748,540.2,1920,7501
2816,arrival_settled,108.500,6.1715,2.6279,3.5436,4.0602,0.0010,1.7347,1.0107,0.2243,1.0230,676704,0,0,0,0,14,0,0.0063,0.0004,0.0741,540.2,1920,7501
2817,arrival_settled,108.500,5.9412,2.9428,2.9984,4.0509,0.0010,1.7316,1.0025,0.2263,1.0240,676704,0,0,0,0,14,0,0.0065,0.0005,0.0594,540.2,1920,7501
2818,arrival_settled,108.500,5.5709,2.5495,3.0214,4.0397,0.0010,1.7316,1.0025,0.2212,1.0158,676704,0,0,0,0,14,0,0.0058,0.0009,0.0586,540.2,1920,7501
2819,arrival_settled,108.500,6.1470,2.5664,3.5806,4.0376,0.0010,1.7295,1.0015,0.2273,1.0045,676704,0,0,0,0,14,0,0.0067,0.0005,0.0594,540.2,1920,7501
2820,arrival_settled,108.500,6.4567,2.8454,3.6113,4.0417,0.0010,1.7316,0.9912,0.2243,1.0281,676704,0,0,0,0,14,0,0.0067,0.0005,0.0618,540.2,1920,7501
2821,arrival_settled,108.500,6.0624,2.5705,3.4919,4.0233,0.0010,1.7306,0.9974,0.2222,1.0045,676704,0,0,0,0,14,0,0.0064,0.0005,0.0602,540.2,1920,7501
2822,arrival_settled,108.500,6.3205,2.6712,3.6493,4.0253,0.0010,1.7326,0.9902,0.2243,1.0086,676704,0,0,0,0,14,0,0.0061,0.0005,0.0582,540.2,1920,7501
2823,arrival_settled,108.500,5.7384,2.2453,3.4931,3.9946,0.0020,1.7306,0.9779,0.2232,0.9943,676704,0,0,0,0,14,0,0.0065,0.0004,0.0636,540.2,1920,7501
2824,arrival_settled,108.500,5.6172,2.6270,2.9902,4.9715,0.0020,2.1453,1.5299,0.2304,0.9974,676704,0,0,0,0,14,0,0.0063,0.0005,0.0579,540.2,1920,7501
2825,arrival_settled,108.500,6.4674,2.7581,3.7093,4.0161,0.0010,1.7306,0.9810,0.2232,1.0127,676704,0,0,0,0,14,0,0.0065,0.0005,0.0596,540.2,1920,7501
2826,arrival_settled,108.500,6.4903,2.9613,3.5290,4.0182,0.0010,1.7306,0.9820,0.2284,1.0086,676704,0,0,0,0,14,0,0.0071,0.0004,0.0719,540.2,1920,7501
2827,arrival_settled,108.500,6.2873,2.5611,3.7262,3.9946,0.0010,1.7347,0.9769,0.2212,0.9923,676704,0,0,0,0,14,0,0.0063,0.0004,0.0604,540.2,1920,7501
2828,arrival_settled,108.500,5.5425,3.0484,2.4941,4.0448,0.0010,1.7295,1.0015,0.2253,1.0189,676704,0,0,0,0,14,0,0.0065,0.0009,0.0821,540.2,1920,7501
2829,arrival_settled,108.500,6.0733,2.5466,3.5267,4.0325,0.0010,1.7285,0.9933,0.2232,1.0179,676704,0,0,0,0,14,0,0.0069,0.0004,0.0579,540.2,1920,7501
2830,arrival_settled,108.500,5.8301,2.7405,3.0896,4.9080,0.0010,2.6051,0.9994,0.2232,1.0117,676704,0,0,0,0,14,0,0.0064,0.0006,0.2087,540.2,1920,7501
2831,arrival_settled,108.500,6.6975,3.3577,3.3398,4.0018,0.0010,1.7336,0.9820,0.2232,0.9923,676704,0,0,0,0,14,0,0.0091,0.0006,0.1235,540.2,1920,7501
2832,arrival_settled,108.500,6.3235,2.6889,3.6346,4.0079,0.0010,1.7347,0.9564,0.2253,1.0230,676704,0,0,0,0,14,0,0.0070,0.0005,0.0654,540.2,1920,7501
2833,arrival_settled,108.500,6.0234,2.9778,3.0456,4.0131,0.0010,1.7275,0.9708,0.2212,1.0250,676704,0,0,0,0,14,0,0.0072,0.0005,0.0723,540.2,1920,7501
2834,arrival_settled,108.500,6.0813,2.5677,3.5136,4.0110,0.0010,1.7347,0.9708,0.2232,1.0138,676704,0,0,0,0,14,0,0.0062,0.0006,0.0633,540.2,1920,7501
2835,arrival_settled,108.500,5.9677,2.8545,3.1132,5.0268,0.0010,2.4596,1.2820,0.2232,0.9923,676704,0,0,0,0,14,0,0.0062,0.0004,0.0655,540.2,1920,7501
2836,arrival_settled,108.500,5.6725,2.5194,3.1531,4.0223,0.0010,1.7326,0.9984,0.2212,1.0015,676704,0,0,0,0,14,0,0.0065,0.0004,0.0854,540.2,1920,7501
2837,arrival_settled,108.500,7.2727,2.5702,4.7025,4.0172,0.0010,1.7254,0.9964,0.2253,1.0015,676704,0,0,0,0,14,0,0.0075,0.0005,0.0722,540.2,1920,7501
2838,arrival_settled,108.500,5.7829,2.2132,3.5697,4.0212,0.0010,1.7388,0.9810,0.2232,1.0076,676704,0,0,0,0,14,0,0.0064,0.0005,0.0624,540.2,1920,7501
2839,arrival_settled,108.500,5.8923,2.3793,3.5130,4.0212,0.0010,1.7336,0.9964,0.2243,0.9974,676704,0,0,0,0,14,0,0.0068,0.0004,0.0613,540.2,1920,7501
2840,arrival_settled,108.500,5.9049,2.3920,3.5129,4.4698,0.0010,1.7306,1.2104,0.2232,1.2370,676704,0,0,0,0,14,0,0.0066,0.0005,0.0579,540.2,1920,7501
2841,arrival_settled,108.500,6.2908,2.6168,3.6740,4.0428,0.0010,1.7306,0.9871,0.2243,1.0281,676704,0,0,0,0,14,0,0.0059,0.0005,0.0576,540.2,1920,7501
2842,arrival_settled,108.500,6.7965,3.0492,3.7473,4.0110,0.0010,1.7316,0.9779,0.2222,1.0097,676704,0,0,0,0,14,0,0.0082,0.0006,0.1006,540.2,1920,7501
2844,arrival_settled,108.500,5.7109,2.6695,3.0414,4.0212,0.0010,1.7285,0.9789,0.2222,1.0220,676704,0,0,0,0,14,0,0.0062,0.0005,0.0584,540.2,1920,7501
2845,audit,108.500,2.6414,2.6394,0.0020,4.6019,0.0010,2.3337,0.9728,0.2232,1.0045,676704,0,0,0,0,14,0,0.0073,0.0005,0.0789,540.2,1920,7501
2846,reversal,108.658,4.3378,4.3362,0.0016,33.3855,0.0031,7.9688,9.4925,3.2778,12.1303,676704,0,0,0,0,14,0,0.0151,0.0019,0.1748,540.2,210,405
2847,reversal,108.830,4.0426,4.0405,0.0021,31.9939,0.0020,9.8929,9.5160,3.1754,7.7097,676704,0,0,0,0,14,0,0.0283,0.0005,0.1018,540.2,210,405
2848,reversal,109.019,3.6004,3.5681,0.0323,33.1581,0.0031,7.9862,13.1850,3.4365,8.0384,676704,0,0,0,0,14,0,0.0244,0.0005,0.0837,540.2,210,405
2849,reversal,109.224,53.8128,3.0205,50.7923,24.5617,0.0031,4.5404,8.9590,3.5154,7.2059,676704,0,0,0,0,14,0,0.0338,0.0009,0.1159,540.2,210,405
2850,reversal,109.449,55.8212,2.7126,53.1086,30.7016,0.0031,4.4913,14.3319,3.4417,8.1050,676704,0,0,0,0,14,0,0.0251,0.0008,0.0973,540.2,210,405
2851,reversal,109.695,46.0377,2.5607,43.4770,22.9171,0.0020,4.5353,8.8668,3.6383,5.5327,676704,0,0,0,0,14,0,0.0205,0.0005,0.0812,540.2,210,405
2852,reversal,109.964,51.7549,2.6953,49.0596,25.7321,0.0020,4.5332,11.7576,3.4355,5.6709,676704,0,0,0,0,14,0,0.0245,0.0006,0.1012,540.2,210,405
2853,reversal,110.257,46.8277,3.6359,43.1918,3.0935,0.0020,0.9431,0.8264,0.2888,0.9605,676704,0,0,0,0,14,0,0.0280,0.0006,0.0986,540.2,382,405
2854,reversal,110.578,43.0678,2.9313,40.1365,4.2568,0.0010,1.2012,0.8294,0.2836,1.6282,676704,0,0,0,0,14,0,0.0261,0.0006,0.1029,540.2,382,405
2855,reversal,110.929,4.5159,3.5524,0.9635,3.0781,0.0010,0.9482,0.8346,0.2867,0.9339,676704,0,0,0,0,14,0,0.0272,0.0006,0.0910,540.2,382,405
2856,reversal,111.312,6.5148,3.4934,3.0214,3.1529,0.0010,0.9605,0.8356,0.2908,0.9923,676704,0,0,0,0,14,0,0.0294,0.0010,0.1041,540.2,382,405
2857,reversal,111.731,4.8299,2.9019,1.9280,3.1713,0.0010,0.9656,0.8397,0.2888,1.0015,676704,0,0,0,0,14,0,0.0222,0.0005,0.0745,540.2,382,405
2858,reversal,112.188,5.0097,2.4937,2.5160,3.1969,0.0010,0.9789,0.8428,0.2867,1.0158,676704,0,0,0,0,14,0,0.0191,0.0006,0.0701,540.2,382,405
2859,reversal,112.688,5.1356,2.6638,2.4718,3.1683,0.0010,0.9953,0.8489,0.2918,0.9605,676704,0,0,0,0,14,0,0.0211,0.0004,0.0733,540.2,382,405
2860,reversal,113.235,5.2622,2.2026,3.0596,4.2332,0.0010,1.2698,1.1069,0.2888,1.4930,676704,0,0,0,0,14,0,0.0181,0.0004,0.0767,540.2,382,405
2861,reversal,113.832,5.0722,2.4976,2.5746,3.3024,0.0020,1.0271,0.8622,0.2857,1.0537,676704,0,0,0,0,14,0,0.0196,0.0006,0.0834,540.2,382,405
2862,reversal,114.484,6.1048,2.5308,3.5740,3.3577,0.0010,1.0455,0.8684,0.2888,1.0824,676704,0,0,0,0,14,0,0.0253,0.0005,0.0874,540.2,382,405
2863,reversal,115.198,5.1038,2.6575,2.4463,3.3587,0.0010,1.0670,0.8765,0.2908,1.0516,676704,0,0,0,0,14,0,0.0182,0.0004,0.0747,540.2,382,405
2864,reversal,115.977,5.5846,2.4916,3.0930,3.4345,0.0010,1.0926,0.8847,0.2888,1.0936,676704,0,0,0,0,14,0,0.0204,0.0004,0.0708,540.2,382,405
2865,reversal,116.828,5.4452,2.4817,2.9635,3.5820,0.0010,1.1305,0.9482,0.2888,1.1397,676704,0,0,0,0,14,0,0.0203,0.0006,0.0745,540.2,382,405
2866,reversal,117.759,5.1940,2.7123,2.4817,4.3407,0.0010,1.1622,1.1960,0.2898,1.6179,676704,0,0,0,0,14,0,0.0199,0.0004,0.0698,540.2,382,405
2867,reversal,118.776,5.8684,2.7405,3.1279,3.9639,0.0010,1.1981,0.9257,0.2949,1.4705,676704,0,0,0,0,14,0,0.0223,0.0010,0.0746,540.2,382,405
2868,reversal,119.887,6.1556,2.9833,3.1723,3.7560,0.0010,1.2227,0.9595,0.2888,1.2114,676704,0,0,0,0,14,0,0.0256,0.0007,0.0994,540.2,382,405
2869,reversal,121.102,5.9748,2.9690,3.0058,3.8267,0.0010,1.2524,0.9800,0.2847,1.2370,676704,0,0,0,0,14,0,0.0238,0.0007,0.0815,540.2,382,405
2870,reversal,122.429,5.6564,2.5455,3.1109,3.9322,0.0010,1.2759,1.0199,0.2918,1.2698,676704,0,0,0,0,14,0,0.0202,0.0005,0.0915,540.2,382,405
2871,reversal,123.879,5.8319,2.7876,3.0443,3.9977,0.0020,1.3128,1.0455,0.2877,1.2759,676704,0,0,0,0,14,0,0.0227,0.0005,0.0838,540.2,382,405
2872,reversal,125.464,5.7116,2.7334,2.9782,4.0827,0.0010,1.3435,1.0732,0.2898,1.3036,676704,0,0,0,0,14,0,0.0215,0.0006,0.0809,540.2,382,405
2873,reversal,127.196,5.9124,2.1731,3.7393,5.1528,0.0020,1.3701,1.3578,0.5263,1.8156,676704,0,0,0,0,14,0,0.0184,0.0004,0.0752,540.2,382,405
2874,reversal,129.089,6.1331,3.5355,2.5976,4.3121,0.0020,1.3926,1.1510,0.2898,1.4049,676704,0,0,0,0,14,0,0.0377,0.0029,0.1311,540.2,382,405
2875,reversal,131.157,6.8957,3.2902,3.6055,4.3643,0.0010,1.4244,1.1919,0.2980,1.3773,676704,0,0,0,0,14,0,0.0258,0.0006,0.0882,540.2,382,405
2876,reversal,133.417,6.4993,3.5013,2.9980,4.4636,0.0041,1.4664,1.2186,0.2888,1.4090,676704,0,0,0,0,14,0,0.0257,0.0006,0.0855,540.2,382,405
2877,reversal,135.887,6.2610,3.1969,3.0641,5.5603,0.0031,1.7869,1.9528,0.2970,1.4418,676704,0,0,0,0,14,0,0.0196,0.0007,0.0706,540.2,382,405
2878,reversal,138.586,6.6001,3.4394,3.1607,4.6817,0.0031,1.5370,1.3179,0.2888,1.4541,676704,0,0,0,0,14,0,0.0209,0.0006,0.0742,540.2,382,405
2879,reversal,141.536,7.3971,4.3543,3.0428,4.7319,0.0031,1.5524,1.3783,0.2877,1.4377,676704,0,0,0,0,14,0,0.0260,0.0005,0.0862,540.2,382,405
2880,reversal,144.759,6.6839,3.1424,3.5415,4.7503,0.0031,1.5647,1.3947,0.2867,1.4234,676704,0,0,0,0,14,0,0.0226,0.0007,0.0783,540.2,382,405
2881,reversal,148.282,6.8920,3.3792,3.5128,4.8404,0.0031,1.5749,1.4182,0.2888,1.4756,676704,0,0,0,0,14,0,0.0227,0.0007,0.0887,540.2,382,405
2882,reversal,152.131,6.6854,3.1287,3.5567,5.2541,0.0031,1.9876,1.4674,0.2908,1.4316,676704,0,0,0,0,14,0,0.0206,0.0006,0.0743,540.2,382,405
2883,reversal,156.338,7.3590,3.0869,4.2721,4.8824,0.0041,1.5913,1.5084,0.2888,1.4141,676704,0,0,0,0,14,0,0.0202,0.0006,0.0761,540.2,382,405
2884,reversal,160.935,7.1588,3.4974,3.6614,4.8998,0.0031,1.5995,1.5288,0.2929,1.3988,676704,0,0,0,0,14,0,0.0207,0.0006,0.0752,540.2,382,405
2885,reversal,165.958,7.1569,3.4148,3.7421,4.8947,0.0031,1.6271,1.5278,0.2826,1.3763,676704,0,0,0,0,14,0,0.0220,0.0004,0.0733,540.2,382,405
2886,reversal,171.448,6.9582,3.3712,3.5870,5.2593,0.0031,1.6138,1.5565,0.2867,1.7213,676704,0,0,0,0,14,0,0.0208,0.0006,0.0869,540.2,382,405
2887,reversal,177.447,6.9961,3.3126,3.6835,4.8896,0.0031,1.6261,1.6128,0.2877,1.2810,676704,0,0,0,0,14,0,0.0203,0.0006,0.0800,540.2,382,405
2888,reversal,184.002,7.5518,3.7887,3.7631,4.4810,0.0031,1.4643,1.4623,0.2662,1.2165,676704,0,0,0,0,14,0,0.0219,0.0005,0.0731,540.2,382,405
2889,reversal,191.167,7.3077,4.0332,3.2745,4.4718,0.0031,1.4438,1.4776,0.2652,1.2114,676704,0,0,0,0,14,0,0.0200,0.0007,0.0731,540.2,382,405
2890,reversal,198.995,5.9309,4.0028,1.9281,4.4493,0.0031,1.4316,1.4930,0.2642,1.1868,676704,0,0,0,0,14,0,0.0230,0.0008,0.0750,540.2,382,405
2891,reversal,207.551,6.3117,3.2836,3.0281,4.7565,0.0031,1.4377,1.5186,0.2683,1.4510,676704,0,0,0,0,14,0,0.0209,0.0005,0.0730,540.2,382,405
2892,reversal,216.900,6.2594,3.7379,2.5215,4.4483,0.0031,1.4438,1.5186,0.2632,1.1418,676704,0,0,0,0,14,0,0.0239,0.0007,0.0755,540.2,382,405
2893,reversal,227.117,7.3788,3.7941,3.5847,4.5199,0.0031,1.4950,1.5227,0.2662,1.1622,676704,0,0,0,0,14,0,0.0208,0.0007,0.0720,540.2,382,405
2894,reversal,238.282,6.1321,3.4732,2.6589,4.5722,0.0041,1.5555,1.5227,0.2642,1.1479,676704,0,0,0,0,14,0,0.0217,0.0006,0.0749,540.2,382,405
2895,reversal,250.483,6.6742,3.5815,3.0927,4.4892,0.0031,1.5596,1.4940,0.2673,1.0957,676704,0,0,0,0,14,0,0.0196,0.0006,0.0761,540.2,382,405
2896,reversal,263.816,6.4540,3.4200,3.0340,4.4749,0.0031,1.5370,1.5165,0.2662,1.0813,676704,0,0,0,0,14,0,0.0247,0.0006,0.1056,540.2,382,405
2897,reversal,278.387,5.9505,5.9081,0.0424,5.0975,0.0276,2.1514,1.5299,0.2652,1.0496,671328,0,0,5376,0,14,0,1.5150,0.5472,0.0980,540.2,382,405
2898,reversal,294.309,6.3786,6.3507,0.0279,4.4708,0.0328,1.5206,1.5329,0.2683,1.0455,665696,0,0,5632,0,14,0,1.5445,0.6389,0.1030,540.2,382,405
2899,reversal,311.709,7.3473,5.9047,1.4426,4.4626,0.0256,1.5319,1.5575,0.2642,1.0127,661344,0,0,4352,0,14,0,1.6361,0.5878,0.0910,540.2,382,405
2900,reversal,330.724,6.6361,4.6279,2.0082,4.4288,0.0246,1.5227,1.5575,0.2621,0.9974,655622,0,0,5722,0,13,1,1.5200,0.4887,0.0804,540.2,382,405
2901,reversal,351.503,5.6792,5.6426,0.0366,4.4462,0.0266,1.5329,1.5667,0.2693,0.9830,650354,0,0,5268,0,13,1,1.5617,0.5206,0.0856,540.2,382,405
2902,reversal,374.211,6.8061,5.4035,1.4026,5.3432,0.0287,1.9139,1.8371,0.2662,0.9912,644722,0,0,5632,0,13,1,1.5105,0.6083,0.0927,540.2,382,405
2903,reversal,399.025,6.1004,6.0696,0.0308,4.4483,0.0287,1.5401,1.5944,0.2693,0.9411,639090,0,0,5632,0,13,1,1.6093,0.6339,0.0951,540.2,382,405
2904,reversal,426.143,8.0506,6.0353,2.0153,4.4452,0.0256,1.5329,1.5995,0.2662,0.9441,634756,0,0,4334,0,13,1,1.5826,0.6301,0.1011,540.2,382,405
2905,reversal,455.777,5.6664,5.6315,0.0349,4.4401,0.0287,1.5247,1.6271,0.2662,0.9144,628868,0,0,5888,0,13,1,1.5621,0.5491,0.0917,540.2,382,405
2906,reversal,488.160,6.7028,5.2253,1.4775,4.4472,0.0256,1.5370,1.6486,0.2652,0.9001,624304,0,0,4564,0,13,1,1.5700,0.5867,0.0918,540.2,382,405
2907,reversal,523.549,6.3158,5.4505,0.8653,5.3617,0.0266,2.1555,1.9538,0.2621,0.8878,618672,0,0,5632,0,13,1,1.5353,0.5967,0.0960,540.2,382,405
2908,reversal,562.222,6.0345,6.0031,0.0314,4.4984,0.0266,1.5616,1.7132,0.2673,0.8581,612784,0,0,5888,0,12,2,1.5636,0.4924,0.0854,540.2,382,405
2909,reversal,604.483,8.3949,6.3547,2.0402,4.5732,0.0553,1.5606,1.7510,0.2703,0.8612,610948,5392,63,1899,0,12,2,1.6020,0.4339,0.0982,540.2,382,405
2910,reversal,650.666,6.9458,6.9063,0.0395,4.8783,0.3584,1.5606,1.7889,0.2673,0.8305,609283,3217,2175,3840,0,12,2,1.6846,0.7051,0.3643,540.2,382,405
2911,reversal,701.135,6.1548,6.1230,0.0318,4.7944,0.3011,1.5452,1.8002,0.2683,0.8059,607746,1426,1791,3328,0,12,2,1.6154,0.6691,0.3403,540.2,382,405
2912,reversal,756.287,6.3849,6.3583,0.0266,5.6146,0.2509,1.8043,2.4340,0.2621,0.7905,607463,0,1426,1709,0,12,2,1.4874,0.6891,0.1066,540.2,382,405
2913,reversal,816.556,7.1775,7.1491,0.0284,4.5056,0.0276,1.5237,1.8278,0.2662,0.7875,602087,0,0,5376,0,12,2,1.5441,0.9218,0.1093,540.2,382,405
2914,reversal,882.419,7.7470,7.7111,0.0359,4.5281,0.0215,1.5237,1.8811,0.2673,0.7578,600295,0,0,1792,0,12,2,1.6168,0.4575,0.1328,540.2,382,405
2915,reversal,954.393,6.5262,6.4974,0.0288,4.5404,0.0256,1.5268,1.9169,0.2652,0.7342,594919,0,0,5376,0,12,2,1.5691,0.5670,0.0909,540.2,382,405
2916,reversal,1033.047,6.9970,5.4848,1.5122,4.5271,0.0276,1.5340,1.9046,0.2683,0.7178,589930,0,0,4989,0,11,3,1.5156,0.5589,0.0918,540.2,382,405
2917,reversal,1118.999,6.5100,6.4689,0.0411,5.0258,0.0266,2.1238,1.8145,0.2662,0.7229,583786,0,0,6144,0,11,3,1.5458,0.6012,0.0990,540.2,382,405
2918,reversal,1212.927,7.0702,7.0419,0.0283,4.3786,0.0225,1.5473,1.7531,0.2652,0.7188,579775,0,0,4011,0,11,3,1.5458,0.5652,0.1378,540.2,382,405
2919,reversal,1315.571,6.1406,6.1112,0.0294,4.3069,0.0307,1.5063,1.7521,0.2642,0.6830,575167,0,0,4608,0,11,3,1.5136,0.5789,0.1027,540.2,382,405
2920,reversal,1427.740,7.0798,7.0518,0.0280,4.3100,0.0287,1.4828,1.7920,0.2632,0.6717,570815,0,0,4352,0,11,3,1.6182,0.6497,0.0977,540.2,382,405
2921,reversal,1550.318,6.1422,6.1155,0.0267,4.3858,0.0287,1.4838,1.8678,0.2673,0.6697,566634,0,0,4181,0,11,3,1.5909,0.5688,0.1141,540.2,382,405
2922,reversal,1684.271,5.8988,5.8713,0.0275,5.0801,0.0287,2.1115,1.9507,0.2632,0.6574,562521,0,0,4113,0,11,3,1.5297,0.5733,0.1109,540.2,382,405
2923,reversal,1830.654,6.5434,6.5157,0.0277,4.5312,0.0338,1.5063,2.0040,0.2683,0.6380,557145,0,0,5376,0,10,4,1.5179,0.5873,0.1002,540.2,382,405
2924,reversal,1990.621,7.5142,4.9635,2.5507,4.4646,0.0266,1.5084,1.9804,0.2601,0.6246,552537,0,0,4608,0,11,4,1.5206,0.5281,0.0940,540.2,382,405
2925,reversal,2165.432,6.6174,5.1228,1.4946,4.4575,0.0256,1.5043,1.9712,0.2652,0.6277,547305,0,0,5232,0,11,4,1.5657,0.5532,0.0951,540.2,1950,7501
2926,reversal,2356.465,6.1296,6.0815,0.0481,4.4882,0.0328,1.5012,2.0060,0.2673,0.6031,541417,0,0,5888,0,11,4,1.5305,0.5653,0.0921,540.2,1950,7501
2927,reversal,2565.225,6.1267,6.0997,0.0270,5.0330,0.0573,2.0716,2.0019,0.2611,0.5714,538446,2497,63,3034,0,11,4,1.5429,0.5440,0.0977,540.2,1950,7501
2928,reversal,2793.358,7.5814,6.0779,1.5035,4.7452,0.3533,1.4776,2.0193,0.2642,0.5591,539085,4361,2175,1536,0,11,4,1.6046,0.6648,0.1094,540.2,1950,7501
2929,reversal,3042.659,6.3453,6.3035,0.0418,4.8343,0.3850,1.4848,2.0705,0.2683,0.5530,537548,2058,2303,3840,0,11,4,1.6548,0.6761,0.1015,540.2,1950,7501
2930,reversal,3315.096,7.4058,5.4269,1.9789,4.8476,0.3512,1.4961,2.1197,0.2632,0.5468,535766,0,2058,3840,0,11,4,1.5562,0.5878,0.0892,540.2,1950,7501
2931,reversal,3612.813,7.0216,5.0349,1.9867,4.9725,0.0256,1.4971,2.5805,0.2662,0.5366,530756,0,0,5010,0,10,5,1.5146,0.4472,0.0833,540.2,1950,7501
2932,reversal,3938.157,7.0272,5.5656,1.4616,4.5015,0.0338,1.4981,2.1084,0.2714,0.5222,524868,0,0,5888,0,10,5,1.5491,0.5019,0.0963,540.2,1950,7501
2933,reversal,4293.692,7.2645,5.8364,1.4281,4.3981,0.0246,1.4899,2.0337,0.2693,0.5079,520772,0,0,4096,0,10,5,1.5647,0.5421,0.1071,540.2,1950,7501
2934,reversal,4682.219,6.4211,6.3704,0.0507,4.3264,0.0215,1.4684,2.0101,0.2662,0.4895,517773,0,0,2999,0,10,5,1.6166,0.5791,0.1193,540.2,1950,7501
2935,reversal,5106.800,6.9808,5.5477,1.4331,6.0457,0.0328,3.1918,2.0009,0.2734,0.4762,511885,0,0,5888,0,10,5,1.5087,0.6011,0.0918,540.2,1950,7501
2936,reversal,4809.272,6.6788,6.6483,0.0305,4.9224,0.0338,1.4203,2.6563,0.2755,0.4598,506545,0,0,5340,0,10,5,1.5606,0.4936,0.1055,540.2,1950,7501
2937,reversal,4529.449,7.6174,5.5778,2.0396,4.2885,0.0276,1.4397,2.0019,0.2652,0.4792,500145,0,0,6400,0,12,3,1.5488,0.5119,0.0914,540.2,1950,7501
2938,reversal,4266.276,7.2397,7.1934,0.0463,4.3694,0.0573,1.4551,2.0337,0.2693,0.4854,497733,2497,63,2475,0,12,3,1.5519,0.8487,0.1014,540.2,1950,7501
2939,reversal,4018.764,6.8908,6.8643,0.0265,4.7176,0.3676,1.4653,2.0644,0.2652,0.4864,498436,5407,2239,1536,0,12,3,1.5923,0.5402,0.0985,540.2,1950,7501
2940,reversal,3785.981,6.5254,6.4864,0.0390,4.7452,0.3625,1.4705,2.0838,0.2652,0.4956,496707,3296,2111,3840,0,12,3,1.6988,0.6602,0.3810,540.2,1950,7501
2941,reversal,3567.049,6.5054,6.4793,0.0261,5.5091,0.3953,1.7377,2.5364,0.2662,0.5048,494978,929,2367,4096,0,12,3,1.6136,0.5873,0.1970,540.2,1950,7501
2942,reversal,3361.145,6.7253,5.1142,1.6111,4.6817,0.2591,1.4612,2.1094,0.2703,0.5130,494154,0,1441,2265,0,12,3,1.2788,0.4994,0.0840,540.2,1950,7501
2943,reversal,3167.493,7.4700,5.4471,2.0229,4.4421,0.0522,1.4582,2.0818,0.2693,0.5151,493961,12432,63,256,0,12,3,1.6228,0.2322,0.1464,540.2,1950,7501
2944,reversal,2985.365,7.2195,5.7653,1.4542,4.7944,0.4198,1.4653,2.0541,0.2652,0.5192,492424,9617,2815,4352,0,12,3,1.9002,0.7848,0.0916,540.2,1950,7501
2945,reversal,2814.074,6.5826,6.5511,0.0315,4.6807,0.3328,1.4592,2.0142,0.2662,0.5366,490695,7506,2111,3840,0,12,3,1.8134,0.6662,0.1122,540.2,1950,7501
2946,reversal,2652.976,7.0794,5.6403,1.4391,5.3504,0.3256,1.7572,2.3972,0.2673,0.5325,488966,5395,2111,3840,0,13,2,1.7441,0.6826,0.1424,540.2,1950,7501
2947,reversal,2501.464,6.2824,6.2500,0.0324,4.7606,0.3779,1.4991,1.9948,0.2693,0.5560,488741,2836,2559,2784,0,13,2,1.6817,0.5823,0.1027,540.2,1950,7501
2948,reversal,2358.969,8.2615,5.7364,2.5251,4.6367,0.2447,1.5247,1.9702,0.2642,0.5704,486692,1301,1535,3584,0,13,2,1.6056,0.7646,0.0994,540.2,1950,7501
2949,reversal,2224.952,7.0971,4.4704,2.6267,4.6285,0.2140,1.5299,1.9692,0.2652,0.5816,484665,0,1301,3328,0,13,2,1.3927,0.5011,0.1005,540.2,1950,7501
2950,reversal,2098.910,6.8235,5.3655,1.4580,4.4575,0.0276,1.5247,1.9722,0.2673,0.5990,479204,0,0,5461,0,13,2,1.5476,0.4410,0.0835,540.2,1950,7501
2951,reversal,1980.368,6.2946,6.2628,0.0318,4.8507,0.0338,1.9057,1.9630,0.2693,0.6072,473572,0,0,5632,0,13,2,1.5234,0.5397,0.0984,540.2,1950,7501
2952,reversal,1868.881,7.0082,5.5324,1.4758,4.4698,0.0553,1.4848,1.9958,0.2652,0.6031,470288,2786,63,3347,0,13,2,1.5774,0.4644,0.1009,540.2,1950,7501
2953,reversal,1764.027,6.2685,6.2254,0.0431,4.7421,0.3492,1.4705,1.9702,0.2662,0.6185,469007,483,2303,3584,0,13,2,1.5978,0.5701,0.0893,540.2,1950,7501
2954,reversal,1665.413,7.0766,5.0376,2.0390,4.4790,0.1065,1.4592,1.9446,0.2703,0.6257,465906,0,483,3584,0,13,2,1.1202,0.3945,0.0832,540.2,1950,7501
2955,reversal,1572.667,6.9604,5.4571,1.5033,4.6060,0.0256,1.4438,1.8862,0.2652,0.9134,460274,0,0,5632,0,12,2,1.5602,0.4651,0.0855,540.2,1950,7501
2956,reversal,1485.439,7.0898,4.9469,2.1429,4.2947,0.0553,1.4264,1.8412,0.2652,0.6410,456843,3333,63,3494,0,12,2,1.5716,0.4063,0.0884,540.2,1950,7501
2957,reversal,1403.403,6.2772,6.2402,0.0370,4.3889,0.1925,1.4090,1.7971,0.2693,0.6533,455434,2182,1151,2560,0,12,2,1.6299,0.5668,0.1064,540.2,1950,7501
2958,reversal,1326.248,7.0032,5.5622,1.4410,4.4933,0.3297,1.3937,1.7807,0.2662,0.6564,454032,0,2182,3584,0,13,1,1.5647,0.6303,0.0953,540.2,1950,7501
2959,reversal,1253.684,6.6406,5.1925,1.4481,4.1677,0.0645,1.3814,1.7459,0.2693,0.6431,450165,705,63,3930,0,13,1,1.5385,0.4735,0.0929,540.2,1950,7501
2960,reversal,1185.438,6.1449,6.1118,0.0331,4.8794,0.5581,1.3722,1.7132,0.2611,0.9073,452852,5954,2687,0,0,13,1,1.5439,0.4074,0.0964,540.2,1950,7501
2961,reversal,1121.253,7.1363,5.6936,1.4427,4.6408,0.5366,1.3578,1.7408,0.2714,0.6666,455411,12208,2559,0,0,13,1,1.7110,0.4115,0.0924,540.2,1950,7501
2962,reversal,1060.887,7.3989,5.8719,1.5270,4.4882,0.2949,1.3578,1.8166,0.2703,0.6738,456754,18545,1343,0,0,13,1,1.8987,0.3899,0.1694,540.2,1950,7501
2963,reversal,1004.114,7.1740,5.7253,1.4487,5.0115,0.6625,1.4510,1.8964,0.2683,0.6666,460017,27058,3263,0,0,13,1,2.0900,0.4972,0.1077,540.2,1950,7501
2964,reversal,950.718,6.9108,6.8761,0.0347,5.1016,0.7700,1.4141,1.9067,0.2632,0.6717,463856,36531,3839,0,0,13,1,2.3681,0.6616,0.0938,540.2,1950,7501
2965,reversal,900.501,7.5338,7.4866,0.0472,5.4784,0.8223,1.7746,1.8586,0.2703,0.6851,467951,47284,4095,0,0,13,1,2.6602,0.5536,0.0959,540.2,1950,7501
2966,reversal,853.271,8.7769,8.7508,0.0261,5.2193,0.8059,1.4787,1.8381,0.2693,0.7598,471982,58178,4031,0,0,13,1,3.0012,0.6758,0.1124,540.2,1950,7501
2967,reversal,808.852,8.2483,8.2213,0.0270,5.3125,0.8909,1.4674,1.8391,0.2703,0.7772,476461,69717,4479,0,0,13,1,3.3323,0.6565,0.0982,540.2,1950,7501
2968,reversal,767.076,7.9555,7.9281,0.0274,5.4231,1.0250,1.4541,1.8156,0.2683,0.7916,481580,86219,5119,0,0,13,1,3.7017,0.6599,0.0962,540.2,1950,7501
2969,reversal,727.786,9.7665,9.7367,0.0298,6.3683,1.3056,1.4428,2.4719,0.2652,0.8151,484397,92938,6335,3518,0,14,0,4.0199,1.5173,0.1113,540.2,1950,7501
2970,reversal,690.834,8.2083,8.1825,0.0258,5.2931,0.8817,1.4510,1.8063,0.2662,0.8233,488748,111138,4351,0,0,14,0,4.0217,0.7028,0.1118,540.2,1950,7501
2971,reversal,656.080,8.7153,8.6863,0.0290,5.2582,0.9503,1.4060,1.7715,0.2652,0.7967,490508,119292,4671,2911,0,14,0,4.0161,0.9723,0.1083,540.2,1950,7501
2972,reversal,623.395,8.9777,8.9518,0.0259,5.1876,0.9226,1.3896,1.7510,0.2673,0.7895,485195,114877,4415,9728,0,14,0,4.0122,1.3154,0.0968,540.2,1950,7501
2973,reversal,592.655,8.6162,8.5906,0.0256,6.2290,1.0568,1.6384,2.0204,0.6267,0.8172,487155,122014,5055,3095,0,14,0,4.0139,0.9575,0.1051,540.2,1950,7501
2975,reversal,536.553,9.1608,9.1352,0.0256,5.0668,0.8561,1.3937,1.6538,0.2673,0.8274,494705,154430,4159,0,0,14,0,4.0410,0.6816,0.1036,540.2,1950,7501
2976,reversal,510.980,9.9024,9.8752,0.0272,5.2214,1.0260,1.4019,1.6036,0.2703,0.8417,491541,150765,4927,8091,0,14,0,4.0213,1.3334,0.1021,540.2,1950,7501
2977,reversal,486.929,8.8926,8.8659,0.0267,5.9382,1.0854,1.6394,1.9866,0.2683,0.8868,496788,166785,5247,0,0,14,0,4.0209,0.8391,0.1016,540.2,1950,7501
2978,reversal,464.309,9.0591,9.0301,0.0290,4.9838,0.8049,1.3875,1.5616,0.2673,0.8899,500627,178642,3839,0,0,14,0,4.0225,0.6652,0.0970,540.2,1950,7501
2979,reversal,443.036,9.1700,9.1361,0.0339,5.8890,1.7582,1.3978,1.5176,0.2693,0.8704,509330,178713,8703,0,0,14,0,4.0240,1.1823,0.1052,540.2,1950,7501
2980,reversal,423.028,9.1329,9.1041,0.0288,6.7799,2.2036,1.4674,1.8534,0.2673,0.9144,520401,167642,11071,0,0,14,0,4.0235,1.4037,0.1110,540.2,1950,7501
2981,reversal,404.210,10.0329,10.0007,0.0322,7.7844,2.2088,2.8385,1.5124,0.2683,0.8817,531472,156571,11071,0,0,14,0,4.0139,1.6306,0.2366,540.2,1950,7501
2982,reversal,386.513,9.5719,9.5423,0.0296,5.6893,1.4356,1.5299,1.5032,0.2683,0.8786,530110,151324,5247,6609,0,14,0,4.0260,1.7432,0.1530,540.2,1950,7501
2983,reversal,369.868,9.7659,9.7395,0.0264,6.4840,2.2118,1.5565,1.4950,0.2662,0.8837,541181,140253,11071,0,0,14,0,4.0212,1.6662,0.1284,540.2,1950,7501
2984,reversal,354.214,9.0823,9.0558,0.0265,7.4496,2.6624,1.6261,1.4817,0.2744,1.3220,553020,128414,11839,0,0,14,0,4.0125,1.4530,0.1051,540.2,1950,7501
2985,reversal,339.492,8.5825,8.5550,0.0275,6.5219,2.0756,1.6722,1.4848,0.2632,0.9574,563387,118047,10367,0,0,14,0,4.0222,1.4029,0.1018,540.2,1950,7501
2986,reversal,325.645,9.5114,9.4843,0.0271,7.0912,2.4627,1.7828,1.4848,0.2652,1.0199,575546,105888,12159,0,0,14,0,4.0305,1.4704,0.0997,540.2,1950,7501
2987,reversal,312.623,10.6304,10.6032,0.0272,7.6083,2.6767,2.0767,1.4735,0.2652,1.0353,587834,93600,12288,0,0,14,0,3.9989,1.5604,0.1085,540.2,1950,7501
2988,reversal,300.375,10.4168,10.3877,0.0291,6.9499,2.1289,1.8995,1.4776,0.2642,1.1049,598329,83105,10495,0,0,14,0,4.0318,1.5441,0.1283,540.2,1950,7501
2989,reversal,288.856,9.7475,9.7188,0.0287,7.3124,2.0470,2.3194,1.4602,0.2683,1.1459,608504,72930,10175,0,0,14,0,4.0231,1.5428,0.1029,540.2,1950,7501
2990,reversal,278.023,9.4354,9.4082,0.0272,7.2960,1.9876,2.2907,1.4643,0.2642,1.2134,618231,63203,9727,0,0,14,0,3.8071,1.4695,0.1457,540.2,1942,7501
2991,reversal,267.834,10.8204,10.7917,0.0287,7.3554,2.0603,2.0439,1.4582,0.2662,1.4510,628534,52900,10303,0,0,14,0,3.4911,1.2788,0.9838,540.2,1942,7501
2992,reversal,258.252,11.0947,11.0526,0.0421,7.6800,1.8719,2.4986,1.6998,0.2662,1.2575,637621,43813,9087,0,0,14,0,3.1822,1.2407,1.3464,540.2,1942,7501
2993,reversal,249.240,9.0933,9.0635,0.0298,7.2253,1.5186,2.5283,1.4602,0.2673,1.3722,645172,36262,7551,0,0,14,0,2.8840,1.2687,0.9461,540.2,1942,7501
2994,reversal,240.764,11.4197,7.8411,3.5786,7.1598,1.7357,2.2088,1.4705,0.2693,1.4008,653747,27687,8575,0,0,14,0,2.6546,1.3076,0.8295,540.2,1942,7501
2996,reversal,225.295,10.7543,7.7327,3.0216,7.2591,1.4080,1.7910,1.7428,0.2652,1.9763,668145,13289,6719,0,0,14,0,2.1381,0.9154,0.8879,540.2,1942,7501
2997,reversal,218.244,8.0901,8.0881,0.0020,5.9259,1.2483,1.5227,1.4961,0.2652,1.3230,674288,7146,6143,0,0,14,0,1.9315,0.8638,1.0982,540.2,1942,7501
2998,reversal,211.612,6.3995,6.3694,0.0301,5.4129,0.9288,1.4387,1.4838,0.2662,1.2155,677807,3627,3519,0,0,14,0,1.7430,0.6105,0.5910,540.2,1942,7501
2999,reversal,205.375,5.7423,5.7034,0.0389,5.6648,1.1889,1.4428,1.4838,0.2724,1.2032,681434,0,3627,0,0,14,0,1.2554,0.7756,0.1155,540.2,1942,7501
3000,reversal,199.510,6.0999,3.4477,2.6522,4.4964,0.0031,1.4479,1.4684,0.2673,1.2298,681434,0,0,0,0,14,0,0.0221,0.0009,0.0745,540.2,1942,7501
3001,reversal,193.993,8.6439,3.2165,5.4274,4.9807,0.0031,1.4510,1.9333,0.2652,1.2585,681434,0,0,0,0,14,0,0.0222,0.0005,0.0864,540.2,1942,7501
3002,reversal,188.804,6.3649,3.0996,3.2653,4.9449,0.0031,1.4623,1.4612,0.2693,1.6742,681434,0,0,0,0,14,0,0.0235,0.0006,0.0818,540.2,1942,7501
3003,reversal,183.925,6.8853,3.3552,3.5301,4.5701,0.0031,1.4868,1.4438,0.2652,1.2995,681434,0,0,0,0,14,0,0.0280,0.0005,0.0892,540.2,1942,7501
3004,reversal,179.335,7.1748,3.6125,3.5623,4.5978,0.0031,1.5012,1.4520,0.2662,1.3005,681434,0,0,0,0,14,0,0.0205,0.0005,0.0918,540.2,1942,7501
3005,reversal,175.019,6.9509,3.7073,3.2436,4.6367,0.0031,1.5165,1.4387,0.2693,1.3363,681434,0,0,0,0,14,0,0.0216,0.0005,0.0725,540.2,1942,7501
3006,reversal,170.960,6.4459,3.3085,3.1374,4.6623,0.0031,1.5217,1.4305,0.2724,1.3599,681434,0,0,0,0,14,0,0.0201,0.0005,0.0713,540.2,1942,7501
3007,reversal,167.142,7.2300,3.0847,4.1453,4.6643,0.0031,1.5155,1.4285,0.2673,1.3722,681434,0,0,0,0,14,0,0.0200,0.0005,0.0770,540.2,1942,7501
3008,reversal,163.551,6.6453,2.9954,3.6499,4.6428,0.0031,1.5073,1.4008,0.2714,1.3875,681434,0,0,0,0,14,0,0.0195,0.0005,0.0753,540.2,1942,7501
3009,reversal,160.174,6.4928,3.5012,2.9916,4.6397,0.0031,1.5104,1.3742,0.2652,1.4162,681434,0,0,0,0,14,0,0.0223,0.0006,0.0807,540.2,1942,7501
3010,reversal,156.998,7.0579,3.9208,3.1371,4.6531,0.0031,1.4920,1.3824,0.2652,1.4316,681434,0,0,0,0,14,0,0.0196,0.0009,0.0739,540.2,1942,7501
3011,reversal,154.011,6.9154,3.3541,3.5613,5.5460,0.0031,1.7592,2.0152,0.2662,1.4285,681434,0,0,0,0,14,0,0.0206,0.0006,0.0914,540.2,1942,7501
3012,reversal,151.202,6.5674,3.4075,3.1599,4.5742,0.0031,1.4643,1.3220,0.2673,1.4428,681434,0,0,0,0,14,0,0.0235,0.0007,0.0729,540.2,1942,7501
3013,reversal,148.560,7.2503,3.6351,3.6152,5.1272,0.0031,1.4551,1.2861,0.2683,2.0388,681434,0,0,0,0,14,0,0.0232,0.0005,0.0847,540.2,1942,7501
3014,reversal,146.075,7.0673,3.3996,3.6677,4.4964,0.0031,1.4449,1.2564,0.2714,1.4500,681434,0,0,0,0,14,0,0.0216,0.0005,0.0714,540.2,1942,7501
3015,reversal,143.738,7.0587,4.4969,2.5618,4.4288,0.0031,1.4316,1.2380,0.2683,1.4100,681434,0,0,0,0,14,0,0.0293,0.0007,0.0934,540.2,1942,7501
3016,reversal,141.540,6.4167,3.3647,3.0520,5.3729,0.0031,1.6620,1.5237,0.2673,1.8412,681434,0,0,0,0,14,0,0.0198,0.0004,0.0749,540.2,1942,7501
3017,reversal,139.472,6.7655,3.5848,3.1807,4.3766,0.0041,1.3957,1.1930,0.2662,1.4428,681434,0,0,0,0,14,0,0.0240,0.0006,0.0780,540.2,1942,7501
3018,reversal,137.528,7.1232,4.0661,3.0571,4.6633,0.0031,1.3732,1.1581,0.2703,1.7859,681434,0,0,0,0,14,0,0.0223,0.0005,0.0780,540.2,1942,7501
3019,reversal,135.700,6.2823,4.8469,1.4354,4.1820,0.0276,1.3332,1.1356,0.2632,1.3578,676058,0,0,5376,0,14,0,1.5959,0.5920,0.0905,540.2,1942,7501
3020,reversal,133.980,6.8875,3.2903,3.5972,4.1738,0.0154,1.3128,1.1377,0.2693,1.3691,675903,0,0,155,0,14,0,0.1823,0.2730,0.0885,540.2,1942,7501
3021,reversal,132.363,6.4571,3.3794,3.0777,4.5322,0.0031,1.6712,1.0998,0.2744,1.4111,675903,0,0,0,0,14,0,0.0210,0.0005,0.0728,540.2,1942,7501
3022,reversal,130.841,5.9317,3.2894,2.6423,4.1021,0.0031,1.2800,1.0650,0.2693,1.4090,675903,0,0,0,0,14,0,0.0215,0.0006,0.0711,540.2,1942,7501
3023,reversal,129.411,7.1650,3.5406,3.6244,3.9752,0.0031,1.2646,1.0373,0.2724,1.3169,675903,0,0,0,0,14,0,0.0290,0.0009,0.0964,540.2,1942,7501
3024,reversal,128.065,6.0165,3.6938,2.3227,3.9690,0.0031,1.2513,1.0179,0.2724,1.3486,675903,0,0,0,0,14,0,0.0273,0.0012,0.1673,540.2,1942,7501
3025,reversal,126.800,6.2654,3.6614,2.6040,3.9578,0.0072,1.2421,1.0179,0.2673,1.3517,675903,0,0,0,0,14,0,0.0294,0.0007,0.1107,540.2,1942,7501
3026,reversal,128.180,6.1062,3.4073,2.6989,4.6725,0.0031,1.2769,1.3384,0.2652,1.7101,675903,0,0,0,0,14,0,0.0209,0.0004,0.0756,540.2,1942,7501
3027,reversal,129.655,6.0073,3.3544,2.6529,3.9700,0.0031,1.2943,1.0834,0.2652,1.2462,675903,0,0,0,0,14,0,0.0208,0.0009,0.0721,540.2,1942,7501
3028,reversal,131.232,6.7934,3.7730,3.0204,4.0673,0.0031,1.3117,1.1407,0.2673,1.2708,675903,0,0,0,0,14,0,0.0222,0.0006,0.0833,540.2,1942,7501
3029,reversal,132.918,6.0986,3.5847,2.5139,4.7360,0.0031,1.7111,1.1356,0.2693,1.3117,675903,0,0,0,0,14,0,0.0600,0.0010,0.1340,540.2,1942,7501
3030,reversal,134.720,5.9570,3.6280,2.3290,4.2025,0.0031,1.3578,1.1776,0.2642,1.3179,675903,0,0,0,0,14,0,0.0199,0.0006,0.0713,540.2,1942,7501
3031,reversal,136.646,7.1290,3.9392,3.1898,4.1861,0.0031,1.3865,1.1766,0.2642,1.2790,675903,0,0,0,0,14,0,0.0275,0.0006,0.1078,540.2,1942,7501
3032,reversal,138.705,6.0189,3.5433,2.4756,4.3018,0.0031,1.4049,1.2339,0.2662,1.3169,675903,0,0,0,0,14,0,0.0208,0.0005,0.0772,540.2,1942,7501
3033,reversal,140.907,6.4441,3.9350,2.5091,4.3182,0.0031,1.4244,1.2247,0.2683,1.3240,675903,0,0,0,0,14,0,0.0227,0.0005,0.0763,540.2,1942,7501
3034,reversal,143.260,5.8938,3.4100,2.4838,5.1128,0.0031,1.4377,1.5585,0.2724,1.7664,675903,0,0,0,0,14,0,0.0214,0.0006,0.1032,540.2,1942,7501
3035,reversal,145.775,6.3381,6.3028,0.0353,4.4012,0.0031,1.4490,1.2964,0.2673,1.3148,675903,0,0,0,0,14,0,0.0209,0.0004,0.0822,540.2,1942,7501
3036,reversal,148.464,7.3843,3.7123,3.6720,4.4687,0.0031,1.4653,1.3578,0.2662,1.3066,675903,0,0,0,0,14,0,0.0276,0.0006,0.0828,540.2,1942,7501
3037,reversal,151.339,6.4422,3.4619,2.9803,4.7094,0.0031,1.4756,1.3681,0.2673,1.3230,675903,0,0,0,0,14,0,0.0238,0.0007,0.0880,540.2,1942,7501
3038,reversal,154.412,7.0076,3.6587,3.3489,4.5056,0.0031,1.4817,1.3885,0.2642,1.2882,675903,0,0,0,0,14,0,0.0212,0.0007,0.0826,540.2,1942,7501
3039,reversal,157.697,6.5718,3.5880,2.9838,5.6443,0.0031,1.7562,2.0572,0.2683,1.2769,675903,0,0,0,0,14,0,0.0207,0.0004,0.0724,540.2,1942,7501
3040,reversal,161.209,6.6597,2.9192,3.7405,4.5763,0.0031,1.5043,1.4418,0.2662,1.2820,675903,0,0,0,0,14,0,0.0198,0.0006,0.0736,540.2,1942,7501
3041,reversal,164.963,7.7387,3.6366,4.1021,4.5834,0.0031,1.5114,1.4541,0.2673,1.2728,675903,0,0,0,0,14,0,0.0326,0.0008,0.1440,540.2,1942,7501
3042,reversal,168.976,6.4473,3.4541,2.9932,4.6080,0.0031,1.5247,1.4582,0.2724,1.2780,675903,0,0,0,0,14,0,0.0211,0.0006,0.0717,540.2,1942,7501
3043,reversal,173.266,6.7938,3.6667,3.1271,4.5978,0.0031,1.5217,1.4909,0.2673,1.2442,675903,0,0,0,0,14,0,0.0275,0.0004,0.0871,540.2,1942,7501
3044,reversal,177.852,6.1846,2.6353,3.5493,5.4354,0.0010,1.7756,2.1146,0.2662,1.2083,675903,0,0,0,0,14,0,0.0224,0.0006,0.0770,540.2,1942,7501
3045,reversal,182.754,6.8774,2.5600,4.3174,4.5261,0.0010,1.4940,1.4899,0.2652,1.2052,675903,0,0,0,0,14,0,0.0201,0.0004,0.0882,540.2,1942,7501
3046,reversal,187.994,7.0701,3.4885,3.5816,4.5087,0.0031,1.4684,1.5227,0.2673,1.1684,675903,0,0,0,0,14,0,0.0264,0.0006,0.0847,540.2,1942,7501
3047,reversal,193.597,6.4008,3.2202,3.1806,4.4585,0.0031,1.4531,1.5094,0.2683,1.1540,675903,0,0,0,0,14,0,0.0209,0.0005,0.0725,540.2,1942,7501
3048,reversal,199.585,6.6909,3.6703,3.0206,4.4800,0.0031,1.4449,1.5370,0.2652,1.1581,675903,0,0,0,0,14,0,0.0230,0.0006,0.0783,540.2,1942,7501
3049,reversal,205.987,6.0731,3.5882,2.4849,4.8394,0.0031,1.8053,1.5421,0.2683,1.1377,675903,0,0,0,0,14,0,0.0204,0.0005,0.0731,540.2,1942,7501
3050,reversal,212.830,6.6497,3.4445,3.2052,4.4657,0.0031,1.4316,1.5657,0.2662,1.1264,675903,0,0,0,0,14,0,0.0301,0.0008,0.0751,540.2,1942,7501
3051,reversal,220.146,7.3312,3.6287,3.7025,4.4861,0.0031,1.4459,1.5780,0.2673,1.1192,675903,0,0,0,0,14,0,0.0294,0.0009,0.0972,540.2,1942,7501
3052,reversal,227.966,6.4579,3.3854,3.0725,4.4984,0.0031,1.4807,1.5667,0.2673,1.1080,675903,0,0,0,0,14,0,0.0208,0.0009,0.0746,540.2,1942,7501
3053,reversal,236.326,6.4886,3.9609,2.5277,4.5353,0.0031,1.5299,1.5514,0.2662,1.1121,675903,0,0,0,0,14,0,0.0235,0.0007,0.0791,540.2,1942,7501
3054,reversal,245.263,6.2763,3.7615,2.5148,5.3463,0.0031,1.7940,2.1156,0.2714,1.0885,675903,0,0,0,0,14,0,0.0221,0.0007,0.0703,540.2,1942,7501
3055,reversal,254.817,6.9009,4.4834,2.4175,4.4708,0.0031,1.5043,1.5565,0.2642,1.0680,675903,0,0,0,0,14,0,0.0286,0.0008,0.1007,540.2,1942,7501
3056,reversal,265.029,6.8945,4.7698,2.1247,4.4390,0.0031,1.4828,1.5596,0.2652,1.0547,675903,0,0,0,0,14,0,0.0268,0.0004,0.0916,540.2,1942,7501
3057,reversal,275.946,6.6335,5.2120,1.4215,4.4329,0.0256,1.4766,1.5585,0.2673,1.0301,671551,0,0,4352,0,14,0,1.5314,0.5271,0.0974,540.2,1942,7501
3058,reversal,287.617,6.1992,6.1687,0.0305,4.4616,0.0317,1.4766,1.5718,0.2662,1.0353,665919,0,0,5632,0,14,0,1.5919,0.5590,0.0894,540.2,1942,7501
3059,reversal,300.092,6.2417,4.7393,1.5024,5.2644,0.0266,1.7367,2.1565,0.2724,0.9984,660761,0,0,5158,0,14,0,1.5603,0.5197,0.0935,540.2,1942,7501
3060,reversal,313.429,6.2249,6.1928,0.0321,4.4503,0.0338,1.4797,1.6046,0.2693,0.9851,655428,0,0,5333,0,14,0,1.5661,0.5204,0.0894,540.2,1942,7501
3061,reversal,327.685,8.1574,5.3203,2.8371,4.4831,0.0328,1.4858,1.6384,0.2642,0.9820,650308,0,0,5120,0,13,1,1.5236,0.6215,0.0938,540.2,1942,7501
3062,reversal,342.925,5.7313,5.6856,0.0457,4.4636,0.0266,1.4961,1.6220,0.2662,0.9759,645657,0,0,4651,0,13,1,1.5571,0.6218,0.0907,540.2,1942,7501
3063,reversal,359.217,6.7880,5.3711,1.4169,4.4616,0.0338,1.5084,1.6118,0.2683,0.9656,640281,0,0,5376,0,13,1,1.5378,0.5419,0.0931,540.2,1942,7501
3064,reversal,376.633,6.0749,6.0431,0.0318,5.0934,0.0256,1.7930,1.9794,0.2673,0.9533,636210,0,0,4071,0,13,1,1.5630,0.5673,0.1042,540.2,1942,7501
3065,reversal,395.250,6.9617,5.3998,1.5619,4.4360,0.0317,1.5114,1.6108,0.2652,0.9441,630578,0,0,5632,0,13,1,1.5822,0.6409,0.0969,540.2,1942,7501
3066,reversal,415.152,6.2519,6.2062,0.0457,4.4483,0.0553,1.5104,1.6128,0.2703,0.9267,628181,4986,63,2460,0,13,1,1.5639,0.4249,0.0919,540.2,1942,7501
3067,reversal,436.427,6.4745,6.4475,0.0270,4.7380,0.3338,1.5022,1.6456,0.2652,0.9196,626580,3003,1983,3584,0,13,1,1.6742,0.6894,0.3705,540.2,1942,7501
3068,reversal,459.170,6.9885,5.5009,1.4876,4.6244,0.2324,1.5073,1.6374,0.2673,0.9124,624595,1660,1343,3328,0,13,1,1.6045,0.6547,0.3085,540.2,1942,7501
3069,reversal,483.482,6.8991,4.9608,1.9383,5.4835,0.2867,1.5278,2.2016,0.4905,0.9062,623752,0,1660,2503,0,13,1,1.4290,0.5495,0.1325,540.2,1942,7501
3070,reversal,509.471,6.8463,4.8227,2.0236,4.5015,0.0276,1.5432,1.7121,0.2662,0.8745,617864,0,0,5888,0,13,1,1.5252,0.4988,0.0832,540.2,1942,7501
3071,reversal,537.254,7.5836,6.0498,1.5338,4.5046,0.0225,1.5575,1.7306,0.2693,0.8571,613395,0,0,4469,0,13,1,1.5648,0.5789,0.3695,540.2,1942,7501
3072,reversal,566.953,5.9594,5.9051,0.0543,4.5404,0.0225,1.5677,1.7541,0.2703,0.8561,609299,0,0,4096,0,12,2,1.5716,0.4961,0.1257,540.2,1942,7501
3073,reversal,598.702,7.0523,5.5741,1.4782,4.5937,0.0236,1.5841,1.7900,0.2734,0.8479,604881,0,0,4418,0,12,2,1.5313,0.5108,0.0959,540.2,1942,7501
3074,reversal,632.641,5.9690,5.9347,0.0343,5.2244,0.0287,2.2231,1.7961,0.2673,0.8335,599249,0,0,5632,0,12,2,1.5119,0.5184,0.1288,540.2,1942,7501
3075,reversal,668.922,7.1450,5.5939,1.5511,4.5537,0.0256,1.5770,1.8063,0.2693,0.8049,594323,0,0,4926,0,12,2,1.5233,0.4841,0.0828,540.2,1942,7501
3076,reversal,707.706,7.3134,5.5678,1.7456,4.5619,0.0266,1.5718,1.8186,0.2673,0.8038,588691,0,0,5632,0,12,2,1.5092,0.4942,0.0881,540.2,1942,7501
3077,reversal,749.166,5.8197,5.7847,0.0350,4.5025,0.0246,1.5514,1.8104,0.2714,0.7782,584083,0,0,4608,0,12,2,1.5167,0.5818,0.0918,540.2,1942,7501
3078,reversal,793.487,7.0615,5.6219,1.4396,4.5107,0.0246,1.5401,1.8381,0.2683,0.7721,580259,0,0,3824,0,12,2,1.5917,0.6148,0.0943,540.2,1942,7501
3079,reversal,840.865,6.9905,5.5474,1.4431,5.1548,0.0338,1.8094,2.2129,0.2662,0.7557,574627,0,0,5632,0,12,2,1.5172,0.5781,0.1082,540.2,1942,7501
3080,reversal,891.513,6.3138,6.2775,0.0363,4.5507,0.0317,1.5503,1.8811,0.2734,0.7444,569889,0,0,4738,0,12,2,1.5120,0.4733,0.1068,540.2,1942,7501
3081,reversal,945.654,7.3040,5.7949,1.5091,4.5844,0.0287,1.5565,1.9210,0.2662,0.7342,566305,0,0,3584,0,12,2,1.5464,0.4613,0.0901,540.2,1942,7501
3082,reversal,1003.532,6.4047,4.9700,1.4347,4.6060,0.0573,1.5555,1.9190,0.2693,0.7229,564065,6241,63,2303,0,11,3,1.5328,0.3759,0.0878,540.2,1942,7501
3083,reversal,1065.403,6.8286,6.7984,0.0302,4.8968,0.3953,1.5565,1.8964,0.2683,0.7004,562528,3938,2303,3840,0,11,3,1.7197,0.6189,0.4072,540.2,1942,7501
3084,reversal,1131.542,6.2685,6.2422,0.0263,5.2767,0.5509,1.9190,1.7736,0.2642,0.6912,560543,2083,1855,3840,0,11,3,1.6354,0.6298,0.3185,540.2,1942,7501
3085,reversal,1202.245,7.4566,5.7071,1.7495,4.4872,0.1444,1.5503,1.7418,0.2683,0.7045,560351,1380,703,895,0,11,3,1.5860,0.4189,0.2830,540.2,1942,7501
3086,reversal,1277.826,7.7869,6.3348,1.4521,4.5947,0.2529,1.5391,1.7695,0.2652,0.6871,558403,0,1380,3328,0,11,3,1.4651,0.6921,0.1114,540.2,1942,7501
3087,reversal,1358.622,6.2211,6.1886,0.0325,4.3090,0.0287,1.5206,1.7572,0.2693,0.6625,552515,0,0,5888,0,11,3,1.5602,0.6166,0.0844,540.2,1942,7501
3088,reversal,1444.993,6.5520,6.5077,0.0443,4.3551,0.0246,1.5104,1.8207,0.2662,0.6584,547795,0,0,4720,0,11,3,1.5252,0.6479,0.0958,540.2,1942,7501
3089,reversal,1537.322,6.9048,5.4285,1.4763,4.9777,0.0256,2.1217,1.8452,0.2673,0.6482,542675,0,0,5120,0,11,3,1.5728,0.5583,0.0905,540.2,1942,7501
3090,reversal,1636.022,6.3916,6.3549,0.0367,4.4390,0.0307,1.5186,1.9098,0.2662,0.6369,537283,0,0,5392,0,11,3,1.5460,0.8183,0.1279,540.2,1942,7501
3091,reversal,1741.532,7.2127,5.2411,1.9716,4.4739,0.0276,1.5227,1.9651,0.2673,0.6236,531907,0,0,5376,0,11,3,1.5576,0.5651,0.1058,540.2,1942,7501
3092,reversal,1854.322,6.8287,4.6985,2.1302,4.4882,0.0215,1.5135,2.0029,0.2642,0.6185,527544,0,0,4363,0,11,4,1.5208,0.5312,0.0891,540.2,1942,7501
3093,reversal,1974.894,6.3715,4.9422,1.4293,4.4780,0.0236,1.5155,1.9825,0.2662,0.6267,521912,0,0,5632,0,11,4,1.5591,0.5463,0.0913,540.2,1942,7501
3094,reversal,2103.785,5.8226,5.7912,0.0314,5.3207,0.0266,2.0009,2.3388,0.2673,0.6195,516280,0,0,5632,0,11,4,1.5822,0.4858,0.0864,540.2,1942,7501
3095,reversal,2241.568,6.9694,5.4180,1.5514,4.5087,0.0553,1.5217,1.9814,0.2662,0.6093,514684,7690,63,1659,0,11,4,1.5895,0.4049,0.0849,540.2,1942,7501
3096,reversal,2388.858,6.7629,6.7208,0.0421,4.7596,0.3379,1.4991,2.0050,0.2693,0.5775,513595,5707,1983,3072,0,11,4,1.7669,1.1578,0.1162,540.2,1942,7501
3097,reversal,2546.311,6.4996,6.4717,0.0279,4.7780,0.3748,1.4787,2.0101,0.2683,0.5724,511994,3468,2239,3840,0,11,4,1.6886,0.7083,0.3670,540.2,1942,7501
3098,reversal,2714.627,7.4564,6.0181,1.4383,4.7186,0.3389,1.4705,2.0183,0.2662,0.5489,511106,1485,1983,2871,0,11,4,1.6324,0.6240,0.2748,540.2,1942,7501
3099,reversal,2894.556,7.2593,5.8210,1.4383,4.7954,0.3891,1.4684,2.0562,0.2683,0.5407,508737,526,959,3328,0,11,4,1.5682,0.6060,0.1740,540.2,1942,7501
3100,reversal,3086.900,6.7348,6.7018,0.0330,4.5425,0.1331,1.4735,2.0716,0.2652,0.5335,505935,0,526,3328,0,11,4,1.3205,0.6237,0.1597,540.2,1942,7501
3101,reversal,3292.514,7.8079,5.7627,2.0452,4.4790,0.0338,1.4766,2.0992,0.2673,0.5294,500815,0,0,5120,0,11,4,1.5182,0.4435,0.0841,540.2,1942,7501
3102,reversal,3512.315,6.1551,6.1166,0.0385,4.4974,0.0522,1.4756,2.1135,0.2662,0.5181,499675,9153,63,1203,0,10,5,1.5458,0.3678,0.0903,540.2,1942,7501
3103,reversal,3747.281,6.5006,6.4739,0.0267,5.0391,0.3564,1.4787,2.3542,0.2683,0.5130,499482,10339,2367,2560,0,10,5,1.7950,0.5705,0.0950,540.2,1942,7501
3104,reversal,3998.459,7.3871,7.3544,0.0327,4.7739,0.3717,1.4797,2.0767,0.2703,0.5028,497561,7908,2431,4352,0,10,5,1.8352,0.8545,0.0990,540.2,1942,7501
3105,reversal,4266.968,7.2687,7.2402,0.0285,4.5486,0.2161,1.4756,2.0285,0.2673,0.4946,496088,6565,1343,2816,0,10,5,1.7589,0.6085,0.1545,540.2,1942,7501
3106,reversal,4554.002,7.3142,5.8612,1.4530,4.4964,0.2161,1.4612,2.0040,0.2662,0.4844,495950,5222,1343,1481,0,10,5,1.7342,0.5963,0.1808,540.2,1942,7501
3107,reversal,4860.840,7.3623,7.3258,0.0365,4.5210,0.2775,1.4285,1.9978,0.2693,0.4710,494157,3431,1791,3584,0,10,5,1.6947,1.0896,0.1629,540.2,1942,7501
3108,reversal,5188.849,6.1088,6.0833,0.0255,6.9806,0.3512,3.5328,2.3101,0.2642,0.4547,492876,1128,2303,3584,0,10,5,1.6268,0.6055,0.0905,540.2,1942,7501
3109,reversal,5539.489,6.3668,6.3404,0.0264,5.5173,0.1966,2.5129,2.0244,0.2673,0.4495,490932,0,1128,3072,0,10,5,1.3411,0.5493,0.1392,540.2,1942,7501
3110,reversal,5914.322,9.9771,6.3068,3.6703,5.0125,0.0246,2.1780,2.0204,0.2642,0.4526,487262,0,0,3670,0,10,5,1.5475,0.5664,0.1064,540.2,1942,7501
3111,reversal,6315.017,7.3261,5.7180,1.6081,4.8497,0.0328,1.9866,2.0531,0.2642,0.4413,481886,0,0,5376,0,10,5,1.5604,0.5279,0.0926,540.2,1942,7501
3112,reversal,6743.358,8.3027,6.6407,1.6620,5.3883,0.0573,2.4637,2.0910,0.2683,0.4393,478077,2717,63,3872,0,10,5,1.6981,0.6142,0.1053,540.2,1942,7501
3113,reversal,7201.253,6.5459,6.5014,0.0445,5.3381,0.3154,2.1658,2.0941,0.2673,0.4291,476796,670,2047,3328,0,9,6,1.6121,0.6647,0.1101,540.2,1942,7501
3114,reversal,7690.741,7.9068,5.7429,2.1639,4.6909,0.1362,1.7080,2.0736,0.2714,0.4362,475162,0,670,2304,0,9,6,1.1879,0.4486,0.1280,540.2,1942,7501
3115,reversal,8214.001,7.9978,4.8988,3.0990,4.4227,0.0184,1.6384,2.0142,0.2673,0.4198,471532,0,0,3630,0,9,6,1.5829,0.5417,0.1112,540.2,1942,7501
3116,reversal,8773.364,6.4708,4.9708,1.5000,5.1016,0.0205,1.9722,2.3726,0.2642,0.4086,466412,0,0,5120,0,9,6,1.5669,0.5565,0.1104,540.2,1942,7501
3117,reversal,9371.321,6.4572,6.4222,0.0350,4.4544,0.0225,1.4787,2.2118,0.2652,0.4076,461804,0,0,4608,0,9,6,1.5489,0.6798,0.1120,540.2,1942,7501
3118,reversal,10010.534,6.3815,6.3542,0.0273,4.5834,0.0553,1.4162,2.3777,0.2673,0.3963,459851,3382,63,2016,0,9,6,1.5752,0.3842,0.0903,540.2,1942,7501
3119,reversal,10693.850,7.2974,5.8395,1.4579,4.3725,0.3072,1.3609,1.9866,0.2662,0.3820,459018,1399,1983,2816,0,9,6,1.6299,0.6390,0.1039,540.2,1942,7501
3120,reversal,11424.313,6.6864,6.6367,0.0497,4.2598,0.2273,1.3199,2.0070,0.2652,0.3707,457089,0,1399,3328,0,9,6,1.4157,0.5069,0.0896,540.2,1942,7501
3121,reversal,12205.174,5.7755,5.7508,0.0247,4.0714,0.0246,1.2872,2.0306,0.2662,0.3768,453249,0,0,3840,0,9,6,1.5991,0.4314,0.0892,540.2,1942,7501
3122,reversal,13039.911,7.1201,5.6449,1.4752,4.7043,0.0266,1.2452,2.7034,0.2683,0.3799,447945,0,0,5304,0,8,7,1.5728,0.6158,0.1018,540.2,1942,7501
3123,reversal,13932.242,6.5733,6.5398,0.0335,4.0417,0.0276,1.2093,2.0859,0.2673,0.3727,441801,0,0,6144,0,8,7,1.5573,0.4318,0.0854,540.2,1942,7501
3124,reversal,14886.140,6.3382,6.2986,0.0396,3.9834,0.0236,1.1704,2.0838,0.2673,0.3645,437763,0,0,4038,0,8,7,1.5808,0.6049,0.0906,540.2,1942,7501
3125,reversal,15905.852,5.9196,5.8949,0.0247,3.9506,0.0276,1.1387,2.0593,0.2683,0.3717,431875,0,0,5888,0,8,7,1.5571,0.5066,0.0916,540.2,1942,7501
3126,reversal,16995.921,7.0530,7.0281,0.0249,3.9332,0.0246,1.1581,2.0439,0.2642,0.3594,427720,0,0,4155,0,8,7,1.5349,0.5054,0.1201,540.2,1942,7501
3127,reversal,18161.200,6.1705,6.1425,0.0280,3.8830,0.0246,1.1284,2.0204,0.2693,0.3584,422088,0,0,5632,0,8,7,1.5665,0.6023,0.1096,540.2,1942,7501
3128,reversal,19406.878,5.8398,5.8123,0.0275,4.4052,0.0266,1.6712,2.0204,0.2693,0.3400,416945,0,0,5143,0,7,8,1.5159,0.4380,0.0846,540.2,1942,7501
3129,reversal,20738.503,6.3404,6.3151,0.0253,3.8246,0.0215,1.0660,2.0449,0.2662,0.3400,412849,0,0,4096,0,7,8,1.5720,0.4580,0.1074,540.2,1942,7501
3130,reversal,22162.005,6.1678,6.1422,0.0256,3.8308,0.0573,1.0476,2.0531,0.2703,0.3256,409718,4029,63,3194,0,7,8,1.5518,0.6197,0.0943,540.2,1942,7501
3131,reversal,23683.722,6.3282,6.3032,0.0250,4.0438,0.2949,1.0117,2.0685,0.2673,0.3195,407989,2174,1855,3584,0,7,8,1.6484,0.5975,0.1448,540.2,1942,7501
3132,reversal,25310.431,6.0106,5.9866,0.0240,4.0520,0.3348,0.9697,2.0890,0.2621,0.3123,406579,0,2174,3584,0,8,8,1.5651,0.6236,0.0931,540.2,1942,7501
3133,reversal,27049.377,6.1286,6.1029,0.0257,4.7063,0.0573,0.9871,2.7812,0.4803,0.3185,403922,4441,63,2720,0,8,8,1.5549,0.4346,0.1011,540.2,1942,7501
3134,reversal,28908.302,7.1948,7.1651,0.0297,4.0980,0.3348,0.9667,2.1412,0.2673,0.3113,402257,2266,2175,3840,0,8,8,1.6699,0.6903,0.1614,540.2,1942,7501
3135,reversal,30895.485,6.5753,6.5418,0.0335,4.0735,0.3154,0.9595,2.1432,0.2632,0.3144,402256,219,2047,2048,0,8,8,1.5915,0.5524,0.0969,540.2,1942,7501
3136,reversal,33019.776,5.7571,5.7303,0.0268,3.7724,0.0696,0.9400,2.1012,0.2683,0.3154,400171,0,219,2304,0,8,8,1.0337,0.4385,0.1025,540.2,1942,7501
3137,reversal,35290.634,5.8375,5.8112,0.0263,3.6567,0.0287,0.8980,2.0756,0.2683,0.3103,395299,0,0,4872,0,7,9,1.5559,0.4253,0.0857,540.2,1942,7501
3138,reversal,37718.172,5.7327,5.7076,0.0251,4.1247,0.0317,0.9277,2.5108,0.2744,0.3062,388899,0,0,6400,0,7,9,1.5547,0.4353,0.1111,540.2,1942,7501
3139,reversal,40313.200,5.7836,5.7581,0.0255,3.6198,0.0256,0.9021,2.0511,0.2662,0.3011,383955,0,0,4944,0,7,9,1.5223,0.4807,0.0929,540.2,1942,7501
3140,reversal,43087.274,5.7546,5.7256,0.0290,3.8380,0.0215,0.8673,2.3214,0.2673,0.2908,378579,0,0,5376,0,7,9,1.5482,0.5073,0.1031,540.2,1942,7501
3141,reversal,46052.747,6.4483,4.3486,2.0997,3.5830,0.0215,0.8622,2.0777,0.2642,0.2877,373536,0,0,5043,0,7,9,1.5694,0.5446,0.1032,540.2,1942,7501
3142,reversal,49222.826,5.7548,5.7157,0.0391,3.6137,0.0317,0.8581,2.0951,0.2662,0.2888,367904,0,0,5632,0,7,9,1.5291,0.5412,0.0871,540.2,1942,7501
3143,reversal,52611.627,6.0423,6.0162,0.0261,3.9393,0.0338,0.8397,2.4361,0.2683,0.2867,363282,0,0,4622,0,7,9,1.5131,0.4916,0.0883,540.2,1942,7501
3144,reversal,56234.241,6.8284,6.8018,0.0266,3.8431,0.0256,0.8315,2.3695,0.2601,0.2836,359615,0,0,3667,0,7,9,1.5564,0.5873,0.1497,540.2,1942,7501
3146,reversal,55353.881,6.5610,6.5322,0.0288,3.4703,0.0553,0.8182,1.9937,0.2621,0.2683,351529,5796,63,3285,0,6,10,1.5684,0.3362,0.1215,540.2,1942,7501
3147,reversal,50977.465,7.2426,7.2405,0.0021,4.0468,0.3553,1.0813,1.9968,0.2683,0.2683,349736,3493,2303,4096,0,9,7,1.7012,0.8473,0.1441,540.2,1942,7501
3148,reversal,46947.729,5.6706,5.6413,0.0293,3.7110,0.2478,0.8622,1.9855,0.2662,0.2734,348711,1958,1535,2560,0,7,9,1.6355,0.5723,0.1257,540.2,1942,7501
3149,reversal,43237.210,5.8375,5.8140,0.0235,3.7652,0.3041,0.8663,1.9702,0.2714,0.2755,347440,0,1958,3229,0,7,9,1.5352,0.6087,0.0974,540.2,1942,7501
3150,reversal,39820.620,5.8690,5.8449,0.0241,3.5359,0.0256,0.8960,1.9804,0.2662,0.2857,342188,0,0,5252,0,9,7,1.5126,0.4320,0.0876,540.2,1942,7501
3151,reversal,36674.677,6.1455,6.1206,0.0249,3.5584,0.0266,0.9175,1.9835,0.2683,0.2877,336044,0,0,6144,0,9,7,1.5173,0.5969,0.0945,540.2,1942,7501
3152,reversal,33777.941,5.6758,5.6507,0.0251,4.4513,0.0307,0.9155,2.6378,0.4823,0.3041,329308,0,0,6736,0,10,6,1.5305,0.4504,0.0895,540.2,1942,7501
3153,reversal,31110.671,6.5745,6.5484,0.0261,3.6475,0.0205,0.9359,2.0429,0.2662,0.3113,326748,0,0,2560,0,10,6,1.6054,0.4367,0.1276,540.2,1942,7501
3155,reversal,26393.259,5.7049,5.6779,0.0270,3.6874,0.0348,0.9646,2.0419,0.2673,0.3062,316035,0,0,5376,0,10,6,1.5536,0.4456,0.0942,540.2,1942,7501
3156,reversal,24310.968,6.7953,6.7709,0.0244,3.6977,0.0553,0.9759,2.0163,0.2662,0.3123,313931,7624,63,2167,0,11,5,1.5392,0.3501,0.1026,540.2,1942,7501
3157,reversal,22393.627,5.8062,5.7815,0.0247,4.0540,0.3717,1.0148,2.0122,0.2683,0.3144,312202,5257,2367,4096,0,11,5,1.7471,0.6515,0.1159,540.2,1942,7501
3158,reversal,20628.169,7.0550,7.0288,0.0262,5.1302,0.4035,1.2954,2.5395,0.2662,0.5509,311707,2634,2623,3118,0,10,5,1.6859,0.6182,0.1122,540.2,1942,7501
3159,reversal,19002.562,5.7634,5.7358,0.0276,4.0755,0.3185,1.1069,1.9661,0.2683,0.3348,313818,6923,2111,0,0,11,4,1.6101,0.4028,0.1164,540.2,1942,7501
3160,reversal,17505.728,5.3383,5.3176,0.0207,4.2619,0.4260,1.1438,1.9999,0.2673,0.3512,317017,12581,3199,0,0,12,3,1.7371,0.4118,0.0994,540.2,1942,7501
3161,reversal,16127.467,5.8686,5.8416,0.0270,3.9956,0.1997,1.0844,2.0122,0.2652,0.3615,317080,16597,1343,1280,0,12,3,1.9231,0.5147,0.1404,540.2,1942,7501
3162,reversal,14858.384,6.5792,6.5507,0.0285,4.2691,0.3871,1.1059,2.0685,0.2693,0.3625,314711,13846,2751,5120,0,12,3,2.0406,0.9263,0.1053,540.2,1942,7501
3163,reversal,13689.833,6.6377,6.6093,0.0284,4.2301,0.3676,1.1325,2.0306,0.2683,0.3615,313485,11159,2687,3913,0,13,2,1.9410,0.7600,0.1097,540.2,1942,7501
3164,reversal,12613.849,7.0554,7.0230,0.0324,4.2465,0.3717,1.1612,2.0050,0.2662,0.3686,313100,8728,2431,2816,0,13,2,1.8625,0.6547,0.0999,540.2,1942,7501
3165,reversal,11623.099,6.1062,6.0807,0.0255,4.2578,0.3840,1.1848,1.9548,0.2621,0.3912,312278,6169,2559,3381,0,15,0,1.7868,0.6415,0.0921,540.2,1942,7501
3166,reversal,10710.831,6.3774,6.3521,0.0253,4.3151,0.4024,1.2380,1.9374,0.2714,0.3912,310549,3546,2623,4352,0,15,0,1.7149,0.9803,0.1180,540.2,1942,7501
3167,reversal,9870.830,6.0569,6.0325,0.0244,4.0735,0.4035,1.0783,1.8985,0.2621,0.3564,309614,923,2623,3558,0,15,0,1.6220,0.5634,0.0899,540.2,1942,7501
3168,reversal,9097.369,6.4019,6.3772,0.0247,4.0817,0.1638,1.3373,1.8842,0.2632,0.3533,306441,0,923,4096,0,15,0,1.2663,0.6449,0.1028,540.2,1942,7501
3169,reversal,8385.178,6.2690,6.2440,0.0250,3.6547,0.0246,1.0332,1.8944,0.2642,0.3645,302042,0,0,4399,0,15,0,1.5631,0.4844,0.1832,540.2,1942,7501
3170,reversal,7729.404,5.8634,5.8373,0.0261,3.6762,0.0348,1.0230,1.9241,0.2662,0.3543,295806,0,0,6236,0,15,0,1.5399,0.5303,0.0950,540.2,1942,7501
3171,reversal,7125.577,6.1048,6.0793,0.0255,3.7356,0.0614,1.0107,1.9692,0.2693,0.3492,291005,3163,63,4864,0,15,0,1.5476,0.4780,0.0905,540.2,1942,7501
3172,reversal,6569.582,6.0247,5.9970,0.0277,4.0079,0.3164,0.9953,1.9866,0.2662,0.3604,289404,924,2239,3840,0,15,0,1.6193,0.5749,0.0878,540.2,1942,7501
3173,reversal,6057.631,6.1837,6.1581,0.0256,4.4698,0.2755,0.9810,2.5242,0.2673,0.3482,289444,2350,1919,1879,0,15,0,1.5412,0.5065,0.0975,540.2,1942,7501
3174,reversal,5586.234,6.0806,6.0345,0.0461,4.0888,0.3287,0.9779,2.0716,0.2662,0.3615,287698,0,2350,4096,0,15,0,1.5627,0.5805,0.0910,540.2,1942,7501
3175,reversal,5152.178,5.7075,5.6666,0.0409,3.8738,0.0256,0.9912,2.1760,0.2652,0.3471,282613,0,0,5085,0,14,0,1.5106,0.4822,0.0964,540.2,1942,7501
3176,reversal,4752.507,6.9567,5.5460,1.4107,3.8011,0.0266,0.9329,2.1668,0.2683,0.3420,276895,0,0,5718,0,13,0,1.5413,0.4366,0.1066,540.2,1942,7501
3177,reversal,4384.496,5.8498,5.8177,0.0321,3.6946,0.0246,0.9288,2.0756,0.2693,0.3318,272129,0,0,4766,0,12,3,1.5388,0.5014,0.0927,540.2,1942,7501
3178,reversal,4045.637,6.3125,6.2861,0.0264,3.6864,0.0594,0.9144,2.0603,0.2673,0.3205,266899,449,63,5293,0,12,3,1.5429,0.5004,0.0917,540.2,1942,7501
3179,reversal,3733.621,5.2724,5.2451,0.0273,4.2803,0.5683,0.7977,2.3183,0.2652,0.2632,267410,1860,2303,1792,0,12,3,1.5259,0.4189,0.0880,540.2,1942,7501
3180,reversal,3446.321,6.8280,6.8009,0.0271,3.9700,0.3963,0.9605,1.9835,0.2703,0.2847,268111,3717,1983,1282,0,12,3,1.5776,0.6019,0.1362,540.2,1942,7501
3181,reversal,3181.780,6.1761,6.1409,0.0352,4.0540,0.3133,1.0537,1.9558,0.2714,0.3932,269646,9350,1535,0,0,12,3,1.6421,0.3114,0.1194,540.2,1942,7501
3182,reversal,2938.194,6.0197,5.9885,0.0312,4.1933,0.4884,1.0793,1.8821,0.2693,0.4096,272205,17271,2559,0,0,12,3,1.8127,0.3360,0.0892,540.2,1942,7501
3183,reversal,2713.904,5.8707,5.8436,0.0271,4.7022,0.6472,1.2155,2.0029,0.2703,0.4915,275724,24760,3519,0,0,12,3,2.0594,0.4018,0.0911,540.2,1942,7501
3184,reversal,2507.382,6.0890,6.0565,0.0325,5.0176,0.6052,1.5585,2.0265,0.2642,0.4977,278987,31993,3263,0,0,13,2,2.2828,0.4111,0.0910,540.2,1942,7501
3185,reversal,2317.219,7.3502,7.3237,0.0265,4.7227,0.6728,1.1643,2.0500,0.2693,0.4997,282634,41566,3647,0,0,13,2,2.5128,0.7122,0.1238,540.2,1942,7501
3186,reversal,2142.120,8.1609,6.2150,1.9459,4.4913,0.4772,1.1336,2.0398,0.2662,0.5079,285193,49759,2559,0,0,13,2,2.8192,0.3960,0.0993,540.2,1942,7501
3187,reversal,1980.891,8.0681,8.0360,0.0321,4.9613,0.9482,1.1254,2.0357,0.2703,0.5089,290568,62816,5375,0,0,13,2,3.0706,0.7302,0.1143,540.2,1942,7501
3188,reversal,1832.435,7.3617,7.3357,0.0260,5.3709,0.7301,1.0977,2.7167,0.2662,0.4977,294663,78689,4095,0,0,13,2,3.5335,0.8618,0.1368,540.2,1942,7501
3189,reversal,1695.738,9.5452,9.5173,0.0279,4.6356,0.9728,0.9585,2.0367,0.2683,0.3318,294604,66523,5439,5498,0,13,2,3.9719,1.4676,0.1505,540.2,1942,7501
3190,reversal,1569.870,8.6345,8.6041,0.0304,4.2373,0.8755,0.8233,1.9077,0.2765,0.2826,295017,52030,4863,4450,0,12,2,3.5993,1.0755,0.1017,540.2,1942,7501
3192,reversal,1347.255,7.6047,7.5777,0.0270,3.9516,0.7004,0.8049,1.8391,0.2673,0.2724,294218,30557,3839,4066,0,13,1,2.7539,0.8506,0.1153,540.2,1942,7501
3193,reversal,1248.992,7.9190,7.8892,0.0298,3.9250,0.6789,0.8018,1.8412,0.2642,0.2652,294955,23256,3711,2974,0,13,1,2.4740,0.7635,0.0981,540.2,1942,7501
3194,reversal,1158.513,5.4103,5.3782,0.0321,3.4693,0.2632,0.7967,1.8125,0.2683,0.2652,296298,9235,1343,0,0,13,1,2.2636,0.4052,0.1022,540.2,1942,7501
3195,reversal,1075.201,5.6696,5.6363,0.0333,3.6803,0.4116,0.8202,1.8412,0.2642,0.2693,298409,14036,2111,0,0,13,1,1.8029,0.3267,0.0873,540.2,1942,7501
3196,reversal,998.489,6.5540,6.5269,0.0271,4.2936,0.5417,0.9032,2.0634,0.2683,0.4485,301224,21973,2815,0,0,13,1,1.9845,0.6232,0.1012,540.2,1942,7501
3197,reversal,927.854,6.3351,6.3092,0.0259,4.6756,0.6216,0.9380,2.2897,0.2703,0.4844,304487,31067,3263,0,0,13,1,2.2071,0.4070,0.1141,540.2,1942,7501
3198,reversal,862.814,6.2659,6.2404,0.0255,5.5583,0.9953,1.5380,2.2610,0.2652,0.4321,308518,40092,4031,0,0,13,1,2.4917,0.4855,0.0890,540.2,1942,7501
3199,reversal,802.926,7.2294,7.2025,0.0269,4.5558,0.5960,0.9615,2.2303,0.2683,0.4270,311717,49181,3199,0,0,13,1,2.7753,0.5063,0.1003,540.2,1942,7501
3201,reversal,697.006,8.3343,8.3060,0.0283,4.5691,0.7823,0.9462,2.0982,0.2703,0.4024,320099,73380,4287,0,0,14,0,3.4256,0.6952,0.1604,540.2,1942,7501
3202,reversal,650.253,9.6498,9.6124,0.0374,5.1415,0.8817,0.9431,2.5928,0.2652,0.3891,322583,75229,4799,2315,0,14,0,3.8148,0.7961,0.1075,540.2,1942,7501
3203,reversal,607.203,8.4985,8.4699,0.0286,4.0407,0.2202,0.9861,2.0808,0.2683,0.4178,323542,81182,959,0,0,14,0,3.9563,0.4286,0.1034,540.2,1942,7501
3204,reversal,567.564,8.1056,8.0780,0.0276,4.9818,1.0353,0.9871,2.1033,0.2673,0.5181,329109,97576,5567,0,0,14,0,4.0151,0.6906,0.0975,540.2,1942,7501
3205,reversal,531.064,8.7908,8.7638,0.0270,4.7985,0.9144,0.9748,2.0500,0.2693,0.5202,330007,103134,4927,4029,0,14,0,4.0188,0.9234,0.0964,540.2,1942,7501
3207,reversal,466.510,7.8578,7.8310,0.0268,4.6367,0.9206,1.0844,1.5841,0.2734,0.6963,340629,134652,4799,0,0,14,0,4.0110,0.6992,0.1105,540.2,1942,7501
3208,reversal,438.015,8.5884,8.5648,0.0236,4.6930,0.9923,1.0854,1.5165,0.2683,0.7608,344404,148382,5311,1536,0,14,0,4.0117,0.7258,0.0957,540.2,1942,7501
3209,reversal,411.778,9.1502,9.1234,0.0268,4.6684,1.0179,1.0742,1.4500,0.2652,0.7926,339987,143071,5311,9728,0,14,0,4.0239,1.4210,0.1023,540.2,1942,7501
3211,reversal,365.374,8.1958,8.1683,0.0275,5.1651,0.9964,1.2349,1.4664,0.2662,1.1264,347393,163877,4991,0,0,14,0,4.0094,0.6151,0.0923,540.2,1942,7501
3212,reversal,344.891,8.8760,8.8518,0.0242,5.1814,1.0158,1.2483,1.4244,0.2673,1.1551,352448,181281,5055,0,0,14,0,4.0132,0.6201,0.0953,540.2,1942,7501
3213,reversal,326.030,8.7584,8.7309,0.0275,5.3565,1.1090,1.2974,1.3752,0.2642,1.2401,357823,197619,5375,0,0,14,0,4.0242,0.6215,0.0925,540.2,1942,7501
3214,reversal,308.664,8.8670,8.8366,0.0304,6.7410,1.6220,1.9937,1.3804,0.2693,1.4008,363582,214388,5759,0,0,14,0,4.0185,0.6871,0.0980,540.2,1942,7501
3216,reversal,277.949,8.5488,8.5231,0.0257,5.7375,1.1090,1.4428,1.3271,0.2662,1.5217,365564,228498,5311,8192,0,14,0,4.0225,1.1588,0.0984,540.2,1942,7501
3217,reversal,264.392,9.1200,9.0934,0.0266,6.1153,1.3722,1.4725,1.3158,0.2683,1.6148,371596,242323,6655,623,0,14,0,4.0178,0.8702,0.2057,540.2,1942,7501
3218,reversal,251.908,9.0168,8.9876,0.0292,6.3355,1.5176,1.5012,1.3138,0.2652,1.6660,377291,260692,5695,0,0,14,0,4.0238,0.6638,0.1116,540.2,1942,7501
3219,reversal,240.413,8.0213,7.9948,0.0265,5.7098,0.9308,1.5462,1.2861,0.2683,1.6067,381770,277788,4479,0,0,14,0,4.0169,0.6624,0.1000,540.2,1942,7501
3220,reversal,229.829,7.4090,7.3849,0.0241,6.1757,1.2483,1.6015,1.2790,0.2652,1.7142,387849,295517,6079,0,0,14,0,4.0216,0.6976,0.1078,540.2,1942,7501
3221,reversal,220.083,7.5696,7.5426,0.0270,6.8772,1.0834,1.7244,1.2780,0.2632,2.4576,393096,313126,5247,0,0,14,0,4.0247,0.9027,0.1041,540.2,1942,7501
3222,reversal,211.109,7.6559,7.6295,0.0264,6.3631,1.0045,1.8258,1.3015,0.2652,1.8975,397959,332583,4863,0,0,14,0,4.0182,0.6186,0.0953,540.2,1942,7501
3223,reversal,202.847,8.5768,8.5469,0.0299,6.5004,1.0291,1.8637,1.2902,0.2673,1.9825,399558,340850,4927,3328,0,14,0,4.0141,1.0292,0.1001,540.2,1942,7501
3224,reversal,195.238,8.7756,8.7446,0.0310,6.7113,1.0803,1.8811,1.2943,0.2673,2.1176,394663,335795,5055,9950,0,14,0,4.0216,1.5003,0.0981,540.2,1942,7501
3225,reversal,188.233,8.5954,8.5551,0.0403,7.0502,0.9656,1.8975,1.5186,0.2632,2.3327,392228,326809,4543,6978,0,14,0,4.0113,1.2536,0.1019,540.2,1942,7501
3226,reversal,181.782,8.2292,8.1912,0.0380,6.3959,0.9964,1.8493,1.2708,0.2642,1.9425,391590,309783,4735,5373,0,14,0,4.0195,1.0076,0.0999,540.2,1942,7501
3227,reversal,175.842,8.4460,8.4152,0.0308,6.6038,0.9615,1.9855,1.2913,0.2632,2.0275,391875,295674,4543,4258,0,14,0,4.0245,0.8957,0.1237,540.2,1942,7501
3228,reversal,170.373,8.3951,8.3686,0.0265,6.8137,1.0691,1.9149,1.3128,0.2632,2.1780,391818,280115,5055,5112,0,14,0,4.0249,1.0162,0.0927,540.2,1942,7501
3229,reversal,165.337,8.7686,8.7423,0.0263,6.4205,1.2278,1.8063,1.1674,0.2662,1.8770,391834,271589,4159,4143,0,14,0,4.0390,1.0870,0.1316,540.2,1942,7501
3230,reversal,160.700,10.1022,7.9936,2.1086,6.2351,1.0117,1.6814,1.1817,0.2673,2.0193,389445,259898,4799,7188,0,14,0,4.0247,1.2825,0.1040,540.2,1942,7501
3231,reversal,156.430,8.2599,8.2182,0.0417,6.1276,0.9626,1.6681,1.1643,0.2673,1.9907,386170,249093,4543,7818,0,14,0,4.0266,1.3191,0.1093,540.2,1942,7501
3232,reversal,152.499,8.7256,8.6989,0.0267,6.1768,0.9032,1.6415,1.1622,0.2662,2.1279,382724,238971,4415,7861,0,14,0,4.0129,1.3120,0.1090,540.2,1942,7501
3233,reversal,148.879,8.5405,8.5074,0.0331,5.8767,1.3834,1.3629,1.0199,0.2642,1.7777,382408,230255,4223,4539,0,14,0,4.0220,1.0742,0.1068,540.2,1942,7501
3234,reversal,145.545,8.8331,8.8057,0.0274,5.0637,0.6236,1.3281,0.9964,0.2673,1.7787,378938,219389,3135,6605,0,14,0,4.0241,1.4218,0.1472,540.2,1942,7501
3235,reversal,142.476,8.4228,8.3932,0.0296,5.2429,0.8489,1.2964,0.9841,0.2611,1.7807,376971,208044,4159,6126,0,14,0,4.0266,1.1242,0.1061,540.2,1942,7501
3236,reversal,139.650,8.5008,8.4741,0.0267,5.1210,0.7393,1.2718,0.9718,0.2662,1.8012,374066,197381,3775,6680,0,14,0,4.0154,1.0984,0.1354,540.2,1942,7501
3237,reversal,137.048,8.1783,8.1489,0.0294,6.3549,1.3814,1.9077,1.0598,0.2652,1.6691,374161,192072,4415,4320,0,14,0,4.0156,1.1025,0.1121,540.2,1942,7501
3238,reversal,134.652,8.3538,8.3190,0.0348,4.7677,0.6267,0.9052,0.9882,0.2673,1.9067,370361,185120,3199,6999,0,14,0,4.0348,1.3112,0.1363,540.2,1942,7501
3239,reversal,132.445,8.5453,8.5084,0.0369,4.1134,0.9021,0.8919,0.9697,0.2693,1.0056,367713,176760,4543,7191,0,14,0,4.0308,1.2395,0.1024,540.2,1942,7501
3241,reversal,128.543,8.2260,8.1987,0.0273,5.0422,0.7660,0.8714,1.4787,0.4884,1.3629,362880,163161,3775,6256,0,14,0,4.0253,1.0545,0.1025,540.2,1942,7501
3242,reversal,126.821,8.5495,8.5236,0.0259,4.3919,0.7086,0.8591,0.9615,0.2652,1.5268,359380,156421,3711,7211,0,14,0,4.0334,1.1438,0.0963,540.2,1942,7501
3243,reversal,125.235,8.0202,7.9943,0.0259,4.2353,0.9421,0.8479,0.9329,0.2693,1.1766,362859,167131,4607,1128,0,14,0,4.0277,0.8143,0.0913,540.2,1942,7501
3244,reversal,123.775,8.1859,8.1595,0.0264,4.2701,1.0035,0.8387,0.9267,0.2611,1.1725,365226,179824,4927,2560,0,14,0,4.0207,0.9149,0.1085,540.2,1942,7501
3245,reversal,122.430,7.9992,7.9726,0.0266,5.0657,1.1766,0.9165,0.9769,0.2703,1.6579,369609,193184,5695,1312,0,14,0,4.0292,0.9413,0.1001,540.2,1942,7501
3247,reversal,120.052,7.0010,6.9738,0.0272,4.7278,0.9646,0.8776,0.9441,0.2621,1.6087,375053,221056,4671,0,0,14,0,4.0229,0.6556,0.1070,540.2,1942,7501
3248,reversal,119.002,8.3151,8.2939,0.0212,4.7626,0.9861,0.8643,0.9452,0.2632,1.6333,371916,220844,4799,7936,0,14,0,4.0197,1.3231,0.1053,540.2,1942,7501
3249,reversal,118.035,7.9549,7.9271,0.0278,5.1231,1.0988,0.9359,0.9789,0.2693,1.7684,370630,219026,5439,6725,0,14,0,4.0139,1.2932,0.0985,540.2,1942,7501
3251,reversal,116.326,7.2639,7.2341,0.0298,4.8343,0.8684,0.9103,0.9687,0.2632,1.7562,380100,248737,4159,0,0,14,0,4.0352,0.7224,0.1602,540.2,1942,7501
3252,reversal,115.571,8.6544,8.6312,0.0232,5.6422,1.2308,0.9974,0.8417,0.2673,2.2344,385027,257334,5951,1024,0,14,0,4.0182,0.9259,0.2742,540.2,1942,7501
3253,reversal,114.877,7.5618,7.5353,0.0265,5.6433,1.0209,0.9841,0.8294,0.2683,2.4678,382473,254839,4799,7353,0,14,0,4.0156,1.4904,0.1263,540.2,1942,7501
3254,reversal,114.237,8.1205,8.0974,0.0231,6.2781,1.2052,1.3363,0.8120,0.2652,2.5846,387080,269698,4607,0,0,14,0,4.0138,0.6621,0.1198,540.2,1942,7501
3255,reversal,113.648,7.9746,7.9227,0.0519,5.3668,0.9503,0.9441,0.8079,0.2662,2.3276,391431,283421,4607,256,0,14,0,4.0253,0.6186,0.0970,540.2,1942,7501
3256,reversal,113.105,8.1114,8.0871,0.0243,5.7856,1.1971,0.9226,0.7936,0.2662,2.5283,391376,277150,6271,6326,0,14,0,4.0105,1.4073,0.1010,540.2,1942,7501
3257,reversal,112.606,8.8187,8.7909,0.0278,6.9786,2.2170,0.9103,0.8069,0.2683,2.7013,402895,265631,11519,0,0,14,0,4.0199,1.4082,0.1327,540.2,1942,7501
3258,reversal,112.146,9.1241,9.0972,0.0269,7.2090,2.2897,0.8940,0.7916,0.2632,2.8908,414478,254048,11583,0,0,14,0,4.0207,1.4180,0.1151,540.2,1942,7501
3259,reversal,111.722,8.9555,8.9251,0.0304,6.7205,1.9558,0.8765,0.8284,0.2601,2.7228,424717,243809,10239,0,0,14,0,4.0161,1.2395,0.1074,540.2,1942,7501
3260,reversal,111.332,8.7194,8.6931,0.0263,6.8342,2.2508,0.8663,0.8090,0.2662,2.5631,436108,232418,11391,0,0,14,0,4.0676,1.3859,0.1076,540.2,1942,7501
3261,reversal,110.973,9.2501,9.2236,0.0265,7.0144,2.5221,0.8540,0.7721,0.2662,2.5211,447947,220579,11839,0,0,14,0,4.0255,1.9583,0.1229,540.2,1942,7501
3262,reversal,110.643,8.8794,8.8478,0.0316,7.1332,2.5610,0.8489,0.7741,0.2632,2.6061,459402,209124,11455,0,0,14,0,4.0263,1.5812,0.1613,540.2,1942,7501
3263,reversal,110.338,8.5216,8.4889,0.0327,6.2228,1.9251,0.8417,0.7690,0.2652,2.3429,469577,198949,10175,0,0,14,0,4.0136,1.4388,0.1086,540.2,1942,7501
3264,reversal,110.058,10.7035,9.1793,1.5242,6.8639,2.0972,1.0844,0.7680,0.2683,2.5702,480328,188198,10751,0,0,14,0,4.0158,1.4398,0.1157,540.2,1942,7501
3265,reversal,109.800,9.2337,9.1915,0.0422,6.8260,2.1699,0.8284,0.7649,0.2652,2.7177,489991,178535,9663,0,0,14,0,4.0155,1.6964,0.1249,540.2,1942,7501
3266,teleport,174.100,15.0322,8.5418,6.4904,4.2742,1.9476,0.5345,1.3609,0.1946,0.1536,500166,168360,10175,0,0,14,0,4.0259,1.3712,0.1230,540.2,1942,7501
3267,teleport,174.100,9.0052,8.9820,0.0232,4.3295,1.9999,0.5335,1.3650,0.1915,0.1567,510789,157737,10623,0,0,14,0,4.0225,1.6057,0.1082,540.2,1942,7501
3269,teleport,174.100,8.8870,8.8657,0.0213,3.9465,1.6097,0.5345,1.3681,0.1935,0.1556,529475,139051,8191,0,0,14,0,4.0253,1.2604,0.1081,540.2,1942,7501
3270,teleport,174.100,9.0707,9.0461,0.0246,4.3479,2.0193,0.5335,1.3640,0.1946,0.1526,540290,128236,10815,0,0,14,0,4.0272,1.5013,0.1033,540.2,1942,7501
3271,teleport,174.100,9.6638,9.6400,0.0238,4.4585,2.1228,0.5335,1.3681,0.1935,0.1577,551041,117485,10751,0,0,14,0,4.0283,1.4243,0.1071,540.2,1942,7501
3272,teleport,174.100,9.8505,9.8247,0.0258,5.3391,3.0095,0.5335,1.3681,0.1956,0.1495,562112,106414,11071,0,0,14,0,4.0200,1.4603,0.1050,540.2,1942,7501
3273,teleport,174.100,9.1363,9.1126,0.0237,4.2578,1.9272,0.5335,1.3660,0.1935,0.1546,572287,96239,10175,0,0,14,0,4.0300,1.5587,0.1016,540.2,1942,7501
3274,teleport,174.100,8.5000,8.4771,0.0229,3.2215,0.8940,0.5335,1.3650,0.1925,0.1526,569009,89021,4735,8013,0,14,0,4.0291,1.6392,0.0991,540.2,1942,7501
3275,teleport,174.100,8.0063,7.9853,0.0210,3.3044,0.9687,0.5335,1.3660,0.1956,0.1567,565514,81764,4735,8230,0,14,0,4.0142,1.4044,0.0997,540.2,1942,7501
3276,teleport,174.100,8.4959,8.4742,0.0217,3.5686,1.2421,0.5345,1.3660,0.1925,0.1485,561461,75577,4735,8788,0,14,0,4.0096,1.6829,0.1334,540.2,1942,7501
3277,teleport,174.100,8.0303,8.0089,0.0214,3.3597,1.0291,0.5345,1.3640,0.1946,0.1546,558176,69390,4863,8148,0,14,0,4.0259,1.4449,0.1028,540.2,1942,7501
3278,teleport,174.100,8.4533,8.4329,0.0204,3.2389,0.9083,0.5345,1.3670,0.1935,0.1526,555790,63840,4415,6801,0,14,0,4.0201,1.5384,0.1043,540.2,1942,7501
3279,teleport,174.100,7.6651,7.6441,0.0210,3.6874,1.3629,0.5243,1.3660,0.1956,0.1567,561293,77783,5951,448,0,14,0,4.0232,1.0080,0.1088,540.2,1942,7501
3280,teleport,174.100,8.1559,8.1345,0.0214,4.1390,1.5585,1.0588,0.6257,0.2120,0.5960,566668,94936,5375,0,0,14,0,4.0127,0.8413,0.0964,540.2,1942,7501
3281,teleport,174.100,8.0794,8.0550,0.0244,3.8236,1.0803,1.1438,0.6420,0.2161,0.6605,571851,110745,5183,0,0,14,0,4.0070,0.7980,0.1019,540.2,1942,7501
3282,teleport,174.100,7.9653,7.9447,0.0206,3.8871,1.0465,1.1971,0.6584,0.2212,0.6820,570730,110199,4927,6048,0,14,0,4.0153,1.2011,0.0991,540.2,1942,7501
3283,teleport,174.100,8.2311,8.2112,0.0199,4.1236,1.1192,1.2657,0.6687,0.2314,0.7588,567164,103781,5183,8749,0,14,0,4.0193,1.3582,0.1010,540.2,1942,7501
3284,teleport,174.100,8.7558,8.7343,0.0215,4.7555,1.0977,1.5688,1.0220,0.2324,0.7526,563729,97488,5055,8490,0,14,0,4.0136,1.3577,0.0991,540.2,1942,7501
3285,teleport,174.100,8.5479,8.5270,0.0209,4.0806,1.0076,1.3476,0.6707,0.2284,0.7424,560394,91863,4543,7878,0,14,0,4.0266,1.2788,0.1004,540.2,1942,7501
3286,teleport,174.100,8.4241,8.4029,0.0212,4.1738,1.1018,1.3588,0.6707,0.2304,0.7301,557910,85643,5119,7603,0,14,0,4.0127,1.2978,0.1303,540.2,1942,7501
3287,teleport,174.100,8.3235,8.3025,0.0210,4.2885,1.2124,1.3865,0.6728,0.2314,0.7035,560280,86697,5631,3261,0,14,0,4.0254,1.2713,0.1118,540.2,1942,7501
3288,teleport,174.100,8.1553,8.1336,0.0217,4.6991,1.5780,1.3988,0.7055,0.2294,0.7004,566359,103914,6079,0,0,14,0,4.0080,0.7779,0.0920,540.2,1942,7501
3289,teleport,174.100,7.8306,7.8055,0.0251,4.2455,1.1213,1.3947,0.6902,0.2294,0.7281,571414,116779,5055,0,0,14,0,4.0165,0.8748,0.1071,540.2,1942,7501
3290,teleport,174.100,7.8695,7.8483,0.0212,4.4063,1.0312,1.4438,0.7250,0.2324,0.8929,575638,126235,4671,447,0,14,0,4.0143,0.7555,0.0932,540.2,1942,7501
3291,teleport,174.100,8.5758,8.5536,0.0222,4.4687,1.1162,1.4950,0.7066,0.2304,0.8387,572130,119759,5055,8563,0,14,0,4.0104,1.3523,0.0967,540.2,1942,7501
3292,teleport,174.100,8.9834,8.9413,0.0421,5.3391,1.3373,2.0398,0.7332,0.2345,0.9134,568380,113269,5055,8805,0,14,0,4.0234,1.2949,0.1176,540.2,1942,7501
3293,teleport,174.100,9.3585,9.3338,0.0247,4.6090,1.0680,1.5667,0.7475,0.2304,0.9155,566332,107125,4991,7039,0,14,0,4.0189,1.5045,0.1127,540.2,1942,7501
3294,teleport,174.100,8.4421,8.4216,0.0205,4.6766,1.0424,1.5770,0.7496,0.2324,0.9933,562381,100836,4863,8814,0,14,0,4.0220,1.4586,0.0972,540.2,1942,7501
3295,teleport,174.100,8.5381,8.5178,0.0203,4.6326,1.0557,1.5985,0.7496,0.2314,0.9114,559817,94696,4927,7491,0,14,0,4.0253,1.4405,0.1095,540.2,1942,7501
3296,teleport,174.100,8.7272,8.7054,0.0218,5.6197,2.0408,1.5974,0.7455,0.2376,0.9124,564485,102563,6207,1539,0,14,0,4.0081,1.2253,0.1097,540.2,1942,7501
3298,teleport,174.100,7.6823,7.6645,0.0178,4.7145,1.0711,1.5974,0.7639,0.2324,0.9626,574659,136677,5183,0,0,14,0,4.0238,0.6863,0.1152,540.2,1942,7501
3299,teleport,174.100,9.0250,9.0046,0.0204,4.7852,1.0650,1.6138,0.7649,0.2314,1.0230,572344,131525,5055,7370,0,14,0,4.0189,1.4286,0.1044,540.2,1942,7501
3301,teleport,174.100,8.0290,8.0050,0.0240,4.7360,0.9882,1.6138,0.7629,0.2355,1.0486,565208,119461,4607,8261,0,14,0,4.0086,1.3259,0.0998,540.2,1942,7501
3302,teleport,174.100,9.1553,9.1369,0.0184,4.9357,1.0772,1.6251,0.7465,0.2355,1.1643,561293,113136,4991,8906,0,14,0,4.0120,1.5305,0.1004,540.2,1942,7501
3303,teleport,174.100,8.2924,8.2709,0.0215,4.8087,0.9656,1.6148,0.7444,0.2314,1.1653,559238,107767,4415,6470,0,14,0,4.0194,1.2689,0.1017,540.2,1942,7501
3304,teleport,174.100,8.6492,8.6273,0.0219,6.0385,1.6005,2.2006,0.7516,0.2324,1.1653,564221,115109,6527,1544,0,14,0,4.0251,1.2117,0.1141,540.2,1942,7501
3306,teleport,174.100,8.0894,8.0714,0.0180,4.9613,1.0629,1.6230,0.7434,0.2324,1.2114,573883,148711,5055,0,0,14,0,4.0095,0.7047,0.1007,540.2,1942,7501
3307,teleport,174.100,8.8266,8.8056,0.0210,5.0340,1.0568,1.6097,0.7598,0.2335,1.2851,571304,143383,5055,7634,0,14,0,4.0114,1.2974,0.1017,540.2,1942,7501
3308,teleport,174.100,8.8422,8.8220,0.0202,5.4600,1.3896,1.6005,0.7834,0.2324,1.3660,567678,137025,5119,8745,0,14,0,4.0089,1.5447,0.0988,540.2,1942,7501
3309,teleport,174.100,8.4920,8.4710,0.0210,5.0545,1.0138,1.5995,0.7537,0.2345,1.3640,563997,130978,4863,8544,0,14,0,4.0158,1.3543,0.0977,540.2,1942,7501
3310,teleport,174.100,8.6769,8.6560,0.0209,5.2316,1.0783,1.6005,0.7383,0.2345,1.4909,560414,124577,5183,8766,0,14,0,4.0238,1.6025,0.0970,540.2,1942,7501
3311,teleport,174.100,8.4808,8.4585,0.0223,4.9050,0.8499,1.6015,0.7619,0.2335,1.3701,556084,119435,3967,8297,0,14,0,4.0198,1.2497,0.0962,540.2,1942,7501
3312,teleport,174.100,9.0855,9.0646,0.0209,5.2111,1.1766,1.6067,0.7404,0.2335,1.3619,558354,121577,5375,3105,0,14,0,4.0307,1.3341,0.1054,540.2,1942,7501
3314,teleport,174.100,7.6638,7.6456,0.0182,5.0555,0.9400,1.6138,0.7444,0.2324,1.4336,568272,157227,4735,0,0,14,0,4.0199,0.7096,0.0926,540.2,1942,7501
3315,teleport,174.100,8.6385,8.6177,0.0208,5.0985,0.9789,1.6097,0.7537,0.2335,1.4316,569006,155299,4863,4129,0,14,0,4.0116,1.1315,0.1015,540.2,1942,7501
3316,teleport,174.100,8.8003,8.7796,0.0207,5.6412,1.3670,1.6108,0.7526,0.2314,1.5872,565566,148243,4991,8431,0,14,0,4.0132,1.5573,0.1976,540.2,1942,7501
3317,teleport,174.100,8.3649,8.3418,0.0231,5.2285,1.0066,1.6108,0.7721,0.2345,1.5135,561989,141324,4863,8440,0,14,0,4.0073,1.3109,0.0981,540.2,1942,7501
3318,teleport,174.100,8.6696,8.6484,0.0212,5.0872,0.8049,1.6118,0.7526,0.2335,1.5923,557400,135417,3839,8428,0,14,0,4.0170,1.5544,0.1146,540.2,1942,7501
3319,teleport,174.100,8.2212,8.1946,0.0266,5.2009,0.9769,1.6108,0.7526,0.2345,1.5340,555283,129086,4671,6788,0,14,0,4.0194,1.2504,0.1093,540.2,1942,7501
3320,teleport,174.100,7.6932,7.6726,0.0206,5.7272,1.5217,1.6159,0.7434,0.2355,1.5176,560059,140275,5311,535,0,14,0,4.0118,1.0445,0.1069,540.2,1942,7501
3321,teleport,174.100,7.8563,7.8369,0.0194,5.2767,1.0189,1.6159,0.7455,0.2335,1.5708,565114,156980,5055,0,0,14,0,4.0212,0.8112,0.0934,540.2,1942,7501
3323,teleport,174.100,8.4375,8.4170,0.0205,5.4190,1.0609,1.6169,0.7700,0.2324,1.6456,566368,163124,5055,8070,0,14,0,4.0181,1.3029,0.1070,540.2,1942,7501
3324,teleport,174.100,9.7729,9.7471,0.0258,5.6812,0.9359,1.9784,0.7526,0.2355,1.6855,564089,156699,4415,6694,0,14,0,4.0137,1.3650,0.1053,540.2,1942,7501
3325,teleport,174.100,8.3884,8.3594,0.0290,5.1180,0.6124,1.6148,0.7649,0.2396,1.7930,563145,152523,3007,3951,0,14,0,4.0428,1.1510,0.1296,540.2,1942,7501
3327,teleport,174.100,7.5848,7.5636,0.0212,5.5286,0.9953,1.6138,0.7608,0.2314,1.8350,557622,138334,4927,7118,0,14,0,4.0177,1.3410,0.0962,540.2,1942,7501
3328,teleport,174.100,9.0365,9.0042,0.0323,6.2781,1.6957,1.6159,0.7578,0.2324,1.8811,562350,146010,6207,1479,0,14,0,4.0197,1.2063,0.1019,540.2,1942,7501
3329,teleport,174.100,7.9059,7.8822,0.0237,5.5009,0.9175,1.6108,0.7690,0.2335,1.8760,567213,162139,4863,0,0,14,0,4.0251,0.7051,0.1078,540.2,1942,7501
3330,teleport,174.100,7.1322,7.1155,0.0167,5.5194,0.9011,1.6108,0.7475,0.2345,1.9333,571742,178906,4735,206,0,14,0,4.0108,0.6698,0.1074,540.2,1942,7501
3331,teleport,174.100,8.1374,8.1155,0.0219,5.7201,0.9779,1.6087,0.7752,0.2376,2.0275,568473,171423,5055,8324,0,14,0,4.0190,1.3173,0.0996,540.2,1942,7501
3332,teleport,174.100,8.5695,8.5485,0.0210,6.0518,1.3292,1.6097,0.7731,0.2314,2.0142,565786,164126,5055,7742,0,14,0,4.0192,1.2270,0.0963,540.2,1942,7501
3333,teleport,174.100,8.7888,8.7641,0.0247,5.6822,0.9994,1.6056,0.7434,0.2355,2.0040,563213,156715,5119,7692,0,14,0,4.0121,1.2770,0.0950,540.2,1942,7501
3334,teleport,174.100,8.4868,8.4659,0.0209,5.7723,0.9544,1.6179,0.7690,0.2355,2.1002,559686,149490,4799,8326,0,14,0,4.0204,1.3094,0.1018,540.2,1942,7501
3335,teleport,174.100,8.1278,8.1067,0.0211,5.6648,0.9574,1.6108,0.7813,0.2294,1.9866,557874,142854,4735,6547,0,14,0,4.0236,1.2808,0.1532,540.2,1942,7501
3336,teleport,174.100,7.8185,7.7976,0.0209,6.2444,1.6220,1.6118,0.7434,0.2304,1.9374,563370,155884,6015,519,0,14,0,4.0204,0.8344,0.0998,540.2,1942,7501
3337,teleport,174.100,7.8085,7.7844,0.0241,5.7846,1.0967,1.6097,0.7465,0.2324,1.9968,568617,167277,5247,0,0,14,0,4.0118,0.7974,0.1155,540.2,1942,7501
3338,teleport,174.100,7.5613,7.5394,0.0219,5.6248,0.9411,1.6087,0.7803,0.2335,1.9610,573065,183281,4927,479,0,14,0,4.0168,0.7654,0.0912,540.2,1942,7501
3339,teleport,174.100,8.9026,8.8814,0.0212,5.9535,0.9523,1.6169,0.7444,0.2314,2.3071,568740,177622,4927,9252,0,14,0,4.0075,1.5286,0.0955,540.2,1942,7501
3340,teleport,174.100,9.3363,9.3140,0.0223,5.5142,0.9482,1.6087,0.7670,0.2355,1.8545,564417,171961,4927,9250,0,14,0,4.0201,1.3752,0.0962,540.2,1942,7501
3341,teleport,174.100,8.3545,8.3332,0.0213,5.5828,0.9646,1.6138,0.7537,0.2324,1.9190,560861,166301,4991,8547,0,14,0,4.0190,1.5842,0.1010,540.2,1942,7501
3342,teleport,174.100,7.9707,7.9507,0.0200,5.6259,0.9933,1.6108,0.7741,0.2335,1.9139,556714,160464,5119,9266,0,14,0,4.0223,1.4033,0.1009,540.2,1942,7501
3343,teleport,174.100,8.4092,8.3882,0.0210,5.4723,0.8315,1.6118,0.7588,0.2376,1.9333,553980,155774,4159,6893,0,14,0,4.0101,1.2636,0.0979,540.2,1942,7501
3344,teleport,174.100,8.5102,8.4889,0.0213,6.2013,1.5002,1.6169,0.7721,0.2355,1.9753,559869,172088,5951,62,0,14,0,4.0234,0.7571,0.0957,540.2,1942,7501
3345,teleport,174.100,8.5041,8.4755,0.0286,5.5685,0.8909,1.6497,0.7660,0.2304,1.9323,564540,186361,4671,0,0,14,0,4.0168,0.8010,0.0954,540.2,1942,7501
3346,teleport,174.100,7.4590,7.4376,0.0214,5.2142,0.5530,1.6497,0.7444,0.2314,1.9374,567182,198998,2879,237,0,14,0,4.0085,0.5538,0.1122,540.2,1942,7501
3347,teleport,174.100,8.8796,8.8550,0.0246,5.4292,0.7834,1.6517,0.7506,0.2345,1.9087,562594,194370,3967,8555,0,14,0,4.0253,1.6798,0.1068,540.2,1942,7501
3348,teleport,174.100,9.1330,9.1114,0.0216,5.9208,1.2687,1.6517,0.7731,0.2284,1.8985,558075,188905,4735,9254,0,14,0,4.0065,1.6813,0.1445,540.2,1942,7501
3350,teleport,174.100,8.9168,8.8959,0.0209,5.6730,0.9943,1.6538,0.7588,0.2304,1.9343,550860,177432,5119,9016,0,14,0,4.0110,1.7236,0.0974,540.2,1942,7501
3351,teleport,174.100,9.5575,9.5344,0.0231,5.9146,0.8632,1.6538,0.7526,0.2386,2.3050,547680,172420,4415,7595,0,14,0,4.0131,1.3357,0.1134,540.2,1942,7501
3352,teleport,174.100,9.1997,9.1778,0.0219,5.2152,0.5847,1.6517,0.7608,0.2335,1.8831,545270,169960,2815,5225,0,14,0,4.0484,1.5598,0.1630,540.2,1942,7501
3353,teleport,174.100,8.0300,8.0078,0.0222,5.5634,0.8653,1.6609,0.7660,0.2335,1.9333,550197,185769,4927,0,0,14,0,4.0230,0.8286,0.1007,540.2,1942,7501
3355,teleport,174.100,7.6905,7.6707,0.0198,5.5009,0.8335,1.6548,0.7506,0.2335,1.9251,555891,213002,4415,2304,0,14,0,4.0099,0.8392,0.0999,540.2,1942,7501
3356,teleport,174.100,9.6268,9.6055,0.0213,5.7938,1.1684,1.6507,0.7383,0.2365,1.8954,550322,208843,4159,9728,0,14,0,4.0164,2.0542,0.1317,540.2,1942,7501
3358,teleport,174.100,7.8896,7.8686,0.0210,5.2961,0.6042,1.6599,0.7424,0.2304,1.9558,540720,201037,3199,8448,0,14,0,4.0101,1.1763,0.1399,540.2,1942,7501
3359,teleport,174.100,9.0578,9.0382,0.0196,6.5485,0.9062,2.3808,1.0127,0.2355,1.9098,537007,196046,4991,8704,0,14,0,4.0226,1.5394,0.0998,540.2,1942,7501
3360,teleport,174.100,7.9162,7.8951,0.0211,5.6873,0.6380,2.0603,0.7670,0.2345,1.8831,534830,192591,3455,5632,0,14,0,4.0239,1.1793,0.1186,540.2,1942,7501
3361,teleport,174.100,7.5292,7.5110,0.0182,5.7037,1.0394,1.6538,0.7301,0.2294,1.9415,538504,199952,5183,1509,0,14,0,4.0183,0.9514,0.0933,540.2,1942,7501
3362,teleport,174.100,7.7312,7.7101,0.0211,5.5091,0.8131,1.6558,0.7506,0.2294,1.9517,542919,217553,4415,0,0,14,0,4.0197,0.7641,0.0937,540.2,1942,7501
3363,teleport,174.100,7.7167,7.6959,0.0208,5.4876,0.8530,1.6568,0.7424,0.2324,1.8934,547206,235178,4543,256,0,14,0,4.0200,0.6787,0.0933,540.2,1942,7501
3364,teleport,174.100,8.6737,8.6507,0.0230,5.6013,0.9216,1.6660,0.7444,0.2345,1.9251,542661,230251,4927,9472,0,14,0,4.0103,1.6403,0.1040,540.2,1942,7501
3365,teleport,174.100,8.3473,8.3000,0.0473,5.6443,0.8796,1.6630,0.7619,0.2304,2.0019,538820,225388,4863,8704,0,14,0,4.0100,1.6020,0.0943,540.2,1942,7501
3366,teleport,174.100,8.3805,8.3591,0.0214,5.6433,0.8663,1.6620,0.7475,0.2376,2.0204,533891,220589,4799,9728,0,14,0,4.0175,1.5601,0.0984,540.2,1942,7501
3367,teleport,174.100,8.0618,8.0414,0.0204,6.0129,0.8960,1.6660,0.7516,0.2314,2.3593,528962,215790,4799,9728,0,14,0,4.0071,1.4546,0.0921,540.2,1942,7501
3368,teleport,174.100,8.9450,8.9234,0.0216,5.5398,0.8479,1.6579,0.7475,0.2335,1.9436,524289,211247,4543,9216,0,14,0,4.0182,1.6286,0.1025,540.2,1942,7501
3369,teleport,174.100,8.3310,8.3028,0.0282,5.7129,0.9646,1.6599,0.7526,0.2355,1.9896,526438,213680,5247,3098,0,14,0,4.0149,1.1259,0.0945,540.2,1942,7501
3370,teleport,174.100,7.7518,7.7314,0.0204,5.6484,0.8673,1.6609,0.7578,0.2324,2.0173,531749,231665,5311,0,0,14,0,4.0192,0.7256,0.0884,540.2,1942,7501
3372,teleport,174.100,11.3890,11.3662,0.0228,5.3473,0.5786,1.6998,0.7793,0.2345,1.9425,531171,249290,3263,8704,0,14,0,6.8755,1.2503,0.1459,540.2,1942,7501
3373,teleport,174.100,8.9866,8.9653,0.0213,5.6351,0.8376,1.6906,0.7404,0.2304,2.0214,526818,244427,4863,9216,0,14,0,4.0213,1.5292,0.1037,540.2,1942,7501
3374,teleport,174.100,8.8031,8.7804,0.0227,5.7528,0.9001,1.6998,0.7660,0.2314,2.0398,523617,239180,5247,8448,0,14,0,4.0246,1.4001,0.1002,540.2,1942,7501
3375,teleport,174.100,11.3822,11.3573,0.0249,6.0140,1.2442,1.6947,0.7639,0.2314,1.9651,525029,240461,5887,4475,0,14,0,4.0153,1.2103,0.0951,540.2,1942,7501
3376,teleport,174.100,7.7580,7.7353,0.0227,5.6259,0.8776,1.7172,0.7455,0.2273,1.9466,530532,256974,5503,0,0,14,0,4.0084,0.9653,0.1028,540.2,1942,7501
3377,teleport,174.100,8.4275,8.4099,0.0176,6.2894,1.4653,1.7121,0.7629,0.2324,2.0060,539875,235667,9343,0,0,14,0,4.0158,1.1640,0.0942,540.2,1942,7501
3378,teleport,174.100,8.9382,8.9173,0.0209,7.2008,1.9702,1.7193,0.7485,0.2376,2.4156,552034,223508,12159,0,0,14,0,4.0198,1.8347,0.1304,540.2,1942,7501
3379,teleport,174.100,8.5809,8.5620,0.0189,7.2755,2.2170,1.9999,0.7342,0.2345,1.9794,563553,211989,11519,0,0,14,0,4.0180,1.3902,0.0978,540.2,1942,7501
3380,teleport,174.100,8.7501,8.7229,0.0272,6.2894,1.5473,1.7039,0.7629,0.2324,1.9313,572000,203542,8447,0,0,14,0,4.0211,1.2229,0.1111,540.2,1942,7501
3381,teleport,174.100,8.9247,8.9010,0.0237,7.1414,2.2876,1.9681,0.7844,0.2294,1.7623,583583,191959,11583,0,0,14,0,4.0275,1.7119,0.1080,540.2,1942,7501
3382,teleport,174.100,9.2781,9.2548,0.0233,7.0103,2.1647,2.0449,0.7516,0.2324,1.7080,593822,181720,10239,0,0,14,0,4.0212,1.4459,0.1108,540.2,1942,7501
3383,teleport,174.100,8.7926,8.7646,0.0280,6.4471,2.0664,1.6998,0.7567,0.2284,1.5852,604509,171033,10687,0,0,14,0,4.0191,1.4849,0.1521,540.2,1942,7501
3384,teleport,174.100,9.7215,8.2928,1.4287,6.0846,1.7080,1.7050,0.7680,0.2345,1.5596,613532,162010,9023,0,0,14,0,4.0105,1.1758,0.4381,540.2,1942,7501
3385,teleport,174.100,9.4379,7.9806,1.4573,6.2761,0.9492,1.9354,0.9861,0.2345,2.0603,618139,157403,4607,0,0,14,0,4.0251,0.6596,0.4536,540.2,1942,7501
3386,teleport,174.100,9.9276,9.8895,0.0381,6.2874,1.9272,1.7101,0.7875,0.2314,1.5206,628762,146780,10623,0,0,14,0,4.0224,1.4556,0.4837,540.2,1942,7501
3387,teleport,174.100,9.2421,9.2171,0.0250,6.1051,2.0173,1.6835,0.7311,0.2335,1.3292,638745,136797,9983,0,0,14,0,4.0143,1.3643,0.2591,540.2,1942,7501
3388,teleport,174.100,9.1256,9.0984,0.0272,6.2013,2.0931,1.6865,0.7393,0.2345,1.3394,650392,125150,11647,0,0,14,0,4.0227,1.4344,0.1184,540.2,1942,7501
3389,teleport,174.100,8.6272,8.6069,0.0203,7.0359,2.8867,1.6794,0.7649,0.2314,1.3629,662039,113503,11647,0,0,14,0,4.0180,1.6511,0.0994,540.2,1942,7501
3390,teleport,174.100,9.6031,8.1264,1.4767,6.3222,2.1432,1.6722,0.7526,0.2365,1.4070,673622,101920,11583,0,0,14,0,4.0094,1.4339,0.1053,540.2,1942,7501
3391,teleport,174.100,10.6573,8.1943,2.4630,6.1563,2.1023,1.6538,0.7578,0.2314,1.3015,684757,90785,11135,0,0,14,0,4.0251,1.4151,0.0974,540.2,1942,7501
3392,teleport,174.100,9.8540,8.4280,1.4260,6.5434,2.0367,2.1023,0.7649,0.2365,1.2933,695380,80162,10623,0,0,14,0,4.0108,1.3411,0.4214,540.2,1942,7501
3393,teleport,174.100,8.9062,8.8761,0.0301,6.2310,2.1412,1.6558,0.7557,0.2324,1.3343,707219,68323,11839,0,0,14,0,4.0157,1.4697,0.3831,540.2,1942,7501
3394,teleport,174.100,10.3231,8.3329,1.9902,6.0191,2.0367,1.6179,0.7414,0.2355,1.2780,717394,58148,10175,0,0,14,0,4.0101,1.3390,0.3850,540.2,1942,7501
3395,teleport,174.100,10.5317,10.5021,0.0296,6.3304,2.0439,1.5995,0.7649,0.2314,1.5995,728785,46757,11391,0,0,14,0,4.0279,1.4533,1.7990,540.2,1942,7501
3396,teleport,174.100,12.1961,12.1751,0.0210,6.1512,2.2661,1.5841,0.7578,0.2335,1.2186,740240,35302,11455,0,0,14,0,4.0198,1.4935,3.5232,540.2,1942,7501
3397,teleport,174.100,11.5049,11.4846,0.0203,5.8450,1.9753,1.5493,0.7588,0.2294,1.2431,750927,24615,10687,0,0,14,0,4.0285,1.5293,3.4120,540.2,1942,7501
3398,teleport,174.100,9.8412,9.8198,0.0214,6.2700,2.4064,1.5442,0.7526,0.2324,1.2452,763215,12327,12288,0,0,14,0,3.7605,1.5557,1.8758,540.2,1942,7501
3399,teleport,174.100,8.2262,8.2047,0.0215,6.8424,2.3962,2.1699,0.7332,0.2335,1.2216,775503,39,12288,0,0,14,0,3.5414,1.5984,0.1120,540.2,1942,7501
3400,teleport,174.100,5.2202,2.6762,2.5440,3.8636,0.0532,1.5483,0.7342,0.2365,1.2052,775542,0,39,0,0,14,0,0.0310,0.2847,0.0765,540.2,1942,7501
3401,teleport,174.100,10.0793,2.4882,7.5911,3.8492,0.0010,1.5391,0.7465,0.2304,1.2442,775542,0,0,0,0,14,0,0.0079,0.0007,0.0933,540.2,1942,7501
3403,teleport,174.100,5.7030,2.6834,3.0196,3.8492,0.0010,1.5442,0.7598,0.2314,1.2227,775542,0,0,0,0,14,0,0.0072,0.0005,0.0746,540.2,1942,7501
3404,audit,174.100,3.3010,3.2993,0.0017,3.8513,0.0010,1.5462,0.7700,0.2335,1.2114,775542,0,0,0,0,14,0,0.0075,0.0006,0.0753,540.2,1942,7501
3405,mountain_settle,2065.400,3.0129,3.0111,0.0018,25.7741,0.0031,8.3190,12.3054,1.6179,2.7617,775542,0,0,0,0,14,0,0.0206,0.0008,0.0844,540.2,210,405
3406,mountain_settle,2065.400,2.8517,2.8268,0.0249,22.9110,0.0020,5.1190,12.6587,1.5462,2.8140,775542,0,0,0,0,14,0,0.0074,0.0006,0.0834,540.2,210,405
3407,mountain_settle,2065.400,39.9717,3.5827,36.3890,22.9857,0.0031,5.1241,12.6966,1.3885,3.0034,775542,0,0,0,0,14,0,0.0120,0.0009,0.0970,540.2,210,405
3408,mountain_settle,2065.400,40.0514,3.6686,36.3828,25.6942,0.0031,5.1077,15.6416,1.6374,2.5262,775542,0,0,0,0,14,0,0.0071,0.0007,0.0757,540.2,210,405
3409,mountain_settle,2065.400,39.1463,9.5489,29.5974,6.1798,0.3523,3.8697,0.9503,0.1116,0.1434,762998,0,0,12544,0,14,1,4.0722,2.8400,0.0946,540.2,210,405
3411,mountain_settle,2065.400,9.0313,8.9955,0.0358,2.4822,0.0502,0.8704,1.2124,0.1106,0.1403,735862,0,0,12032,0,14,1,4.0688,1.1626,0.0907,540.2,210,405
3412,mountain_settle,2065.400,8.9209,8.8953,0.0256,1.9487,0.0492,0.6144,0.9400,0.1106,0.1362,724342,0,0,11520,0,14,1,4.0445,1.1264,0.1138,540.2,210,405
3413,mountain_settle,2065.400,8.2420,8.2200,0.0220,1.9579,0.0399,0.6154,0.9513,0.1106,0.1423,713722,0,0,10620,0,14,1,4.0360,1.1301,0.0911,540.2,210,405
3414,mountain_settle,2065.400,8.0470,8.0224,0.0246,1.9610,0.0573,0.6154,0.9400,0.1106,0.1393,698362,0,0,15360,0,14,1,4.0548,1.3696,0.0912,540.2,210,405
3415,mountain_settle,2065.400,8.3562,8.3358,0.0204,1.9835,0.0573,0.6195,0.9544,0.1116,0.1403,683770,0,0,14592,0,14,1,4.0332,1.2915,0.0903,540.2,210,405
3416,mountain_settle,2065.400,8.6894,8.6637,0.0257,1.9722,0.0512,0.6195,0.9554,0.1106,0.1372,670458,0,0,13312,0,14,1,4.0710,1.2000,0.0893,540.2,210,405
3417,mountain_settle,2065.400,8.2608,8.2400,0.0208,1.9732,0.0492,0.6185,0.9533,0.1116,0.1423,657658,0,0,12800,0,14,1,4.1281,1.3106,0.0885,540.2,210,405
3418,mountain_settle,2065.400,7.4173,7.3928,0.0245,1.9999,0.0737,0.6195,0.9554,0.1116,0.1413,656329,27585,63,1392,0,14,1,4.0494,0.5294,0.0893,540.2,210,405
3419,mountain_settle,2065.400,8.1459,8.1260,0.0199,3.3987,1.2923,0.5335,1.2186,0.1106,0.1403,662024,44674,5695,0,0,14,1,4.0121,0.7584,0.0910,540.2,210,405
3420,mountain_settle,2065.400,8.3323,8.3116,0.0207,3.0382,1.1930,0.5376,0.9615,0.1096,0.1362,660743,42728,5119,6400,0,14,1,4.0207,1.2952,0.1017,540.2,210,405
3421,mountain_settle,2065.400,8.2532,8.2327,0.0205,3.1478,1.3148,0.5345,0.9441,0.1116,0.1423,656902,37097,5631,9472,0,14,1,4.0154,1.5325,0.0989,540.2,210,405
3422,mountain_settle,2065.400,8.6313,8.6049,0.0264,3.1549,1.3138,0.5356,0.9544,0.1106,0.1403,653573,31466,5631,8960,0,14,1,4.0176,1.6676,0.1130,540.2,210,405
3423,mountain_settle,2065.400,8.2688,8.2477,0.0211,3.1386,1.3046,0.5366,0.9441,0.1126,0.1413,649668,25899,5567,9472,0,14,1,4.0151,1.5560,0.0932,540.2,210,405
3424,mountain_settle,2065.400,8.6911,8.6701,0.0210,2.9317,1.1008,0.5366,0.9452,0.1096,0.1372,645891,21228,4671,8448,0,14,1,4.0163,1.4889,0.0966,540.2,210,405
3425,mountain_settle,2065.400,8.5377,8.5170,0.0207,3.1498,1.3015,0.5417,0.9544,0.1106,0.1423,642242,15661,5567,9216,0,14,1,4.0183,1.4932,0.0955,540.2,210,405
3426,mountain_settle,2065.400,8.7505,8.7268,0.0237,3.0669,1.2186,0.5304,0.9636,0.1106,0.1413,641345,10414,5247,6144,0,14,1,4.0242,1.5250,0.0939,540.2,210,405
3427,mountain_settle,2065.400,8.1715,8.1502,0.0213,3.9506,1.7388,0.5284,1.3302,0.1116,0.1393,646635,16943,6783,1493,0,14,1,4.0127,1.1507,0.0953,540.2,210,405
3428,mountain_settle,2065.400,8.1664,8.1284,0.0380,2.8457,1.0332,0.5284,0.9359,0.1106,0.1362,651178,32624,4543,0,0,14,1,4.0123,0.7936,0.1052,540.2,210,405
3429,mountain_settle,2065.400,7.3334,7.3119,0.0215,3.0474,1.2124,0.5274,0.9533,0.1096,0.1423,656297,47657,5375,256,0,14,1,4.0165,0.7571,0.1111,540.2,210,405
3430,mountain_settle,2065.400,8.8222,8.8009,0.0213,3.0720,1.2349,0.5366,0.9472,0.1106,0.1403,652712,42282,5375,8960,0,14,1,4.0689,1.8423,0.0965,540.2,210,405
3431,mountain_settle,2065.400,8.3072,8.2859,0.0213,3.3710,1.2892,0.5356,1.1940,0.1106,0.1382,648807,36715,5567,9472,0,14,1,4.0168,1.5829,0.0932,540.2,210,405
3432,mountain_settle,2065.400,8.0245,8.0037,0.0208,2.9184,1.0824,0.5386,0.9462,0.1116,0.1362,645222,32108,4607,8192,0,14,1,4.0196,1.4740,0.0962,540.2,210,405
3433,mountain_settle,2065.400,8.2414,8.2208,0.0206,3.1437,1.3097,0.5335,0.9472,0.1106,0.1403,641317,26541,5567,9472,0,14,1,4.0235,1.5440,0.0952,540.2,210,405
3434,mountain_settle,2065.400,8.4812,8.4614,0.0198,2.8365,1.1141,0.5007,0.8899,0.1034,0.1321,637476,21422,5119,8960,0,14,1,4.0187,1.5447,0.0961,540.2,210,405
3435,mountain_settle,2065.400,8.5241,8.5034,0.0207,3.1314,1.1735,0.5038,1.1244,0.1024,0.1321,634723,15983,5439,8192,0,14,1,4.0193,1.4338,0.1147,540.2,210,405
3436,mountain_settle,2065.400,8.2274,8.2078,0.0196,2.6040,0.8929,0.5028,0.8796,0.1034,0.1270,634978,11888,4095,3840,0,14,1,4.0155,1.2282,0.0930,540.2,210,405
3437,mountain_settle,2065.400,7.6866,7.6656,0.0210,3.1549,1.4295,0.5038,0.8878,0.1024,0.1341,640836,22641,6655,797,0,14,1,4.0187,1.0213,0.0956,540.2,210,405
3438,mountain_settle,2065.400,7.9330,7.8961,0.0369,3.1109,1.3844,0.5007,0.8909,0.1044,0.1321,646787,35378,5951,0,0,14,1,4.0161,0.8280,0.1208,540.2,210,405
3439,mountain_settle,2065.400,7.7504,7.7293,0.0211,2.9358,1.2022,0.5120,0.8909,0.1034,0.1321,650882,47602,5631,1536,0,14,1,4.0186,1.0205,0.0968,540.2,210,405
3440,mountain_settle,2065.400,8.4588,8.4376,0.0212,2.7658,1.0435,0.5048,0.8899,0.1034,0.1280,647553,42739,4863,8192,0,14,1,4.0176,1.3676,0.1043,540.2,210,405
3441,mountain_settle,2065.400,8.6689,8.6478,0.0211,2.9184,1.1817,0.5140,0.8899,0.1024,0.1341,643520,37300,5439,9472,0,14,1,4.0205,1.5068,0.0932,540.2,210,405
3442,mountain_settle,2065.400,8.2731,8.2520,0.0211,2.9266,1.1889,0.5171,0.8888,0.1024,0.1321,640767,31861,5439,8192,0,14,1,4.0260,1.4777,0.1420,540.2,210,405
3443,mountain_settle,2065.400,8.9284,8.9032,0.0252,2.9266,1.1971,0.5171,0.8806,0.1024,0.1331,637310,26358,5503,8960,0,14,1,4.0131,1.4924,0.0970,540.2,210,405
3444,mountain_settle,2065.400,9.3322,9.3084,0.0238,2.1811,0.4475,0.5171,0.8899,0.1034,0.1280,633341,24439,1919,5888,0,14,1,4.0236,1.4875,0.2088,540.2,210,405
3445,mountain_settle,2065.400,8.7029,8.6806,0.0223,2.8621,1.1356,0.5120,0.8796,0.1024,0.1372,629884,19192,5247,8704,0,14,1,4.0064,1.5011,0.1564,540.2,210,405
3446,mountain_settle,2065.400,9.2463,9.2261,0.0202,2.7730,1.0179,0.5294,0.8919,0.1034,0.1331,628923,14521,4671,5632,0,14,1,4.0207,1.3659,0.5333,540.2,210,405
3447,mountain_settle,2065.400,8.5826,8.5618,0.0208,3.3413,1.0445,0.5222,1.2268,0.1034,0.3461,632932,25274,4863,854,0,14,1,4.0218,1.2023,0.5926,540.2,210,405
3448,mountain_settle,2065.400,8.5528,8.5243,0.0285,2.8088,1.0465,0.5325,0.8909,0.1034,0.1372,637603,38779,4671,0,0,14,1,4.0143,0.7603,0.5933,540.2,210,405
3449,mountain_settle,2065.400,8.6949,8.6731,0.0218,2.7771,1.0322,0.5212,0.8899,0.1024,0.1341,642210,54081,4863,256,0,14,1,4.0195,0.7869,0.5778,540.2,210,405
3450,mountain_settle,2065.400,8.9980,8.9767,0.0213,3.0700,1.0639,0.6124,0.9810,0.1024,0.2130,638817,49026,5055,8448,0,14,1,4.0166,1.4757,0.5135,540.2,210,405
3451,mountain_settle,2065.400,9.1071,9.0840,0.0231,3.7704,1.3158,0.9452,1.0291,0.1014,0.2796,636000,43907,5119,7936,0,14,1,4.0220,1.3484,0.6734,540.2,210,405
3452,mountain_settle,2065.400,10.0730,10.0503,0.0227,3.9905,1.1110,0.7547,1.0701,0.1014,0.8571,634591,38660,5247,6656,0,14,1,4.0086,1.3414,0.5304,540.2,210,405
3453,mountain_settle,2065.400,9.0424,9.0202,0.0222,3.4744,1.0486,0.8018,1.0793,0.1024,0.3461,630238,33797,4863,9216,0,14,1,4.0140,1.4902,0.5122,540.2,210,405
3454,mountain_settle,2065.400,9.1039,9.0837,0.0202,3.8912,1.1653,0.8632,1.0885,0.1024,0.5745,626205,28358,5439,9472,0,14,1,4.0085,1.7288,0.5469,540.2,1935,7501
3455,mountain_settle,2065.400,9.5640,9.5431,0.0209,3.5789,0.9615,0.8868,1.1725,0.1055,0.3420,622236,23879,4479,8448,0,14,1,4.0165,1.3013,0.5321,540.2,1935,7501
3456,mountain_settle,2065.400,9.8871,9.8654,0.0217,3.6700,1.1131,0.8909,1.1223,0.1044,0.3359,621531,18696,5183,5888,0,14,1,4.0112,1.3917,0.9385,540.2,1935,7501
3457,mountain_settle,2065.400,9.8187,9.7976,0.0211,3.7929,1.2022,0.9011,1.1366,0.1065,0.3441,626676,29961,5887,742,0,14,1,4.0246,0.9971,0.9519,540.2,1935,7501
3458,mountain_settle,2065.400,9.9159,9.8904,0.0255,3.6147,0.9902,0.9083,1.1141,0.1044,0.3942,631539,45322,4863,0,0,14,1,4.0159,0.8474,1.0818,540.2,1935,7501
3459,mountain_settle,2065.400,9.7465,9.7179,0.0286,3.7417,1.0281,0.9400,1.1479,0.1055,0.4106,635250,56906,4991,1280,0,14,1,4.0151,0.9008,0.9603,540.2,1935,7501
3460,mountain_settle,2065.400,9.9484,9.9277,0.0207,3.7806,0.9677,1.0322,1.1561,0.1034,0.4157,630577,52363,4543,9216,0,14,1,4.0223,1.4516,0.9810,540.2,1935,7501
3461,mountain_settle,2065.400,9.8290,9.8086,0.0204,4.5783,1.1428,1.0926,1.4244,0.3348,0.4803,626416,47052,5311,9472,0,14,1,4.0090,1.5121,0.9423,540.2,1935,7501
3462,mountain_settle,2065.400,9.6925,9.6720,0.0205,3.9711,0.8980,1.1520,1.2114,0.1065,0.5007,622639,42893,4159,7936,0,14,1,4.0592,1.3324,1.1226,540.2,1935,7501
3463,mountain_settle,2065.400,9.5483,9.5273,0.0210,4.2895,1.1407,1.1715,1.2360,0.1116,0.5181,618542,37518,5375,9472,0,14,1,4.0087,1.4852,0.9455,540.2,1935,7501
3464,mountain_settle,2065.400,9.9880,9.9657,0.0223,4.4042,1.1274,1.2442,1.2739,0.1106,0.5417,615405,32207,5311,8448,0,14,1,4.0183,1.5072,0.9678,540.2,1935,7501
3465,mountain_settle,2065.400,11.0146,10.9935,0.0211,4.4503,1.1028,1.2810,1.2872,0.1116,0.5632,612780,26896,5311,7936,0,14,1,4.0178,1.8055,1.0155,540.2,1935,7501
3466,mountain_settle,2065.400,9.6830,9.6618,0.0212,4.7084,1.3404,1.2820,1.2984,0.1126,0.5612,616123,26577,6463,3120,0,14,1,4.0218,1.2684,0.9778,540.2,1935,7501
3467,mountain_settle,2065.400,9.7203,9.6992,0.0211,4.4575,1.1315,1.2882,1.3036,0.1116,0.5130,620218,45522,4095,0,0,14,1,4.0293,0.7758,1.0118,540.2,1935,7501
3468,mountain_settle,2065.400,9.1675,9.1461,0.0214,4.5005,1.1633,1.2913,1.3097,0.1147,0.5110,625849,62675,5631,0,0,14,1,4.0095,0.7882,0.9839,540.2,1935,7501
3469,mountain_settle,2065.400,9.8196,9.7956,0.0240,4.5404,1.0250,1.3793,1.2913,0.1198,0.6185,624440,59667,4991,6400,0,14,1,4.0130,1.2837,0.9912,540.2,1935,7501
3470,mountain_settle,2065.400,10.0653,10.0267,0.0386,5.4149,1.6333,1.4879,1.3824,0.1290,0.6748,620791,54356,5311,8960,0,14,1,4.0188,1.7004,1.0014,540.2,1935,7501
3471,mountain_settle,2065.400,10.2982,10.2738,0.0244,5.4446,1.0967,1.5698,1.8268,0.1331,0.7107,616694,48981,5375,9472,0,14,1,4.0143,1.4861,0.9607,540.2,1935,7501
3472,mountain_settle,2065.400,10.2748,10.2522,0.0226,5.0299,0.8868,1.6435,1.5380,0.1362,0.7178,614581,44694,4287,6400,0,14,1,4.0285,1.5649,1.0661,540.2,1935,7501
3473,mountain_settle,2065.400,10.3903,10.3692,0.0211,5.4364,1.1080,1.7295,1.5933,0.1423,0.7557,610484,39319,5375,9472,0,14,1,4.0134,1.5224,0.9559,540.2,1935,7501
3474,mountain_settle,2065.400,10.2275,10.1830,0.0445,5.4733,1.0476,1.7848,1.6333,0.1475,0.7526,607091,34264,5055,8448,0,14,1,4.0132,1.5441,1.0343,540.2,1935,7501
3475,mountain_settle,2065.400,10.1177,10.0961,0.0216,5.5306,1.0854,1.8237,1.6179,0.1464,0.7475,604978,29977,4287,6400,0,14,1,4.0126,1.3885,1.0500,540.2,1935,7501
3476,mountain_settle,2065.400,9.7714,9.7467,0.0247,5.5757,1.1540,1.8156,1.6046,0.1434,0.7444,609677,38618,5951,1252,0,14,1,4.0095,1.0098,0.9687,540.2,1935,7501
3477,mountain_settle,2065.400,9.0909,9.0700,0.0209,5.5788,1.0680,2.0081,1.6046,0.1454,0.6400,615116,54939,5439,0,0,14,1,4.0247,0.8629,0.9433,540.2,1935,7501
3478,mountain_settle,2065.400,9.4817,9.4604,0.0213,5.8634,1.0004,2.0234,1.6364,0.1464,0.9359,618955,67687,4863,1024,0,14,1,4.0201,0.7333,0.9626,540.2,1935,7501
3479,mountain_settle,2065.400,10.3244,10.3008,0.0236,5.2388,0.5632,2.0838,1.6814,0.1526,0.6472,615626,65128,2559,5888,0,14,1,4.0292,1.3835,1.1013,540.2,1935,7501
3480,mountain_settle,2065.400,10.0929,10.0725,0.0204,5.8266,0.8714,2.2088,1.7992,0.1567,0.6728,610505,60777,4351,9472,0,14,1,4.0263,1.5540,1.0111,540.2,1935,7501
3481,mountain_settle,2065.400,10.2281,10.2076,0.0205,7.0257,0.9974,2.6583,2.1780,0.3830,0.6943,606024,55786,4991,9472,0,14,1,4.0082,1.4567,0.9570,540.2,1935,7501
3482,mountain_settle,2065.400,10.2178,10.1960,0.0218,5.9320,0.8489,2.3081,1.7951,0.1587,0.7096,602055,51563,4223,8192,0,14,1,4.0133,1.5557,0.9841,540.2,1935,7501
3483,mountain_settle,2065.400,10.4385,10.4182,0.0203,6.1788,1.0179,2.3409,1.8514,0.1608,0.6984,597958,46444,5119,9216,0,14,1,4.0223,1.6158,0.9575,540.2,1935,7501
3484,mountain_settle,2065.400,9.8178,9.7947,0.0231,6.1491,1.0158,2.3368,1.8237,0.1608,0.6922,594373,41325,5119,8704,0,14,1,4.0166,1.4225,0.9595,540.2,1935,7501
3485,mountain_settle,2065.400,10.4981,10.4770,0.0211,6.2986,1.1254,2.3388,1.8606,0.1577,0.6963,594261,36910,4671,4783,0,14,1,4.0120,1.4711,1.0245,540.2,1935,7501
3486,mountain_settle,2065.400,9.8156,9.7906,0.0250,6.3949,1.2032,2.3368,1.8688,0.1597,0.7014,600276,53679,6015,0,0,14,1,4.0167,0.7506,1.1766,540.2,1935,7501
3487,mountain_settle,2065.400,9.2081,9.1865,0.0216,7.9606,1.0179,4.1503,1.8401,0.1567,0.6789,605203,71536,4927,0,0,14,1,4.0169,0.7519,0.9609,540.2,1935,7501
3488,mountain_settle,2065.400,10.4526,10.4318,0.0208,7.7722,0.0727,4.8937,1.8555,0.1597,0.6769,601426,79612,63,3840,0,14,1,4.7346,0.6559,0.9262,540.2,1935,7501
3489,mountain_settle,2065.400,9.9000,9.8750,0.0250,7.8817,0.9687,4.1155,1.8319,0.1587,0.6922,597969,75133,4479,7936,0,14,1,4.0180,1.3639,0.9578,540.2,1935,7501
3490,mountain_settle,2065.400,10.4956,10.4745,0.0211,7.7599,0.8325,4.1114,1.8586,0.1577,0.6830,592656,70974,4159,9472,0,14,1,4.0572,1.5879,0.9761,540.2,1935,7501
3491,mountain_settle,2065.400,9.6546,9.6337,0.0209,8.6712,0.9318,4.9295,1.8452,0.1618,0.6851,587919,66239,4735,9472,0,14,1,4.0184,1.4200,0.9588,540.2,1935,7501
3492,mountain_settle,2065.400,10.2284,10.2052,0.0232,7.7220,0.8182,4.1032,1.8463,0.1597,0.6779,584398,62080,4159,7680,0,14,1,4.0110,1.3407,0.9487,540.2,1935,7501
3493,mountain_settle,2065.400,10.2207,10.1991,0.0216,7.8664,0.9595,4.1103,1.8412,0.1587,0.6789,579853,57153,4927,9472,0,14,1,4.0221,1.4215,1.0403,540.2,1935,7501
3494,mountain_settle,2065.400,10.2767,10.2577,0.0190,8.2862,0.9103,4.0919,2.3050,0.1608,0.6963,577612,52482,4671,6912,0,14,1,4.0140,1.7365,0.9448,540.2,1935,7501
3495,mountain_settle,2065.400,9.6931,9.6726,0.0205,7.9636,1.0711,4.0960,1.8330,0.1597,0.6789,580780,57859,5119,1951,0,14,1,4.0119,1.2033,1.1463,540.2,1935,7501
3496,mountain_settle,2065.400,9.1809,9.1574,0.0235,8.1336,1.0660,4.2721,1.8371,0.1608,0.6717,586603,73796,5823,0,0,14,1,4.0158,0.7484,0.9455,540.2,1935,7501
3497,mountain_settle,2065.400,9.2236,9.1893,0.0343,8.4756,0.9011,4.2732,1.8248,0.3891,0.9626,591466,89157,4863,0,0,14,1,4.0175,0.7116,1.0892,540.2,1935,7501
3498,mountain_settle,2065.400,10.2196,10.1971,0.0225,7.9749,0.8858,4.2732,1.8463,0.1649,0.6799,587753,85910,4735,8448,0,14,1,4.0205,1.4109,0.9511,540.2,1935,7501
3499,mountain_settle,2065.400,9.9517,9.9285,0.0232,7.5930,0.5263,4.2650,1.8350,0.1597,0.6799,583848,83159,2751,6656,0,14,1,4.0364,1.1818,1.0105,540.2,1935,7501
3500,mountain_settle,2065.400,10.6769,10.6559,0.0210,8.2924,0.9503,4.2711,1.8217,0.1587,0.9585,579559,77976,5183,9472,0,14,1,4.0219,1.7693,1.0551,540.2,1935,7501
3501,mountain_settle,2065.400,9.9568,9.9353,0.0215,8.3497,1.2943,4.2609,1.8340,0.1608,0.6748,575206,72857,5119,9472,0,14,1,4.0203,1.4573,1.0051,540.2,1935,7501
3502,mountain_settle,2065.400,10.0207,9.9997,0.0210,7.9268,0.7731,4.2680,1.9149,0.1577,0.6851,572453,68698,4159,6912,0,14,1,4.0443,1.6882,1.3511,540.2,1950,7501
3503,mountain_settle,2065.400,10.0885,10.0669,0.0216,7.9892,0.9329,4.2660,1.8278,0.1587,0.6779,567972,63707,4991,9472,0,14,1,4.0237,1.4681,0.9823,540.2,1950,7501
3504,mountain_settle,2065.400,9.4796,9.4595,0.0201,7.9729,0.8468,4.2660,1.8903,0.1597,0.6748,567331,59228,4479,5120,0,14,1,4.0149,1.1598,0.9548,540.2,1950,7501
3505,mountain_settle,2065.400,11.1905,11.1667,0.0238,8.2657,1.1663,4.2670,1.8627,0.1587,0.6840,572362,68125,6207,1176,0,14,1,4.0158,1.2935,1.2131,540.2,1950,7501
3506,mountain_settle,2065.400,9.1430,9.1181,0.0249,8.2268,1.0353,4.3756,1.8575,0.1567,0.6799,577929,84830,5567,0,0,14,1,4.0221,0.7466,0.9711,540.2,1950,7501
3507,mountain_settle,2065.400,10.5787,8.5793,1.9994,8.6886,1.1151,4.8005,1.8125,0.1556,0.6810,581704,96600,4799,1024,0,14,1,4.0169,0.8813,0.9815,540.2,1950,7501
3508,mountain_settle,2065.400,10.8486,10.8212,0.0274,8.0835,0.9062,4.3817,1.8299,0.1587,0.6779,576967,91609,4991,9728,0,14,1,4.0177,1.5342,0.9438,540.2,1950,7501
3509,mountain_settle,2065.400,10.3495,10.3235,0.0260,8.1388,0.9206,4.3827,1.8688,0.1587,0.6799,573062,86554,5055,8960,0,14,1,4.0191,1.4296,0.9654,540.2,1950,7501
3510,mountain_settle,2065.400,10.5777,10.5566,0.0211,9.0491,0.4895,5.4446,2.1422,0.1587,0.6851,567109,84059,2495,8448,0,14,1,4.0385,1.4839,1.3117,540.2,1950,7501
3511,mountain_settle,2065.400,10.6034,10.5820,0.0214,7.9299,0.7639,4.3858,1.8104,0.1587,0.6840,562500,79964,4095,8704,0,14,1,4.0093,1.3842,0.9815,540.2,1950,7501
3512,mountain_settle,2065.400,11.7287,9.7323,1.9964,7.8377,0.6400,4.3899,1.8422,0.1608,0.6758,559555,76509,3455,6400,0,14,1,4.0281,1.1940,1.1359,540.2,1950,7501
3513,mountain_settle,2065.400,11.2548,11.2240,0.0308,8.4531,0.4680,4.7391,2.2825,0.1597,0.6758,555330,74078,2431,6656,0,14,1,4.0115,1.6666,1.3210,540.2,1950,7501
3514,mountain_settle,2065.400,10.8501,10.8278,0.0223,8.0865,0.8858,4.3796,1.8524,0.1587,0.6810,554305,69215,4863,5888,0,14,1,4.0175,1.2744,1.0286,540.2,1950,7501
3515,mountain_settle,2065.400,9.3098,9.2857,0.0241,8.0026,0.8315,4.3889,1.8176,0.1597,0.6748,558569,77344,5183,919,0,14,1,4.0285,0.8996,0.9905,540.2,1950,7501
3516,mountain_settle,2065.400,9.4470,9.4242,0.0228,9.3409,0.8724,5.2204,2.2804,0.1597,0.6769,563944,92193,5375,0,0,14,1,4.0196,0.7277,1.0499,540.2,1950,7501
3517,mountain_settle,2065.400,10.6584,9.1774,1.4810,8.1234,0.8008,4.5117,1.8422,0.1597,0.6799,568359,107947,4671,256,0,14,1,4.0178,0.6793,0.9572,540.2,1950,7501
3518,mountain_settle,2065.400,12.2370,9.7247,2.5123,8.0998,0.7475,4.5087,1.8780,0.1597,0.6769,565222,103660,4287,7424,0,14,1,4.0266,1.3114,1.0639,540.2,1950,7501
3519,mountain_settle,2065.400,9.8452,9.8181,0.0271,9.0153,0.6861,4.8916,1.8176,0.1608,1.3210,561637,99821,3839,7424,0,14,1,4.0261,1.1629,1.0617,540.2,1950,7501
3520,mountain_settle,2065.400,10.6709,10.6483,0.0226,8.1889,0.8960,4.5097,1.8166,0.1587,0.6779,556708,94766,5055,9984,0,14,1,4.0112,1.4738,1.0283,540.2,1950,7501
3521,mountain_settle,2065.400,11.8029,9.7687,2.0342,7.9800,0.6697,4.5148,1.8309,0.1587,0.6769,556574,96623,4031,4165,0,14,1,4.0136,1.1366,1.0623,540.2,1950,7501
3522,mountain_settle,2065.400,10.5657,8.5573,2.0084,9.3297,0.9667,4.5179,2.4750,0.1577,1.0865,562589,113392,6015,0,0,14,1,4.0193,0.7335,0.9843,540.2,1950,7501
3523,mountain_settle,2065.400,9.9122,8.4921,1.4201,8.1674,0.8428,4.5199,1.8422,0.1587,0.6810,567772,119217,5183,0,0,14,1,4.0250,1.1896,1.2955,540.2,1950,7501
3524,mountain_settle,2065.400,12.0705,9.4945,2.5760,8.0773,0.7526,4.5220,1.8452,0.1587,0.6687,572891,136138,5119,0,0,14,1,4.0221,0.8680,1.0338,540.2,1950,7501
3525,mountain_settle,2065.400,10.7069,10.6641,0.0428,8.9016,1.5739,4.5220,1.8268,0.1597,0.6902,583578,129925,10687,0,0,14,1,4.0240,1.3115,0.9507,540.2,1950,7501
3526,mountain_settle,2065.400,9.7239,9.7026,0.0213,9.2692,1.9180,4.5302,1.8504,0.1597,0.6810,594393,119110,10815,0,0,14,1,4.0262,1.3454,0.9461,540.2,1950,7501
3527,mountain_settle,2065.400,12.6264,10.0438,2.5826,9.1668,1.8186,4.5281,1.8493,0.1597,0.6810,606424,107079,12031,0,0,14,1,4.0109,1.6503,1.0194,540.2,1950,7501
3528,mountain_settle,2065.400,12.7943,10.5955,2.1988,10.1130,1.7951,5.5204,1.8360,0.1587,0.6728,618327,95176,11903,0,0,14,1,4.0142,1.4467,1.1863,540.2,1950,7501
3529,mountain_settle,2065.400,11.9023,9.8616,2.0407,9.2508,1.9098,4.5240,1.8381,0.1638,0.6840,629782,83721,11455,0,0,14,1,4.0230,1.3799,1.1766,540.2,1950,7501
3530,mountain_settle,2065.400,13.4990,9.9579,3.5411,8.9385,1.6046,4.5322,1.8309,0.1587,0.6820,639125,74378,9343,0,0,14,1,4.0202,1.5539,1.3195,540.2,1950,7501
3531,mountain_settle,2065.400,14.1120,14.0852,0.0268,9.8263,2.4873,4.5414,1.8217,0.1597,0.6871,649748,63755,10623,0,0,14,1,4.0158,3.2061,1.6885,540.2,1950,7501
3532,mountain_settle,2065.400,14.0725,14.0506,0.0219,7.1199,2.2139,2.1463,1.8309,0.1587,0.6707,661139,52364,11391,0,0,14,1,4.0184,1.6291,5.2478,540.2,1950,7501
3533,mountain_settle,2065.400,13.7550,13.7340,0.0210,7.1485,2.1842,2.1924,1.8248,0.1628,0.6861,672466,41037,11327,0,0,14,1,4.0143,1.4947,4.9829,540.2,1950,7501
3534,mountain_settle,2065.400,13.7141,13.6927,0.0214,7.4486,2.4535,2.1842,1.8606,0.1608,0.6820,683729,29774,11263,0,0,14,1,4.0278,1.5400,4.0772,540.2,1950,7501
3535,mountain_settle,2065.400,11.3974,11.3722,0.0252,6.6396,1.6865,2.1944,1.8309,0.1618,0.6687,692176,21327,8447,0,0,14,1,4.0165,1.2043,2.9867,540.2,1950,7501
3536,mountain_settle,2065.400,9.5596,9.5383,0.0213,7.0636,2.1289,2.1914,1.8196,0.1587,0.6728,702927,10576,10751,0,0,14,1,4.0137,1.3831,1.5492,540.2,1950,7501
3537,mountain_settle,2065.400,8.3435,8.3232,0.0203,7.5192,2.0654,2.6501,1.8596,0.1618,0.6851,713503,0,10576,0,0,14,1,3.3498,1.3753,0.0978,540.2,1950,7501
3538,mountain_settle,2065.400,3.2455,3.2235,0.0220,5.0002,0.0031,2.1955,1.8586,0.1597,0.6799,713503,0,0,0,0,14,1,0.0070,0.0005,0.0698,540.2,1950,7501
3540,mountain_settle,2065.400,6.6037,3.5169,3.0868,4.9910,0.0031,2.1832,1.8831,0.1597,0.6656,713503,0,0,0,0,14,1,0.0074,0.0006,0.0675,540.2,1950,7501
3541,audit,2065.400,5.8940,5.8919,0.0021,6.8311,0.0031,2.8518,2.1647,0.1587,1.5565,713503,0,0,0,0,14,1,0.0112,0.0011,0.1730,540.2,1950,7501
3542,mountain_flight,2065.000,3.4850,3.4835,0.0015,4.9551,0.0031,2.1688,1.8483,0.1587,0.6810,713503,0,0,0,0,14,1,0.0184,0.0005,0.0798,540.2,1942,7501
3543,mountain_flight,2064.700,4.3351,4.3333,0.0018,4.9388,0.0031,2.1637,1.8422,0.1587,0.6758,713503,0,0,0,0,14,1,0.0198,0.0005,0.1060,540.2,1942,7501
3544,mountain_flight,2064.300,11.0674,6.7280,4.3394,6.5884,0.9605,2.8856,1.8145,0.1618,0.6676,716766,2430,3263,0,0,14,1,1.5227,0.5690,0.4006,540.2,1942,7501
3545,mountain_flight,2064.100,10.9192,5.9700,4.9492,5.4897,0.5356,2.1565,1.8616,0.1597,0.6820,719196,0,2430,0,0,14,1,0.8929,0.5274,0.1339,540.2,1942,7501
3546,mountain_flight,2064.100,10.7611,6.3803,4.3808,4.9674,0.0645,2.1463,1.8299,0.1587,0.6769,719259,11713,63,0,0,14,1,1.5692,0.3470,0.1561,540.2,1942,7501
3547,mountain_flight,2064.100,11.8354,6.7947,5.0407,6.5403,0.8407,2.9297,1.8330,0.1597,0.6769,721946,18242,2687,0,0,14,1,1.8774,0.5027,0.0930,540.2,1942,7501
3548,mountain_flight,2064.100,11.3735,6.9411,4.4324,6.0477,0.6021,2.1504,1.8596,0.3973,0.9441,724697,25889,2751,0,0,14,1,2.0884,0.6561,0.1137,540.2,1942,7501
3549,mountain_flight,2064.400,12.0603,7.2304,4.8299,5.3832,0.4700,2.1494,1.8299,0.1597,0.6789,726808,34018,2111,0,0,14,1,2.3389,0.5233,0.1444,540.2,1942,7501
3550,mountain_flight,2064.400,12.8534,8.5377,4.3157,5.6730,0.7240,2.1412,1.8698,0.1577,0.6769,730135,37171,3327,0,0,14,1,2.5829,0.6114,0.1576,540.2,1942,7501
3551,mountain_flight,2064.400,11.4447,6.9911,4.4536,6.7768,1.0609,2.9307,1.8606,0.1597,0.6687,735126,38124,4991,0,0,14,1,2.6758,0.9086,0.1044,540.2,1942,7501
3552,mountain_flight,2064.300,11.8755,7.5416,4.3339,6.3212,1.4090,2.1422,1.8432,0.1597,0.6697,741845,31391,6719,0,0,14,1,2.7070,1.0510,0.1629,540.2,1942,7501
3553,mountain_flight,2064.300,12.4589,8.0101,4.4488,6.4123,1.4879,2.1596,1.8268,0.1608,0.6789,748948,24288,7103,0,0,14,1,2.5026,1.1369,0.1924,540.2,1942,7501
3554,mountain_flight,2064.000,11.7965,7.3564,4.4401,6.7000,0.9820,2.4975,2.2825,0.1587,0.6840,752926,20428,4607,629,0,14,1,2.2757,0.9234,0.1058,540.2,1942,7501
3555,mountain_flight,2063.900,11.7769,6.4667,5.3102,6.2761,1.1028,2.1545,1.8381,0.4137,0.6717,757309,16244,5247,864,0,14,1,2.1570,0.9259,0.1080,540.2,1942,7501
3556,mountain_flight,2063.900,11.7616,7.3711,4.3905,5.6269,0.6932,2.1555,1.8452,0.1577,0.6717,760508,13045,3199,0,0,14,1,2.0313,0.7877,0.9646,540.2,1942,7501
3557,mountain_flight,2063.900,12.8075,8.4881,4.3194,6.3693,1.4203,2.1473,1.8688,0.1608,0.6738,766331,7222,5823,0,0,14,1,1.9360,1.1635,1.2689,540.2,1942,7501
3558,mountain_flight,2063.700,11.1986,6.8533,4.3453,5.5040,0.5734,2.1463,1.8473,0.1597,0.6810,766824,6425,2559,2066,0,14,1,1.7379,0.7031,0.8817,540.2,1942,7501
3559,mountain_flight,2063.500,11.5374,6.9589,4.5785,5.4436,0.5407,2.1576,1.8207,0.1597,0.6687,768358,7867,2495,961,0,14,1,1.7173,0.6460,1.0893,540.2,1942,7501
3560,mountain_flight,2063.500,11.7604,7.3264,4.4340,5.5808,0.6359,2.1494,1.8688,0.1587,0.6707,771301,6085,2943,0,0,14,1,1.7806,0.7626,1.4850,540.2,1942,7501
3561,mountain_flight,2063.300,10.6819,6.3813,4.3006,6.0539,1.0742,2.1647,1.8708,0.1618,0.6840,776420,966,5119,0,0,14,1,1.7127,0.9666,0.2780,540.2,1942,7501
3562,mountain_flight,2063.400,10.9157,6.3630,4.5527,5.5020,0.5243,2.1832,1.8442,0.1577,0.6953,776792,11,2431,2059,0,14,1,1.5433,0.8375,0.1540,540.2,1950,7501
3563,mountain_flight,2063.700,10.7292,6.2602,4.4690,5.3074,0.3297,2.1699,1.8657,0.1608,0.6769,777090,0,1422,1124,0,14,1,1.3185,0.5786,0.1374,540.2,1950,7501
3564,mountain_flight,2063.900,8.8463,4.4558,4.3905,4.9459,0.0020,2.1606,1.8412,0.1597,0.6799,777090,0,0,0,0,14,1,0.0270,0.0004,0.0802,540.2,1950,7501
3565,mountain_flight,2063.900,8.6640,3.9564,4.7076,4.9009,0.0031,2.1647,1.8043,0.1597,0.6748,777090,0,0,0,0,14,1,0.0097,0.0006,0.0745,540.2,1950,7501
3566,mountain_flight,2064.100,9.9857,5.6613,4.3244,6.3601,0.4219,2.5221,2.4627,0.1597,0.6963,776918,0,1893,2065,0,14,1,1.4954,0.6739,0.1592,540.2,1950,7501
3567,mountain_flight,2064.200,9.6360,5.2004,4.4356,5.1589,0.2150,2.1760,1.8350,0.1608,0.6769,776921,0,880,877,0,14,1,0.6891,0.5007,0.1098,540.2,1950,7501
3568,mountain_flight,2064.200,9.4618,5.1894,4.2724,5.2244,0.2529,2.1883,1.8586,0.1597,0.6717,776894,0,1034,1061,0,14,1,0.8871,0.5295,0.1014,540.2,1950,7501
3569,mountain_flight,2064.100,8.5737,4.2514,4.3223,4.9695,0.0031,2.1883,1.8371,0.1608,0.6861,776894,0,0,0,0,14,1,0.0095,0.0003,0.0669,540.2,1950,7501
3570,mountain_flight,2064.000,11.9885,7.4804,4.5081,6.3109,0.5816,2.8559,1.9302,0.1577,0.6892,776521,650,1471,1844,0,14,1,1.5241,0.6978,0.3098,540.2,1950,7501
3571,mountain_flight,2063.900,10.2725,5.7685,4.5040,5.3514,0.3983,2.1780,1.8360,0.1618,0.6769,777280,0,1759,1000,0,14,1,0.9981,0.5165,0.0841,540.2,1950,7501
3572,mountain_flight,2063.700,8.2549,3.9045,4.3504,4.9408,0.0031,2.1637,1.8371,0.1597,0.6820,777280,0,0,0,0,14,1,0.0243,0.0006,0.0945,540.2,1950,7501
3573,mountain_flight,2063.700,9.2811,4.9841,4.2970,5.6361,0.0031,2.4914,2.2077,0.1587,0.6810,777280,0,0,0,0,14,1,0.0118,0.0007,0.1476,540.2,1950,7501
3574,mountain_flight,2063.900,9.0258,4.4224,4.6034,4.9418,0.0031,2.1791,1.8186,0.1597,0.6799,777280,0,0,0,0,14,1,0.0098,0.0005,0.0778,540.2,1950,7501
3575,mountain_flight,2064.100,11.5912,7.0627,4.5285,5.0678,0.0748,2.1791,1.8698,0.1608,0.6830,775393,3966,127,2014,0,14,1,1.5248,0.5365,0.7849,540.2,1950,7501
3576,mountain_flight,2064.300,10.5075,6.1841,4.3234,6.4543,0.8028,2.1842,2.1740,0.1618,1.0342,779359,0,3966,0,0,14,1,1.4280,0.8836,0.1158,540.2,1950,7501
3577,mountain_flight,2064.500,13.5097,6.4428,7.0669,5.0452,0.0676,2.1975,1.8401,0.1597,0.6779,776878,1732,63,2544,0,14,1,1.5819,0.5510,0.3574,540.2,1950,7501
3578,mountain_flight,2064.600,11.5918,5.5349,6.0569,5.4497,0.4424,2.1996,1.8780,0.1577,0.6758,776903,1699,1983,1958,0,14,1,1.5793,0.6391,0.4065,540.2,1950,7501
3579,mountain_flight,2064.600,10.6217,6.3035,4.3182,6.3713,0.6175,2.9860,1.8371,0.1628,0.6707,778125,862,2879,1657,0,14,1,1.5702,0.6991,0.2589,540.2,1950,7501
3580,mountain_flight,2064.500,9.8311,5.3615,4.4696,5.1896,0.2243,2.1791,1.8493,0.1597,0.6738,778987,0,862,0,0,14,1,0.4409,0.4100,0.0947,540.2,1950,7501
3581,mountain_flight,2064.300,8.4877,4.1137,4.3740,4.9603,0.0031,2.1821,1.8289,0.1587,0.6922,778987,0,0,0,0,14,1,0.0105,0.0006,0.0830,540.2,1950,7501
3582,mountain_flight,2064.300,10.9370,6.3808,4.5562,5.4927,0.2755,2.1801,1.8319,0.1597,0.9533,778275,963,1151,1863,0,14,1,1.5268,0.6192,0.3305,540.2,1950,7501
3583,mountain_flight,2064.600,9.6597,4.8862,4.7735,5.1927,0.2365,2.1770,1.8452,0.1597,0.6758,779238,0,963,0,0,14,1,0.4558,0.4220,0.1454,540.2,1950,7501
3584,mountain_flight,2064.600,9.9345,5.5411,4.3934,5.3473,0.4168,2.1729,1.8227,0.1587,0.6799,779136,0,1883,1985,0,14,1,1.3295,0.6147,0.1142,540.2,1950,7501
3585,mountain_flight,2064.600,8.8987,4.3499,4.5488,4.9725,0.0031,2.1699,1.8534,0.1587,0.6922,779136,0,0,0,0,14,1,0.0121,0.0005,0.0800,540.2,1950,7501
3586,mountain_flight,2064.500,10.7486,6.4736,4.2750,6.4225,0.4424,2.7914,2.2395,0.1608,0.6922,779089,0,1967,2014,0,14,1,1.4538,0.6164,0.0939,540.2,1950,7501
3587,mountain_flight,2064.400,10.7137,4.5313,6.1824,5.2306,0.2724,2.1770,1.8473,0.1587,0.6820,779219,0,1121,991,0,14,1,0.8049,0.4719,0.0865,540.2,1950,7501
3588,mountain_flight,2064.200,8.4962,4.1916,4.3046,4.9787,0.0031,2.1934,1.8504,0.1577,0.6799,779219,0,0,0,0,14,1,0.0260,0.0004,0.0865,540.2,1950,7501
3589,mountain_flight,2064.100,8.6794,4.2067,4.4727,5.2961,0.0031,2.1811,1.8678,0.1608,0.9820,779219,0,0,0,0,14,1,0.0099,0.0004,0.0774,540.2,1950,7501
3590,mountain_flight,2064.200,10.7789,6.3339,4.4450,5.2060,0.2406,2.1965,1.8330,0.1587,0.6840,778246,1100,959,1932,0,14,1,1.5276,0.7195,0.2933,540.2,1950,7501
3591,mountain_flight,2064.200,9.6195,5.2467,4.3728,5.2378,0.2580,2.2057,1.8360,0.1608,0.6789,779346,0,1100,0,0,14,1,0.4908,0.3889,0.0943,540.2,1950,7501
3592,mountain_flight,2064.100,10.8356,6.2364,4.5992,5.1855,0.2099,2.1996,1.8504,0.1597,0.6728,777232,1780,831,2945,0,14,1,1.5131,0.6594,0.3136,540.2,1950,7501
3593,mountain_flight,2063.900,12.8240,8.4614,4.3626,5.3637,0.3942,2.2026,1.8350,0.1597,0.6779,779012,0,1780,0,0,14,1,1.3497,0.5321,0.1079,540.2,1950,7501
3594,mountain_flight,2064.000,9.9334,5.6633,4.2701,5.4743,0.4639,2.2129,1.8586,0.1638,0.6810,779240,0,2097,1869,0,14,1,1.4145,0.6349,0.1225,540.2,1950,7501
3595,mountain_flight,2064.100,9.3447,4.8877,4.4570,5.2511,0.2314,2.2170,1.8668,0.1618,0.6810,779016,0,937,1161,0,14,1,0.7976,0.4752,0.0830,540.2,1950,7501
3596,mountain_flight,2064.100,8.8090,4.4621,4.3469,6.0948,0.0031,3.3004,1.8555,0.1587,0.6748,779016,0,0,0,0,14,1,0.0227,0.0008,0.0731,540.2,1950,7501
3597,mountain_flight,2064.100,10.2650,4.0794,6.1856,5.0309,0.0031,2.2036,1.8954,0.1577,0.6779,779016,0,0,0,0,14,1,0.0110,0.0010,0.0972,540.2,1950,7501
3598,mountain_flight,2064.100,10.0591,5.6761,4.3830,5.4057,0.4209,2.2057,1.8412,0.1587,0.6820,778946,202,1855,1925,0,14,1,1.5246,0.7197,0.2124,540.2,1950,7501
3599,mountain_flight,2063.800,9.0449,4.6350,4.4099,5.3596,0.0829,2.1985,2.1484,0.1597,0.6769,779148,0,202,0,0,14,1,0.1295,0.3492,0.0949,540.2,1950,7501
3600,mountain_flight,2063.600,10.7776,6.3077,4.4699,5.2562,0.2744,2.2057,1.8473,0.1587,0.6769,778360,770,1151,1939,0,14,1,1.5229,0.6607,0.2215,540.2,1950,7501
3601,mountain_flight,2063.300,9.4956,5.1646,4.3310,5.1845,0.1894,2.1996,1.8596,0.1608,0.6820,779130,0,770,0,0,14,1,0.3530,0.3797,0.1113,540.2,1950,7501
3602,mountain_flight,2063.100,10.2220,5.9423,4.2797,5.4661,0.4618,2.2180,1.8422,0.1597,0.6902,779381,0,2116,1865,0,14,1,1.4200,0.6825,0.1138,540.2,1950,7501
3603,mountain_flight,2062.700,11.1861,6.7768,4.4093,6.2894,0.2191,3.2860,1.8534,0.1608,0.6758,779235,170,895,1041,0,14,1,1.5287,0.6239,0.2088,540.2,1950,7501
3604,mountain_flight,2062.700,12.7020,7.9292,4.7728,5.4804,0.4782,2.2405,1.8299,0.1608,0.6758,780356,0,2303,1182,0,14,1,1.3288,0.6231,0.0983,540.2,1950,7501
3605,mountain_flight,2063.000,10.3267,4.5796,5.7471,5.0391,0.0031,2.2364,1.8565,0.1597,0.6912,780356,0,0,0,0,14,1,0.0109,0.0006,0.0923,540.2,1950,7501
3606,mountain_flight,2063.000,11.7152,6.7379,4.9773,5.0842,0.0696,2.2313,1.8473,0.1587,0.6871,778337,1151,63,2082,0,14,1,1.5701,0.5441,0.4021,540.2,1950,7501
3607,mountain_flight,2063.100,11.8275,7.1639,4.6636,5.4047,0.4035,2.2221,1.8452,0.1587,0.6840,780165,0,1828,0,0,14,1,1.0151,0.5194,0.1081,540.2,1950,7501
3608,mountain_flight,2063.300,14.1425,7.9329,6.2096,5.7682,0.0707,2.2211,2.1688,0.1597,1.0578,778282,1752,63,1946,0,14,1,1.6332,0.5884,0.3380,540.2,1950,7501
3609,mountain_flight,2063.300,11.2736,6.3222,4.9514,6.3764,0.5683,2.2057,1.8319,0.9789,0.6994,780053,69,2623,852,0,14,1,1.5849,0.7056,0.1432,540.2,1950,7501
3610,mountain_flight,2063.000,11.5340,6.3014,5.2326,5.4108,0.3983,2.2211,1.8483,0.1597,0.6779,779677,0,1741,2117,0,14,1,1.4102,0.7717,0.1448,540.2,1950,7501
3611,mountain_flight,2062.900,9.9759,4.9426,5.0333,5.9648,0.1864,2.5518,2.2948,0.1587,0.6820,778705,0,701,1673,0,14,1,0.9215,0.5168,0.1238,540.2,1950,7501
3612,mountain_flight,2062.600,8.6957,4.1084,4.5873,5.0371,0.0031,2.2129,1.8893,0.1608,0.6799,778705,0,0,0,0,14,1,0.0247,0.0005,0.0760,540.2,1950,7501
3613,mountain_flight,2062.500,10.1003,4.4939,5.6064,5.0811,0.0031,2.2354,1.9067,0.1608,0.6840,778705,0,0,0,0,14,1,0.0131,0.0006,0.1322,540.2,1950,7501
3614,mountain_flight,2062.700,10.1451,5.6092,4.5359,5.4784,0.4444,2.2436,1.8412,0.1597,0.6963,778749,0,2006,1962,0,14,1,1.4543,0.6583,0.0996,540.2,1950,7501
3615,mountain_flight,2062.800,9.9775,5.5325,4.4450,5.0033,0.0031,2.2477,1.8258,0.1597,0.6769,778749,0,0,0,0,14,1,0.0131,0.0007,0.0950,540.2,1950,7501
3616,mountain_flight,2062.900,9.9805,5.6234,4.3571,5.3299,0.2949,2.2272,1.8678,0.1577,0.6922,777234,0,1280,2795,0,14,1,1.4159,0.6275,0.1518,540.2,1950,7501
3617,mountain_flight,2063.000,8.5869,4.0522,4.5347,4.9879,0.0020,2.2221,1.8309,0.1628,0.6810,777234,0,0,0,0,14,1,0.0129,0.0007,0.0974,540.2,1950,7501
3618,mountain_flight,2063.200,10.6312,6.2385,4.3927,6.1583,0.4731,2.2200,2.5324,0.1608,0.6769,777545,0,2140,1829,0,14,1,1.4451,0.6804,0.0950,540.2,1950,7501
3619,mountain_flight,2063.100,9.9511,5.0304,4.9207,5.2357,0.2243,2.2108,1.8637,0.1608,0.6871,777182,0,843,1206,0,14,1,0.8823,0.4542,0.0931,540.2,1950,7501
3620,mountain_flight,2063.100,8.1843,3.8702,4.3141,5.0647,0.0031,2.2231,1.9098,0.1587,0.6728,777182,0,0,0,0,14,1,0.0313,0.0009,0.1064,540.2,1950,7501
3621,mountain_flight,2063.100,8.3284,4.0236,4.3048,5.0012,0.0031,2.2272,1.8350,0.1587,0.6881,777182,0,0,0,0,14,1,0.0093,0.0010,0.0673,540.2,1950,7501
3622,mountain_flight,2063.200,11.0422,6.7022,4.3400,5.5726,0.2642,2.2436,2.0992,0.1608,0.7086,776618,1234,1087,1651,0,14,1,1.5210,0.6128,0.3657,540.2,1950,7501
3623,mountain_flight,2063.300,12.0519,5.3437,6.7082,5.2910,0.2918,2.2497,1.8330,0.1597,0.6697,777852,0,1234,0,0,14,1,0.5295,0.4355,0.0887,540.2,1950,7501
3624,mountain_flight,2063.400,13.9536,7.4525,6.5011,5.2736,0.1300,2.2651,1.9395,0.1597,0.6912,775372,2126,447,2927,0,14,1,1.5091,0.6485,0.4694,540.2,1950,7501
3625,mountain_flight,2063.500,10.0917,5.6766,4.4151,5.7651,0.4608,2.2436,1.8811,0.1587,0.9318,777498,0,2126,0,0,14,1,1.1152,0.5833,0.1699,540.2,1950,7501
3626,mountain_flight,2063.600,11.0194,6.6320,4.3874,5.4190,0.3758,2.2385,1.8504,0.1587,0.7066,777155,296,1663,2006,0,14,1,1.5268,0.7415,0.1793,540.2,1950,7501
3627,mountain_flight,2063.800,9.3937,4.8121,4.5816,5.3432,0.3082,2.2344,1.8729,0.1597,0.6820,777438,0,1321,1038,0,14,1,0.8834,0.4677,0.1116,540.2,1950,7501
3628,mountain_flight,2064.100,9.6113,5.2139,4.3974,5.0371,0.0031,2.2487,1.8637,0.1587,0.6758,777438,0,0,0,0,14,1,0.0289,0.0008,0.1024,540.2,1950,7501
3629,mountain_flight,2064.200,7.5802,3.2473,4.3329,5.0371,0.0010,2.2415,1.8534,0.1597,0.6984,777438,0,0,0,0,14,1,0.0084,0.0005,0.0708,540.2,1950,7501
3630,mountain_flight,2064.300,10.2348,5.9509,4.2839,5.2541,0.2621,2.2415,1.8371,0.1587,0.6738,776140,531,1087,2385,0,14,1,1.5278,0.6717,0.2781,540.2,1950,7501
3631,mountain_flight,2064.400,8.7232,4.2830,4.4402,6.0477,0.1454,2.2508,2.3480,0.1577,1.0639,776671,0,531,0,0,14,1,0.2704,0.3667,0.0865,540.2,1950,7501
3632,mountain_flight,2064.600,10.0876,5.6727,4.4149,5.4344,0.4710,2.2180,1.8371,0.1587,0.6666,777259,89,2175,1587,0,14,1,1.5172,0.7446,0.1396,540.2,1950,7501
3633,mountain_flight,2064.800,8.1645,3.8521,4.3124,5.1149,0.0604,2.2292,1.9026,0.1597,0.6820,777348,0,89,0,0,14,1,0.0722,0.2896,0.0840,540.2,1950,7501
3634,mountain_flight,2065.100,10.4388,5.9655,4.4733,5.3084,0.3625,2.2211,1.8278,0.1577,0.6564,776783,180,1599,2164,0,14,1,1.5260,0.6672,0.1342,540.2,1950,7501
3635,mountain_flight,2065.200,8.0111,3.7165,4.2946,5.9013,0.0799,3.0546,1.8647,0.1587,0.6625,776963,0,180,0,0,14,1,0.1133,0.2990,0.0814,540.2,1950,7501
3636,mountain_flight,2065.300,9.5613,4.6840,4.8773,5.3535,0.3604,2.2272,1.8688,0.1577,0.6564,776546,0,1648,2065,0,14,1,1.3175,0.5945,0.1191,540.2,1950,7501
3637,mountain_flight,2065.300,8.1732,3.8923,4.2809,4.9715,0.0010,2.2241,1.8391,0.1587,0.6666,776546,0,0,0,0,14,1,0.0114,0.0006,0.0879,540.2,1950,7501
3638,mountain_flight,2065.200,9.9126,5.3206,4.5920,5.4518,0.5048,2.2200,1.8176,0.1567,0.6687,777211,21,2303,1638,0,14,1,1.5166,0.6635,0.1004,540.2,1950,7501
3639,mountain_flight,2065.000,9.6288,5.2650,4.3638,5.0514,0.0573,2.2231,1.8719,0.1587,0.6584,777232,0,21,0,0,14,1,0.0345,0.2883,0.1054,540.2,1950,7501
3640,mountain_flight,2064.700,12.6806,6.6770,6.0036,5.2859,0.2724,2.2231,1.8944,0.1577,0.6574,775923,1971,1151,2460,0,14,1,1.5208,0.7612,0.5658,540.2,1950,7501
3641,mountain_flight,2064.500,9.0511,4.7597,4.2914,5.4149,0.4342,2.2252,1.8545,0.1577,0.6605,777894,0,1971,0,0,14,1,0.7712,0.5257,0.0984,540.2,1950,7501
3642,mountain_flight,2064.400,9.9291,5.5391,4.3900,5.4374,0.4383,2.2374,1.8524,0.1649,0.6615,778216,329,1983,1661,0,14,1,1.5261,0.7861,0.2439,540.2,1950,7501
3643,mountain_flight,2064.400,8.4992,4.1705,4.3287,5.2111,0.2621,2.2292,1.8278,0.1577,0.6533,777981,0,1107,1342,0,14,1,0.9250,0.5105,0.0803,540.2,1950,7501
3644,mountain_flight,2064.400,7.4383,3.0726,4.3657,4.9910,0.0010,2.2313,1.8596,0.1608,0.6564,777981,0,0,0,0,14,1,0.0221,0.0005,0.0826,540.2,1950,7501
3645,mountain_flight,2064.200,7.4678,2.9774,4.4904,4.9828,0.0010,2.2262,1.8422,0.1556,0.6758,777981,0,0,0,0,14,1,0.0075,0.0005,0.0774,540.2,1950,7501
3646,mountain_flight,2064.000,10.0461,5.6807,4.3654,5.7457,0.0225,2.9645,1.8524,0.1577,0.6666,773148,0,0,4833,0,14,1,1.7133,0.9627,0.1684,540.2,1950,7501
3647,mountain_flight,2063.700,9.0170,4.6839,4.3331,5.1968,0.2273,2.2241,1.8504,0.1597,0.6543,773148,0,937,937,0,14,1,0.6877,0.4545,0.0871,540.2,1950,7501
3648,mountain_flight,2063.700,9.8805,5.4120,4.4685,5.5050,0.4700,2.2415,1.8842,0.1577,0.6687,773927,328,2175,1396,0,14,1,1.5194,0.6729,0.1570,540.2,1950,7501
3649,mountain_flight,2063.500,8.3464,3.9876,4.3588,5.3504,0.0993,2.2395,2.1002,0.1577,0.6728,774255,0,328,0,0,14,1,0.1858,0.3424,0.0910,540.2,1950,7501
3650,mountain_flight,2063.400,10.1016,5.5730,4.5286,5.1517,0.1618,2.2149,1.8586,0.1608,0.6687,772391,942,575,2439,0,14,1,1.5276,0.5925,0.2546,540.2,1950,7501
3652,mountain_flight,2062.800,7.2143,2.3529,4.8614,5.0278,0.0010,2.2313,1.8893,0.1608,0.6636,773886,0,0,0,0,14,1,0.0218,0.0004,0.0760,540.2,1950,7501
3653,mountain_flight,2062.500,8.2186,3.7333,4.4853,5.2623,0.0010,2.2385,2.1146,0.1597,0.6666,773886,0,0,0,0,14,1,0.0132,0.0007,0.0845,540.2,1950,7501
3654,mountain_flight,2062.400,9.9732,5.5374,4.4358,5.4794,0.4751,2.2333,1.8412,0.1659,0.6810,774561,393,2175,1500,0,14,1,1.5087,0.6901,0.1592,540.2,1950,7501
3655,mountain_flight,2062.500,8.1167,3.7240,4.3927,5.1405,0.1219,2.2579,1.8514,0.1587,0.6697,774954,0,393,0,0,14,1,0.2644,0.3257,0.0886,540.2,1950,7501
3656,mountain_flight,2062.700,7.4233,3.0008,4.4225,5.0452,0.0010,2.2671,1.8749,0.1587,0.6625,774954,0,0,0,0,14,1,0.0108,0.0005,0.0851,540.2,1950,7501
3657,mountain_flight,2062.800,9.9600,5.6044,4.3556,5.8061,0.1178,2.2682,2.5057,0.1608,0.6738,772125,1969,383,3212,0,14,1,1.5124,0.6325,0.4098,540.2,1950,7501
3658,mountain_flight,2063.000,10.6072,5.6514,4.9558,5.4804,0.4014,2.2508,1.9231,0.1597,0.6636,771039,489,1791,2877,0,14,1,1.5776,0.7141,0.2008,540.2,1950,7501
3660,mountain_flight,2063.200,7.2295,2.8886,4.3409,5.0166,0.0010,2.2702,1.8422,0.1587,0.6625,772389,0,0,0,0,14,1,0.0219,0.0004,0.0713,540.2,1950,7501
3661,mountain_flight,2063.300,8.0773,3.8084,4.2689,5.4600,0.0010,2.6900,1.8555,0.1597,0.6707,772389,0,0,0,0,14,1,0.0111,0.0015,0.1088,540.2,1950,7501
3663,mountain_flight,2063.600,7.2189,2.8514,4.3675,5.0022,0.0010,2.2467,1.8555,0.1567,0.6605,772336,0,0,0,0,14,1,0.0119,0.0004,0.0790,540.2,1942,7501
3665,mountain_flight,2063.500,7.0506,2.6958,4.3548,5.5357,0.0020,2.7771,1.8463,0.1587,0.6707,771688,0,0,0,0,14,1,0.0149,0.0007,0.0919,540.2,1942,7501
3666,mountain_flight,2063.500,10.8998,6.3961,4.5037,5.2398,0.2048,2.2682,1.8483,0.1628,0.6717,770698,3111,831,1821,0,14,1,1.5203,0.5624,0.7170,540.2,1942,7501
3667,mountain_flight,2063.800,10.6349,6.1586,4.4763,5.5736,0.4854,2.2927,1.8883,0.1597,0.6646,771317,2480,2239,1620,0,14,1,1.6117,0.6787,0.5200,540.2,1942,7501
3669,mountain_flight,2064.500,7.9952,3.3321,4.6631,5.1538,0.0829,2.2825,1.8780,0.1608,0.6676,773811,0,242,0,0,14,1,0.1310,0.3034,0.0813,540.2,1942,7501
3670,mountain_flight,2065.000,10.4411,6.0809,4.3602,5.3412,0.2652,2.2948,1.8688,0.1577,0.6738,771902,108,1087,2996,0,14,1,1.5575,0.8657,0.1367,540.2,1942,7501
3671,mountain_flight,2065.300,8.8319,4.3327,4.4992,5.1528,0.0635,2.2835,1.8954,0.1597,0.6676,772010,0,108,0,0,14,1,0.0972,0.3197,0.0859,540.2,1942,7501
3672,mountain_flight,2065.800,10.2549,5.9370,4.3179,5.1517,0.0676,2.2733,1.9016,0.1597,0.6687,768608,1217,63,3465,0,14,1,1.5465,0.6853,0.4799,540.2,1942,7501
3673,mountain_flight,2066.400,9.6221,5.1775,4.4446,5.5583,0.4588,2.3060,1.8637,0.1587,0.6892,770594,0,2065,79,0,14,1,1.2353,0.6337,0.1197,540.2,1942,7501
3674,mountain_flight,2066.800,9.5186,4.8114,4.7072,5.5183,0.4106,2.3071,1.8831,0.1577,0.6769,770396,0,1835,2033,0,14,1,1.3797,0.6392,0.1198,540.2,1942,7501
3675,mountain_flight,2066.900,8.8428,4.5426,4.3002,6.0611,0.2734,2.6225,2.2600,0.1567,0.6676,770756,0,1165,805,0,14,1,0.7556,0.4550,0.0789,540.2,1942,7501
3677,mountain_flight,2067.400,7.4525,3.1478,4.3047,5.1323,0.0010,2.3214,1.8934,0.1577,0.6769,770756,0,0,0,0,14,1,0.0126,0.0005,0.0805,540.2,1942,7501
3678,mountain_flight,2067.800,10.7892,5.7408,5.0484,5.6146,0.5089,2.3245,1.8493,0.1597,0.6871,771631,253,2303,1428,0,14,1,1.5188,0.6781,0.1818,540.2,1942,7501
3679,mountain_flight,2068.000,9.3629,4.7984,4.5645,5.8962,0.0901,3.0587,1.8493,0.1608,0.6564,771884,0,253,0,0,14,1,0.1774,0.3413,0.0987,540.2,1942,7501
3680,mountain_flight,2068.100,9.6246,4.9729,4.6517,5.3678,0.2949,2.3306,1.8422,0.1567,0.6605,770487,0,1271,2668,0,14,1,1.3570,0.6412,0.1222,540.2,1942,7501
3681,mountain_flight,2068.300,9.0485,4.1988,4.8497,5.0842,0.0010,2.3276,1.8473,0.1597,0.6656,770487,0,0,0,0,14,1,0.0138,0.0007,0.0914,540.2,1942,7501
3682,mountain_flight,2068.500,9.7134,5.3816,4.3318,5.8051,0.4188,2.3378,1.8534,0.1597,0.9452,771120,1119,1855,1222,0,14,1,1.5225,0.6453,0.2722,540.2,1942,7501
3683,mountain_flight,2068.800,10.3100,5.8268,4.4832,5.4886,0.3748,2.3429,1.8698,0.1597,0.6584,771542,0,1654,1232,0,14,1,1.1523,1.1077,0.0987,540.2,1942,7501
3684,mountain_flight,2069.100,8.0866,3.8027,4.2839,5.0842,0.0010,2.3265,1.8452,0.1608,0.6687,771542,0,0,0,0,14,1,0.0225,0.0004,0.0788,540.2,1942,7501
3685,mountain_flight,2069.600,7.4235,2.7567,4.6668,5.1026,0.0020,2.3296,1.8565,0.1587,0.6717,771542,0,0,0,0,14,1,0.0104,0.0005,0.0900,540.2,1942,7501
3686,mountain_flight,2069.900,9.9227,5.4018,4.5209,6.3222,0.2980,2.3132,2.5702,0.1608,0.8960,770481,303,1279,2340,0,14,1,1.5078,0.7179,0.2168,540.2,1942,7501
3687,mountain_flight,2070.100,8.9010,4.1171,4.7839,5.2275,0.1004,2.3347,1.8903,0.1597,0.6595,770784,0,303,0,0,14,1,0.1753,0.3361,0.0834,540.2,1942,7501
3688,mountain_flight,2070.300,9.8498,5.4925,4.3573,5.2890,0.2079,2.3255,1.8504,0.1608,0.6595,768778,1773,831,2837,0,14,1,1.5214,0.6241,0.3239,540.2,1942,7501
3689,mountain_flight,2070.400,8.6590,4.1181,4.5409,5.5224,0.3973,2.3255,1.8872,0.1597,0.6676,770551,0,1773,0,0,14,1,0.7176,0.4740,0.1065,540.2,1942,7501
3690,mountain_flight,2070.600,10.2936,5.9015,4.3921,6.0150,0.4864,2.7863,1.8299,0.1587,0.6666,771079,0,2199,1671,0,14,1,1.4155,0.8290,0.1506,540.2,1942,7501
3691,mountain_flight,2070.700,8.6180,4.3135,4.3045,5.3647,0.2376,2.3194,1.9005,0.1608,0.6595,771001,0,956,1034,0,14,1,0.7426,0.4337,0.1348,540.2,1942,7501
3692,mountain_flight,2070.900,8.4628,4.1846,4.2782,5.0627,0.0010,2.3101,1.8524,0.1587,0.6543,771001,0,0,0,0,14,1,0.0241,0.0005,0.0994,540.2,1942,7501
3693,mountain_flight,2071.100,5.2789,5.2758,0.0031,6.5147,0.6031,3.1386,1.8616,0.1587,0.6646,770702,220,1663,1962,0,14,1,1.5125,0.6426,0.1902,540.2,1942,7501
3694,mountain_flight,2071.100,10.2017,4.4835,5.7182,5.1538,0.0891,2.2815,1.8606,0.1618,0.6728,767850,0,220,3072,0,14,1,1.0139,0.5044,0.0912,540.2,1942,7501
3695,mountain_flight,2071.100,9.3740,5.0861,4.2879,5.0637,0.0225,2.2886,1.8473,0.1587,0.6595,762474,0,0,5376,0,14,1,1.5624,0.6871,0.1332,540.2,1942,7501
3696,mountain_flight,2071.100,9.8121,5.1518,4.6603,5.5245,0.0215,2.2804,2.3153,0.1587,0.6615,757354,0,0,5120,0,14,1,1.5632,0.6048,0.0920,540.2,1942,7501
3697,mountain_flight,2071.300,9.7346,5.3645,4.3701,5.0760,0.0184,2.2917,1.8514,0.1587,0.6707,753770,0,0,3584,0,14,1,1.5725,0.5397,0.0910,540.2,1942,7501
3698,mountain_flight,2071.500,9.3271,5.0332,4.2939,5.0790,0.0317,2.2897,1.8442,0.1577,0.6707,748394,0,0,5376,0,14,1,1.5307,0.5946,0.0972,540.2,1942,7501
3699,mountain_flight,2071.700,10.0801,5.4584,4.6217,5.0616,0.0195,2.2835,1.8412,0.1608,0.6717,744554,0,0,3840,0,14,1,1.6465,0.6607,0.1005,540.2,1942,7501
3700,mountain_flight,2071.600,11.5168,7.0662,4.4506,5.3105,0.0195,2.5170,1.8647,0.1567,0.6666,741178,0,0,3376,0,14,1,1.6278,0.9435,0.6098,540.2,1942,7501
3701,mountain_flight,2071.200,9.5190,5.1670,4.3520,5.1067,0.0246,2.2866,1.8606,0.1608,0.6861,735546,0,0,5632,0,14,1,1.5502,0.5416,0.0878,540.2,1942,7501
3702,mountain_flight,2070.900,10.4248,5.3844,5.0404,5.1497,0.0225,2.2958,1.9077,0.1597,0.6758,730938,0,0,4608,0,14,1,1.6132,0.7004,0.1012,540.2,1942,7501
3703,mountain_flight,2070.600,10.2653,5.9447,4.3206,5.8225,0.0655,2.3020,2.5416,0.1587,0.6676,730345,8385,63,656,0,14,1,1.5581,0.3911,0.1039,540.2,1942,7501
3704,mountain_flight,2070.500,10.6959,5.6618,5.0341,5.3330,0.2785,2.2886,1.8493,0.1597,0.6676,731560,14338,1215,0,0,14,1,1.7921,0.5315,0.1665,540.2,1942,7501
3705,mountain_flight,2070.400,11.1632,6.4463,4.7169,5.5132,0.4229,2.2958,1.8555,0.1587,0.6902,733479,19075,1919,0,0,14,1,1.9655,0.4915,0.1191,540.2,1942,7501
3706,mountain_flight,2070.600,11.4101,7.0633,4.3468,6.2802,0.5130,2.9891,1.8432,0.1618,0.6810,735846,26856,2367,0,0,14,1,2.1288,0.5407,0.1035,540.2,1942,7501
3707,mountain_flight,2070.700,12.3014,6.8203,5.4811,6.5239,0.5642,3.1672,1.8739,0.1577,0.6717,737957,33593,2623,512,0,14,1,2.3609,0.6190,0.1322,540.2,1942,7501
3708,mountain_flight,2070.900,12.1309,7.6927,4.4382,5.7037,0.6308,2.2897,1.8657,0.1577,0.6717,739737,30857,2943,1163,0,14,1,2.5908,0.7183,0.2394,540.2,1942,7501
3709,mountain_flight,2071.200,11.5206,7.1803,4.3403,5.6218,0.5304,2.2682,1.8801,0.1587,0.6932,740509,32488,2431,1659,0,14,1,2.5073,0.7785,0.6415,540.2,1942,7501
3710,mountain_flight,2071.200,11.3125,7.0517,4.2608,6.2700,0.6984,2.2866,2.3501,0.1567,0.6881,742472,28440,3263,1300,0,14,1,2.5328,0.7416,0.6248,540.2,1942,7501
3711,mountain_flight,2071.300,11.7673,7.4149,4.3524,6.4635,1.3455,2.2641,1.9180,0.1608,0.6861,748999,21913,6527,0,0,14,1,2.4109,1.0484,0.6596,540.2,1942,7501
3712,mountain_flight,2071.200,10.9438,6.6119,4.3319,5.3688,0.2970,2.2784,1.8719,0.1587,0.6758,748710,22560,1279,1568,0,14,1,2.1987,0.6062,0.4611,540.2,1942,7501
3713,mountain_flight,2071.200,13.5904,8.9685,4.6219,6.1102,1.0455,2.2712,1.8637,0.1587,0.6820,752869,19747,4991,832,0,14,1,2.2263,0.8067,0.7875,540.2,1942,7501
3714,mountain_flight,2071.000,12.6064,7.2578,5.3486,7.3257,1.2872,2.8344,2.2692,0.1597,0.6861,759076,13540,6207,0,0,14,1,2.1261,0.9878,1.4924,540.2,1942,7501
3715,mountain_flight,2071.000,11.0556,6.3428,4.7128,6.1266,1.0240,2.2753,1.9005,0.1597,0.6779,764003,8613,4927,0,0,14,1,1.9436,0.8921,0.7500,540.2,1942,7501
3716,mountain_flight,2071.000,11.5136,7.1802,4.3334,5.7580,0.7107,2.2610,1.8545,0.1587,0.6830,765717,7511,3327,1613,0,14,1,1.7844,0.7076,1.2035,540.2,1942,7501
3717,mountain_flight,2071.200,10.4469,6.1673,4.2796,6.2874,0.7455,2.2774,2.3306,0.1618,0.6830,767618,4503,3519,1618,0,14,1,1.7505,0.7504,0.7371,540.2,1942,7501
3718,mountain_flight,2071.200,10.0248,5.7218,4.3030,6.2802,0.8724,2.2548,2.2118,0.1608,0.6912,771841,280,4223,0,0,14,1,1.6679,0.9011,0.2309,540.2,1942,7501
3720,mountain_flight,2071.300,7.3082,3.0045,4.3037,5.0995,0.0020,2.2620,1.9149,0.1587,0.6738,772121,0,0,0,0,14,1,0.0117,0.0007,0.0847,540.2,1942,7501
3721,mountain_flight,2071.500,10.4754,5.9863,4.4891,5.1282,0.0676,2.2620,1.8729,0.1577,0.6789,768836,2722,63,3348,0,14,1,1.5816,0.5837,0.4887,540.2,1942,7501
3722,mountain_flight,2071.600,10.3358,5.9673,4.3685,6.3242,0.5192,3.0321,1.8452,0.1608,0.6779,769553,1905,2367,1650,0,14,1,1.6006,0.8689,0.5203,540.2,1942,7501
3723,mountain_flight,2071.800,10.1989,5.2321,4.9668,5.4682,0.4280,2.2436,1.8729,0.1618,0.6728,771458,0,1905,0,0,14,1,0.8185,0.5697,0.1101,540.2,1942,7501
3724,mountain_flight,2071.800,9.4829,5.1443,4.3386,5.7006,0.4188,2.2405,1.8422,0.1659,0.9431,771365,0,1885,1978,0,14,1,1.3724,0.6309,0.1461,540.2,1942,7501
3725,mountain_flight,2071.500,9.3565,4.8985,4.4580,5.3146,0.2949,2.2456,1.8473,0.1587,0.6799,771903,0,1273,735,0,14,1,0.8486,0.5540,0.1138,540.2,1942,7501
3726,mountain_flight,2071.400,8.1673,3.7704,4.3969,5.0319,0.0010,2.2589,1.8422,0.1597,0.6810,771903,0,0,0,0,14,1,0.0250,0.0005,0.0849,540.2,1942,7501
3727,mountain_flight,2071.300,7.9974,3.5137,4.4837,5.0872,0.0010,2.2723,1.8872,0.1587,0.6810,771903,0,0,0,0,14,1,0.0095,0.0006,0.0715,540.2,1942,7501
3728,mountain_flight,2071.400,7.7443,3.3969,4.3474,5.0811,0.0010,2.2671,1.8954,0.1597,0.6697,771903,0,0,0,0,14,1,0.0110,0.0006,0.0785,540.2,1942,7501
3729,mountain_flight,2071.600,10.5899,6.2605,4.3294,5.1292,0.0666,2.2682,1.8678,0.1597,0.6799,769456,2489,63,2510,0,14,1,1.5909,0.6352,0.5002,540.2,1942,7501
3730,mountain_flight,2071.500,9.8484,5.5255,4.3229,5.5634,0.4649,2.3091,1.8606,0.1597,0.6810,769246,1417,2111,2321,0,14,1,1.5994,0.6827,0.3242,540.2,1942,7501
3731,mountain_flight,2071.400,10.9368,5.7992,5.1376,5.5910,0.5171,2.2753,1.8719,0.1618,0.6769,770798,641,2431,879,0,14,1,1.5782,0.6390,0.2089,540.2,1942,7501
3732,mountain_flight,2071.500,10.3811,6.1227,4.2584,6.0416,0.2724,3.0136,1.8371,0.1577,0.6728,770521,1895,1151,1428,0,14,1,1.5497,0.8361,0.3118,540.2,1942,7501
3733,mountain_flight,2071.600,10.0359,5.3534,4.6825,5.5695,0.5100,2.2651,1.8545,0.1608,0.6902,771407,0,2386,1500,0,14,1,1.4626,0.7284,0.0989,540.2,1942,7501
3734,mountain_flight,2072.000,8.3381,4.0228,4.3153,5.0391,0.0010,2.2794,1.8289,0.1597,0.6820,771407,0,0,0,0,14,1,0.0231,0.0004,0.0992,540.2,1942,7501
3735,mountain_flight,2072.400,7.5952,3.2938,4.3014,5.0360,0.0010,2.2671,1.8504,0.1608,0.6687,771407,0,0,0,0,14,1,0.0100,0.0003,0.0728,540.2,1942,7501
3736,mountain_flight,2072.700,8.6033,4.2171,4.3862,5.9740,0.0010,3.1754,1.8647,0.1608,0.6830,771407,0,0,0,0,14,1,0.0124,0.0007,0.1287,540.2,1942,7501
3737,mountain_flight,2072.800,8.2841,3.5427,4.7414,5.1292,0.0010,2.2856,1.9149,0.1608,0.6799,771407,0,0,0,0,14,1,0.0128,0.0009,0.0979,540.2,1942,7501
3738,mountain_flight,2073.000,11.5784,6.6961,4.8823,5.1589,0.0645,2.2794,1.8698,0.1597,0.6973,767529,1066,63,3941,0,14,1,1.6400,0.6751,0.2562,540.2,1942,7501
3739,mountain_flight,2073.500,11.6518,7.3549,4.2969,6.0191,0.7229,2.5047,1.8606,0.1597,0.6820,767575,1569,1727,1681,0,14,1,1.5635,0.6742,0.4309,540.2,1942,7501
3740,mountain_flight,2073.800,11.2641,5.4811,5.7830,5.5849,0.4639,2.2764,1.9292,0.1608,0.6636,768494,2318,2111,1192,0,14,1,1.5815,0.5613,0.4983,540.2,1942,7501
3741,mountain_flight,2074.000,9.9242,5.4935,4.4307,5.5327,0.4588,2.2589,1.8821,0.1587,0.6851,767955,293,2047,2586,0,14,1,1.5922,0.7815,0.1585,540.2,1942,7501
3743,mountain_flight,2074.700,7.4438,2.3491,5.0947,5.0831,0.0010,2.2723,1.8924,0.1587,0.6717,770123,0,0,0,0,14,1,0.0098,0.0005,0.0736,540.2,1942,7501
3744,mountain_flight,2075.200,10.3172,6.0044,4.3128,5.4518,0.4045,2.2487,1.8729,0.1618,0.6758,770109,0,1811,1825,0,14,1,1.4494,0.6557,0.1679,540.2,1942,7501
3745,mountain_flight,2075.500,8.6984,4.4239,4.2745,5.1927,0.1608,2.2508,1.8575,0.1608,0.6779,769257,0,596,1448,0,14,1,0.7666,0.5001,0.0947,540.2,1942,7501
3746,mountain_flight,2075.800,10.4141,5.7565,4.6576,5.2326,0.2161,2.2436,1.8545,0.1587,0.6728,769015,0,874,1116,0,14,1,0.8437,0.5539,0.1435,540.2,1942,7501
3747,mountain_flight,2076.100,10.9411,4.6869,6.2542,5.2879,0.2284,2.2446,1.8821,0.1638,0.6820,769014,0,927,928,0,14,1,0.7984,0.5661,0.1108,540.2,1942,7501
3748,mountain_flight,2076.600,8.3605,3.9300,4.4305,5.2163,0.2181,2.2292,1.8534,0.1597,0.6687,768854,0,894,1054,0,14,1,0.7342,0.4383,0.1273,540.2,1942,7501
3749,mountain_flight,2077.100,7.4029,3.1376,4.2653,5.2644,0.0010,2.2323,1.8545,0.4096,0.6789,768854,0,0,0,0,14,1,0.0230,0.0006,0.0834,540.2,1942,7501
3750,mountain_flight,2077.600,8.9764,4.2837,4.6927,5.0207,0.0020,2.2374,1.8616,0.1618,0.6728,768854,0,0,0,0,14,1,0.0155,0.0005,0.1312,540.2,1942,7501
3751,mountain_flight,2077.900,8.7475,4.4377,4.3098,5.1220,0.0963,2.2333,1.8780,0.1608,0.6687,767155,0,273,1972,0,14,1,1.0301,0.5088,0.1296,540.2,1942,7501
3752,mountain_flight,2078.200,8.1419,3.5952,4.5467,4.9644,0.0010,2.2364,1.8166,0.1587,0.6646,767155,0,0,0,0,14,1,0.0119,0.0007,0.0803,540.2,1942,7501
3753,mountain_flight,2078.500,9.8565,5.4093,4.4472,5.7549,0.0635,2.2333,2.5313,0.1597,0.6810,763607,2866,63,3611,0,14,1,1.5400,0.5174,0.4269,540.2,1942,7501
3755,mountain_flight,2078.900,7.6844,3.1771,4.5073,5.0821,0.0983,2.2170,1.8493,0.1587,0.6728,768267,0,309,0,0,14,1,0.1720,0.3148,0.0978,540.2,1942,7501
3756,mountain_flight,2079.000,10.2565,5.9242,4.3323,5.4907,0.4854,2.2211,1.8647,0.1597,0.6728,768827,0,2210,1650,0,14,1,1.4946,0.6801,0.1685,540.2,1942,7501
3758,mountain_flight,2079.400,7.0763,2.7421,4.3342,4.9541,0.0010,2.2170,1.8135,0.1597,0.6769,769401,0,0,0,0,14,1,0.0218,0.0004,0.0789,540.2,1942,7501
3759,mountain_flight,2079.700,8.0175,3.7205,4.2970,5.0156,0.0010,2.2415,1.8463,0.1597,0.6789,769401,0,0,0,0,14,1,0.0110,0.0009,0.0656,540.2,1942,7501
3760,mountain_flight,2079.700,7.8821,3.4425,4.4396,5.0350,0.0010,2.2303,1.8811,0.1587,0.6769,769401,0,0,0,0,14,1,0.0151,0.0007,0.1216,540.2,1942,7501
3761,mountain_flight,2079.700,11.2749,6.9561,4.3188,5.0893,0.0614,2.2364,1.8565,0.1608,0.6861,766877,1495,63,2587,0,14,1,1.5892,1.1417,0.4336,540.2,1942,7501
3762,mountain_flight,2079.900,10.2884,5.8678,4.4206,5.4559,0.4762,2.2221,1.8330,0.1608,0.6789,767219,1871,2175,1833,0,14,1,1.5659,0.6703,0.4102,540.2,1942,7501
3763,mountain_flight,2079.900,9.2955,4.8212,4.4743,5.5839,0.5745,2.2170,1.8565,0.1608,0.6881,769858,0,2705,66,0,14,1,1.1758,0.6161,0.1723,540.2,1942,7501
3764,mountain_flight,2080.100,10.1207,5.8633,4.2574,6.1481,0.5294,2.8600,1.8350,0.1567,0.6799,768446,0,1315,2727,0,14,1,1.3897,0.6250,0.1044,540.2,1942,7501
3766,mountain_flight,2080.300,6.8377,2.5942,4.2435,5.0125,0.0020,2.2180,1.8627,0.1587,0.6851,768419,0,0,0,0,14,1,0.0236,0.0006,0.0784,540.2,1942,7501
3767,mountain_flight,2080.700,7.9892,3.6725,4.3167,4.9582,0.0010,2.2129,1.8196,0.1608,0.6769,768419,0,0,0,0,14,1,0.0117,0.0004,0.0794,540.2,1942,7501
3768,mountain_flight,2080.900,8.3958,4.1250,4.2708,5.7764,0.0010,2.5610,2.2938,0.1587,0.6758,768419,0,0,0,0,14,1,0.0096,0.0006,0.0751,540.2,1942,7501
3769,mountain_flight,2081.100,10.6975,6.0214,4.6761,5.0596,0.0727,2.2129,1.8412,0.1587,0.6892,765631,3891,63,2851,0,14,1,1.5996,0.5461,0.6812,540.2,1942,7501
3770,mountain_flight,2081.200,11.2434,6.9276,4.3158,5.3893,0.4014,2.2108,1.8442,0.1577,0.6892,765560,2622,1791,1862,0,14,1,1.7283,0.9876,0.5310,540.2,1942,7501
3771,mountain_flight,2081.400,9.7834,5.0067,4.7767,6.2444,0.5724,2.5375,2.2026,0.1608,0.6830,768182,0,2622,0,0,14,1,1.0169,0.6038,0.1029,540.2,1942,7501
3772,mountain_flight,2081.500,10.0348,5.6144,4.4204,5.4548,0.5028,2.2149,1.8125,0.1608,0.6769,768809,0,2264,1637,0,14,1,1.4392,0.6284,0.1100,540.2,1942,7501
3773,mountain_flight,2081.900,9.0741,4.7720,4.3021,5.1886,0.2324,2.2159,1.8022,0.1597,0.6922,768722,0,932,1019,0,14,1,0.7093,0.4505,0.0781,540.2,1942,7501
3774,mountain_flight,2082.100,7.6895,3.2333,4.4562,5.0237,0.0010,2.2190,1.8708,0.1587,0.6871,768722,0,0,0,0,14,1,0.0215,0.0004,0.0755,540.2,1942,7501
3775,mountain_flight,2082.300,8.6801,4.3626,4.3175,6.0989,0.0010,2.5569,2.6071,0.1628,0.6851,768722,0,0,0,0,14,1,0.0097,0.0008,0.0901,540.2,1942,7501
3776,mountain_flight,2082.400,8.3585,3.1891,5.1694,5.0104,0.0010,2.2282,1.8412,0.1597,0.6922,768722,0,0,0,0,14,1,0.0090,0.0005,0.0678,540.2,1942,7501
3777,mountain_flight,2082.700,10.1379,5.6921,4.4458,5.0831,0.0707,2.2354,1.8412,0.1597,0.6902,766144,1435,63,2641,0,14,1,1.5999,0.5653,0.3523,540.2,1942,7501
3778,mountain_flight,2083.100,10.0198,5.7578,4.2620,5.7283,0.4915,2.2211,2.0818,0.1608,0.6851,767073,1380,2239,1310,0,14,1,1.5553,0.6647,0.3553,540.2,1942,7501
3779,mountain_flight,2083.200,9.2193,4.8455,4.3738,5.2972,0.3144,2.2170,1.8207,0.1597,0.6984,768453,0,1380,0,0,14,1,0.7127,0.5092,0.1234,540.2,1942,7501
3780,mountain_flight,2083.700,9.9691,5.5271,4.4420,5.2142,0.2591,2.2180,1.8145,0.1587,0.6779,766060,0,1021,3414,0,14,1,1.4571,0.6381,0.0914,540.2,1942,7501
3781,mountain_flight,2084.000,8.5337,3.8116,4.7221,5.1251,0.1556,2.2139,1.8248,0.1628,0.6820,765083,0,528,1505,0,14,1,0.7644,0.4072,0.0799,540.2,1942,7501
3782,mountain_flight,2084.300,8.1895,3.9450,4.2445,5.6678,0.0010,2.2190,2.1258,0.1597,1.0772,765083,0,0,0,0,14,1,0.0226,0.0004,0.0736,540.2,1942,7501
3783,mountain_flight,2084.600,9.4609,3.3725,6.0884,4.9910,0.0020,2.2241,1.8360,0.1577,0.6871,765083,0,0,0,0,14,1,0.0102,0.0006,0.1172,540.2,1942,7501
3784,mountain_flight,2085.000,7.8985,3.5908,4.3077,5.0268,0.0020,2.2231,1.8760,0.1608,0.6810,765083,0,0,0,0,14,1,0.0123,0.0006,0.0888,540.2,1942,7501
3785,mountain_flight,2085.400,7.7292,3.3713,4.3579,4.9869,0.0010,2.2282,1.8176,0.1608,0.6943,765083,0,0,0,0,14,1,0.0140,0.0006,0.0959,540.2,1942,7501
3786,mountain_flight,2085.700,10.8706,6.5684,4.3022,6.0129,0.0727,3.1918,1.8176,0.1587,0.6861,762084,4012,63,3062,0,14,1,1.5594,0.5235,0.3580,540.2,1942,7501
3787,mountain_flight,2086.000,10.4792,6.0421,4.4371,5.5122,0.4905,2.2129,1.8586,0.1618,0.7004,761930,2868,2239,2393,0,14,1,1.6468,0.7546,0.4616,540.2,1942,7501
3788,mountain_flight,2086.300,9.5980,5.2243,4.3737,5.6228,0.6185,2.2129,1.8586,0.1628,0.6820,764398,921,2879,411,0,14,1,1.6226,0.6854,0.2705,540.2,1942,7501
3789,mountain_flight,2086.600,9.7874,5.5442,4.2432,5.6381,0.3860,2.2395,2.0644,0.1608,0.6943,764636,1212,1727,1489,0,14,1,1.5542,0.5935,0.1950,540.2,1942,7501
3790,mountain_flight,2086.800,10.1793,5.8105,4.3688,5.3760,0.4260,2.1965,1.8135,0.1577,0.6932,764899,1010,1983,1720,0,14,1,1.5629,0.7034,0.2692,540.2,1942,7501
3791,mountain_flight,2087.100,8.3545,3.9392,4.4153,5.1958,0.2222,2.2006,1.8309,0.1597,0.6932,765909,0,1010,0,0,14,1,0.4325,0.4147,0.0909,540.2,1942,7501
3792,mountain_flight,2087.500,9.8662,5.4133,4.4529,5.1794,0.2222,2.1975,1.8186,0.1608,0.6912,764190,1707,895,2614,0,14,1,1.5167,0.6486,0.4014,540.2,1942,7501
3793,mountain_flight,2087.900,11.3415,6.7749,4.5666,5.3545,0.4270,2.1832,1.8053,0.1597,0.6892,764263,1470,1919,1846,0,14,1,1.5813,0.8132,0.4763,540.2,1942,7501
3794,mountain_flight,2088.300,9.7249,5.2029,4.5220,5.3780,0.4116,2.1934,1.8278,0.1597,0.6943,764701,0,1957,1519,0,14,1,1.2418,0.5978,0.0977,540.2,1942,7501
3795,mountain_flight,2088.800,8.5730,4.2913,4.2817,5.1968,0.2304,2.1934,1.8340,0.1608,0.6902,764685,0,932,948,0,14,1,0.6991,0.4424,0.0880,540.2,1942,7501
3796,mountain_flight,2089.000,8.5685,4.2284,4.3401,5.7979,0.1413,2.1883,2.1187,0.1597,1.0998,763551,0,453,1587,0,14,1,0.7466,0.4340,0.0888,540.2,1942,7501
3797,mountain_flight,2089.100,8.0807,3.4788,4.6019,4.9306,0.0010,2.1832,1.8033,0.1597,0.6932,763551,0,0,0,0,14,1,0.0236,0.0004,0.0785,540.2,1942,7501
3799,mountain_flight,2089.200,7.0891,2.6128,4.4763,4.9234,0.0010,2.1996,1.7869,0.1608,0.6851,766613,0,0,0,0,14,1,0.0102,0.0007,0.0784,540.2,1942,7501
3800,mountain_flight,2089.400,7.8962,3.5365,4.3597,5.2511,0.0010,2.1975,1.8268,0.1587,0.9769,766613,0,0,0,0,14,1,0.0112,0.0006,0.0819,540.2,1942,7501
3801,mountain_flight,2089.600,10.7263,6.0242,4.7021,4.9961,0.0696,2.1965,1.7838,0.1608,0.6963,764619,1753,63,2057,0,14,1,1.7306,0.5087,0.3512,540.2,1942,7501
3802,mountain_flight,2089.800,10.0870,5.8305,4.2565,5.3279,0.3860,2.1893,1.7961,0.1597,0.7055,763860,885,1727,2486,0,14,1,1.5656,0.6723,0.2439,540.2,1942,7501
3803,mountain_flight,2090.100,9.4397,4.8835,4.5562,5.3228,0.4198,2.1811,1.7756,0.1608,0.6932,765769,0,1909,0,0,14,1,0.7822,0.4771,0.0985,540.2,1942,7501
3804,mountain_flight,2090.200,10.9895,6.5835,4.4060,5.0678,0.1628,2.1760,1.7971,0.1587,0.6840,764394,1268,575,1950,0,14,1,1.5146,0.7307,0.4636,540.2,1942,7501
3805,mountain_flight,2090.100,10.4428,5.0169,5.4259,5.4999,0.5509,2.1883,1.8084,0.1608,0.6994,766301,0,2568,661,0,14,1,1.5362,0.5889,0.1119,540.2,1942,7501
3806,mountain_flight,2090.200,8.2379,3.5844,4.6535,4.9500,0.0010,2.1791,1.8176,0.1587,0.7025,766301,0,0,0,0,14,1,0.0295,0.0008,0.1410,540.2,1942,7501
3807,mountain_flight,2090.300,7.8964,3.5522,4.3442,4.9582,0.0010,2.1883,1.8237,0.1608,0.6932,766301,0,0,0,0,14,1,0.0102,0.0005,0.0774,540.2,1942,7501
3808,mountain_flight,2090.500,10.0433,4.2504,5.7929,4.9234,0.0010,2.1862,1.8063,0.1577,0.6871,766301,0,0,0,0,14,1,0.0118,0.0005,0.0888,540.2,1942,7501
3809,mountain_flight,2090.900,11.2002,6.1722,5.0280,4.9900,0.0686,2.1975,1.7859,0.1597,0.6943,764643,891,63,1721,0,14,1,1.5974,0.5778,0.3320,540.2,1942,7501
3810,mountain_flight,2091.400,11.9767,6.2679,5.7088,6.1542,0.3000,2.1955,2.3306,0.1597,1.0844,764607,1408,1279,1315,0,14,1,1.5576,0.5833,0.3457,540.2,1942,7501
3811,mountain_flight,2091.500,12.1384,6.6572,5.4812,5.2490,0.3410,2.1873,1.7848,0.1597,0.6902,764891,496,1471,1187,0,14,1,1.5896,0.6916,0.2381,540.2,1942,7501
3812,mountain_flight,2091.800,10.5242,5.7352,4.7890,5.0708,0.1393,2.1883,1.8053,0.1618,0.6892,763595,0,496,1792,0,14,1,1.2986,0.5004,0.1319,540.2,1942,7501
3813,mountain_flight,2091.800,11.3794,5.6856,5.6938,6.1030,0.7782,2.5651,1.8104,0.1628,0.6994,762443,1727,1087,2239,0,14,1,1.5252,0.5320,0.3250,540.2,1942,7501
3814,mountain_flight,2091.900,9.4043,4.7138,4.6905,5.3207,0.3830,2.1975,1.8053,0.1628,0.6851,764170,0,1727,0,0,14,1,0.8033,0.4634,0.0978,540.2,1942,7501
3815,mountain_flight,2092.200,8.6530,4.0066,4.6464,5.3412,0.0010,2.1883,2.2190,0.1597,0.6881,764170,0,0,0,0,14,1,0.0090,0.0005,0.0824,540.2,1942,7501
3816,mountain_flight,2092.300,8.0017,3.6200,4.3817,4.9234,0.0010,2.1965,1.7879,0.1608,0.6922,764170,0,0,0,0,14,1,0.0118,0.0005,0.0782,540.2,1942,7501
3817,mountain_flight,2092.500,10.9232,6.6596,4.2636,5.6965,0.0696,2.8877,1.7951,0.1597,0.6994,761868,3602,63,2365,0,14,1,1.5488,0.4728,0.8177,540.2,1942,7501
3818,mountain_flight,2092.900,11.7853,6.4196,5.3657,5.5767,0.5980,2.1801,1.8514,0.1628,0.6953,763092,2528,2751,1527,0,14,1,1.6382,0.7101,0.5098,540.2,1942,7501
3819,mountain_flight,2093.200,9.4469,5.0736,4.3733,5.4364,0.5376,2.1862,1.7725,0.1618,0.6892,765620,0,2528,0,0,14,1,0.9992,0.5937,0.1033,540.2,1942,7501
3820,mountain_flight,2093.400,9.7973,5.5471,4.2502,5.7508,0.0993,2.4760,2.2344,0.1608,0.6922,762263,718,255,3612,0,14,1,1.5102,0.6467,0.2009,540.2,1942,7501
3822,mountain_flight,2094.200,7.1203,2.8195,4.3008,4.9132,0.0020,2.1791,1.7818,0.1669,0.6984,764463,0,0,0,0,14,1,0.0217,0.0003,0.0859,540.2,1942,7501
3823,mountain_flight,2094.800,8.2121,3.8941,4.3180,4.8937,0.0010,2.1719,1.7879,0.1608,0.6871,764463,0,0,0,0,14,1,0.0099,0.0006,0.0691,540.2,1942,7501
3824,mountain_flight,2095.300,8.0221,3.5077,4.5144,5.3299,0.0010,2.1719,2.2231,0.1608,0.6861,764463,0,0,0,0,14,1,0.0101,0.0005,0.0736,540.2,1942,7501
3825,mountain_flight,2095.700,10.0796,5.7170,4.3626,5.2439,0.0717,2.1842,1.7633,0.1567,0.9820,760581,1034,63,3945,0,14,1,1.5639,0.6265,0.2727,540.2,1942,7501
3826,mountain_flight,2096.100,10.2945,5.9631,4.3314,5.1661,0.2765,2.1729,1.7807,0.1608,0.6892,759400,1561,1151,2332,0,14,1,1.5623,0.6970,0.3484,540.2,1942,7501
3827,mountain_flight,2096.500,9.5759,5.2544,4.3215,5.2941,0.4198,2.1688,1.7633,0.1597,0.6932,761244,0,1959,115,0,14,1,0.8326,0.8500,0.1164,540.2,1942,7501
3828,mountain_flight,2097.100,10.1882,5.9284,4.2598,5.2746,0.3871,2.1647,1.7838,0.1628,0.6861,761391,446,1727,1580,0,14,1,1.5425,0.6958,0.2969,540.2,1942,7501
3829,mountain_flight,2097.800,9.5171,5.0291,4.4880,5.0043,0.1546,2.1545,1.7644,0.1567,0.6881,759677,0,551,2265,0,14,1,1.0400,0.5408,0.0957,540.2,1942,7501
3830,mountain_flight,2098.100,7.5338,3.1414,4.3924,4.8947,0.0010,2.1535,1.7930,0.1597,0.6994,759677,0,0,0,0,14,1,0.0239,0.0006,0.0746,540.2,1942,7501
3831,mountain_flight,2098.400,7.5311,3.1457,4.3854,5.1589,0.0010,2.1596,1.7777,0.1608,0.9728,759677,0,0,0,0,14,1,0.0077,0.0007,0.0682,540.2,1942,7501
3832,mountain_flight,2098.900,8.8873,4.2195,4.6678,4.8640,0.0010,2.1576,1.7695,0.1587,0.6881,759677,0,0,0,0,14,1,0.0108,0.0008,0.0898,540.2,1942,7501
3833,mountain_flight,2099.300,11.7273,6.0268,5.7005,4.9449,0.0676,2.1678,1.7633,0.1608,0.6973,757593,4151,63,2147,0,14,1,1.5982,0.4535,0.7917,540.2,1942,7501
3834,mountain_flight,2099.800,11.3017,6.7967,4.5050,5.3678,0.4659,2.1647,1.7910,0.1608,0.6963,757455,2447,2111,2249,0,14,1,1.6543,0.6565,0.5747,540.2,1942,7501
3835,mountain_flight,2100.300,11.4150,6.2351,5.1799,5.2644,0.3932,2.1576,1.7787,0.1597,0.6881,759246,656,1791,0,0,14,1,1.5900,0.6511,0.2334,540.2,1942,7501
3836,mountain_flight,2100.800,9.8998,5.6489,4.2509,5.4077,0.4854,2.1576,1.8248,0.1597,0.6902,759463,88,2239,2022,0,14,1,1.5374,0.6582,0.1168,540.2,1942,7501
3837,mountain_flight,2101.300,9.2311,4.4946,4.7365,5.0852,0.2079,2.1668,1.7582,0.1608,0.7035,759160,0,811,1114,0,14,1,0.7594,0.5069,0.0977,540.2,1942,7501
3838,mountain_flight,2101.800,8.8542,4.5458,4.3084,5.5337,0.0020,2.8170,1.7746,0.1587,0.6912,759160,0,0,0,0,14,1,0.0270,0.0006,0.0821,540.2,1942,7501
3839,mountain_flight,2102.100,7.8781,3.3858,4.4923,4.8456,0.0020,2.1514,1.7469,0.1618,0.6932,759160,0,0,0,0,14,1,0.0117,0.0004,0.0779,540.2,1942,7501
3840,mountain_flight,2102.400,7.1278,2.8346,4.2932,4.8794,0.0010,2.1494,1.7838,0.1618,0.6953,759160,0,0,0,0,14,1,0.0084,0.0003,0.0734,540.2,1942,7501
3841,mountain_flight,2102.500,12.5233,6.7645,5.7588,4.9633,0.0993,2.1555,1.7623,0.1608,0.6984,756463,2300,255,2952,0,14,1,1.5111,0.5728,0.6311,540.2,1942,7501
3842,mountain_flight,2102.700,9.9262,5.6826,4.2436,5.6422,0.7567,2.1658,1.7623,0.1628,0.7035,759797,611,3583,249,0,14,1,1.6061,0.8881,0.2273,540.2,1942,7501
3843,mountain_flight,2102.900,5.4178,5.4152,0.0026,5.3146,0.4547,2.1565,1.7562,0.1608,0.6943,760331,844,2047,1513,0,14,1,1.5323,0.6255,0.2642,540.2,1942,7501
3844,mountain_flight,2103.300,9.8858,5.2022,4.6836,5.0708,0.2171,2.1524,1.7633,0.1608,0.6892,759127,0,844,2048,0,14,1,1.3645,0.5959,0.1660,540.2,1942,7501
3845,mountain_flight,2103.900,10.0271,5.4329,4.5942,4.8794,0.0225,2.1576,1.7582,0.1608,0.6932,753751,0,0,5376,0,14,1,1.5110,0.5426,0.0885,540.2,1942,7501
3846,mountain_flight,2104.600,9.3263,5.0641,4.2622,4.8742,0.0225,2.1555,1.7592,0.1628,0.6851,748375,0,0,5376,0,14,1,1.5419,0.5865,0.0927,540.2,1942,7501
3847,mountain_flight,2105.000,10.5382,6.2429,4.2953,5.5828,0.0225,2.4422,2.1770,0.1618,0.6881,743255,0,0,5120,0,14,1,1.5679,0.6059,0.0990,540.2,1942,7501
3848,mountain_flight,2105.400,11.0783,5.4243,5.6540,4.9080,0.0215,2.1668,1.7756,0.1597,0.6943,738391,0,0,4864,0,14,1,1.6464,0.7480,0.1007,540.2,1942,7501
3849,mountain_flight,2105.800,10.2988,5.7024,4.5964,4.8978,0.0184,2.1647,1.7551,0.1608,0.7076,735317,0,0,3074,0,14,1,1.5398,0.5814,0.1008,540.2,1942,7501
3850,mountain_flight,2106.100,9.6877,5.2903,4.3974,5.4907,0.0236,2.1709,1.9968,0.1608,1.0496,729685,0,0,5632,0,14,1,1.5567,0.5331,0.0860,540.2,1942,7501
3851,mountain_flight,2106.500,9.7629,5.4991,4.2638,4.8753,0.0225,2.1647,1.7490,0.1597,0.6881,724309,0,0,5376,0,14,1,1.5408,0.6170,0.0928,540.2,1942,7501
3852,mountain_flight,2106.700,9.2865,5.0186,4.2679,4.9060,0.0676,2.1678,1.7347,0.1587,0.6861,722155,3265,63,2217,0,14,1,1.5769,0.5449,0.1086,540.2,1942,7501
3853,mountain_flight,2107.000,9.6731,5.1592,4.5139,5.3719,0.5140,2.1996,1.7101,0.1628,0.6922,724522,7554,2367,0,0,14,1,1.6200,0.5151,0.0959,540.2,1942,7501
3854,mountain_flight,2107.400,10.2981,5.9126,4.3855,5.2593,0.3738,2.2036,1.7357,0.1577,0.6943,726185,11779,1663,0,0,14,1,1.7632,0.5233,0.1194,540.2,1942,7501
3855,mountain_flight,2107.800,11.1533,5.7016,5.4517,5.4006,0.5161,2.2088,1.7316,0.1618,0.6881,728552,17607,2367,0,0,14,1,1.9016,0.5297,0.1087,540.2,1942,7501
3856,mountain_flight,2108.200,10.3252,5.9260,4.3992,5.3053,0.4413,2.2057,1.7142,0.1608,0.6881,730535,25352,1983,0,0,14,1,2.0659,0.4951,0.1007,540.2,1942,7501
3857,mountain_flight,2108.600,11.0393,6.7887,4.2506,5.5716,0.6912,2.2057,1.7244,0.1618,0.6953,730679,24469,1535,1391,0,14,1,2.3219,0.7613,0.1265,540.2,1942,7501
3858,mountain_flight,2108.900,10.2950,5.7086,4.5864,5.4938,0.6246,2.1883,1.7295,0.1608,0.6953,733218,29941,2879,340,0,14,1,2.2745,0.5606,0.2622,540.2,1942,7501
3859,mountain_flight,2109.100,10.4330,6.1586,4.2744,5.4333,0.5755,2.1873,1.7213,0.1577,0.6953,735905,37679,2687,0,0,14,1,2.4456,0.5968,0.2261,540.2,1942,7501
3860,mountain_flight,2109.200,13.0107,8.7489,4.2618,5.7180,0.9400,2.1432,1.6988,0.1597,0.6840,736819,36969,3391,2477,0,14,1,2.6983,0.9588,0.6670,540.2,1942,7501
3861,mountain_flight,2109.400,11.8827,7.2891,4.5936,5.5828,0.7404,2.1432,1.7336,0.1608,0.7096,740102,34118,3455,172,0,14,1,2.6708,0.6578,0.7811,540.2,1942,7501
3862,mountain_flight,2109.700,12.4602,7.6558,4.8044,6.6109,1.2667,2.1494,1.7224,0.3994,0.9779,745816,28350,6079,365,0,14,1,2.5759,0.9819,0.8084,540.2,1942,7501
3863,mountain_flight,2110.000,11.9454,7.7164,4.2290,5.4262,0.5704,2.1484,1.7633,0.1597,0.6922,746723,27445,2623,1716,0,14,1,2.4158,0.9139,1.0973,540.2,1942,7501
3864,mountain_flight,2110.300,12.9038,8.6761,4.2277,5.9996,1.1418,2.1504,1.7531,0.1587,0.7004,750983,22503,5439,1179,0,14,1,2.3819,0.9361,1.1399,540.2,1942,7501
3865,mountain_flight,2110.400,12.0018,7.5462,4.4556,6.6284,1.1121,2.1535,2.4054,0.1608,0.7035,755393,18086,5311,901,0,14,1,2.2247,1.1008,0.9856,540.2,1942,7501
3866,mountain_flight,2110.200,12.0038,7.1870,4.8168,6.0938,1.2308,2.1606,1.7377,0.1587,0.7107,760724,13729,5887,556,0,14,1,2.0822,0.8871,1.2212,540.2,1942,7501
3867,mountain_flight,2110.200,11.6486,7.4068,4.2418,5.8563,1.0291,2.1494,1.7132,0.1608,0.7066,765651,8802,4927,0,0,14,1,1.9437,0.9408,1.3285,540.2,1942,7501
3868,mountain_flight,2110.200,11.1904,6.9442,4.2462,6.2833,0.9728,2.6245,1.7408,0.1608,0.6902,769512,5486,4607,746,0,14,1,1.7955,0.8587,1.0607,540.2,1942,7501
3869,mountain_flight,2110.300,10.9978,6.2045,4.7933,5.6330,0.7854,2.1473,1.7388,0.1618,0.7066,772292,2720,3711,931,0,14,1,1.6876,0.8235,0.5882,540.2,1942,7501
3870,mountain_flight,2110.800,12.0087,6.9183,5.0904,5.2173,0.3768,2.1463,1.7306,0.1608,0.7096,772673,1824,1663,1282,0,14,1,1.6112,0.5374,0.3973,540.2,1942,7501
3871,mountain_flight,2111.000,9.6455,5.4005,4.2450,6.2106,0.5673,2.5416,2.1412,0.1597,0.7066,774501,0,2715,887,0,14,1,1.4811,0.7349,0.1206,540.2,1942,7501
3872,mountain_flight,2111.300,9.1334,4.3111,4.8223,5.0207,0.1894,2.1340,1.7439,0.1608,0.7004,773817,0,696,1380,0,14,1,0.8014,0.4745,0.0884,540.2,1942,7501
3873,mountain_flight,2111.300,8.8132,4.5450,4.2682,5.0985,0.2345,2.1330,1.7562,0.1628,0.7219,773817,0,930,930,0,14,1,0.7046,0.4874,0.0899,540.2,1942,7501
3874,mountain_flight,2111.400,8.1744,3.9262,4.2482,5.1917,0.3604,2.1422,1.7357,0.1587,0.7035,774786,0,1540,571,0,14,1,0.7914,0.4658,0.0791,540.2,1942,7501
3875,mountain_flight,2111.400,7.5590,3.2690,4.2900,5.5900,0.0010,2.4586,2.1821,0.1597,0.6984,774786,0,0,0,0,14,1,0.0217,0.0005,0.0723,540.2,1942,7501
3876,mountain_flight,2111.400,7.7315,3.3549,4.3766,4.8056,0.0010,2.1422,1.7091,0.1618,0.7014,774786,0,0,0,0,14,1,0.0137,0.0003,0.0793,540.2,1942,7501
3877,mountain_flight,2111.400,10.1653,5.7602,4.4051,5.1016,0.2693,2.1606,1.7111,0.1608,0.7086,773919,834,1087,1954,0,14,1,1.5227,0.5602,0.2928,540.2,1942,7501
3878,mountain_flight,2111.200,9.1558,4.8781,4.2777,5.2685,0.4260,2.1504,1.7234,0.1608,0.7158,774751,0,1856,1024,0,14,1,1.0783,0.5447,0.0918,540.2,1942,7501
3879,mountain_flight,2111.300,8.8551,4.5459,4.3092,5.4979,0.0010,2.8324,1.7060,0.1608,0.7045,774751,0,0,0,0,14,1,0.0109,0.0011,0.0769,540.2,1942,7501
3880,mountain_flight,2111.300,10.7144,5.9409,4.7735,5.0821,0.2109,2.1524,1.7521,0.1608,0.7117,773859,889,831,1723,0,14,1,1.5344,0.5716,0.3061,540.2,1942,7501
3881,mountain_flight,2111.400,10.8971,6.1926,4.7045,5.1436,0.2929,2.1637,1.7162,0.1618,0.7148,772861,460,1215,2213,0,14,1,1.5659,0.8685,0.2233,540.2,1942,7501
3883,mountain_flight,2111.500,7.1630,2.8121,4.3509,4.8364,0.0010,2.1688,1.7070,0.1618,0.7025,774244,0,0,0,0,14,1,0.0248,0.0005,0.0798,540.2,1942,7501
3884,mountain_flight,2111.600,9.5920,5.2876,4.3044,5.1589,0.3041,2.1678,1.7295,0.1597,0.7035,774703,0,1261,802,0,14,1,0.7858,0.4765,0.0892,540.2,1942,7501
3885,mountain_flight,2111.500,9.7013,5.0675,4.6338,5.2695,0.3953,2.1903,1.7142,0.1628,0.7117,774702,0,1751,1752,0,14,1,1.2792,0.5759,0.2273,540.2,1942,7501
3886,mountain_flight,2111.200,9.9926,5.5201,4.4725,5.6371,0.3031,2.6665,1.6988,0.1577,0.7158,775205,0,1271,768,0,14,1,0.8120,0.6668,0.1241,540.2,1942,7501
3887,mountain_flight,2111.200,10.3551,5.1906,5.1645,5.0913,0.2202,2.1821,1.7152,0.1608,0.7188,775201,0,865,869,0,14,1,0.9178,0.6271,0.1002,540.2,1942,7501
3888,mountain_flight,2111.200,8.6155,4.0367,4.5788,5.0248,0.2120,2.1555,1.6957,0.1628,0.7035,774783,0,816,1234,0,14,1,0.7667,0.4952,0.0925,540.2,1942,7501
3889,mountain_flight,2111.000,8.6800,4.3283,4.3517,5.3207,0.2365,2.1545,1.9630,0.1608,0.7107,774794,0,940,929,0,14,1,0.6985,0.5506,0.1074,540.2,1942,7501
3891,mountain_flight,2110.600,6.8144,2.5718,4.2426,4.8364,0.0010,2.1484,1.7193,0.1608,0.7127,775762,0,0,0,0,14,1,0.0223,0.0009,0.0725,540.2,1942,7501
3892,mountain_flight,2110.200,11.1746,6.6891,4.4855,5.1558,0.3154,2.1453,1.7224,0.1608,0.7178,776290,0,1296,768,0,14,1,0.8113,0.5003,0.0991,540.2,1942,7501
3893,mountain_flight,2110.200,8.9200,4.6577,4.2623,5.8429,0.2365,2.9071,1.7142,0.1608,0.7291,776273,0,932,949,0,14,1,0.7275,0.5044,0.0888,540.2,1942,7501
3894,mountain_flight,2110.100,9.1381,4.0134,5.1247,4.9971,0.1434,2.1402,1.7224,0.1608,0.7414,774979,0,465,1759,0,14,1,0.8262,0.4404,0.0832,540.2,1942,7501
3895,mountain_flight,2110.400,7.9666,3.7177,4.2489,4.8456,0.0010,2.1402,1.7336,0.1608,0.7199,774979,0,0,0,0,14,1,0.0113,0.0007,0.0807,540.2,1942,7501
3896,mountain_flight,2110.800,10.1414,5.8399,4.3015,4.9398,0.1147,2.1453,1.7224,0.1608,0.7076,771644,1752,319,3654,0,14,1,1.5104,0.6133,0.3452,540.2,1942,7501
3897,mountain_flight,2111.000,11.3839,6.6718,4.7121,5.0289,0.1833,2.1576,1.7132,0.1618,0.7209,771352,2052,639,931,0,14,1,1.5796,0.5659,0.5873,540.2,1942,7501
3898,mountain_flight,2111.100,9.4411,5.2157,4.2254,5.5470,0.7209,2.1586,1.6927,0.1628,0.7219,773806,0,3265,811,0,14,1,1.4688,0.6546,0.0923,540.2,1942,7501
3899,mountain_flight,2111.200,8.5054,3.6300,4.8754,4.7964,0.0010,2.1524,1.6814,0.1597,0.7117,773806,0,0,0,0,14,1,0.0259,0.0007,0.0818,540.2,1942,7501
3900,mountain_flight,2111.400,10.5320,5.7129,4.8191,5.1169,0.3082,2.1617,1.6732,0.1608,0.7229,774283,0,1267,790,0,14,1,0.9943,0.5390,0.1015,540.2,1942,7501
3901,mountain_flight,2111.600,9.9457,5.0415,4.9042,5.0698,0.2406,2.1750,1.6804,0.1587,0.7250,774287,0,930,926,0,14,1,1.0533,0.6280,0.1144,540.2,1942,7501
3902,mountain_settle,3379.800,4.1346,4.0961,0.0385,3.7038,0.0010,1.3568,1.8637,0.1823,0.2355,774287,0,0,0,0,14,1,0.0172,0.0010,0.1358,540.2,1942,7501
3903,mountain_settle,3379.800,5.7921,5.7547,0.0374,3.2481,0.0020,1.3588,1.4019,0.1843,0.2345,774287,0,0,0,0,14,1,0.0102,0.0008,0.1042,540.2,1942,7501
3904,mountain_settle,3379.800,5.4200,5.3937,0.0263,3.4273,0.2058,1.3558,1.3783,0.1853,0.2355,773688,0,733,1332,0,14,1,0.9050,0.5388,0.1175,540.2,1942,7501
3905,mountain_settle,3379.800,3.4443,3.4240,0.0203,3.2461,0.0010,1.3599,1.3844,0.1925,0.2396,773688,0,0,0,0,14,1,0.0083,0.0009,0.0673,540.2,1942,7501
3906,mountain_settle,3379.800,5.0609,2.7985,2.2624,4.1452,0.0010,1.6845,1.7490,0.4024,0.2427,773688,0,0,0,0,14,1,0.0084,0.0006,0.0796,540.2,1942,7501
3907,mountain_settle,3379.800,5.1353,5.0924,0.0429,3.2328,0.0010,1.3568,1.3885,0.1823,0.2355,773688,0,0,0,0,14,1,0.0111,0.0016,0.1331,540.2,1942,7501
3908,mountain_settle,3379.800,5.3879,3.3375,2.0504,4.6141,0.0010,2.2559,1.8678,0.1864,0.2355,773688,0,0,0,0,14,1,0.0072,0.0006,0.0779,540.2,1942,7501
3909,mountain_settle,3379.800,4.8537,3.2851,1.5686,3.2358,0.0010,1.3578,1.3834,0.1853,0.2406,773688,0,0,0,0,14,1,0.0078,0.0005,0.0717,540.2,1942,7501
3910,mountain_settle,3379.800,6.5831,4.3165,2.2666,3.2246,0.0020,1.3578,1.3793,0.1853,0.2355,773688,0,0,0,0,14,1,0.0094,0.0009,0.1574,540.2,1942,7501
3911,mountain_settle,3379.800,4.4762,2.9122,1.5640,3.9424,0.0010,1.3568,2.0992,0.1864,0.2345,773688,0,0,0,0,14,1,0.0085,0.0005,0.0903,540.2,1942,7501
3912,mountain_settle,3379.800,4.7565,3.2994,1.4571,3.2369,0.0010,1.3578,1.3834,0.1894,0.2345,773688,0,0,0,0,14,1,0.0075,0.0004,0.0782,540.2,1942,7501
3913,mountain_settle,3379.800,6.2709,3.5505,2.7204,3.2287,0.0010,1.3568,1.3814,0.1853,0.2396,773688,0,0,0,0,14,1,0.0079,0.0006,0.0837,540.2,1942,7501
3914,mountain_settle,3379.800,4.8437,2.8368,2.0069,3.2317,0.0020,1.3578,1.3844,0.1853,0.2355,773688,0,0,0,0,14,1,0.0070,0.0005,0.0673,540.2,1942,7501
3916,mountain_settle,3379.800,6.9830,6.9539,0.0291,3.3812,0.0645,1.4234,1.3804,0.1843,0.2345,773751,26561,63,0,0,15,0,4.0486,0.3225,0.0922,540.2,1942,7501
3917,mountain_settle,3379.800,7.7582,7.7369,0.0213,5.8388,1.1796,1.8883,1.0445,0.1864,1.4418,779190,42882,5439,0,0,15,0,4.0076,0.8251,0.1363,540.2,1942,7501
3918,mountain_settle,3379.800,8.4006,8.3782,0.0224,4.6797,0.7956,1.9466,0.9564,0.1843,0.6984,776885,44859,3583,5888,0,15,0,4.0337,1.6139,0.1120,540.2,1942,7501
3919,mountain_settle,3379.800,8.5260,8.5050,0.0210,5.7907,1.2104,2.0449,1.2165,0.5581,0.6625,773428,39356,5503,8960,0,15,0,4.0248,1.6037,0.1021,540.2,1942,7501
3920,mountain_settle,3379.800,8.3891,8.3641,0.0250,4.5404,0.4966,2.1156,0.9748,0.1853,0.6707,767091,37245,2111,8448,0,15,0,4.0507,1.3882,0.0976,540.2,1942,7501
3922,mountain_settle,3379.800,7.7345,7.7130,0.0215,4.6305,0.5202,2.1924,0.9585,0.1853,0.6758,757361,29823,2239,8192,0,15,0,4.0414,1.1793,0.0982,540.2,1942,7501
3924,mountain_settle,3379.800,7.7975,7.7759,0.0216,4.6612,0.5530,2.2067,0.9615,0.1853,0.6564,748015,22273,2367,7936,0,15,0,4.0395,1.1800,0.0932,540.2,1942,7501
3926,mountain_settle,3379.800,7.5687,7.5469,0.0218,4.6674,0.5048,2.2661,0.9441,0.1843,0.6666,739245,14659,2111,7680,0,15,0,4.0490,1.3027,0.0938,540.2,1942,7501
3927,mountain_settle,3379.800,8.7021,8.6842,0.0179,5.3934,1.1264,2.3409,0.9769,0.1823,0.6554,738924,9604,5055,5376,0,15,0,4.0227,1.4422,0.0989,540.2,1942,7501
3928,mountain_settle,3379.800,8.9329,8.9117,0.0212,5.3156,1.0732,2.3398,0.9400,0.1874,0.6574,741167,11141,4863,2620,0,15,0,4.0162,1.2839,0.1175,540.2,1942,7501
3930,mountain_settle,3379.800,7.5350,7.5142,0.0208,5.5050,1.1090,2.3368,0.9615,0.1874,0.7926,751661,38023,5055,0,0,15,0,4.0107,0.8720,0.0930,540.2,1942,7501
3932,mountain_settle,3379.800,8.0626,8.0409,0.0217,5.5439,0.8991,2.5385,1.0097,0.1833,0.7956,748139,39690,3967,8448,0,15,0,4.0254,1.4253,0.1025,540.2,1942,7501
3933,mountain_settle,3379.800,9.2682,9.2502,0.0180,6.8239,1.2534,3.4703,1.0076,0.1874,0.7885,744810,34059,5631,8960,0,15,0,4.0184,1.4770,0.0962,540.2,1942,7501
3934,mountain_settle,3379.800,7.9078,7.8862,0.0216,5.5142,0.8530,2.6286,0.9841,0.1915,0.7414,742953,30284,3775,5632,0,15,0,4.0195,1.1891,0.0927,540.2,1942,7501
3935,mountain_settle,3379.800,8.5031,8.4860,0.0171,6.7041,1.2155,3.4478,1.0066,0.1853,0.7332,739176,24845,5439,9216,0,15,0,4.0236,1.4769,0.0954,540.2,1942,7501
3936,mountain_settle,3379.800,8.3464,8.3240,0.0224,5.7344,0.9574,2.7443,0.9841,0.1853,0.7465,735719,20622,4223,7680,0,15,0,4.0188,1.2060,0.0897,540.2,1942,7501
3937,mountain_settle,3379.800,8.1041,8.0840,0.0201,6.9530,1.2288,3.6628,0.9974,0.1843,0.7629,732262,15119,5503,8960,0,15,0,4.0145,1.4589,0.0928,540.2,1942,7501
3938,mountain_settle,3379.800,8.4153,8.3934,0.0219,5.2111,0.4219,2.7505,0.9861,0.1864,0.7516,727589,13392,1727,6400,0,15,0,4.0164,1.2293,0.1146,540.2,1942,7501
3939,mountain_settle,3379.800,8.7606,8.7391,0.0215,6.9519,1.1448,3.7693,0.9994,0.1823,0.7363,725284,8273,5119,7424,0,15,0,4.0151,1.3171,0.5484,540.2,1942,7501
3940,mountain_settle,3379.800,8.6902,8.6666,0.0236,5.9208,1.0650,2.7648,1.0322,0.1874,0.7485,726755,3474,4799,3328,0,15,0,4.0146,1.1169,0.5815,540.2,1942,7501
3941,mountain_settle,3379.800,8.6491,8.6303,0.0188,6.9847,1.4623,3.4058,1.0547,0.1843,0.7516,732616,12883,6719,858,0,15,0,4.0217,1.1080,0.5792,540.2,1942,7501
3942,mountain_settle,3379.800,8.5117,8.4908,0.0209,6.0815,1.2175,2.7628,1.0281,0.1874,0.7629,738183,19348,5567,0,0,15,0,4.0087,0.8063,0.5798,540.2,1942,7501
3943,mountain_settle,3379.800,8.2664,8.2474,0.0190,6.7574,1.8176,2.8682,1.0179,0.1843,0.7455,743878,35669,5695,0,0,15,0,4.0129,0.8155,0.6000,540.2,1942,7501
3944,mountain_settle,3379.800,8.9802,8.9591,0.0211,5.9402,0.9359,2.9297,1.0086,0.1874,0.7567,744453,35276,4159,3584,0,15,0,4.0392,1.1322,0.5954,540.2,1942,7501
3946,mountain_settle,3379.800,9.8502,9.8169,0.0333,5.8931,0.6758,3.0423,1.0844,0.1833,0.7834,739971,26958,2943,3584,0,15,0,4.0260,1.1240,0.8895,540.2,1942,7501
3947,mountain_settle,3379.800,10.0087,9.9857,0.0230,6.1860,1.0086,3.0781,1.0056,0.1853,0.7844,735746,22479,4479,8704,0,15,0,4.0280,1.4900,0.9324,540.2,1942,7501
3948,mountain_settle,3379.800,9.6848,9.6374,0.0474,6.4502,1.2268,3.1283,0.9974,0.1884,0.7854,732545,16976,5503,8704,0,15,0,4.0104,1.5022,0.6057,540.2,1942,7501
3949,mountain_settle,3379.800,10.4335,10.4009,0.0326,6.8946,0.5233,4.2568,1.0045,0.1874,0.7977,730432,14737,2239,4352,0,15,0,4.0106,1.3994,0.6498,540.2,1942,7501
3950,mountain_settle,3379.800,10.0963,10.0609,0.0354,7.2131,1.4234,3.6731,1.0168,0.1874,0.7905,727103,9362,5375,8704,0,15,0,4.0170,1.5357,0.6640,540.2,1942,7501
3951,mountain_settle,3379.800,8.8172,8.7931,0.0241,6.3345,1.0916,3.1252,1.0107,0.1843,0.7987,726270,4307,5055,5888,0,15,0,4.0171,1.1923,0.6891,540.2,1942,7501
3952,mountain_settle,3379.800,8.1349,8.1172,0.0177,6.2157,0.9370,3.1171,1.0547,0.1864,0.7844,723921,0,4307,6656,0,15,0,3.7323,1.2228,0.1026,540.2,1942,7501
3953,mountain_settle,3379.800,7.8573,7.8367,0.0206,5.3146,0.0737,3.1160,1.0189,0.1843,0.8018,721430,21697,63,2554,0,15,0,4.0441,0.5934,0.0863,540.2,1942,7501
3954,mountain_settle,3379.800,7.4346,7.4147,0.0199,6.6908,1.2872,3.1140,1.0926,0.1884,0.8724,726165,38210,4735,0,0,15,0,4.0124,0.7318,0.0901,540.2,1942,7501
3955,mountain_settle,3379.800,8.5658,8.5401,0.0257,6.4512,1.1284,3.1283,1.0179,0.1853,0.8663,728468,43766,5375,3072,0,15,0,4.0112,1.0481,0.1018,540.2,1942,7501
3956,mountain_settle,3379.800,8.8144,8.7936,0.0208,6.6796,1.1878,3.2256,1.0271,0.1864,0.9257,725587,38199,5567,8448,0,15,0,4.0249,1.4486,0.0915,540.2,1942,7501
3957,mountain_settle,3379.800,8.4929,8.4651,0.0278,7.5653,1.1561,3.4652,1.3220,0.1843,1.3128,725970,32696,5503,5120,0,15,0,4.0160,1.1551,0.1023,540.2,1942,7501
3958,mountain_settle,3379.800,9.5405,9.5172,0.0233,6.6847,1.1581,3.2604,1.0424,0.1833,0.9144,722449,27257,5439,8960,0,15,0,4.0229,1.5980,0.0952,540.2,1942,7501
3959,mountain_settle,3379.800,8.7343,8.7085,0.0258,7.5346,1.1530,3.7059,1.4643,0.1884,0.8970,719184,21818,5439,8704,0,15,0,4.0167,1.5140,0.0969,540.2,1942,7501
3960,mountain_settle,3379.800,9.0421,9.0215,0.0206,6.6140,1.1571,3.2573,1.0373,0.1884,0.8479,715407,16379,5439,9216,0,15,0,4.0127,1.6453,0.1339,540.2,1942,7501
3961,mountain_settle,3379.800,8.8504,8.8274,0.0230,6.6734,1.2022,3.2799,1.0394,0.1853,0.8417,712910,10684,5695,8192,0,15,0,4.0083,1.7438,0.1010,540.2,1942,7501
3962,mountain_settle,3379.800,8.4205,8.3985,0.0220,6.5516,1.1080,3.2778,1.0148,0.1874,0.8387,712525,5437,5247,5632,0,15,0,4.0137,1.4885,0.0983,540.2,1942,7501
3963,mountain_settle,3379.800,8.1347,8.1138,0.0209,7.2131,1.5237,3.5308,1.0209,0.1843,0.8284,717813,18046,5823,535,0,15,0,4.0220,0.9509,0.1113,540.2,1942,7501
3964,mountain_settle,3379.800,8.3321,8.3113,0.0208,6.6611,1.1837,3.2778,1.0455,0.1925,0.8366,723444,34943,5631,0,0,15,0,4.0221,0.9792,0.2022,540.2,1942,7501
3965,mountain_settle,3379.800,9.7454,7.7789,1.9665,6.5782,1.0742,3.3372,1.0209,0.1884,0.8325,725747,42808,5119,2816,0,15,0,4.0092,1.0450,0.0909,540.2,1942,7501
3966,mountain_settle,3379.800,8.8677,8.8387,0.0290,6.5751,0.9892,3.3935,1.0322,0.1864,0.8479,721714,38137,4671,8704,0,15,0,4.0181,1.6538,0.0998,540.2,1942,7501
3967,mountain_settle,3379.800,8.4995,8.4789,0.0206,7.1066,1.5012,3.4109,1.0424,0.1874,0.8397,718193,32698,5439,8960,0,15,0,4.0180,1.5391,0.0985,540.2,1942,7501
3968,mountain_settle,3379.800,10.1055,8.5726,1.5329,6.5341,0.9667,3.3966,1.0015,0.1853,0.8581,714032,28155,4543,8704,0,15,0,4.0253,1.7346,0.1869,540.2,1942,7501
3969,mountain_settle,3379.800,8.7655,8.7297,0.0358,6.7471,1.1448,3.4345,0.9974,0.1874,0.8581,710255,22716,5439,9216,0,15,0,4.0097,1.5184,0.0985,540.2,1942,7501
3970,mountain_settle,3379.800,9.2761,9.2555,0.0206,7.4875,1.1776,4.1523,0.9779,0.1864,0.8673,707438,17085,5631,8448,0,15,0,4.0239,1.5048,0.0952,540.2,1942,7501
3971,mountain_settle,3379.800,9.1528,9.1308,0.0220,6.7359,1.1366,3.4314,1.0117,0.1874,0.8417,705709,11646,5439,7168,0,15,0,4.0169,1.3721,0.1253,540.2,1942,7501
3972,mountain_settle,3379.800,10.1779,8.2272,1.9507,6.9366,1.3036,3.4253,1.0506,0.1833,0.8499,710045,13887,6207,1871,0,15,0,4.0203,1.1550,0.0979,540.2,1942,7501
3973,mountain_settle,3379.800,9.5009,8.0756,1.4253,7.0103,1.2145,3.4263,1.2585,0.1874,0.7956,716188,29760,6143,0,0,15,0,4.0692,1.0085,0.1042,540.2,1942,7501
3974,mountain_settle,3379.800,9.2095,7.2185,1.9910,6.6867,1.1192,3.4744,0.9923,0.1874,0.7864,721819,46401,5631,0,0,15,0,4.0072,0.7789,0.0929,540.2,1942,7501
3975,mountain_settle,3379.800,9.6373,8.2264,1.4109,6.3939,0.8530,3.4202,1.0230,0.1884,0.7803,718810,43451,4159,7168,0,15,0,4.0120,1.3250,0.1098,540.2,1942,7501
3976,mountain_settle,3379.800,8.6431,8.6166,0.0265,6.5935,1.0691,3.4181,1.0076,0.1874,0.7864,714969,38076,5375,9216,0,15,0,4.0086,1.5454,0.0949,540.2,1942,7501
3977,mountain_settle,3379.800,8.6465,8.6248,0.0217,7.4619,1.0455,4.3274,0.9943,0.1833,0.7875,712792,32829,5247,7424,0,15,0,4.0132,1.3466,0.1008,540.2,1942,7501
3978,mountain_settle,3379.800,9.9776,8.4778,1.4998,6.5403,1.0179,3.4161,0.9964,0.1946,0.7895,708887,27774,5055,8960,0,15,0,4.0218,1.5237,0.0988,540.2,1942,7501
3979,mountain_settle,3379.800,9.7323,8.2819,1.4504,6.6243,1.0721,3.4079,1.0465,0.1853,0.7875,706838,22399,5375,7424,0,15,0,4.0216,1.3850,0.0990,540.2,1942,7501
3980,mountain_settle,3379.800,9.6509,9.6193,0.0316,6.2843,0.7680,3.4048,1.0066,0.1884,0.7916,705106,18624,3775,5507,0,15,0,4.0369,1.5290,0.1513,540.2,1942,7501
3981,mountain_settle,3379.800,7.4641,7.4421,0.0220,6.9130,1.4090,3.4058,0.9861,0.1833,0.7936,710865,35137,5759,0,0,15,0,4.0075,0.8032,0.0963,540.2,1942,7501
3982,mountain_settle,3379.800,9.4611,7.9105,1.5506,6.5485,1.0291,3.4079,1.0199,0.1823,0.7834,715920,51842,5055,0,0,15,0,4.0169,0.8196,0.0966,540.2,1942,7501
3983,mountain_settle,3379.800,8.5680,8.5271,0.0409,6.4512,0.9728,3.3843,1.0035,0.1935,0.7711,712911,47597,4927,7936,0,15,0,4.0155,1.3422,0.0959,540.2,1942,7501
3984,mountain_settle,3379.800,9.3175,9.2964,0.0211,6.3724,0.9083,3.3782,0.9974,0.1853,0.7772,708238,43054,4543,9216,0,15,0,4.0116,1.6636,0.1092,540.2,1942,7501
3985,mountain_settle,3379.800,8.6706,8.6487,0.0219,6.5219,1.0342,3.3772,1.0097,0.1853,0.7823,705805,37807,5247,7680,0,15,0,4.0222,1.3631,0.0986,540.2,1942,7501
3986,mountain_settle,3379.800,8.9326,8.0731,0.8595,6.3007,0.8243,3.3833,0.9953,0.1874,0.7834,709981,52144,4351,175,0,15,0,4.0188,0.8489,0.1072,540.2,1942,7501
3987,mountain_settle,3379.800,9.9860,8.0319,1.9541,6.4993,1.0271,3.3772,1.0035,0.1884,0.7752,708956,52604,5375,6400,0,15,0,4.0192,1.5878,0.1201,540.2,1942,7501
3988,mountain_settle,3379.800,8.5201,8.4902,0.0299,7.6575,1.0076,4.2127,1.3517,0.1853,0.7711,707824,47421,5183,6315,0,15,0,4.0188,1.2761,0.1120,540.2,1942,7501
3989,mountain_settle,3379.800,8.4362,8.4150,0.0212,6.3939,0.9124,3.3802,1.0086,0.1874,0.7782,708591,55273,4607,3840,0,15,0,4.0187,1.1294,0.1222,540.2,1942,7501
3990,mountain_settle,3379.800,10.4598,7.8479,2.6119,6.2781,0.7741,3.3833,1.0076,0.1884,0.7967,708389,57997,3967,4169,0,15,0,4.0308,1.1311,0.0997,540.2,1942,7501
3991,mountain_settle,3379.800,9.6755,9.6452,0.0303,6.4102,0.9636,3.3772,0.9974,0.1894,0.7782,709394,62760,4991,3986,0,15,0,4.0159,1.1688,1.4093,540.2,1942,7501
3992,mountain_settle,3379.800,10.0994,10.0789,0.0205,8.3149,2.6153,3.6239,1.0004,0.1853,0.7844,721105,51049,11711,0,0,15,0,4.0082,1.7434,1.2459,540.2,1942,7501
3993,mountain_settle,3379.800,11.2177,11.1968,0.0209,7.2376,1.9661,3.2164,0.9851,0.1823,0.7864,731792,40362,10687,0,0,15,0,4.0221,1.6813,2.5043,540.2,1942,7501
3994,mountain_settle,3379.800,12.6567,12.6345,0.0222,7.1404,2.0920,2.9655,1.0230,0.1874,0.7752,742927,29227,11135,0,0,15,0,4.0138,1.5882,3.8192,540.2,1942,7501
3995,mountain_settle,3379.800,10.9042,10.8812,0.0230,7.8193,2.1391,3.6383,0.9892,0.1843,0.7711,753038,19116,10111,0,0,15,0,4.0078,1.3668,2.8030,540.2,1942,7501
3996,mountain_settle,3379.800,10.1522,10.1307,0.0215,6.8372,1.8207,2.9440,1.0066,0.1843,0.7844,762701,9453,9663,0,0,15,0,4.0275,1.4590,1.5862,540.2,1942,7501
3997,mountain_settle,3379.800,7.4627,7.4422,0.0205,6.6714,1.6415,2.9553,1.0015,0.1874,0.7875,772154,0,9453,0,0,15,0,3.4147,1.3445,0.1016,540.2,1942,7501
3998,mountain_settle,3379.800,7.2021,2.8995,4.3026,5.3350,0.0010,2.9604,1.0209,0.1874,1.0660,772154,0,0,0,0,15,0,0.0075,0.0006,0.0699,540.2,1942,7501
3999,mountain_settle,3379.800,9.3650,2.6248,6.7402,4.9992,0.0010,2.9430,0.9994,0.1843,0.7741,772154,0,0,0,0,15,0,0.0078,0.0006,0.0741,540.2,1942,7501
4001,mountain_walk,3379.800,6.6921,2.5994,4.0927,5.0760,0.0010,2.9706,1.0496,0.1761,0.7813,772154,0,0,0,0,15,0,0.0204,0.0004,0.0835,540.2,1942,7501
4002,mountain_walk,3379.900,3.2532,3.2518,0.0014,5.0545,0.0010,2.9716,1.0230,0.1761,0.7864,772154,0,0,0,0,15,0,0.0239,0.0005,0.0833,540.2,1942,7501
4003,mountain_walk,3379.900,4.9662,2.8089,2.1573,6.1307,0.0010,3.8584,0.9994,0.1772,0.7762,772154,0,0,0,0,15,0,0.0238,0.0006,0.0842,540.2,1942,7501
4004,mountain_walk,3379.900,5.7983,3.5805,2.2178,4.9900,0.0010,2.9665,0.9687,0.1751,0.7793,772154,0,0,0,0,15,0,0.0285,0.0007,0.1249,540.2,1942,7501
4005,mountain_walk,3379.900,5.3133,3.1375,2.1758,5.0227,0.0010,2.9604,0.9964,0.1782,0.7895,772154,0,0,0,0,15,0,0.0223,0.0008,0.0721,540.2,1942,7501
4006,mountain_walk,3379.900,6.8224,2.9094,3.9130,5.0350,0.0010,2.9624,1.0179,0.1802,0.7762,772154,0,0,0,0,15,0,0.0225,0.0004,0.0783,540.2,1942,7501
4007,mountain_walk,3379.900,6.7372,2.6530,4.0842,5.0094,0.0020,2.9727,0.9923,0.1772,0.7670,772154,0,0,0,0,15,0,0.0213,0.0005,0.0747,540.2,1942,7501
4008,mountain_walk,3379.900,7.0499,2.4351,4.6148,5.8860,0.0020,3.8267,1.0045,0.1751,0.7803,772154,0,0,0,0,15,0,0.0210,0.0003,0.0777,540.2,1942,7501
4009,mountain_walk,3379.900,7.1368,2.8360,4.3008,4.9848,0.0010,2.9604,0.9738,0.1751,0.7762,772154,0,0,0,0,15,0,0.0275,0.0007,0.0957,540.2,1942,7501
4010,mountain_walk,3379.900,7.4570,2.7366,4.7204,5.0299,0.0010,2.9614,1.0158,0.1782,0.7752,772154,0,0,0,0,15,0,0.0224,0.0004,0.0770,540.2,1942,7501
4011,mountain_walk,3379.900,6.4857,4.2793,2.2064,5.0104,0.0010,2.9696,0.9923,0.1802,0.7700,772154,0,0,0,0,15,0,0.0236,0.0007,0.0810,540.2,1942,7501
4012,mountain_walk,3379.900,7.3848,3.2979,4.0869,4.9705,0.0010,2.9655,0.9513,0.1782,0.7782,772154,0,0,0,0,15,0,0.0328,0.0005,0.0782,540.2,1942,7501
4013,mountain_walk,3379.900,6.1197,3.9541,2.1656,4.9910,0.0010,2.9635,0.9738,0.1802,0.7762,772154,0,0,0,0,15,0,0.0250,0.0007,0.0958,540.2,1942,7501
4014,mountain_walk,3380.000,7.2515,3.4256,3.8259,5.7375,0.0010,3.6905,0.9964,0.1751,0.7782,772154,0,0,0,0,15,0,0.0268,0.0007,0.1129,540.2,1942,7501
4015,mountain_walk,3380.000,6.7294,4.0384,2.6910,5.0309,0.0010,2.9829,0.9861,0.1782,0.7864,772154,0,0,0,0,15,0,0.0260,0.0011,0.1374,540.2,1942,7501
4016,mountain_walk,3380.000,8.5814,3.1405,5.4409,4.9971,0.0010,2.9778,0.9779,0.1812,0.7639,772154,0,0,0,0,15,0,0.0231,0.0005,0.0905,540.2,1942,7501
4017,mountain_walk,3380.000,5.9374,3.5267,2.4107,5.5327,0.0010,3.4847,0.9882,0.1751,0.7854,772154,0,0,0,0,15,0,0.0231,0.0007,0.0797,540.2,1942,7501
4018,mountain_walk,3379.900,8.1150,2.9672,5.1478,4.9920,0.0010,2.9819,0.9626,0.1751,0.7752,772154,0,0,0,0,15,0,0.0244,0.0006,0.0825,540.2,1942,7501
4019,mountain_walk,3379.900,7.4804,3.5989,3.8815,7.1240,0.0010,5.0862,0.9902,0.1751,0.7741,772154,0,0,0,0,15,0,0.0232,0.0005,0.0831,540.2,1942,7501
4020,mountain_walk,3379.900,6.7259,3.0811,3.6448,5.0422,0.0010,2.9757,1.0240,0.1751,0.7700,772154,0,0,0,0,15,0,0.0239,0.0005,0.0814,540.2,1942,7501
4021,mountain_walk,3379.900,8.5959,2.7547,5.8412,5.9402,0.0010,3.6352,1.2483,0.1751,0.7834,772154,0,0,0,0,15,0,0.0238,0.0005,0.0819,540.2,1942,7501
4022,mountain_walk,3379.900,6.8525,2.6460,4.2065,5.0319,0.0010,2.9778,0.9964,0.1761,0.7823,772154,0,0,0,0,15,0,0.0219,0.0005,0.0766,540.2,1942,7501
4023,mountain_walk,3379.900,8.0105,3.5560,4.4545,5.0074,0.0010,2.9860,0.9636,0.1772,0.7813,772154,0,0,0,0,15,0,0.0210,0.0007,0.0863,540.2,1942,7501
4024,mountain_walk,3379.900,6.7143,2.6510,4.0633,5.2183,0.0010,2.9819,0.9615,0.1772,0.7844,772154,0,0,0,0,15,0,0.0215,0.0005,0.0722,540.2,1942,7501
4025,mountain_walk,3379.900,7.3575,3.3653,3.9922,4.9981,0.0020,2.9768,0.9656,0.1751,0.7823,772154,0,0,0,0,15,0,0.0245,0.0006,0.1254,540.2,1942,7501
4026,mountain_walk,3379.900,8.4118,5.3145,3.0973,6.7891,0.5478,4.1738,1.0056,0.1772,0.7854,774637,0,2487,4,0,15,0,1.2760,0.6240,0.1156,540.2,1942,7501
4027,mountain_walk,3379.900,6.3361,4.1059,2.2302,5.0575,0.0010,3.0085,1.0066,0.1731,0.7700,774637,0,0,0,0,15,0,0.0259,0.0008,0.0887,540.2,1942,7501
4028,mountain_walk,3379.900,8.0383,2.6971,5.3412,5.0258,0.0010,3.0034,0.9841,0.1802,0.7598,774637,0,0,0,0,15,0,0.0264,0.0010,0.0914,540.2,1942,7501
4029,mountain_walk,3379.900,7.4534,2.4512,5.0022,5.0586,0.0010,3.0095,0.9964,0.1792,0.7741,774637,0,0,0,0,15,0,0.0260,0.0006,0.0831,540.2,1942,7501
4030,mountain_walk,3379.900,6.1603,2.9715,3.1888,5.0647,0.0020,3.0116,0.9994,0.1782,0.7741,774637,0,0,0,0,15,0,0.0238,0.0011,0.1040,540.2,1942,7501
4031,mountain_walk,3379.900,7.4154,2.2045,5.2109,5.0432,0.0010,3.0116,0.9892,0.1761,0.7680,774637,0,0,0,0,15,0,0.0193,0.0004,0.0749,540.2,1942,7501
4032,mountain_walk,3379.900,6.7287,2.5359,4.1928,5.0340,0.0010,3.0065,0.9728,0.1792,0.7711,774637,0,0,0,0,15,0,0.0270,0.0007,0.0951,540.2,1942,7501
4033,mountain_walk,3379.900,7.2346,2.6490,4.5856,5.0452,0.0010,3.0085,0.9687,0.1792,0.7895,774637,0,0,0,0,15,0,0.0230,0.0005,0.0717,540.2,1942,7501
4034,mountain_walk,3379.900,6.8082,2.5824,4.2258,5.0340,0.0010,3.0075,0.9626,0.1782,0.7854,774637,0,0,0,0,15,0,0.0198,0.0003,0.0722,540.2,1942,7501
4035,mountain_walk,3379.900,6.8312,2.7607,4.0705,4.9828,0.0010,3.0095,0.9318,0.1761,0.7670,774637,0,0,0,0,15,0,0.0204,0.0005,0.0705,540.2,1942,7501
4036,mountain_walk,3379.900,6.9357,3.0443,3.8914,4.9838,0.0010,2.9952,0.9513,0.1751,0.7660,774637,0,0,0,0,15,0,0.0222,0.0004,0.0775,540.2,1942,7501
4037,mountain_walk,3379.900,7.4006,3.2337,4.1669,5.4200,0.0010,3.3956,0.9728,0.1792,0.7741,774637,0,0,0,0,15,0,0.0258,0.0007,0.0962,540.2,1942,7501
4038,mountain_walk,3379.900,7.0041,2.7656,4.2385,5.0053,0.0010,3.0024,0.9492,0.1802,0.7741,774637,0,0,0,0,15,0,0.0219,0.0004,0.0703,540.2,1942,7501
4039,mountain_walk,3379.900,7.4064,2.6844,4.7220,5.8522,0.0010,3.8431,0.9718,0.1761,0.7608,774637,0,0,0,0,15,0,0.0211,0.0004,0.0756,540.2,1942,7501
4040,mountain_walk,3379.900,6.9004,2.6967,4.2037,6.1030,0.0010,4.0673,0.9943,0.1823,0.7598,774637,0,0,0,0,15,0,0.0262,0.0005,0.0840,540.2,1942,7501
4041,mountain_walk,3379.900,8.0602,2.6397,5.4205,5.0504,0.0010,3.0044,0.9923,0.1761,0.7762,774637,0,0,0,0,15,0,0.0216,0.0005,0.0708,540.2,1942,7501
4042,mountain_walk,3379.900,7.2877,2.5698,4.7179,5.6842,0.0020,3.6618,0.9728,0.1802,0.7700,774637,0,0,0,0,15,0,0.0210,0.0003,0.0709,540.2,1942,7501
4043,mountain_walk,3379.900,6.8311,2.7590,4.0721,5.0309,0.0010,2.9972,0.9769,0.1812,0.7741,774637,0,0,0,0,15,0,0.0195,0.0005,0.0867,540.2,1942,7501
4044,mountain_walk,3379.900,7.6296,2.4235,5.2061,5.0309,0.0010,3.0147,0.9748,0.1782,0.7649,774637,0,0,0,0,15,0,0.0214,0.0005,0.0787,540.2,1942,7501
4045,mountain_walk,3380.000,7.0180,2.4432,4.5748,5.4692,0.0010,3.3987,1.0086,0.1782,0.7844,774637,0,0,0,0,15,0,0.0197,0.0003,0.0753,540.2,1942,7501
4046,mountain_walk,3380.000,7.4827,3.2589,4.2238,5.0350,0.0010,3.0116,0.9636,0.1772,0.7854,774637,0,0,0,0,15,0,0.0279,0.0005,0.0928,540.2,1942,7501
4047,mountain_walk,3380.000,7.2732,2.6374,4.6358,5.0657,0.0010,3.0106,1.0004,0.1792,0.7752,774637,0,0,0,0,15,0,0.0216,0.0008,0.0721,540.2,1942,7501
4048,mountain_walk,3380.000,6.6671,2.4718,4.1953,5.0545,0.0010,3.0259,0.9800,0.1751,0.7741,774637,0,0,0,0,15,0,0.0272,0.0003,0.0744,540.2,1942,7501
4049,mountain_walk,3380.000,6.9510,2.7722,4.1788,5.8911,0.0010,3.2707,0.9523,0.5171,1.0547,774637,0,0,0,0,15,0,0.0221,0.0005,0.0709,540.2,1942,7501
4050,mountain_walk,3380.000,6.7648,4.6188,2.1460,5.3821,0.3574,2.9993,0.9677,0.1751,0.7864,775869,0,1521,289,0,15,0,0.7477,0.4520,0.0859,540.2,1942,7501
4051,mountain_walk,3380.000,7.8086,4.2343,3.5743,5.2531,0.2120,2.9952,0.9912,0.1782,0.7803,775884,0,837,822,0,15,0,0.6819,0.4458,0.1734,540.2,1942,7501
4052,mountain_walk,3380.000,7.3359,2.7078,4.6281,5.0227,0.0010,2.9880,0.9984,0.1772,0.7619,775884,0,0,0,0,15,0,0.0224,0.0004,0.0724,540.2,1942,7501
4053,mountain_walk,3380.000,7.5864,5.4050,2.1814,5.0227,0.0010,2.9911,0.9728,0.1772,0.7834,775884,0,0,0,0,15,0,0.0225,0.0005,0.0828,540.2,1942,7501
4054,mountain_walk,3380.000,6.7169,2.6537,4.0632,6.3662,0.0010,4.3551,0.9462,0.1782,0.7885,775884,0,0,0,0,15,0,0.0211,0.0007,0.0697,540.2,1942,7501
4055,mountain_walk,3380.000,6.6859,3.2731,3.4128,4.9920,0.0010,2.9901,0.9482,0.1772,0.7782,775884,0,0,0,0,15,0,0.0202,0.0004,0.0770,540.2,1942,7501
4056,mountain_walk,3380.000,8.1152,2.4940,5.6212,5.0309,0.0010,2.9952,0.9964,0.1761,0.7649,775884,0,0,0,0,15,0,0.0228,0.0005,0.0797,540.2,1942,7501
4057,mountain_walk,3380.000,7.0648,2.6902,4.3746,5.0391,0.0010,2.9972,0.9953,0.1772,0.7721,775884,0,0,0,0,15,0,0.0203,0.0007,0.0696,540.2,1942,7501
4058,mountain_walk,3380.000,6.4537,2.4171,4.0366,5.0268,0.0010,3.0034,0.9667,0.1772,0.7793,775884,0,0,0,0,15,0,0.0207,0.0003,0.0772,540.2,1942,7501
4059,mountain_walk,3380.000,7.3087,2.7519,4.5568,6.2648,0.0010,4.1667,1.0414,0.1741,0.7834,775884,0,0,0,0,15,0,0.0200,0.0004,0.0698,540.2,1942,7501
4060,mountain_walk,3380.000,6.3556,3.9502,2.4054,4.9961,0.0010,3.0024,0.9492,0.1751,0.7700,775884,0,0,0,0,15,0,0.0422,0.0005,0.0962,540.2,1942,7501
4061,mountain_walk,3380.100,8.5987,2.3529,6.2458,5.0452,0.0010,3.0013,0.9810,0.1802,0.7834,775884,0,0,0,0,15,0,0.0233,0.0005,0.0854,540.2,1942,7501
4062,mountain_walk,3380.100,6.2518,4.0025,2.2493,5.0084,0.0010,3.0044,0.9472,0.1751,0.7834,775884,0,0,0,0,15,0,0.0255,0.0005,0.0772,540.2,1942,7501
4063,mountain_walk,3380.100,7.5259,2.8424,4.6835,5.8573,0.0010,3.4836,1.3199,0.1802,0.7752,775884,0,0,0,0,15,0,0.0261,0.0005,0.0983,540.2,1942,7501
4064,mountain_walk,3380.100,6.7945,2.6936,4.1009,5.0104,0.0010,2.9932,0.9810,0.1761,0.7598,775884,0,0,0,0,15,0,0.0218,0.0004,0.0708,540.2,1942,7501
4065,mountain_walk,3380.100,7.5770,2.7917,4.7853,5.0401,0.0010,2.9983,0.9933,0.1772,0.7721,775884,0,0,0,0,15,0,0.0250,0.0005,0.0884,540.2,1942,7501
4066,mountain_walk,3380.100,6.8788,2.7755,4.1033,5.0627,0.0010,3.0013,1.0066,0.1792,0.7752,775884,0,0,0,0,15,0,0.0204,0.0004,0.0747,540.2,1942,7501
4067,mountain_walk,3380.100,6.9327,2.8663,4.0664,5.0299,0.0010,3.0085,0.9605,0.1761,0.7854,775884,0,0,0,0,15,0,0.0227,0.0005,0.0844,540.2,1942,7501
4068,mountain_walk,3380.100,6.8832,2.7280,4.1552,6.5382,0.0010,4.4831,1.0076,0.1782,0.7711,775884,0,0,0,0,15,0,0.0210,0.0004,0.0708,540.2,1942,7501
4069,mountain_walk,3380.100,6.9048,3.0839,3.8209,5.0299,0.0010,3.0013,0.9708,0.1751,0.7844,775884,0,0,0,0,15,0,0.0254,0.0005,0.0892,540.2,1942,7501
4070,mountain_walk,3380.100,8.3787,3.0942,5.2845,5.0575,0.0010,3.0075,1.0066,0.1761,0.7670,775884,0,0,0,0,15,0,0.0254,0.0006,0.0878,540.2,1942,7501
4071,mountain_walk,3380.100,6.6805,2.5517,4.1288,5.0053,0.0010,3.0167,0.9411,0.1751,0.7711,775884,0,0,0,0,15,0,0.0214,0.0004,0.0696,540.2,1942,7501
4072,mountain_walk,3380.100,7.1907,2.5743,4.6164,5.0545,0.0010,3.0126,0.9933,0.1751,0.7741,775884,0,0,0,0,15,0,0.0225,0.0003,0.0722,540.2,1942,7501
4073,mountain_walk,3380.100,6.5602,2.9513,3.6089,5.3934,0.0010,3.0116,0.9800,0.1782,0.7762,775884,0,0,0,0,15,0,0.0244,0.0005,0.0842,540.2,1942,7501
4074,mountain_walk,3380.100,7.2243,3.0194,4.2049,5.0248,0.0010,3.0136,0.9564,0.1741,0.7823,775884,0,0,0,0,15,0,0.0256,0.0008,0.0908,540.2,1942,7501
4075,mountain_walk,3380.100,7.4074,2.8075,4.5999,5.0258,0.0020,3.0218,0.9503,0.1772,0.7752,775884,0,0,0,0,15,0,0.0216,0.0004,0.0839,540.2,1942,7501
4076,mountain_walk,3380.100,6.5282,4.3639,2.1643,5.2183,0.2202,3.0116,0.9452,0.1710,0.7752,775885,0,847,846,0,15,0,0.6522,0.4090,0.0768,540.2,1942,7501
4077,mountain_walk,3380.100,7.0028,2.8047,4.1981,5.0104,0.0010,3.0085,0.9472,0.1782,0.7793,775885,0,0,0,0,15,0,0.0215,0.0004,0.0683,540.2,1942,7501
4078,mountain_walk,3380.100,7.5189,2.3269,5.1920,5.5142,0.0010,3.4918,0.9574,0.1782,0.7875,775885,0,0,0,0,15,0,0.0208,0.0003,0.0739,540.2,1942,7501
4079,mountain_walk,3380.100,6.6312,2.9092,3.7220,5.0463,0.0010,3.0177,0.9892,0.1782,0.7639,775885,0,0,0,0,15,0,0.0218,0.0005,0.0800,540.2,1942,7501
4080,mountain_walk,3380.200,7.7261,2.5895,5.1366,5.0360,0.0010,3.0218,0.9677,0.1761,0.7731,775885,0,0,0,0,15,0,0.0218,0.0005,0.0709,540.2,1942,7501
4081,mountain_walk,3380.200,6.8680,2.7984,4.0696,5.1067,0.0010,3.0218,1.0076,0.1782,0.7997,775885,0,0,0,0,15,0,0.0374,0.0006,0.1159,540.2,1942,7501
4082,mountain_walk,3380.200,6.6102,2.5375,4.0727,5.9832,0.0010,3.2748,1.2564,0.1802,1.1735,775885,0,0,0,0,15,0,0.0204,0.0006,0.0740,540.2,1942,7501
4083,mountain_walk,3380.200,7.3456,2.5593,4.7863,5.0586,0.0010,3.0300,0.9851,0.1761,0.7690,775885,0,0,0,0,15,0,0.0191,0.0003,0.0737,540.2,1942,7501
4084,mountain_walk,3380.100,7.4899,2.7154,4.7745,5.0217,0.0020,3.0198,0.9574,0.1812,0.7629,775885,0,0,0,0,15,0,0.0224,0.0006,0.0858,540.2,1942,7501
4085,mountain_walk,3380.100,6.7436,2.6991,4.0445,5.0043,0.0010,3.0208,0.9267,0.1812,0.7762,775885,0,0,0,0,15,0,0.0212,0.0004,0.0728,540.2,1942,7501
4086,mountain_walk,3380.100,6.8493,2.7894,4.0599,5.0319,0.0020,3.0167,0.9595,0.1761,0.7793,775885,0,0,0,0,15,0,0.0219,0.0006,0.0734,540.2,1942,7501
4087,mountain_walk,3380.200,6.7592,2.6531,4.1061,6.1573,0.0010,4.1574,0.9605,0.1741,0.7660,775885,0,0,0,0,15,0,0.0216,0.0005,0.0744,540.2,1942,7501
4088,mountain_walk,3380.200,7.2522,3.0097,4.2425,5.0452,0.0010,3.0290,0.9687,0.1751,0.7649,775885,0,0,0,0,15,0,0.0196,0.0007,0.0713,540.2,1942,7501
4089,mountain_walk,3380.200,7.9167,3.1951,4.7216,5.0473,0.0010,3.0300,0.9544,0.1782,0.7864,775885,0,0,0,0,15,0,0.0247,0.0010,0.0833,540.2,1942,7501
4090,mountain_walk,3380.200,6.9545,2.5452,4.4093,5.0442,0.0010,3.0239,0.9667,0.1802,0.7752,775885,0,0,0,0,15,0,0.0206,0.0006,0.0724,540.2,1942,7501
4091,mountain_walk,3380.200,6.8202,2.7289,4.0913,5.5122,0.0010,3.0290,1.2114,0.4076,0.7649,775885,0,0,0,0,15,0,0.0218,0.0005,0.0723,540.2,1942,7501
4092,mountain_walk,3380.200,7.0001,2.8705,4.1296,5.0186,0.0010,3.0280,0.9421,0.1761,0.7721,775885,0,0,0,0,15,0,0.0207,0.0004,0.0815,540.2,1942,7501
4093,mountain_walk,3380.200,7.5247,3.1198,4.4049,5.0463,0.0020,3.0310,0.9595,0.1761,0.7813,775885,0,0,0,0,15,0,0.0254,0.0005,0.0875,540.2,1942,7501
4094,mountain_walk,3380.200,6.7423,2.1638,4.5785,5.0719,0.0010,3.0228,0.9882,0.1782,0.7844,775885,0,0,0,0,15,0,0.0198,0.0004,0.0756,540.2,1942,7501
4095,mountain_walk,3380.200,6.9266,3.3826,3.5440,5.0278,0.0010,3.0249,0.9615,0.1772,0.7649,775885,0,0,0,0,15,0,0.0225,0.0003,0.0709,540.2,1942,7501
4096,mountain_walk,3380.200,6.9861,2.8695,4.1166,6.0262,0.0010,3.4724,1.3148,0.1751,0.9667,775885,0,0,0,0,15,0,0.0201,0.0004,0.0716,540.2,1942,7501
4097,mountain_walk,3380.200,7.3903,3.5062,3.8841,5.0432,0.0010,3.0310,0.9523,0.1772,0.7834,775885,0,0,0,0,15,0,0.0254,0.0009,0.1715,540.2,1942,7501
4098,mountain_walk,3380.200,8.7317,5.7923,2.9394,5.2951,0.2775,3.0167,0.9492,0.1772,0.7782,776499,0,1125,511,0,15,0,1.1341,0.6595,0.1328,540.2,1942,7501
4099,mountain_walk,3380.200,6.4139,4.2212,2.1927,5.2429,0.2099,3.0024,0.9902,0.1731,0.7711,776500,0,802,801,0,15,0,0.6356,0.4210,0.0764,540.2,1942,7501
4100,mountain_walk,3380.200,6.4566,2.7444,3.7122,5.0074,0.0010,3.0024,0.9667,0.1772,0.7639,776500,0,0,0,0,15,0,0.0239,0.0003,0.0760,540.2,1942,7501
4101,mountain_walk,3380.200,7.2708,3.6687,3.6021,5.9372,0.4332,3.5246,0.9298,0.1782,0.7752,776496,0,829,833,0,15,0,0.6343,0.3904,0.0722,540.2,1942,7501
4102,mountain_walk,3380.200,7.0953,2.8839,4.2114,4.9981,0.0020,2.9850,0.9585,0.1792,0.7762,776496,0,0,0,0,15,0,0.0228,0.0004,0.0713,540.2,1942,7501
4103,mountain_walk,3380.200,7.9942,2.6649,5.3293,4.9746,0.0020,2.9860,0.9503,0.1792,0.7608,776496,0,0,0,0,15,0,0.0220,0.0005,0.0736,540.2,1942,7501
4104,mountain_walk,3380.200,6.5642,2.6568,3.9074,4.9736,0.0010,2.9891,0.9492,0.1772,0.7598,776496,0,0,0,0,15,0,0.0228,0.0004,0.0729,540.2,1942,7501
4105,mountain_walk,3380.200,6.7192,2.5643,4.1549,4.9766,0.0010,2.9850,0.9441,0.1792,0.7690,776496,0,0,0,0,15,0,0.0222,0.0005,0.0729,540.2,1942,7501
4106,mountain_walk,3380.200,6.7824,2.3051,4.4773,5.7098,0.0010,3.6844,0.9708,0.1751,0.7803,776496,0,0,0,0,15,0,0.0234,0.0005,0.0808,540.2,1942,7501
4107,mountain_walk,3380.200,7.3654,3.3153,4.0501,4.9818,0.0010,2.9860,0.9523,0.1792,0.7649,776496,0,0,0,0,15,0,0.0257,0.0006,0.1155,540.2,1942,7501
4108,mountain_walk,3380.200,7.5636,2.6704,4.8932,4.9900,0.0010,2.9932,0.9574,0.1792,0.7619,776496,0,0,0,0,15,0,0.0222,0.0007,0.0861,540.2,1942,7501
4109,mountain_walk,3380.200,6.9578,2.8320,4.1258,5.0033,0.0020,2.9952,0.9554,0.1772,0.7772,776496,0,0,0,0,15,0,0.0209,0.0005,0.0716,540.2,1942,7501
4110,mountain_walk,3380.200,6.7084,2.6163,4.0921,5.8747,0.0020,3.5226,1.3107,0.1761,0.7670,776496,0,0,0,0,15,0,0.0229,0.0005,0.0736,540.2,1942,7501
4111,mountain_walk,3380.200,7.0201,2.9075,4.1126,4.9592,0.0020,2.9952,0.9349,0.1772,0.7526,776496,0,0,0,0,15,0,0.0209,0.0004,0.0704,540.2,1942,7501
4112,mountain_walk,3380.200,7.3605,2.9096,4.4509,4.9930,0.0010,2.9983,0.9615,0.1772,0.7567,776496,0,0,0,0,15,0,0.0245,0.0006,0.0906,540.2,1942,7501
4113,mountain_walk,3380.200,7.0663,2.4866,4.5797,4.9971,0.0010,2.9952,0.9595,0.1761,0.7670,776496,0,0,0,0,15,0,0.0221,0.0005,0.0714,540.2,1942,7501
4114,mountain_walk,3380.200,6.5375,2.9833,3.5542,4.9838,0.0010,2.9962,0.9523,0.1761,0.7608,776496,0,0,0,0,15,0,0.0230,0.0004,0.0752,540.2,1942,7501
4115,mountain_walk,3380.200,7.0044,2.3673,4.6371,5.7815,0.0010,3.8216,0.9226,0.1741,0.7557,776496,0,0,0,0,15,0,0.0207,0.0004,0.0780,540.2,1942,7501
4116,mountain_walk,3380.200,7.1684,2.8990,4.2694,4.9500,0.0010,3.0003,0.9155,0.1772,0.7598,776496,0,0,0,0,15,0,0.0202,0.0004,0.0721,540.2,1942,7501
4117,mountain_walk,3380.200,7.0903,2.9782,4.1121,4.9613,0.0020,2.9962,0.9257,0.1751,0.7649,776496,0,0,0,0,15,0,0.0334,0.0010,0.0990,540.2,1942,7501
4118,mountain_walk,3380.200,7.3695,2.5365,4.8330,5.0156,0.0010,2.9942,0.9738,0.1792,0.7711,776496,0,0,0,0,15,0,0.0206,0.0004,0.0721,540.2,1942,7501
4119,mountain_walk,3380.200,6.4149,2.6029,3.8120,4.9910,0.0020,3.0034,0.9544,0.1792,0.7537,776496,0,0,0,0,15,0,0.0216,0.0006,0.0720,540.2,1942,7501
4120,mountain_walk,3380.200,6.7521,2.6663,4.0858,5.5828,0.0010,3.6106,0.9411,0.1823,0.7516,776496,0,0,0,0,15,0,0.0213,0.0004,0.0701,540.2,1942,7501
4121,mountain_walk,3380.100,6.8637,3.1614,3.7023,4.8916,0.0020,2.9235,0.9329,0.1792,0.7588,776496,0,0,0,0,15,0,0.0232,0.0005,0.0857,540.2,1942,7501
4122,mountain_walk,3380.100,7.8777,2.1791,5.6986,4.8845,0.0010,2.9215,0.9318,0.1772,0.7557,776496,0,0,0,0,15,0,0.0214,0.0005,0.0763,540.2,1942,7501
4123,mountain_walk,3380.100,6.7915,2.5170,4.2745,4.9480,0.0010,2.9184,0.9964,0.1782,0.7557,776496,0,0,0,0,15,0,0.0273,0.0007,0.0898,540.2,1942,7501
4124,mountain_walk,3380.100,6.8281,2.7541,4.0740,4.9367,0.0010,2.9184,0.9748,0.1782,0.7660,776496,0,0,0,0,15,0,0.0210,0.0005,0.0814,540.2,1942,7501
4125,mountain_walk,3380.100,6.7809,2.6236,4.1573,5.2296,0.0020,3.3004,0.8868,0.1772,0.7660,776496,0,0,0,0,15,0,0.0193,0.0005,0.0726,540.2,1942,7501
4126,mountain_walk,3380.100,6.2476,4.0923,2.1553,5.0391,0.2191,2.8426,0.9503,0.1751,0.7557,776511,0,845,830,0,15,0,0.7593,0.4485,0.1053,540.2,1942,7501
4127,mountain_walk,3380.100,8.2045,2.6734,5.5311,4.7903,0.0010,2.8621,0.8940,0.1772,0.7578,776511,0,0,0,0,15,0,0.0223,0.0005,0.0747,540.2,1942,7501
4128,mountain_walk,3380.100,6.8316,3.1538,3.6778,4.8118,0.0010,2.8518,0.9329,0.1792,0.7496,776511,0,0,0,0,15,0,0.0213,0.0006,0.0760,540.2,1942,7501
4129,mountain_walk,3380.100,6.3661,2.2385,4.1276,4.7944,0.0010,2.8518,0.9093,0.1772,0.7567,776511,0,0,0,0,15,0,0.0210,0.0004,0.0769,540.2,1942,7501
4130,mountain_walk,3380.100,6.4161,2.7549,3.6612,4.8538,0.0010,2.8652,0.9482,0.1772,0.7639,776511,0,0,0,0,15,0,0.0211,0.0006,0.0756,540.2,1942,7501
4131,mountain_walk,3380.100,7.3950,3.0741,4.3209,4.8015,0.0010,2.8570,0.9216,0.1751,0.7506,776511,0,0,0,0,15,0,0.0326,0.0007,0.1048,540.2,1942,7501
4132,mountain_walk,3380.100,6.8881,3.3113,3.5768,4.8671,0.0010,2.8652,0.9748,0.1782,0.7496,776511,0,0,0,0,15,0,0.0255,0.0007,0.0965,540.2,1942,7501
4133,mountain_walk,3380.100,6.6192,3.0578,3.5614,4.8148,0.0010,2.8621,0.9155,0.1782,0.7629,776511,0,0,0,0,15,0,0.0278,0.0008,0.0932,540.2,1942,7501
4134,mountain_walk,3380.100,6.4136,2.2196,4.1940,5.6914,0.0010,3.1017,1.1469,0.1782,1.1653,776511,0,0,0,0,15,0,0.0214,0.0003,0.0765,540.2,1942,7501
4135,mountain_walk,3380.100,6.8368,2.7456,4.0912,4.8241,0.0010,2.8672,0.9288,0.1761,0.7526,776511,0,0,0,0,15,0,0.0232,0.0004,0.0715,540.2,1942,7501
4136,mountain_walk,3380.100,7.5785,2.9470,4.6315,4.8230,0.0010,2.8662,0.9359,0.1802,0.7434,776511,0,0,0,0,15,0,0.0238,0.0004,0.0828,540.2,1942,7501
4137,mountain_walk,3380.100,6.2081,2.6268,3.5813,4.8036,0.0020,2.8631,0.9175,0.1761,0.7475,776511,0,0,0,0,15,0,0.0210,0.0003,0.0708,540.2,1942,7501
4138,mountain_walk,3380.100,6.7882,2.7387,4.0495,4.8118,0.0010,2.8600,0.9093,0.1782,0.7649,776511,0,0,0,0,15,0,0.0220,0.0005,0.1156,540.2,1942,7501
4139,mountain_walk,3380.100,7.0082,2.7577,4.2505,5.6177,0.0020,3.3270,1.2616,0.1823,0.7485,776511,0,0,0,0,15,0,0.0203,0.0006,0.0699,540.2,1942,7501
4140,mountain_walk,3380.100,6.2153,2.6496,3.5657,4.8077,0.0010,2.8682,0.9032,0.1823,0.7557,776511,0,0,0,0,15,0,0.0207,0.0005,0.0692,540.2,1942,7501
4141,mountain_walk,3380.000,6.8618,3.3946,3.4672,4.7933,0.0020,2.8611,0.9062,0.1772,0.7506,776511,0,0,0,0,15,0,0.0282,0.0007,0.1189,540.2,1942,7501
4142,mountain_walk,3380.100,7.0877,2.5208,4.5669,4.8179,0.0010,2.8703,0.9226,0.1782,0.7496,776511,0,0,0,0,15,0,0.0212,0.0004,0.0741,540.2,1942,7501
4143,mountain_walk,3380.100,6.7897,3.0304,3.7593,4.8435,0.0010,2.8764,0.9226,0.1853,0.7588,776511,0,0,0,0,15,0,0.0229,0.0005,0.0778,540.2,1942,7501
4144,mountain_walk,3380.100,6.4881,2.8363,3.6518,5.7231,0.0010,3.7673,0.9288,0.1772,0.7506,776511,0,0,0,0,15,0,0.0249,0.0005,0.0891,540.2,1942,7501
4145,mountain_walk,3380.100,7.2301,2.4230,4.8071,4.7862,0.0010,2.8713,0.8899,0.1751,0.7526,776511,0,0,0,0,15,0,0.0239,0.0004,0.0935,540.2,1942,7501
4146,mountain_walk,3380.100,7.4079,2.7316,4.6763,4.8558,0.0010,2.8713,0.9544,0.1761,0.7557,776511,0,0,0,0,15,0,0.0228,0.0004,0.0757,540.2,1942,7501
4147,mountain_walk,3380.100,6.2663,2.6872,3.5791,4.8015,0.0010,2.8641,0.9226,0.1772,0.7414,776511,0,0,0,0,15,0,0.0221,0.0006,0.0691,540.2,1942,7501
4148,mountain_walk,3380.100,6.9962,3.4486,3.5476,5.0237,0.2099,2.8754,0.9206,0.1761,0.7465,776508,0,811,814,0,15,0,0.6799,0.4087,0.0872,540.2,1942,7501
4149,mountain_walk,3380.100,6.2215,2.6852,3.5363,5.8470,0.0010,3.3454,1.2636,0.3830,0.7567,776508,0,0,0,0,15,0,0.0244,0.0005,0.0726,540.2,1942,7501
4151,mountain_walk,3380.100,8.3300,4.9335,3.3965,5.0248,0.2109,2.8805,0.9144,0.1792,0.7434,776490,0,824,842,0,15,0,0.9004,0.5800,0.1134,540.2,1942,7501
4152,mountain_walk,3380.100,3.9114,3.9094,0.0020,4.8230,0.0010,2.8733,0.9318,0.1792,0.7434,776490,0,0,0,0,15,0,0.0292,0.0010,0.1150,540.2,1942,7501
4153,mountain_walk,3380.100,5.3533,2.4274,2.9259,5.1118,0.0010,3.1488,0.9390,0.1782,0.7465,776490,0,0,0,0,15,0,0.0237,0.0007,0.0813,540.2,1942,7501
4154,mountain_walk,3380.100,5.6788,2.9345,2.7443,4.7964,0.0010,2.8641,0.9062,0.1802,0.7475,776490,0,0,0,0,15,0,0.0252,0.0005,0.0744,540.2,1942,7501
4155,mountain_walk,3380.100,4.6254,2.4623,2.1631,6.0989,0.0010,4.1841,0.8940,0.1761,0.7465,776490,0,0,0,0,15,0,0.0208,0.0005,0.0751,540.2,1942,7501
4156,mountain_walk,3380.100,5.3058,2.9267,2.3791,4.7985,0.0010,2.8723,0.9114,0.1782,0.7393,776490,0,0,0,0,15,0,0.0205,0.0003,0.0703,540.2,1942,7501
4157,mountain_walk,3380.100,8.5589,2.8574,5.7015,4.7985,0.0010,2.8764,0.9103,0.1772,0.7363,776490,0,0,0,0,15,0,0.0229,0.0005,0.0755,540.2,1942,7501
4158,mountain_walk,3380.200,6.6335,2.5073,4.1262,4.8230,0.0020,2.8846,0.9083,0.1782,0.7526,776490,0,0,0,0,15,0,0.0218,0.0004,0.0781,540.2,1942,7501
4159,mountain_walk,3380.200,6.7882,2.6303,4.1579,4.8230,0.0010,2.8918,0.9114,0.1761,0.7475,776490,0,0,0,0,15,0,0.0214,0.0004,0.0797,540.2,1942,7501
4160,mountain_walk,3380.200,6.8564,2.8102,4.0462,5.4190,0.0010,3.5031,0.9011,0.1772,0.7414,776490,0,0,0,0,15,0,0.0206,0.0005,0.0722,540.2,1942,7501
4161,mountain_walk,3380.200,6.5991,2.8964,3.7027,4.8312,0.0010,2.8938,0.9124,0.1782,0.7496,776490,0,0,0,0,15,0,0.0205,0.0006,0.0705,540.2,1942,7501
4162,mountain_walk,3380.200,7.2952,2.6175,4.6777,4.8507,0.0010,2.8928,0.9349,0.1823,0.7455,776490,0,0,0,0,15,0,0.0219,0.0004,0.0748,540.2,1942,7501
4163,mountain_walk,3380.200,6.2423,2.1698,4.0725,5.1876,0.0010,3.2717,0.9021,0.1772,0.7404,776490,0,0,0,0,15,0,0.0202,0.0006,0.0741,540.2,1942,7501
4164,mountain_walk,3380.200,6.9160,2.8279,4.0881,4.7995,0.0010,2.8877,0.8940,0.1782,0.7414,776490,0,0,0,0,15,0,0.0244,0.0010,0.0889,540.2,1942,7501
4165,mountain_walk,3380.200,7.2613,2.6597,4.6016,4.8005,0.0010,2.8959,0.8827,0.1772,0.7485,776490,0,0,0,0,15,0,0.0216,0.0005,0.0705,540.2,1942,7501
4166,mountain_walk,3380.300,6.8894,2.7323,4.1571,4.8333,0.0010,2.9010,0.9124,0.1812,0.7414,776490,0,0,0,0,15,0,0.0208,0.0006,0.0724,540.2,1942,7501
4167,mountain_walk,3380.300,6.4510,2.8575,3.5935,4.8067,0.0010,2.8948,0.8827,0.1741,0.7578,776490,0,0,0,0,15,0,0.0248,0.0005,0.0755,540.2,1942,7501
4168,mountain_walk,3380.300,6.7502,2.6878,4.0624,5.8614,0.0020,3.9240,0.9155,0.1792,0.7455,776490,0,0,0,0,15,0,0.0216,0.0005,0.0701,540.2,1942,7501
4169,mountain_walk,3380.300,6.2351,3.2214,3.0137,4.8476,0.0010,2.9020,0.9185,0.1761,0.7537,776490,0,0,0,0,15,0,0.0314,0.0007,0.1360,540.2,1942,7501
4170,mountain_walk,3380.300,7.8173,2.6854,5.1319,4.9050,0.0010,2.9000,0.9789,0.1792,0.7496,776490,0,0,0,0,15,0,0.0222,0.0004,0.0746,540.2,1942,7501
4171,mountain_walk,3380.300,6.8092,3.1078,3.7014,4.8763,0.0010,2.9000,0.9636,0.1761,0.7393,776490,0,0,0,0,15,0,0.0210,0.0005,0.0698,540.2,1942,7501
4172,mountain_walk,3380.300,6.6611,2.5883,4.0728,4.8026,0.0010,2.8969,0.8878,0.1772,0.7444,776490,0,0,0,0,15,0,0.0215,0.0008,0.0727,540.2,1942,7501
4173,mountain_walk,3380.300,6.7527,2.7012,4.0515,4.8138,0.0061,2.9102,0.8858,0.1761,0.7393,776490,0,0,0,0,15,0,0.0199,0.0004,0.0729,540.2,1942,7501
4174,mountain_walk,3380.300,6.1705,3.2410,2.9295,5.4948,0.0010,3.5768,0.8991,0.1782,0.7424,776490,0,0,0,0,15,0,0.0264,0.0006,0.0987,540.2,1942,7501
4175,mountain_walk,3380.300,7.3686,3.1945,4.1741,4.8732,0.0010,2.9123,0.9359,0.1782,0.7496,776490,0,0,0,0,15,0,0.0304,0.0006,0.1025,540.2,1942,7501
4176,mountain_walk,3380.300,6.4524,4.2844,2.1680,5.0371,0.2202,2.9020,0.9021,0.1792,0.7383,776500,0,848,838,0,15,0,0.9164,0.4955,0.1075,540.2,1942,7501
4177,mountain_walk,3380.300,7.2054,2.5590,4.6464,5.6863,0.0010,3.3966,1.2513,0.1782,0.7629,776500,0,0,0,0,15,0,0.0216,0.0007,0.0698,540.2,1942,7501
4178,mountain_walk,3380.300,7.6744,2.7455,4.9289,4.8005,0.0010,2.8989,0.8837,0.1792,0.7404,776500,0,0,0,0,15,0,0.0200,0.0003,0.0714,540.2,1942,7501
4179,mountain_walk,3380.300,6.8545,2.7380,4.1165,4.8435,0.0010,2.9051,0.9226,0.1812,0.7373,776500,0,0,0,0,15,0,0.0244,0.0005,0.0821,540.2,1942,7501
4180,mountain_walk,3380.300,6.9109,2.1915,4.7194,4.7892,0.0010,2.9051,0.8827,0.1792,0.7240,776500,0,0,0,0,15,0,0.0215,0.0004,0.0779,540.2,1942,7501
4181,mountain_walk,3380.300,6.3464,2.7365,3.6099,4.8312,0.0010,2.8928,0.9185,0.1772,0.7455,776500,0,0,0,0,15,0,0.0243,0.0006,0.0845,540.2,1942,7501
4182,mountain_walk,3380.300,6.8306,2.7692,4.0614,5.7917,0.0020,3.4202,1.3548,0.1802,0.7383,776500,0,0,0,0,15,0,0.0196,0.0004,0.0725,540.2,1942,7501
4183,mountain_walk,3380.300,7.0770,2.5618,4.5152,4.8671,0.0010,2.9000,0.9574,0.1792,0.7332,776500,0,0,0,0,15,0,0.0194,0.0003,0.0744,540.2,1942,7501
4184,mountain_walk,3380.300,7.1264,2.7470,4.3794,4.8179,0.0010,2.9020,0.9103,0.1761,0.7301,776500,0,0,0,0,15,0,0.0226,0.0005,0.0751,540.2,1942,7501
4185,mountain_walk,3380.300,6.6307,2.5721,4.0586,4.7995,0.0010,2.9030,0.8899,0.1782,0.7311,776500,0,0,0,0,15,0,0.0226,0.0004,0.0790,540.2,1942,7501
4186,mountain_walk,3380.300,6.9030,2.8126,4.0904,4.8292,0.0010,2.9071,0.9073,0.1833,0.7332,776500,0,0,0,0,15,0,0.0228,0.0005,0.0746,540.2,1942,7501
4187,mountain_walk,3380.300,6.2992,2.7346,3.5646,5.9771,0.0010,4.0253,0.9277,0.1772,0.7496,776500,0,0,0,0,15,0,0.0199,0.0005,0.0717,540.2,1942,7501
4188,mountain_walk,3380.300,6.7431,2.3459,4.3972,4.8343,0.0020,2.9194,0.8940,0.1812,0.7322,776500,0,0,0,0,15,0,0.0200,0.0006,0.0760,540.2,1942,7501
4189,mountain_walk,3380.300,7.7708,2.6406,5.1302,4.8169,0.0010,2.9092,0.8950,0.1772,0.7393,776500,0,0,0,0,15,0,0.0211,0.0005,0.0741,540.2,1942,7501
4190,mountain_walk,3380.300,6.9164,2.7680,4.1484,4.8210,0.0010,2.9184,0.8827,0.1761,0.7465,776500,0,0,0,0,15,0,0.0206,0.0004,0.0703,540.2,1942,7501
4191,mountain_walk,3380.300,5.6368,3.3118,2.3250,4.8220,0.0010,2.9184,0.8909,0.1792,0.7373,776500,0,0,0,0,15,0,0.0204,0.0005,0.0738,540.2,1942,7501
4192,mountain_walk,3380.400,7.3848,2.8249,4.5599,5.9464,0.0020,3.3690,1.2667,0.1802,1.0281,776500,0,0,0,0,15,0,0.0209,0.0009,0.0794,540.2,1942,7501
4193,mountain_walk,3380.400,6.1908,4.0342,2.1566,4.8456,0.0010,2.9286,0.8755,0.1802,0.7639,776500,0,0,0,0,15,0,0.0210,0.0006,0.0682,540.2,1942,7501
4194,mountain_walk,3380.400,7.6225,5.0664,2.5561,5.1046,0.2396,2.9112,0.9144,0.1812,0.7608,776821,0,954,633,0,15,0,1.0725,0.6529,0.1076,540.2,1942,7501
4195,mountain_walk,3380.300,7.2586,3.6552,3.6034,5.0217,0.2099,2.8611,0.9114,0.1761,0.7649,776837,0,802,786,0,15,0,0.6202,0.3907,0.0769,540.2,1942,7501
4196,mountain_walk,3380.400,7.3809,2.3944,4.9865,4.7985,0.0010,2.8723,0.9042,0.1792,0.7455,776837,0,0,0,0,15,0,0.0223,0.0003,0.0797,540.2,1942,7501
4197,mountain_walk,3380.400,6.0995,3.9297,2.1698,4.9459,0.2099,2.8160,0.8960,0.1751,0.7516,776843,0,819,813,0,15,0,0.6235,0.4024,0.0802,540.2,1942,7501
4198,mountain_walk,3380.400,7.5869,3.1070,4.4799,4.7155,0.0010,2.8170,0.8704,0.1782,0.7526,776843,0,0,0,0,15,0,0.0261,0.0006,0.1136,540.2,1942,7501
4199,mountain_walk,3380.400,7.1737,2.8377,4.3360,4.7585,0.0010,2.8129,0.9134,0.1802,0.7537,776843,0,0,0,0,15,0,0.0262,0.0008,0.0814,540.2,1942,7501
4200,mountain_walk,3380.400,6.6519,3.0094,3.6425,4.7503,0.0010,2.8232,0.9042,0.1792,0.7475,776843,0,0,0,0,15,0,0.0206,0.0007,0.0738,540.2,1942,7501
4201,mountain_walk,3380.400,6.2048,3.9784,2.2264,5.4118,0.2089,2.8047,1.1356,0.1792,0.9871,776837,0,837,843,0,15,0,0.6381,0.4230,0.0759,540.2,1942,7501
4202,mountain_walk,3380.400,6.9028,2.3013,4.6015,4.7391,0.0010,2.8150,0.8858,0.1812,0.7588,776837,0,0,0,0,15,0,0.0218,0.0004,0.0752,540.2,1942,7501
4203,mountain_walk,3380.400,7.5404,3.4034,4.1370,4.7309,0.0010,2.8099,0.8940,0.1782,0.7516,776837,0,0,0,0,15,0,0.0224,0.0006,0.0929,540.2,1942,7501
4204,mountain_walk,3380.400,6.6695,2.5281,4.1414,4.7288,0.0010,2.8088,0.8940,0.1761,0.7526,776837,0,0,0,0,15,0,0.0212,0.0006,0.0714,540.2,1942,7501
4205,mountain_walk,3380.400,6.6939,3.1304,3.5635,4.7677,0.0010,2.8078,0.9400,0.1792,0.7444,776837,0,0,0,0,15,0,0.0210,0.0004,0.0691,540.2,1942,7501
4206,mountain_walk,3380.400,6.2072,2.6991,3.5081,5.0371,0.0010,2.8150,0.8950,0.1761,1.0516,776837,0,0,0,0,15,0,0.0214,0.0005,0.0713,540.2,1942,7501
4207,mountain_walk,3380.400,6.6100,2.5102,4.0998,4.7503,0.0010,2.8140,0.9073,0.1792,0.7537,776837,0,0,0,0,15,0,0.0196,0.0007,0.0728,540.2,1942,7501
4208,mountain_walk,3380.400,7.1386,4.2759,2.8627,4.7503,0.0010,2.8058,0.9226,0.1792,0.7444,776837,0,0,0,0,15,0,0.0233,0.0005,0.0853,540.2,1942,7501
4209,mountain_walk,3380.500,6.8818,2.6427,4.2391,4.7872,0.0010,2.8180,0.9288,0.1761,0.7649,776837,0,0,0,0,15,0,0.0234,0.0005,0.0730,540.2,1942,7501
4210,mountain_walk,3380.500,6.8261,3.2162,3.6099,4.7258,0.0020,2.8314,0.8673,0.1751,0.7526,776837,0,0,0,0,15,0,0.0265,0.0008,0.1231,540.2,1942,7501
4211,mountain_walk,3380.500,5.9144,3.7388,2.1756,4.9562,0.0010,2.8221,1.1069,0.1792,0.7516,776837,0,0,0,0,15,0,0.0252,0.0010,0.0875,540.2,1942,7501
4212,mountain_walk,3380.500,7.0788,2.2999,4.7789,4.7657,0.0020,2.8170,0.9196,0.1802,0.7485,776837,0,0,0,0,15,0,0.0232,0.0006,0.0829,540.2,1942,7501
4213,mountain_walk,3380.500,7.1504,2.9952,4.1552,4.7616,0.0010,2.8232,0.9021,0.1782,0.7608,776837,0,0,0,0,15,0,0.0232,0.0005,0.0795,540.2,1942,7501
4214,mountain_walk,3380.500,6.6869,2.5521,4.1348,4.7821,0.0010,2.8283,0.9216,0.1792,0.7557,776837,0,0,0,0,15,0,0.0197,0.0004,0.0731,540.2,1942,7501
4215,mountain_walk,3380.500,6.4352,2.8567,3.5785,4.7411,0.0010,2.8303,0.8776,0.1812,0.7537,776837,0,0,0,0,15,0,0.0197,0.0004,0.0746,540.2,1942,7501
4216,mountain_walk,3380.500,6.7044,2.6606,4.0438,4.8118,0.0020,2.8334,0.9359,0.1864,0.7557,776837,0,0,0,0,15,0,0.0207,0.0004,0.0698,540.2,1942,7501
4217,mountain_walk,3380.500,6.6419,3.0604,3.5815,5.3658,0.0010,3.4540,0.8940,0.1772,0.7444,776837,0,0,0,0,15,0,0.0213,0.0005,0.0742,540.2,1942,7501
4218,mountain_walk,3380.500,5.8916,3.6481,2.2435,4.7524,0.0010,2.8273,0.8878,0.1792,0.7608,776837,0,0,0,0,15,0,0.0238,0.0006,0.0767,540.2,1942,7501
4219,mountain_walk,3380.500,7.7954,2.6002,5.1952,4.7534,0.0010,2.8416,0.8806,0.1782,0.7537,776837,0,0,0,0,15,0,0.0232,0.0004,0.0717,540.2,1942,7501
4220,mountain_walk,3380.500,6.7568,2.6979,4.0589,4.7227,0.0010,2.8324,0.8755,0.1792,0.7373,776837,0,0,0,0,15,0,0.0214,0.0003,0.0752,540.2,1942,7501
4221,mountain_walk,3380.500,6.5268,2.7334,3.7934,5.5071,0.0010,3.2430,0.8776,0.5366,0.7526,776837,0,0,0,0,15,0,0.0207,0.0008,0.0708,540.2,1942,7501
4222,mountain_walk,3380.500,6.7862,2.6082,4.1780,4.7841,0.0010,2.8436,0.9011,0.1772,0.7649,776837,0,0,0,0,15,0,0.0209,0.0005,0.0688,540.2,1942,7501
4223,mountain_walk,3380.500,6.8603,2.8873,3.9730,4.7647,0.0010,2.8477,0.8868,0.1823,0.7496,776837,0,0,0,0,15,0,0.0251,0.0006,0.0883,540.2,1942,7501
4224,mountain_walk,3380.500,6.8876,2.7334,4.1542,4.8189,0.0010,2.8549,0.9370,0.1792,0.7485,776837,0,0,0,0,15,0,0.0204,0.0004,0.0744,540.2,1942,7501
4225,mountain_walk,3380.500,6.4537,2.8837,3.5700,4.7985,0.0010,2.8570,0.8991,0.1792,0.7670,776837,0,0,0,0,15,0,0.0197,0.0007,0.0869,540.2,1942,7501
4226,mountain_walk,3380.500,6.2785,4.1096,2.1689,6.1307,0.2109,3.4253,1.4551,0.1843,0.7608,776833,0,823,827,0,15,0,0.6350,0.4154,0.0887,540.2,1942,7501
4227,mountain_walk,3380.500,6.7464,2.1675,4.5789,4.7616,0.0010,2.8477,0.8878,0.1751,0.7516,776833,0,0,0,0,15,0,0.0212,0.0003,0.0829,540.2,1942,7501
4228,mountain_walk,3380.500,8.0868,2.5254,5.5614,4.7995,0.0010,2.8529,0.9247,0.1802,0.7465,776833,0,0,0,0,15,0,0.0228,0.0005,0.0871,540.2,1942,7501
4229,mountain_walk,3380.500,6.6379,2.5471,4.0908,4.7800,0.0020,2.8518,0.8980,0.1782,0.7557,776833,0,0,0,0,15,0,0.0210,0.0004,0.0743,540.2,1942,7501
4230,mountain_walk,3380.500,6.7099,3.0764,3.6335,4.7749,0.0020,2.8518,0.8878,0.1772,0.7567,776833,0,0,0,0,15,0,0.0230,0.0006,0.0757,540.2,1942,7501
4231,mountain_walk,3380.500,6.7482,2.6883,4.0599,5.6351,0.0020,3.2369,1.3814,0.1761,0.7414,776833,0,0,0,0,15,0,0.0194,0.0005,0.0738,540.2,1942,7501
4232,mountain_walk,3380.500,6.6776,2.6440,4.0336,4.7544,0.0020,2.8590,0.8827,0.1782,0.7363,776833,0,0,0,0,15,0,0.0209,0.0007,0.0733,540.2,1942,7501
4233,mountain_walk,3380.500,6.4141,3.5476,2.8665,4.7933,0.0010,2.8559,0.9052,0.1761,0.7598,776833,0,0,0,0,15,0,0.0229,0.0005,0.0773,540.2,1942,7501
4234,mountain_walk,3380.500,7.2680,2.1626,5.1054,4.8200,0.0010,2.8641,0.9380,0.1802,0.7404,776833,0,0,0,0,15,0,0.0204,0.0005,0.0744,540.2,1942,7501
4235,mountain_walk,3380.500,6.6941,3.0177,3.6764,4.7770,0.0010,2.8600,0.9042,0.1772,0.7404,776833,0,0,0,0,15,0,0.0214,0.0009,0.0761,540.2,1942,7501
4236,mountain_walk,3380.500,6.5758,2.5178,4.0580,5.7098,0.0010,3.8328,0.8684,0.1751,0.7342,776833,0,0,0,0,15,0,0.0206,0.0005,0.0706,540.2,1942,7501
4237,mountain_walk,3380.500,6.5708,2.6592,3.9116,4.7749,0.0010,2.8641,0.8888,0.1772,0.7475,776833,0,0,0,0,15,0,0.0214,0.0005,0.0698,540.2,1942,7501
4238,mountain_walk,3380.500,7.7393,2.6760,5.0633,4.7565,0.0010,2.8723,0.8520,0.1853,0.7485,776833,0,0,0,0,15,0,0.0215,0.0005,0.0721,540.2,1942,7501
4239,mountain_walk,3380.500,6.4201,2.2626,4.1575,4.7903,0.0010,2.8723,0.9042,0.1802,0.7383,776833,0,0,0,0,15,0,0.0204,0.0003,0.0766,540.2,1942,7501
4241,audit,3380.500,6.6858,2.1417,4.5441,5.7569,0.0010,3.4703,1.2616,0.1802,0.7455,776833,0,0,0,0,15,0,0.0221,0.0007,0.0805,540.2,1942,7501
4242,dig_prepare,108.500,3.7155,3.7140,0.0015,33.3804,0.0020,4.8302,19.7663,3.3137,4.7616,776833,0,0,0,0,15,0,0.0209,0.0005,0.0873,540.2,210,405
4243,dig_prepare,108.500,3.2885,3.2644,0.0241,33.6210,0.0031,4.8251,19.5369,3.1048,5.4385,776833,0,0,0,0,15,0,0.0075,0.0005,0.0734,540.2,210,405
4244,dig_prepare,108.500,55.0273,3.0613,51.9660,32.6287,0.0020,4.8466,15.7307,3.4642,7.9053,776833,0,0,0,0,15,0,0.0069,0.0005,0.0650,540.2,210,405
4245,dig_prepare,108.500,57.3267,10.0575,47.2692,33.3005,0.3144,4.8343,19.4273,3.3567,4.7022,764033,0,0,12800,0,14,0,4.0288,2.6935,0.1082,540.2,210,405
4246,dig_prepare,108.500,53.8102,9.4991,44.3111,7.8377,0.3604,4.1114,2.2231,0.2898,0.1720,750465,0,0,13568,0,14,0,4.0551,2.8190,0.1213,540.2,210,405
4247,dig_prepare,108.500,58.7166,10.3893,48.3273,2.9266,0.0502,0.5816,1.7428,0.2867,0.1782,735873,0,0,14592,0,14,0,4.0855,3.6016,0.1217,540.2,210,405
4249,dig_prepare,108.500,8.4505,8.4161,0.0344,2.9389,0.0768,0.5704,1.7367,0.2959,0.1741,720460,15041,63,2420,0,14,0,4.0661,0.7522,0.1244,540.2,210,405
4250,dig_prepare,108.500,8.3287,8.3084,0.0203,4.2578,1.1909,0.9759,0.8991,0.2918,0.8131,725707,30530,5247,0,0,14,0,4.0158,0.8495,0.1041,540.2,210,405
4251,dig_prepare,108.500,7.3755,7.3519,0.0236,3.7745,0.7004,0.9964,0.8704,0.2929,0.8274,728714,43651,3007,0,0,14,0,4.0165,0.7976,0.1466,540.2,210,405
4252,dig_prepare,108.500,8.9041,8.8830,0.0211,4.7135,1.1561,1.0895,0.8673,0.2888,1.2257,726281,40267,4991,7424,0,14,0,4.0192,1.3334,0.1112,540.2,210,405
4253,dig_prepare,108.500,8.8427,8.8192,0.0235,4.2813,1.0230,1.0936,0.8673,0.3000,0.9103,723272,35852,4415,7424,0,14,0,4.0136,1.3478,0.1201,540.2,210,405
4254,dig_prepare,108.500,8.6821,8.6611,0.0210,4.5271,1.2698,1.0906,0.8550,0.2908,0.9339,720327,30349,5503,8448,0,14,0,4.0130,1.7223,0.1153,540.2,210,405
4255,dig_prepare,108.500,8.5540,8.5296,0.0244,4.3397,1.1756,1.1028,0.8161,0.2908,0.8684,718918,25358,4991,6400,0,14,0,4.0164,1.2690,0.1007,540.2,210,405
4256,dig_prepare,108.500,8.3990,8.3770,0.0220,4.2004,0.7660,1.0906,0.8172,0.2888,1.1520,713669,22159,3199,8448,0,14,0,4.0145,1.4325,0.1538,540.2,210,405
4257,dig_prepare,108.500,8.9503,8.9292,0.0211,4.1001,0.9830,1.0916,0.8182,0.2908,0.8294,711748,17936,4223,6144,0,14,0,4.0150,1.2989,0.1164,540.2,210,405
4258,dig_prepare,108.500,8.6204,8.5988,0.0216,4.2322,1.1100,1.0947,0.8161,0.2898,0.8335,708867,13137,4799,7680,0,14,0,4.0195,1.4888,0.1117,540.2,210,405
4259,dig_prepare,108.500,8.3322,8.3087,0.0235,4.3192,1.2114,1.0916,0.8233,0.2867,0.8079,710957,11410,5311,3221,0,14,0,4.0151,1.2484,0.1031,540.2,210,405
4260,dig_prepare,108.500,7.7602,7.7379,0.0223,4.8517,0.8858,1.0936,1.0762,0.2888,1.4111,714796,27795,3839,0,0,14,0,4.0148,0.7634,0.1039,540.2,210,405
4261,dig_prepare,108.500,8.5365,8.5149,0.0216,4.3397,1.0588,1.0916,0.8172,0.2898,0.9851,719339,39124,4543,0,0,14,0,4.0152,0.8438,0.1153,540.2,210,405
4262,dig_prepare,108.500,8.0835,8.0610,0.0225,4.3612,1.0220,1.0957,0.8182,0.2888,1.0394,722794,48541,4479,1024,0,14,0,4.0148,0.9181,0.1123,540.2,210,405
4263,dig_prepare,108.500,8.4081,8.3875,0.0206,4.5179,1.2677,1.0916,0.8182,0.2867,0.9554,720617,43038,5503,7680,0,14,0,4.0164,1.4322,0.1082,540.2,210,405
4264,dig_prepare,108.500,8.7810,8.7566,0.0244,5.4047,1.1325,1.0936,1.2974,0.2877,1.4950,717864,38111,4927,7680,0,14,0,4.0243,1.4045,0.1017,540.2,210,405
4265,dig_prepare,108.500,8.8257,8.8046,0.0211,3.8533,0.6113,1.0947,0.8161,0.2939,0.9390,716071,35552,2559,4352,0,14,0,4.0324,1.0654,0.1088,540.2,210,405
4266,dig_prepare,108.500,9.1017,9.0799,0.0218,4.1103,0.8888,1.0926,0.8151,0.2857,0.9308,712422,31777,3775,7424,0,14,0,4.0380,1.4653,0.1978,540.2,210,405
4267,dig_prepare,108.500,9.3883,9.3632,0.0251,4.4452,1.2349,1.0947,0.8182,0.2888,0.9114,708837,26402,5375,8960,0,14,0,4.0117,1.5904,0.1004,540.2,210,405
4268,dig_prepare,108.500,9.3954,9.3724,0.0230,4.9213,1.0711,1.3691,0.8151,0.6676,0.9011,705508,21795,4607,7936,0,14,0,4.0106,1.3340,0.1413,540.2,210,405
4269,dig_prepare,108.500,8.5148,8.4897,0.0251,4.1820,0.9677,1.0947,0.8161,0.2836,0.9226,704803,17636,4159,4864,0,14,0,4.0159,1.3922,0.1159,540.2,210,405
4270,dig_prepare,108.500,8.6907,8.6677,0.0230,4.0151,1.0260,1.0066,0.7670,0.2714,0.8479,705122,13221,4415,4096,0,14,0,4.0196,1.3786,0.1141,540.2,210,405
4271,dig_prepare,108.500,8.6061,8.5835,0.0226,3.9578,0.9861,1.0086,0.7649,0.2652,0.8376,709237,23654,4671,556,0,14,0,4.0282,0.9634,0.1134,540.2,210,405
4272,dig_prepare,108.500,8.7999,8.7752,0.0247,4.3172,1.3107,1.0138,0.7639,0.2724,0.8602,713844,36199,4607,0,0,14,0,4.0105,0.8531,0.1173,540.2,210,405
4273,dig_prepare,108.500,8.6543,8.6239,0.0304,3.5533,0.5325,1.0107,0.7639,0.2673,0.8837,716275,46568,2431,0,0,14,0,4.0319,0.7118,0.1860,540.2,210,405
4274,dig_prepare,108.500,9.9132,9.8492,0.0640,3.9946,0.8479,1.0138,0.7629,0.2662,1.0076,716658,51115,3967,3584,0,14,0,4.0146,1.1479,0.1505,540.2,210,405
4275,dig_prepare,108.500,9.3308,9.2993,0.0315,4.7104,1.0220,1.0086,1.0056,0.2673,1.3097,713777,46316,4799,7680,0,14,0,4.0245,1.4694,0.1021,540.2,210,405
4276,dig_prepare,108.500,8.9026,8.8809,0.0217,3.8758,0.8622,1.0097,0.7639,0.2662,0.8765,711920,42285,4031,5888,0,14,0,4.0162,1.7716,0.1033,540.2,210,405
4277,dig_prepare,108.500,8.4948,8.4720,0.0228,3.9690,0.9185,1.0076,0.7639,0.2693,0.9134,707887,38126,4159,8192,0,14,0,4.0689,1.5841,0.1118,540.2,210,405
4278,dig_prepare,108.500,8.9480,8.9252,0.0228,4.0356,0.9902,1.0097,0.7680,0.2642,0.9083,703790,33519,4607,8704,0,14,0,4.0071,1.4243,0.1093,540.2,210,405
4279,dig_prepare,108.500,9.3683,9.3460,0.0223,4.5763,0.9933,1.0117,1.3179,0.2642,0.8940,699949,28912,4607,8448,0,14,0,4.0152,1.4352,0.1131,540.2,210,405
4280,dig_prepare,108.500,9.5643,9.5353,0.0290,3.9311,0.9144,1.0086,0.7660,0.2642,0.8806,700652,24625,4287,3584,0,14,0,4.0171,1.1668,0.2799,540.2,210,405
4281,dig_prepare,108.500,10.1983,10.1712,0.0271,3.9506,0.9083,1.0127,0.7629,0.2673,0.9032,698475,20402,4223,6400,0,14,0,4.0274,1.5733,0.1014,540.2,210,405
4282,dig_prepare,108.500,8.0434,8.0218,0.0216,4.0018,0.9687,1.0076,0.7680,0.2652,0.8950,701366,24435,4671,1780,0,14,0,4.0169,1.0425,0.1025,540.2,210,405
4283,dig_prepare,108.500,10.6720,10.6470,0.0250,4.6725,1.5503,1.0148,0.7731,0.2673,0.9656,706229,39284,4863,0,0,14,0,4.0171,1.1737,0.1248,540.2,210,405
4284,dig_prepare,108.500,9.8051,9.7516,0.0535,4.1134,0.9236,1.0117,0.7700,0.2683,1.0342,710708,52981,4479,0,0,14,0,4.0229,1.2253,0.1034,540.2,210,405
4285,dig_prepare,108.500,10.1380,10.1142,0.0238,4.1574,0.9748,1.0138,0.7731,0.2652,1.0281,711795,55284,4671,3584,0,14,0,4.0258,1.1776,0.1303,540.2,210,405
4286,dig_prepare,108.500,11.0128,10.9850,0.0278,4.1882,0.8776,1.0179,0.7711,0.2703,1.1510,710834,51125,4159,5120,0,14,0,4.0132,1.3939,0.1450,540.2,210,405
4287,dig_prepare,108.500,10.5881,10.5594,0.0287,3.8717,0.6021,1.0138,0.7721,0.2714,1.1121,708209,48374,2751,5376,0,14,0,4.0238,1.1886,0.1132,540.2,210,405
4288,dig_prepare,108.500,12.1837,12.1493,0.0344,4.7852,0.9185,1.0168,1.3445,0.2652,1.1325,706224,46007,2367,4352,0,14,0,4.0380,1.3191,0.5928,540.2,210,405
4289,dig_prepare,108.500,10.6220,10.5904,0.0316,3.9557,0.7240,1.0117,0.7711,0.2693,1.0783,704751,42616,3391,4864,0,14,0,4.0083,1.0785,0.1331,540.2,1935,7501
4290,dig_prepare,108.500,10.8275,10.7973,0.0302,4.2537,0.7137,1.0117,0.7721,0.2662,1.3906,702702,39289,3327,5376,0,14,0,4.0078,1.4220,0.1272,540.2,1935,7501
4291,dig_prepare,108.500,9.6353,9.6106,0.0247,3.6731,0.4813,1.0127,0.7711,0.2693,1.0363,699757,37114,2175,5120,0,14,0,4.0131,1.1994,0.1587,540.2,1935,7501
4292,dig_prepare,108.500,11.6137,11.5829,0.0308,4.0376,0.8223,1.0148,0.7752,0.2734,1.0435,698092,34427,2687,4352,0,14,0,4.0153,1.7252,0.1342,540.2,1935,7501
4293,dig_prepare,108.500,10.4597,10.4265,0.0332,5.3463,0.5765,1.5974,0.7700,0.2683,2.0244,696043,31868,2559,4608,0,14,0,4.0186,1.3329,0.1394,540.2,1935,7501
4294,dig_prepare,108.500,9.4349,9.4095,0.0254,3.9322,0.6943,1.0138,0.7772,0.2652,1.0732,692842,28669,3199,6400,0,14,0,4.0098,1.1073,0.0985,540.2,1935,7501
4295,dig_prepare,108.500,9.5599,9.5361,0.0238,4.1492,1.0066,1.0168,0.7731,0.2714,0.9800,692969,23934,4735,4608,0,14,0,4.0218,1.5035,0.1690,540.2,1935,7501
4296,dig_prepare,108.500,10.7215,10.6963,0.0252,3.6352,0.5407,1.0076,0.7670,0.2621,0.9554,695344,30335,2559,184,0,14,0,4.0287,0.8079,0.1521,540.2,1935,7501
4297,dig_prepare,108.500,10.0215,9.9897,0.0318,3.8134,0.3830,1.2646,0.7752,0.2611,1.0189,697135,42624,1791,0,0,14,0,4.0363,0.6764,0.1606,540.2,1935,7501
4298,dig_prepare,108.500,8.9324,8.8803,0.0521,4.3991,0.8827,1.3691,0.7731,0.2703,1.0056,701550,56385,4415,0,0,14,0,4.0277,0.8159,0.0960,540.2,1935,7501
4299,dig_prepare,108.500,9.4516,9.4283,0.0233,4.0776,0.7936,1.0025,0.7629,0.2632,1.1469,703917,64840,3903,1536,0,14,0,4.0195,1.1222,0.1953,540.2,1935,7501
4300,dig_prepare,108.500,9.8181,9.7954,0.0227,5.0350,1.4551,1.0045,0.7649,0.2662,1.4428,699500,60041,4799,9216,0,14,0,4.0222,1.6097,0.1238,540.2,1935,7501
4301,dig_prepare,108.500,8.6630,8.6392,0.0238,3.8318,0.4874,1.0004,0.7670,0.2662,1.2022,693419,57930,2111,8192,0,14,0,4.0317,1.2008,0.1182,540.2,1935,7501
4302,dig_prepare,108.500,9.3526,9.3316,0.0210,4.2230,0.9339,1.0066,0.7629,0.2632,1.1489,689258,54411,3519,7680,0,14,0,4.0274,1.3741,0.1401,540.2,1935,7501
4303,dig_prepare,108.500,9.7284,9.6916,0.0368,4.6193,1.0332,0.9994,0.7629,0.2683,1.4541,686121,49356,5055,8192,0,14,0,4.0250,1.4270,0.1066,540.2,1935,7501
4304,dig_prepare,108.500,9.3116,9.2852,0.0264,4.0100,0.7424,1.0025,0.7639,0.2632,1.1366,683304,45773,3583,6400,0,14,0,4.0108,1.5802,0.1085,540.2,1935,7501
4305,dig_prepare,108.500,9.7793,9.7574,0.0219,4.2138,0.8960,1.0025,0.7660,0.2734,1.1745,679207,41422,4351,8448,0,14,0,4.0212,1.6806,0.1440,540.2,1935,7501
4306,dig_prepare,108.500,9.4704,9.4471,0.0233,4.3848,1.2073,1.0015,0.7690,0.2621,1.0373,680166,36623,4799,3840,0,14,0,4.0221,1.6274,0.1457,540.2,1935,7501
4307,dig_prepare,108.500,8.8812,8.8587,0.0225,4.6572,1.5268,1.0035,0.7629,0.2621,0.9994,685548,46416,5823,441,0,14,0,4.0223,0.8770,0.0948,540.2,1935,7501
4308,dig_prepare,108.500,9.0895,9.0651,0.0244,4.0591,0.9134,1.0004,0.7690,0.2673,1.0066,690219,64273,4671,0,0,14,0,4.0229,0.8461,0.1121,540.2,1935,7501
4309,dig_prepare,108.500,8.5999,8.5687,0.0312,4.4493,1.2585,1.0107,0.7629,0.2693,1.0394,694570,75099,4607,256,0,14,0,4.0240,0.7668,0.0990,540.2,1935,7501
4310,dig_prepare,108.500,9.3473,9.3223,0.0250,4.0991,0.7281,1.0056,0.7649,0.2642,1.2339,689449,71516,3583,8704,0,14,0,4.0193,1.3161,0.0953,540.2,1935,7501
4311,dig_prepare,108.500,9.7611,9.7394,0.0217,4.5957,1.0701,1.0015,1.0168,0.2673,1.1284,685800,66205,5311,8960,0,14,0,4.0239,1.7507,0.1457,540.2,1935,7501
4312,dig_prepare,108.500,9.4497,9.4271,0.0226,3.9813,0.7137,1.0025,0.7649,0.2693,1.1264,682663,62686,3519,6656,0,14,0,4.0175,1.1906,0.1076,540.2,1935,7501
4313,dig_prepare,108.500,10.5504,10.5254,0.0250,3.9690,0.4393,1.2452,0.7639,0.2632,1.1551,678566,60639,2047,6144,0,14,0,4.0118,1.6228,0.1070,540.2,1935,7501
4314,dig_prepare,108.500,10.5669,10.5363,0.0306,4.6756,1.3824,1.0035,0.7629,0.2642,1.1520,675045,55456,5183,8704,0,14,0,4.0100,1.5388,0.0996,540.2,1935,7501
4315,dig_prepare,108.500,9.5560,9.5267,0.0293,3.7192,0.4700,1.0004,0.7670,0.2632,1.1172,671908,53217,2239,5376,0,14,0,4.0428,1.0307,0.1160,540.2,1935,7501
4316,dig_prepare,108.500,9.8397,9.8172,0.0225,4.4820,0.8919,1.0015,0.7649,0.2662,1.4551,669091,48866,4351,7168,0,14,0,4.0257,1.5890,0.1600,540.2,1935,7501
4317,dig_prepare,108.500,9.0860,9.0565,0.0295,3.6659,0.3604,0.9994,0.7711,0.2683,1.1663,669218,47203,1663,1536,0,14,0,4.0227,0.8869,0.1642,540.2,1935,7501
4318,dig_prepare,108.500,8.6420,8.6126,0.0294,4.2834,0.7260,1.0015,1.0332,0.2652,1.1551,672490,60132,3711,439,0,14,0,4.0193,0.8319,0.1055,540.2,1935,7501
4319,dig_prepare,108.500,9.0966,9.0716,0.0250,4.5220,0.8520,0.9984,0.7619,0.2652,1.5442,676969,69989,4479,0,0,14,0,4.0238,0.7726,0.1057,540.2,1935,7501
4320,dig_prepare,108.500,8.7196,8.6967,0.0229,4.5844,0.6676,1.2820,0.7690,0.2632,1.5022,680296,84582,3327,0,0,14,0,4.0582,0.6736,0.0976,540.2,1935,7501
4321,dig_prepare,108.500,9.1410,9.1126,0.0284,4.4708,0.5325,1.0076,0.7629,0.6277,1.4377,681191,86580,2687,1792,0,14,0,4.0384,0.9297,0.1327,540.2,1935,7501
4322,dig_prepare,108.500,9.9494,9.9190,0.0304,3.8820,0.4035,1.0004,0.7639,0.2673,1.3466,679270,84661,1919,3840,0,14,0,4.0259,1.1857,0.2170,540.2,1935,7501
4323,dig_prepare,108.500,10.4221,10.3920,0.0301,4.2424,0.8950,1.0015,0.7660,0.2632,1.2145,674853,80118,4543,8960,0,14,0,4.0289,1.6095,0.1088,540.2,1935,7501
4324,dig_prepare,108.500,10.1053,10.0712,0.0341,4.6868,1.0537,1.3793,0.7680,0.2703,1.1141,671588,75959,4159,7424,0,14,0,4.0392,1.3576,0.1098,540.2,1935,7501
4325,dig_prepare,108.500,10.6670,10.6358,0.0312,4.1083,0.8387,0.9994,0.7660,0.2621,1.1397,668323,71800,4159,7424,0,14,0,4.0332,1.5124,0.1402,540.2,1935,7501
4326,dig_prepare,108.500,9.3515,9.3228,0.0287,4.7749,0.8110,1.3302,0.7629,0.6349,1.1325,664098,69113,2687,6912,0,14,0,4.0395,1.2670,0.1413,540.2,1935,7501
4327,dig_prepare,108.500,10.8239,10.7927,0.0312,4.0366,0.7823,1.0015,0.7649,0.2652,1.1213,660641,65146,3967,7424,0,14,0,4.0199,1.3677,0.1196,540.2,1935,7501
4328,dig_prepare,108.500,10.3229,10.2953,0.0276,3.7130,0.4434,1.0025,0.7639,0.2673,1.1244,656608,63035,2111,6144,0,14,0,4.0306,1.3576,0.1469,540.2,1935,7501
4329,dig_prepare,108.500,9.5389,9.5127,0.0262,3.8318,0.5571,1.0045,0.7629,0.2621,1.1356,656543,60284,2751,2816,0,14,0,4.0618,1.1393,0.1336,540.2,1935,7501
4330,dig_prepare,108.500,8.9819,8.9558,0.0261,4.1042,0.7977,1.0025,0.7629,0.2673,1.1612,659438,68221,4095,1200,0,14,0,4.0327,0.9498,0.1028,540.2,1935,7501
4331,dig_prepare,108.500,9.1133,9.0885,0.0248,4.3704,0.6769,1.0015,0.7619,0.2673,1.5534,663021,82046,3583,0,0,14,0,4.0133,0.7476,0.1202,540.2,1935,7501
4332,dig_prepare,108.500,9.3499,9.3275,0.0224,4.0387,0.8530,1.0025,0.7619,0.2662,1.0445,667500,93695,4479,0,0,14,0,4.0224,0.7549,0.0956,540.2,1935,7501
4333,dig_prepare,108.500,10.3549,10.3317,0.0232,4.0305,0.5878,1.2329,0.7680,0.2734,1.0598,666923,98686,3007,3584,0,14,0,4.0116,1.0730,0.1577,540.2,1935,7501
4334,dig_prepare,108.500,9.9308,9.9023,0.0285,4.3602,0.8571,1.0004,1.0813,0.2652,1.0414,663082,94335,4351,8192,0,14,0,4.0248,1.4264,0.1235,540.2,1935,7501
4335,dig_prepare,108.500,11.0814,11.0584,0.0230,4.0663,0.9052,0.9953,0.7629,0.2673,1.0250,660393,89600,4735,7424,0,14,0,4.0164,1.7115,0.1205,540.2,1935,7501
4336,dig_prepare,108.500,9.4794,9.4541,0.0253,4.0878,0.5284,1.0004,0.7619,0.2662,1.4213,656104,86977,2623,6912,0,14,0,4.0227,1.3209,0.1339,540.2,1935,7501
4337,dig_prepare,108.500,9.3382,9.3024,0.0358,3.9967,0.8079,1.0015,0.7629,0.2652,1.0486,652327,82818,4159,7936,0,14,0,4.0363,1.3239,0.1037,540.2,1935,7501
4338,dig_prepare,108.500,9.7458,9.7208,0.0250,4.1533,0.5806,1.3804,0.7660,0.2662,1.0496,650662,79875,2943,4608,0,14,0,4.0155,1.2992,0.1431,540.2,1950,7501
4339,dig_prepare,108.500,11.5517,11.5188,0.0329,3.7980,0.6380,0.9994,0.7629,0.2642,1.0209,645861,76740,3135,7936,0,14,0,4.0749,1.4599,0.1128,540.2,1950,7501
4340,dig_prepare,108.500,11.8931,11.8588,0.0343,3.5891,0.4198,1.0015,0.7660,0.2673,1.0240,644068,74693,2047,3840,0,14,0,4.0333,1.2266,0.1518,540.2,1950,7501
4341,dig_prepare,108.500,10.4268,10.3960,0.0308,4.2813,0.8694,1.0045,0.7619,0.2673,1.0496,643183,72582,2623,3508,0,14,0,4.0294,1.1170,0.1275,540.2,1950,7501
4342,dig_prepare,108.500,9.6692,9.6434,0.0258,3.9700,0.7946,0.9994,0.7608,0.2693,1.0312,647406,87047,4223,0,0,14,0,4.0247,1.0665,0.1187,540.2,1950,7501
4343,dig_prepare,108.500,8.8793,8.8574,0.0219,4.0550,0.8806,1.0015,0.7680,0.2662,1.0250,652141,104072,4735,0,0,14,0,4.0089,0.7264,0.0993,540.2,1950,7501
4344,dig_prepare,108.500,8.6003,8.5755,0.0248,3.5461,0.3727,1.0015,0.7649,0.2662,1.0209,653740,114810,1855,256,0,14,0,4.0082,0.5238,0.1188,540.2,1950,7501
4345,dig_prepare,108.500,10.3185,10.2967,0.0218,4.1011,0.9032,1.0025,0.7660,0.2662,1.0486,649643,109947,4863,8960,0,14,0,4.0241,2.2219,0.1531,540.2,1950,7501
4346,dig_prepare,108.500,9.3733,9.3511,0.0222,4.0253,0.8243,1.0025,0.7670,0.2662,1.0516,645226,105660,4287,8704,0,14,0,4.0187,1.3704,0.1055,540.2,1950,7501
4347,dig_prepare,108.500,9.4496,9.4281,0.0215,4.6193,1.1039,0.9984,1.1192,0.2683,1.0158,641449,100989,4671,8448,0,14,0,4.0181,1.4884,0.1093,540.2,1950,7501
4348,dig_prepare,108.500,9.5268,9.5024,0.0244,4.0622,0.8878,1.0015,0.7639,0.2662,1.0281,638952,96318,4671,7168,0,14,0,4.0245,1.3212,0.1034,540.2,1950,7501
4349,dig_prepare,108.500,9.9397,9.9156,0.0241,3.8656,0.6820,0.9974,0.7629,0.2611,1.0476,633319,92735,3583,9216,0,14,0,4.0381,1.4328,0.1108,540.2,1950,7501
4350,dig_prepare,108.500,9.1751,9.1479,0.0272,4.1032,0.8960,1.0015,0.7619,0.2632,1.0588,631398,88000,4735,6656,0,14,0,4.0243,1.2938,0.1135,540.2,1950,7501
4351,dig_prepare,108.500,9.8257,9.8036,0.0221,3.7048,0.5448,1.0004,0.7660,0.2642,1.0117,630373,85185,2815,3840,0,14,0,4.0178,1.6739,0.1086,540.2,1950,7501
4352,dig_prepare,108.500,8.8056,8.7822,0.0234,4.0888,0.9318,1.0015,0.7608,0.2673,1.0086,634682,96834,4991,682,0,14,0,4.0289,0.9882,0.1104,540.2,1950,7501
4353,dig_prepare,108.500,8.8162,8.7940,0.0222,4.0827,0.8888,1.0035,0.7619,0.2642,1.0424,639481,111747,4799,0,0,14,0,4.0191,0.7859,0.0964,540.2,1950,7501
4354,dig_prepare,108.500,7.9833,7.9614,0.0219,3.7530,0.2335,1.0025,0.7629,0.2703,1.3660,640312,127884,1087,256,0,14,0,4.0128,0.3881,0.0984,540.2,1950,7501
4355,dig_prepare,108.500,9.8652,9.8412,0.0240,3.8615,0.6963,0.9984,0.7629,0.2642,1.0189,637559,124237,3647,6400,0,14,0,4.0239,1.4574,0.1325,540.2,1950,7501
4356,dig_prepare,108.500,10.1279,10.1042,0.0237,3.6557,0.4915,1.0025,0.7619,0.2662,1.0107,632438,121678,2559,7680,0,14,0,4.0153,1.9285,0.1604,540.2,1950,7501
4357,dig_prepare,108.500,9.5107,9.4856,0.0251,3.9547,0.7567,1.0025,0.7608,0.2632,1.0486,628597,117583,4095,7936,0,14,0,4.0081,1.7639,0.0984,540.2,1950,7501
4358,dig_prepare,108.500,9.9744,9.9482,0.0262,4.3028,0.5427,1.0004,1.1090,0.4721,1.0557,622708,114768,2815,8704,0,14,0,4.0223,1.8246,0.1978,540.2,1950,7501
4359,dig_prepare,108.500,10.1860,10.1595,0.0265,3.9885,0.8315,0.9994,0.7639,0.2652,1.0066,619059,110225,4543,8192,0,14,0,4.0195,1.4655,0.1143,540.2,1950,7501
4360,dig_prepare,108.500,9.3638,9.3402,0.0236,4.0141,0.8366,1.0004,0.7608,0.2642,1.0291,615346,105746,4479,8192,0,14,0,4.0136,1.3534,0.1089,540.2,1950,7501
4361,dig_prepare,108.500,10.0180,9.9959,0.0221,4.8005,1.0506,0.9974,1.3148,0.2662,1.0506,614385,101331,4415,5376,0,14,0,4.0198,1.5404,0.1533,540.2,1950,7501
4362,dig_prepare,108.500,9.3541,9.3291,0.0250,4.0868,0.8919,0.9994,0.7619,0.2621,1.0445,617978,107540,4799,1206,0,14,0,4.0297,1.0134,0.0946,540.2,1950,7501
4363,dig_prepare,108.500,8.9378,8.9125,0.0253,4.0561,0.8960,0.9964,0.7629,0.2621,1.0138,622713,122005,4735,0,0,14,0,4.0326,0.8490,0.1622,540.2,1950,7501
4364,dig_prepare,108.500,8.6204,8.5982,0.0222,4.0776,0.8960,1.0056,0.7649,0.2673,1.0189,627576,138646,4863,0,0,14,0,4.0167,0.8114,0.0950,540.2,1950,7501
4365,dig_prepare,108.500,9.4274,9.4049,0.0225,4.0806,0.8786,1.0015,0.7598,0.2652,1.0445,623095,137569,2943,7424,0,14,0,4.0382,1.3109,0.1760,540.2,1950,7501
4366,dig_prepare,108.500,9.7538,9.7290,0.0248,4.0540,0.8540,0.9984,0.7619,0.2652,1.0486,618934,132770,4799,8960,0,14,0,4.0154,1.7883,0.1035,540.2,1950,7501
4367,dig_prepare,108.500,9.3939,9.3724,0.0215,3.9772,0.8131,0.9994,0.7639,0.2683,1.0086,615541,128227,4543,7936,0,14,0,4.0214,1.4259,0.1196,540.2,1950,7501
4368,dig_prepare,108.500,9.5312,9.5086,0.0226,5.0381,0.7281,1.2247,0.9769,0.2673,1.7162,610612,124196,4031,8960,0,14,0,4.0106,1.4651,0.1043,540.2,1950,7501
4369,dig_prepare,108.500,9.8462,9.8234,0.0228,3.9567,0.7680,1.0004,0.7619,0.2652,1.0373,607731,119909,4287,7168,0,14,0,4.0245,1.3463,0.1253,540.2,1950,7501
4370,dig_prepare,108.500,9.9710,9.9370,0.0340,3.7816,0.5908,0.9943,0.7670,0.2652,1.0322,604274,116710,3199,6656,0,14,0,4.0316,1.4976,0.1123,540.2,1950,7501
4371,dig_prepare,108.500,9.9756,9.9532,0.0224,3.9567,0.7967,0.9964,0.7639,0.2652,1.0107,602801,112295,4415,5888,0,14,0,4.0271,1.3812,0.1035,540.2,1950,7501
4372,dig_prepare,108.500,9.5645,9.5350,0.0295,3.6567,0.4721,1.0004,0.7619,0.2703,1.0312,604586,121064,2751,966,0,14,0,4.0150,0.8580,0.1739,540.2,1950,7501
4373,dig_prepare,108.500,9.0860,9.0613,0.0247,3.9363,0.7281,1.0004,0.7619,0.2693,1.0537,609065,136041,4479,0,0,14,0,4.0103,0.8709,0.1437,540.2,1950,7501
4374,dig_prepare,108.500,8.5747,8.5505,0.0242,3.9291,0.7291,0.9994,0.7629,0.2662,1.0476,613544,148458,4479,0,0,14,0,4.0109,0.7744,0.0951,540.2,1950,7501
4375,dig_prepare,108.500,8.9340,8.9112,0.0228,3.8226,0.6615,0.9984,0.7619,0.2703,1.0015,612903,150199,3967,4608,0,14,0,4.0130,1.0643,0.1377,540.2,1950,7501
4376,dig_prepare,108.500,10.6696,10.6397,0.0299,3.6116,0.4280,1.0004,0.7649,0.2683,1.0240,611494,147768,2431,3840,0,14,0,4.0373,0.9104,0.1096,540.2,1950,7501
4377,dig_prepare,108.500,9.5343,9.5105,0.0238,3.9844,0.7834,0.9974,0.7670,0.2652,1.0476,607717,143097,4671,8448,0,14,0,4.0082,1.4943,0.1259,540.2,1950,7501
4378,dig_prepare,108.500,9.6576,9.6333,0.0243,3.8953,0.7055,1.0004,0.7619,0.2673,1.0373,602916,138938,4159,8960,0,14,0,4.0067,1.5089,0.1005,540.2,1950,7501
4379,dig_prepare,108.500,10.5228,10.5009,0.0219,3.6045,0.4301,1.0004,0.7608,0.2683,1.0199,597347,136571,2367,7936,0,14,0,4.0236,1.8333,0.1526,540.2,1950,7501
4380,dig_prepare,108.500,10.5323,10.5024,0.0299,3.8769,0.7158,1.0015,0.7608,0.2632,1.0107,595490,132284,4287,6144,0,14,0,4.0226,1.2437,0.1000,540.2,1950,7501
4381,dig_prepare,108.500,9.8266,9.7979,0.0287,3.6250,0.4372,0.9994,0.7629,0.2621,1.0414,590241,129853,2431,7680,0,14,0,4.0214,1.8204,0.1401,540.2,1950,7501
4382,dig_prepare,108.500,10.3492,10.3251,0.0241,3.9301,0.7209,0.9984,0.7639,0.2683,1.0445,589600,125630,4223,4864,0,14,0,4.0099,1.4912,0.1305,540.2,1950,7501
4383,dig_prepare,108.500,9.8908,9.8637,0.0271,3.9342,0.7711,0.9984,0.7608,0.2652,1.0168,593145,133375,5055,1510,0,14,0,4.0258,0.9413,0.1180,540.2,1950,7501
4384,dig_prepare,108.500,8.8139,8.7929,0.0210,3.6557,0.4762,0.9984,0.7619,0.2652,1.0332,594360,143450,3007,1792,0,14,0,4.0278,0.7297,0.0924,540.2,1950,7501
4385,dig_prepare,108.500,9.9080,9.8751,0.0329,4.1349,0.6799,1.0004,0.7608,0.5130,1.0588,591543,139099,4351,7168,0,14,0,4.0225,1.5459,0.0993,540.2,1950,7501
4386,dig_prepare,108.500,9.3025,9.2794,0.0231,3.5686,0.3686,0.9984,0.7608,0.2693,1.0435,589686,136860,2239,4096,0,14,0,4.0293,1.0099,0.1321,540.2,1950,7501
4387,dig_prepare,108.500,10.8340,10.8082,0.0258,4.1994,1.0332,1.0025,0.7619,0.2662,1.0138,592699,130205,6655,3642,0,14,0,4.0300,1.4935,0.0986,540.2,1950,7501
4388,dig_prepare,108.500,10.9739,10.9386,0.0353,4.7524,1.5708,1.0004,0.7608,0.2683,1.0322,601722,121182,9023,0,0,14,0,4.0347,1.3816,0.1183,540.2,1950,7501
4389,dig_prepare,108.500,10.5310,10.5082,0.0228,4.1103,0.9226,0.9953,0.7619,0.2693,1.0394,606521,116383,4799,0,0,14,0,4.0381,1.3230,0.1568,540.2,1950,7501
4390,dig_prepare,108.500,14.4586,14.4187,0.0399,4.9254,1.7377,0.9994,0.7608,0.2642,1.0435,612024,110880,5503,0,0,14,0,4.0400,1.2310,0.2574,540.2,1950,7501
4391,dig_prepare,108.500,12.2802,12.2276,0.0526,4.1605,0.9984,0.9984,0.7619,0.2693,1.0107,617399,105505,5375,0,0,14,0,4.0771,1.4848,0.1605,540.2,1950,7501
4392,dig_prepare,108.500,13.2959,13.2676,0.0283,4.6408,0.9021,1.5718,0.7639,0.2621,1.0199,622326,100578,4927,0,0,14,0,4.0343,1.0319,0.1266,540.2,1950,7501
4393,dig_prepare,108.500,9.7512,9.7266,0.0246,4.3715,1.1776,1.0056,0.7619,0.2652,1.0414,628981,93923,6655,0,0,14,0,4.0122,1.2186,0.1374,540.2,1950,7501
4394,dig_prepare,108.500,9.7150,9.6920,0.0230,5.0022,1.8156,0.9974,0.7608,0.2611,1.0465,637364,85540,8383,0,0,14,0,4.0300,1.3744,0.1411,540.2,1950,7501
4395,dig_prepare,108.500,11.7290,11.6974,0.0316,5.2367,1.7142,0.9994,0.7608,0.6103,1.0189,644787,78117,7423,0,0,14,0,4.0196,1.7305,0.8282,540.2,1950,7501
4396,dig_prepare,108.500,9.9398,9.8932,0.0466,4.2271,1.0568,0.9974,0.7608,0.2673,1.0230,650546,72358,5759,0,0,14,0,4.0406,1.1471,0.6086,540.2,1950,7501
4397,dig_prepare,108.500,12.0200,11.9887,0.0313,5.2992,2.0992,0.9984,0.7608,0.2642,1.0568,660465,62439,9919,0,0,14,0,4.0184,1.4417,2.2714,540.2,1950,7501
4398,dig_prepare,108.500,14.9816,14.9561,0.0255,5.1446,2.0081,0.9953,0.7639,0.2642,1.0107,671344,51560,10879,0,0,14,0,4.0095,1.4636,4.8909,540.2,1950,7501
4399,dig_prepare,108.500,14.5476,14.5246,0.0230,5.4569,2.0347,0.9964,0.7619,0.2652,1.2974,682095,40809,10751,0,0,14,0,4.0264,1.4516,4.9145,540.2,1950,7501
4400,dig_prepare,108.500,13.2746,13.2533,0.0213,5.0094,1.8790,0.9984,0.7700,0.2673,0.9902,692462,30442,10367,0,0,14,0,4.0334,1.4657,4.2370,540.2,1950,7501
4401,dig_prepare,108.500,11.7817,11.7613,0.0204,5.0504,1.9159,0.9984,0.7660,0.2673,1.0004,702381,20523,9919,0,0,14,0,4.0255,1.4118,3.0771,540.2,1950,7501
4402,dig_prepare,108.500,11.8171,11.7959,0.0212,5.1395,1.9927,1.0025,0.7680,0.2683,1.0035,712812,10092,10431,0,0,14,0,4.0309,1.7689,1.7035,540.2,1950,7501
4403,dig_prepare,108.500,9.0700,9.0456,0.0244,5.2460,1.6998,0.9994,1.2124,0.2714,0.9574,722904,0,10092,0,0,14,0,3.5229,1.3859,0.1011,540.2,1950,7501
4404,dig_prepare,108.500,4.2262,4.2024,0.0238,3.1007,0.0031,0.9984,0.7598,0.2642,0.9738,722904,0,0,0,0,14,0,0.0095,0.0006,0.1181,540.2,1950,7501
4405,dig_prepare,108.500,5.6001,3.5529,2.0472,3.1201,0.0031,0.9953,0.7598,0.2662,0.9933,722904,0,0,0,0,14,0,0.0071,0.0004,0.0772,540.2,1950,7501
4407,dig,108.500,5.2191,3.4286,1.7905,3.4499,0.0635,1.0035,0.7629,0.2621,1.2554,722904,0,12,0,0,14,0,0.0197,0.0324,0.0779,540.2,1950,7501
4408,dig,108.500,3.3228,3.3210,0.0018,3.1908,0.0666,1.0076,0.7700,0.2683,0.9769,722904,0,12,0,0,14,0,0.0203,0.0337,0.0768,540.2,1950,7501
4409,dig,108.500,3.0482,3.0467,0.0015,3.2051,0.0748,1.0138,0.7619,0.2611,0.9933,722904,0,8,0,0,14,0,0.0178,0.0278,0.0884,540.2,1950,7501
4410,dig,108.500,3.1833,3.1815,0.0018,3.2379,0.0788,1.0291,0.7629,0.2642,1.0015,722904,0,17,0,0,14,0,0.0281,0.0570,0.0800,540.2,1950,7501
4411,dig,108.500,3.3318,3.3301,0.0017,3.2952,0.0850,1.1049,0.7588,0.2662,0.9810,722904,0,19,0,0,14,0,0.0331,0.0496,0.0728,540.2,1950,7501
4412,dig,108.500,3.1160,3.1142,0.0018,3.3290,0.0993,1.1162,0.7598,0.2632,0.9830,722904,0,19,0,0,14,0,0.0292,0.0476,0.0726,540.2,1950,7501
4413,dig,108.500,3.8279,3.8263,0.0016,3.3546,0.0983,1.1182,0.7567,0.2683,1.0117,722904,0,22,0,0,14,0,0.0539,0.0546,0.0654,540.2,1950,7501
4414,dig,108.500,3.4722,3.4703,0.0019,3.9803,0.0788,1.1203,0.9984,0.2642,1.4182,722904,0,9,0,0,14,0,0.0190,0.0274,0.0629,540.2,1950,7501
4415,dig,108.500,3.3074,3.3063,0.0011,3.3106,0.0840,1.1172,0.7578,0.2662,0.9830,722904,0,15,0,0,14,0,0.0254,0.0392,0.0636,540.2,1950,7501
4416,dig,108.500,3.7235,3.7215,0.0020,3.3096,0.0911,1.1162,0.7567,0.2621,0.9841,722904,0,15,0,0,14,0,0.0232,0.0382,0.0675,540.2,1950,7501
4417,dig,108.500,3.8194,3.8182,0.0012,3.3505,0.0973,1.1203,0.7619,0.2673,1.0056,722904,0,18,0,0,14,0,0.0285,0.0463,0.0631,540.2,1950,7501
4418,dig,108.500,3.2914,3.2897,0.0017,3.3772,0.1126,1.1284,0.7578,0.2632,1.0148,722904,0,22,0,0,14,0,0.0676,0.0571,0.0799,540.2,1950,7501
4419,dig,108.500,3.1421,3.1404,0.0017,3.3700,0.1116,1.1346,0.7629,0.2683,0.9830,722904,0,19,0,0,14,0,0.0314,0.0477,0.0693,540.2,1950,7501
4420,dig,108.500,3.2786,3.2774,0.0012,3.3741,0.1208,1.1407,0.7588,0.2683,0.9841,722904,0,26,0,0,14,0,0.0329,0.0599,0.0646,540.2,1950,7501
4421,dig,108.500,4.0823,4.0801,0.0022,4.0141,0.3512,1.5022,0.7711,0.2693,1.0097,722904,0,7,0,0,14,0,0.0172,0.0235,0.0629,540.2,1950,7501
4422,dig,108.500,3.0870,3.0852,0.0018,3.3956,0.0952,1.1479,0.7629,0.2662,1.0127,722904,0,10,0,0,14,0,0.0222,0.0288,0.0667,540.2,1950,7501
4423,dig,108.500,2.9303,2.9287,0.0016,3.3731,0.1034,1.1459,0.7578,0.2673,0.9943,722904,0,17,0,0,14,0,0.0295,0.0424,0.0673,540.2,1950,7501
4424,dig,108.500,3.2844,3.2832,0.0012,3.3710,0.1188,1.1479,0.7578,0.2642,0.9820,722904,0,17,0,0,14,0,0.0302,0.0517,0.0854,540.2,1950,7501
4425,dig,108.500,3.4856,3.4842,0.0014,3.3935,0.0993,1.1520,0.7629,0.2642,1.0138,722904,0,16,0,0,14,0,0.0278,0.0405,0.0755,540.2,1950,7501
4426,dig,108.500,3.3756,3.3732,0.0024,3.3782,0.0993,1.1510,0.7598,0.2642,1.0056,722904,0,16,0,0,14,0,0.0272,0.0424,0.0701,540.2,1950,7501
4427,dig,108.500,3.1237,3.1226,0.0011,3.3720,0.1167,1.1530,0.7598,0.2621,0.9810,722904,0,19,0,0,14,0,0.0285,0.0453,0.0668,540.2,1950,7501
4428,dig,108.500,3.4642,3.4621,0.0021,3.6035,0.3308,1.1551,0.7619,0.2662,0.9851,722904,0,7,0,0,14,0,0.0178,0.0255,0.0833,540.2,1950,7501
4429,dig,108.500,3.2766,3.2753,0.0013,3.4243,0.1270,1.1592,0.7588,0.2642,1.0158,722904,0,11,0,0,14,0,0.0197,0.0313,0.0664,540.2,1950,7501
4430,dig,108.500,3.0338,3.0317,0.0021,3.4468,0.1270,1.1602,0.7649,0.2642,1.0240,722904,0,16,0,0,14,0,0.0233,0.0397,0.0665,540.2,1950,7501
4431,dig,108.500,3.6192,3.6173,0.0019,3.9619,0.1372,1.1592,0.9861,0.2662,1.3128,722904,0,19,0,0,14,0,0.0324,0.0571,0.0808,540.2,1950,7501
4432,dig,108.500,3.2868,3.2856,0.0012,3.4396,0.1587,1.1592,0.7598,0.2683,0.9841,722904,0,21,0,0,14,0,0.0354,0.0511,0.0644,540.2,1950,7501
4433,dig,108.500,3.6878,3.6859,0.0019,3.4560,0.1700,1.1571,0.7578,0.2662,1.0066,722904,0,21,0,0,14,0,0.0385,0.0518,0.0761,540.2,1950,7501
4434,dig,108.500,3.7281,3.7267,0.0014,3.7079,0.1556,1.1571,0.7639,0.2652,1.2605,722904,0,26,0,0,14,0,0.0448,0.0724,0.0749,540.2,1950,7501
4435,dig,108.500,3.3176,3.3162,0.0014,3.3894,0.1024,1.1612,0.7639,0.2642,0.9892,722904,0,12,0,0,14,0,0.0231,0.0332,0.0627,540.2,1950,7501
4436,dig,108.500,3.8304,3.8293,0.0011,3.3915,0.1137,1.1612,0.7608,0.2703,0.9851,722904,0,21,0,0,14,0,0.0348,0.0511,0.0708,540.2,1950,7501
4437,dig,108.500,3.3938,3.3921,0.0017,3.4232,0.1280,1.1592,0.7578,0.2683,1.0086,722904,0,21,0,0,14,0,0.0335,0.0529,0.0728,540.2,1950,7501
4438,dig,108.500,3.3706,3.3693,0.0013,3.4621,0.1485,1.1612,0.7629,0.2662,1.0158,722904,0,17,0,0,14,0,0.0267,0.0440,0.0658,540.2,1950,7501
4439,dig,108.500,3.1050,3.1033,0.0017,3.4181,0.1341,1.1653,0.7639,0.2662,0.9871,722904,0,16,0,0,14,0,0.0256,0.0406,0.0669,540.2,1950,7501
4440,dig,108.500,3.9183,3.9162,0.0021,3.4324,0.1577,1.1643,0.7598,0.2621,0.9871,722904,0,23,0,0,14,0,0.0294,0.0566,0.0695,540.2,1950,7501
4441,dig,108.500,3.7006,3.6985,0.0021,3.4478,0.1403,1.1622,0.7619,0.2632,1.0097,722904,0,26,0,0,14,0,0.0320,0.0621,0.0802,540.2,1950,7501
4442,dig,108.500,2.9379,2.9365,0.0014,3.4683,0.1526,1.1653,0.7608,0.2693,1.0189,722904,0,12,0,0,14,0,0.0210,0.0328,0.0707,540.2,1950,7501
4443,dig,108.500,3.1295,3.1282,0.0013,3.4314,0.1556,1.1633,0.7629,0.2673,0.9820,722904,0,8,0,0,14,0,0.0205,0.0261,0.0721,540.2,1950,7501
4444,dig,108.500,3.9103,3.9078,0.0025,3.7949,0.5059,1.1704,0.7639,0.2621,0.9912,722904,0,16,0,0,14,0,0.0380,0.0699,0.0995,540.2,1950,7501
4445,dig,108.500,3.3608,3.3595,0.0013,3.4734,0.1792,1.1663,0.7578,0.2673,1.0025,722904,0,16,0,0,14,0,0.0259,0.0412,0.0722,540.2,1950,7501
4446,dig,108.500,3.5177,3.5165,0.0012,3.5256,0.1966,1.1694,0.7639,0.2662,1.0220,722904,0,31,0,0,14,0,0.0457,0.0857,0.0813,540.2,1950,7501
4448,dig_settle,108.500,3.1424,3.1215,0.0209,3.3024,0.0031,1.1694,0.7629,0.2642,1.0015,722904,0,0,0,0,14,0,0.0101,0.0007,0.0825,540.2,1950,7501
4449,audit,108.500,3.5054,3.5040,0.0014,3.3034,0.0031,1.1653,0.7619,0.2632,1.0086,722904,0,0,0,0,14,0,0.0070,0.0005,0.0788,540.2,1950,7501
4450,orbital_edit,300108.500,41.3236,41.3222,0.0014,83.8021,42.4428,5.5204,26.7069,3.8021,4.5875,722904,22476,8121,0,0,14,0,15.0063,20.3342,0.1942,540.2,210,405
4451,orbital_edit,300108.500,55.2723,55.2541,0.0182,39.3820,35.5717,0.6564,2.4832,0.2888,0.2529,708056,5473,12288,14848,0,5,12,12.4757,38.6567,0.1946,540.2,210,405
4452,orbital_edit,300108.500,106.2628,18.3992,87.8636,6.4031,2.5969,0.6574,2.4699,0.2929,0.2509,692952,0,2411,15104,0,5,12,5.6656,9.3991,0.1218,540.2,210,405
4454,orbital_edit,300108.500,10.7513,10.6981,0.0532,3.8717,0.0338,0.6656,2.5119,0.2898,0.2540,669073,0,0,8775,9228,5,12,4.1798,1.4110,0.1497,540.2,210,405
4455,orbital_edit,300108.500,9.1812,9.1599,0.0213,3.8533,0.0440,0.6574,2.4893,0.2908,0.2529,654737,0,0,14336,9228,5,12,4.0192,1.3195,0.0998,540.2,210,405
4456,orbital_edit,300108.500,8.4844,8.4605,0.0239,3.8431,0.0440,0.6574,2.4832,0.2877,0.2519,640657,0,0,14080,9228,5,12,4.0112,1.3558,0.0916,540.2,210,405
4457,orbital_edit,300108.500,8.0587,8.0401,0.0186,3.8636,0.0481,0.6574,2.4924,0.2888,0.2591,625297,0,0,15360,9228,5,12,4.0532,1.3409,0.0962,540.2,210,405
4458,orbital_edit,300108.500,8.2116,8.1933,0.0183,3.8482,0.0338,0.6554,2.5170,0.2888,0.2499,615825,0,0,9472,9228,5,12,4.1404,1.1761,0.0995,540.2,210,405
4459,orbital_edit,300108.500,8.0069,7.9882,0.0187,3.8349,0.0379,0.6574,2.4924,0.2898,0.2519,603721,0,0,12104,9228,5,12,4.0152,1.2617,0.0859,540.2,210,405
4460,orbital_edit,300108.500,8.7204,8.7015,0.0189,3.8124,0.0440,0.6554,2.4678,0.2908,0.2519,589129,0,0,14592,9228,5,12,4.0158,1.5843,0.0909,540.2,210,405
4461,orbital_edit,300108.500,8.6313,8.6129,0.0184,4.3377,0.0481,0.6564,2.9870,0.2929,0.2499,573001,0,0,16128,9228,5,12,4.0475,1.4174,0.0875,540.2,210,405
4462,orbital_edit,300108.500,8.8284,8.8097,0.0187,3.8246,0.0369,0.6574,2.4975,0.2867,0.2509,562761,0,0,10240,9228,5,12,4.1111,1.2162,0.2863,540.2,210,405
4463,orbital_edit,300108.500,8.4430,8.4232,0.0198,3.8072,0.0502,0.6543,2.4648,0.2939,0.2499,547847,0,0,14914,9228,5,12,4.0281,1.3140,0.0895,540.2,210,405
4464,orbital_edit,300108.500,8.7098,8.6886,0.0212,3.8318,0.0492,0.6554,2.4893,0.2918,0.2509,532743,0,0,15104,9228,5,12,4.0570,1.4163,0.0933,540.2,210,405
4465,orbital_edit,300108.500,9.0642,9.0408,0.0234,4.5179,0.0492,0.6564,3.1713,0.2877,0.2580,517383,0,0,15360,9228,5,12,4.0281,1.2900,0.0909,540.2,210,405
4466,orbital_edit,300108.500,9.5607,9.5244,0.0363,3.8164,0.0338,0.6554,2.4986,0.2908,0.2488,509191,0,0,8192,9228,5,12,4.0917,1.2615,0.1244,540.2,210,405
4467,orbital_edit,300108.500,8.2745,8.2552,0.0193,3.8072,0.0471,0.6543,2.4740,0.2918,0.2519,494537,0,0,14654,9228,5,12,4.0526,1.2852,0.1197,540.2,210,405
4468,orbital_edit,300108.500,8.4789,8.4604,0.0185,3.7970,0.0492,0.6533,2.4658,0.2888,0.2509,479433,0,0,15104,9228,5,12,4.0698,1.2987,0.0941,540.2,210,405
4469,orbital_edit,300108.500,8.5390,8.5201,0.0189,4.9070,0.0563,0.6543,3.5615,0.2877,0.2580,463561,0,0,15872,9228,5,12,4.0587,1.3291,0.1068,540.2,210,405
4470,orbital_edit,300108.500,9.2932,9.2701,0.0231,3.7939,0.0348,0.6533,2.4740,0.2939,0.2509,455113,0,0,8448,9228,5,12,4.0111,1.1144,0.1149,540.2,210,405
4471,orbital_edit,300108.500,9.3170,9.2972,0.0198,3.8021,0.0399,0.6523,2.4801,0.2949,0.2478,441731,0,0,13382,9228,5,12,4.1465,2.0544,0.1272,540.2,210,405
4472,orbital_edit,300108.500,7.9971,7.9773,0.0198,3.8124,0.0440,0.6533,2.4873,0.2867,0.2519,426115,0,0,15616,9228,5,12,4.0591,1.2762,0.1123,540.2,210,405
4473,orbital_edit,300108.500,9.6953,9.6752,0.0201,3.7919,0.0410,0.6543,2.4699,0.2898,0.2488,412547,0,0,13568,9228,5,12,4.1255,1.7240,0.1328,540.2,1777,7501
4474,orbital_edit,300108.500,8.6521,8.6317,0.0204,4.3223,0.0348,0.6011,3.1150,0.2642,0.2284,401539,0,0,11008,9228,5,12,4.0393,1.4706,0.1089,540.2,1777,7501
4475,orbital_edit,300108.500,8.2436,8.2215,0.0221,3.4898,0.0348,0.6011,2.2804,0.2652,0.2294,389690,0,0,11849,9228,5,12,4.0661,1.0957,0.0974,540.2,1777,7501
4476,orbital_edit,300108.500,8.3637,8.3446,0.0191,4.0940,0.0420,0.6001,2.2866,0.8520,0.2345,374330,0,0,15360,9228,5,12,4.0139,1.2548,0.0951,540.2,1777,7501
4477,orbital_edit,300108.500,8.2954,8.2770,0.0184,3.5092,0.0369,0.6011,2.2948,0.2673,0.2304,361274,0,0,13056,9228,5,12,4.1120,1.2240,0.1035,540.2,1777,7501
4478,orbital_edit,300108.500,8.4327,8.4139,0.0188,3.5195,0.0379,0.6011,2.3112,0.2632,0.2335,348218,0,0,13056,9228,5,12,4.0988,1.1424,0.0915,540.2,1777,7501
4479,orbital_edit,300108.500,8.5879,8.5687,0.0192,3.4918,0.0420,0.5990,2.2774,0.2611,0.2386,333293,0,0,14925,9228,5,12,4.0619,1.3266,0.0889,540.2,1777,7501
4480,orbital_edit,300108.500,8.3059,8.2871,0.0188,3.5144,0.0471,0.5980,2.2948,0.2683,0.2314,316653,0,0,16640,9228,5,12,4.0769,1.2734,0.1251,540.2,1777,7501
4481,orbital_edit,300108.500,8.5264,8.5020,0.0244,3.5072,0.0440,0.6011,2.2917,0.2662,0.2335,301549,0,0,15104,9228,5,12,4.0464,1.2950,0.0941,540.2,1777,7501
4482,orbital_edit,300108.500,8.2434,8.2254,0.0180,3.4888,0.0379,0.5990,2.2856,0.2642,0.2294,288943,0,0,12606,9228,5,12,4.0130,1.2644,0.0947,540.2,1777,7501
4483,orbital_edit,300108.500,8.2905,8.2721,0.0184,3.4888,0.0492,0.6001,2.2753,0.2632,0.2314,273071,0,0,15872,9228,5,12,4.0108,1.1796,0.0903,540.2,1777,7501
4484,orbital_edit,300108.500,8.5138,8.4958,0.0180,3.4734,0.0512,0.6011,2.2487,0.2642,0.2345,256431,0,0,16640,9228,5,12,4.0542,1.4264,0.0907,540.2,1777,7501
4485,orbital_edit,300108.500,7.9391,7.9198,0.0193,3.4918,0.0430,0.6001,2.2835,0.2642,0.2324,243631,0,0,12800,9228,5,12,4.0564,1.0367,0.0978,540.2,1777,7501
4486,orbital_edit,300108.500,7.8811,7.8623,0.0188,3.7970,0.0410,0.5990,2.5917,0.2621,0.2304,230270,0,0,13361,9228,5,12,4.0950,1.1205,0.0920,540.2,1777,7501
4487,orbital_edit,300108.500,7.9972,7.9787,0.0185,3.4898,0.0492,0.6001,2.2723,0.2662,0.2314,214142,0,0,16128,9228,5,12,4.0493,1.2705,0.0912,540.2,1777,7501
4488,orbital_edit,300108.500,8.1085,8.0900,0.0185,3.4888,0.0492,0.6001,2.2651,0.2693,0.2335,198014,0,0,16128,9228,5,12,4.0363,1.1984,0.0957,540.2,1777,7501
4489,orbital_edit,300108.500,8.3119,8.2929,0.0190,3.4693,0.0420,0.6001,2.2651,0.2662,0.2294,186166,0,0,11848,9228,5,12,4.0675,1.0944,0.1018,540.2,1777,7501
4490,orbital_edit,300108.500,8.4895,8.4699,0.0196,3.8666,0.0440,0.6021,2.2927,0.2673,0.2294,172342,0,0,13824,9228,5,12,4.0595,1.1034,0.1046,540.2,1777,7501
4491,orbital_edit,300108.500,7.9411,7.9196,0.0215,3.5174,0.0512,0.6001,2.3030,0.2652,0.2314,155958,0,0,16384,9228,5,12,4.0238,1.2186,0.0990,540.2,1777,7501
4492,orbital_edit,300108.500,7.9635,7.9432,0.0203,3.5011,0.0502,0.5980,2.2917,0.2621,0.2314,139318,0,0,16640,9228,5,12,4.0563,1.1514,0.0939,540.2,1777,7501
4493,orbital_edit,300108.500,8.2499,8.2312,0.0187,3.7878,0.0389,0.5980,2.2292,0.2601,0.2376,126956,0,0,12362,9228,5,12,4.0290,1.1510,0.1107,540.2,1777,7501
4494,orbital_edit,300108.500,8.1332,8.1125,0.0207,3.4560,0.0563,0.5929,2.2487,0.2611,0.2345,110316,0,0,16640,9228,5,12,4.0442,1.2160,0.0940,540.2,1777,7501
4495,orbital_edit,300108.500,8.5944,8.5766,0.0178,3.4499,0.0543,0.5929,2.2405,0.2611,0.2396,93676,0,0,16640,9228,5,12,4.0348,1.2248,0.1078,540.2,1777,7501
4496,orbital_edit,300108.500,8.1358,8.1168,0.0190,3.4488,0.0461,0.5929,2.2446,0.2632,0.2345,80364,0,0,13312,9228,5,12,4.0937,1.0028,0.0875,540.2,1777,7501
4497,orbital_edit,300108.500,9.2345,9.2135,0.0210,3.8441,0.0512,0.5990,2.2907,0.2611,0.2284,80095,28865,63,332,9228,5,12,5.2252,0.2240,0.1460,540.2,1777,7501
4498,orbital_edit,300108.500,7.1602,7.1394,0.0208,3.8779,0.4762,0.5939,2.2579,0.2611,0.2243,83498,49667,3403,0,9228,5,12,3.5552,0.3867,0.1249,540.2,1777,7501
4499,orbital_edit,300108.500,6.8452,6.8259,0.0193,3.4222,0.4547,0.6175,1.7859,0.2652,0.2335,86901,65208,3403,0,9228,5,12,3.3480,0.3498,0.1629,540.2,1777,7501
4500,orbital_edit,300108.500,7.7172,7.6979,0.0193,3.4396,0.5888,0.6257,1.6691,0.2621,0.2284,91444,73209,4543,0,9228,5,12,4.0224,0.5935,0.0901,540.2,1777,7501
4501,orbital_edit,300108.500,7.6747,7.6554,0.0193,4.1062,0.6625,0.8612,2.0337,0.2662,0.2181,96563,93258,5119,0,9228,5,12,4.0078,0.5400,0.0862,540.2,1777,7501
4502,orbital_edit,300108.500,8.1537,8.1276,0.0261,3.6628,0.8069,0.6226,1.6845,0.2632,0.2212,103218,101204,6655,0,9228,5,12,4.0142,0.7619,0.1114,540.2,1777,7501
4503,orbital_edit,300108.500,7.8494,7.8304,0.0190,4.2947,1.4346,0.6185,1.6957,0.2632,0.2181,114683,89739,11465,0,9228,5,12,3.6397,1.3841,0.1719,540.2,1777,7501
4504,orbital_edit,300108.500,8.4638,8.4435,0.0203,4.2988,1.4316,0.6185,1.7009,0.2662,0.2161,126074,78348,11391,0,9228,5,12,4.0169,1.2635,0.1985,540.2,1777,7501
4505,orbital_edit,300108.500,8.4752,8.4564,0.0188,4.7555,1.5360,0.6175,2.0541,0.2621,0.2202,138362,66060,12288,0,9228,5,12,3.8342,1.3199,0.1004,540.2,1777,7501
4506,orbital_edit,300108.500,8.5590,8.5395,0.0195,4.2312,1.3578,0.6195,1.6998,0.2683,0.2191,149177,55245,10815,0,9228,5,12,4.0133,1.2056,0.0941,540.2,1777,7501
4507,orbital_edit,300108.500,8.0123,7.9931,0.0192,4.4288,1.5442,0.6226,1.7009,0.2734,0.2222,161465,42957,12288,0,9228,5,12,3.7688,1.3839,0.1068,540.2,1777,7501
4508,orbital_edit,300108.500,8.8811,8.8609,0.0202,4.4001,1.5309,0.6205,1.7050,0.2632,0.2161,173688,30734,12223,0,9228,5,12,4.0133,1.3901,0.1051,540.2,1777,7501
4509,orbital_edit,300108.500,9.1221,9.1026,0.0195,4.6920,1.8237,0.6205,1.6988,0.2632,0.2202,185976,18446,12288,0,9228,5,12,3.7947,1.3745,0.0969,540.2,1777,7501
4510,orbital_edit,300108.500,9.4893,9.4662,0.0231,4.3356,1.4664,0.6205,1.6988,0.2632,0.2232,197495,6927,11519,0,9228,5,12,4.0196,1.2966,0.9506,540.2,1777,7501
4511,orbital_edit,300108.500,5.7077,5.6881,0.0196,3.7632,0.8950,0.6226,1.6998,0.2642,0.2181,204422,0,6927,0,9228,5,12,2.2196,0.7086,0.1584,540.2,1777,7501
4512,orbital_edit,300108.500,3.4163,3.3989,0.0174,2.8611,0.0010,0.6205,1.6978,0.2621,0.2171,204422,0,0,0,9228,5,12,0.0068,0.0005,0.0608,540.2,1777,7501
4514,orbital_edit,300108.500,4.6619,2.1924,2.4695,3.4703,0.0010,0.8704,2.0572,0.2611,0.2181,204422,0,0,0,9228,5,12,0.0071,0.0004,0.0679,540.2,1777,7501
4515,crater,258.500,2.9467,2.9455,0.0012,2.4402,0.0010,0.4690,1.4828,0.2662,0.1587,204422,0,0,0,9228,5,12,0.0216,0.0005,0.0831,540.2,1777,7501
4516,crater,258.500,3.3132,3.2922,0.0210,2.4330,0.0010,0.4690,1.4817,0.2580,0.1618,204422,0,0,0,9228,5,12,0.0074,0.0006,0.0819,540.2,1777,7501
4517,crater,258.500,3.4363,3.4192,0.0171,2.4310,0.0020,0.4690,1.4817,0.2611,0.1556,204422,0,0,0,9228,5,12,0.0093,0.0007,0.0802,540.2,1777,7501
4518,crater,258.500,3.4809,3.4611,0.0198,2.4320,0.0010,0.4669,1.4817,0.2642,0.1556,204422,0,0,0,9228,5,12,0.0073,0.0005,0.0724,540.2,1777,7501
4519,crater,258.500,3.3730,3.3530,0.0200,2.4371,0.0010,0.4680,1.4807,0.2662,0.1587,204422,0,0,0,9228,5,12,0.0070,0.0004,0.0621,540.2,1777,7501
4520,crater,258.500,4.9254,2.1820,2.7434,2.4310,0.0010,0.4680,1.4817,0.2642,0.1536,204422,0,0,0,9228,5,12,0.0071,0.0007,0.0801,540.2,1777,7501
4521,crater,258.500,5.0102,3.3847,1.6255,2.4392,0.0010,0.4690,1.4889,0.2621,0.1556,204422,0,0,0,9228,5,12,0.0081,0.0006,0.1019,540.2,1777,7501
4522,crater,258.500,4.4315,2.8590,1.5725,2.4351,0.0010,0.4680,1.4817,0.2642,0.1577,204422,0,0,0,9228,5,12,0.0104,0.0005,0.0728,540.2,1777,7501
4523,crater,258.500,4.8275,3.2829,1.5446,2.4300,0.0010,0.4669,1.4807,0.2611,0.1587,204422,0,0,0,9228,5,12,0.0091,0.0011,0.1098,540.2,1777,7501
4525,crater,258.500,7.6085,7.5844,0.0241,2.7361,0.2703,0.5028,1.4807,0.2621,0.1567,204485,40897,63,0,9228,14,0,4.0836,0.2673,0.0898,540.2,1777,7501
4526,crater,258.500,12.9716,12.9485,0.0231,4.5466,1.9896,0.5949,1.4817,0.2580,0.1567,206596,63177,2111,0,9228,14,0,4.0234,5.3131,0.1176,540.2,1777,7501
4527,crater,258.500,12.6307,12.6090,0.0217,5.3504,1.1889,1.2257,1.7807,0.2591,0.8315,208707,85130,2111,0,9228,14,0,4.0472,4.2582,0.1532,540.2,1965,7501
4528,crater,258.500,12.3030,12.2820,0.0210,7.1117,1.7029,2.0777,2.0716,0.2591,0.9359,210818,107402,2111,0,9228,14,0,4.0353,4.0157,0.1387,540.2,1965,7501
4529,crater,258.500,10.2051,10.1825,0.0226,6.3386,0.9206,1.9743,1.8964,0.2652,1.2175,212417,122699,1599,0,9228,14,0,4.0143,2.8595,0.1024,540.2,1965,7501
4530,crater,258.500,9.9379,9.9207,0.0172,6.7359,0.5591,2.3224,1.6466,0.2621,1.8821,214080,146636,1663,0,9228,14,0,4.0558,2.0461,0.0968,540.2,1965,7501
4531,crater,258.500,7.9963,7.9734,0.0229,7.3667,0.6625,2.5006,1.6210,0.2621,2.2569,215679,169426,1599,0,9228,14,0,4.0554,0.7575,0.1727,540.2,1965,7501
4532,crater,258.500,8.6335,8.6137,0.0198,7.0072,0.3615,2.5027,1.5954,0.2591,2.2252,216638,193811,959,0,9228,14,0,4.0753,1.0348,0.0877,540.2,1965,7501
4533,crater,258.500,7.7257,7.7014,0.0243,6.7420,0.1935,2.5426,1.4223,0.2632,2.2569,217405,215627,767,0,9228,14,0,4.0346,0.2889,0.0882,540.2,1965,7501
4534,crater,258.500,8.2503,8.2299,0.0204,6.9652,0.2417,2.5467,1.3455,0.2601,2.5088,218428,239948,1023,0,9228,14,0,4.0817,0.4764,0.0851,540.2,1965,7501
4535,crater,258.500,8.1889,6.7394,1.4495,7.6216,0.2386,3.2307,1.3568,0.2642,2.4689,219451,260755,1023,0,9228,14,0,4.0691,0.1997,0.1712,540.2,1965,7501
4536,crater,258.500,9.1266,6.8340,2.2926,7.0676,0.2437,2.5487,1.3742,0.2621,2.5764,220538,285524,1087,0,9228,14,0,4.0315,0.2824,0.0829,540.2,1965,7501
4537,crater,258.500,9.7946,7.2941,2.5005,7.0871,0.2345,2.5498,1.3619,0.2621,2.6163,221561,307611,1023,0,9228,14,0,4.0856,0.2207,0.1229,540.2,1965,7501
4538,crater,258.500,9.0322,7.0689,1.9633,8.1592,0.2161,2.5539,1.3742,0.2621,3.6905,222520,332252,959,0,9228,14,0,4.0327,0.2574,0.0875,540.2,1965,7501
4539,crater,258.500,9.2746,7.3138,1.9608,7.4097,0.2406,2.5518,1.3568,0.2632,2.9348,223607,351645,1087,0,9228,14,0,4.1037,0.2087,0.0877,540.2,1965,7501
4540,crater,258.500,10.3357,7.3216,3.0141,7.4045,0.1690,2.5477,1.3558,0.2693,3.0003,224310,372252,703,0,9228,14,0,4.0697,0.2362,0.0958,540.2,1965,7501
4541,crater,258.500,9.7338,7.0687,2.6651,7.5919,0.2427,2.5498,1.3588,0.2632,3.1150,225461,396701,1151,0,9228,14,0,4.0778,0.2280,0.0859,540.2,1965,7501
4542,crater,258.500,9.6426,7.1391,2.5035,8.1295,0.2335,2.9563,1.3609,0.2611,3.2553,226548,417954,1087,0,9228,14,0,4.0429,0.2252,0.0927,540.2,1965,7501
4543,crater,258.500,9.9154,7.7149,2.2005,7.8776,0.2468,2.5518,1.3691,0.2632,3.3843,227763,442083,1215,0,9228,14,0,4.0812,0.2384,0.0918,540.2,1965,7501
4544,crater,258.500,9.9881,6.9297,3.0584,7.8029,0.2304,2.5518,1.3691,0.2591,3.3290,228850,465377,1087,0,9228,14,0,4.0245,0.2136,0.0888,540.2,1965,7501
4545,crater,258.500,10.2233,6.6969,3.5264,8.2575,0.1393,2.8938,1.7091,0.2601,3.1918,229425,487074,575,0,9228,14,0,4.0350,0.2072,0.1191,540.2,1965,7501
4546,crater,258.500,9.9119,7.1727,2.7392,7.7425,0.2386,2.6143,1.3568,0.2652,3.2041,230576,510572,1151,0,9228,14,0,4.0321,0.2237,0.0902,540.2,1965,7501
4547,crater,258.500,10.2272,7.1471,3.0801,7.7261,0.2273,2.6184,1.3599,0.2601,3.1980,231599,529773,1023,0,9228,14,0,4.0676,0.2102,0.0888,540.2,1965,7501
4548,crater,258.500,10.0468,7.0039,3.0429,8.2493,0.2376,2.6153,1.3599,0.2632,3.7089,232814,553646,1215,0,9228,14,0,4.0841,0.2345,0.0898,540.2,1965,7501
4549,crater,258.500,9.7269,7.1795,2.5474,7.8449,0.2355,2.6132,1.3681,0.2601,3.2952,233965,575356,1151,0,9228,14,0,4.0652,0.2211,0.0889,540.2,1965,7501
4550,crater,258.500,10.7414,7.5152,3.2262,7.8520,0.2376,2.6194,1.3568,0.2611,3.3126,235308,598333,1343,0,9228,14,0,4.1171,0.3297,0.1116,540.2,1965,7501
4551,crater,258.500,10.4267,7.3338,3.0929,7.8541,0.2560,2.6163,1.3681,0.2611,3.2870,232747,610696,1279,3840,9228,14,0,4.0721,0.4626,0.1164,540.2,1965,7501
4552,crater,258.500,10.0565,7.3919,2.6646,8.3999,0.2591,3.2266,1.3619,0.2642,3.2236,224106,609609,1087,9728,9228,14,0,4.0640,0.8074,0.0905,540.2,1965,7501
4553,crater,258.500,9.2618,9.2320,0.0298,7.7343,0.2673,2.6153,1.3578,0.2611,3.1683,215017,608458,1151,10240,9228,14,0,4.0771,1.3251,0.1659,540.2,1965,7501
4554,crater,258.500,11.4057,7.3070,4.0987,7.8797,0.2591,2.6143,1.3711,0.2652,3.3055,206568,607435,1023,9472,9228,14,0,4.0155,0.7673,0.0906,540.2,1965,7501
4555,crater,258.500,9.8949,7.8362,2.0587,8.4787,0.2468,3.3229,1.3752,0.2621,3.2061,198887,606412,1023,8704,9228,14,0,4.0372,0.7519,0.0913,540.2,1965,7501
4556,crater,258.500,10.4170,7.6078,2.8092,7.8643,0.2529,2.6276,1.3834,0.2611,3.2737,193753,605261,1151,6285,9228,14,0,4.0149,0.7784,0.0892,540.2,1965,7501
4557,crater,258.500,10.3330,8.8839,1.4491,7.9534,0.2499,2.6307,1.3814,0.2642,3.3618,184472,604302,959,10240,9228,14,0,4.0782,0.8750,0.0942,540.2,1965,7501
4558,crater,258.500,10.0007,7.9753,2.0254,8.9539,0.2345,2.6266,1.6200,0.2621,4.1441,175447,603343,959,9984,9228,14,0,4.1438,0.8545,0.0945,540.2,1965,7501
4559,crater,258.500,9.8399,7.8378,2.0021,7.8981,0.2611,2.6307,1.3681,0.2662,3.3055,166678,602128,1215,9984,9228,14,0,4.0255,0.8109,0.0897,540.2,1965,7501
4560,crater,258.500,11.0949,7.5312,3.5637,7.9626,0.2519,2.6440,1.3701,0.2662,3.3638,160789,601105,1023,6912,9228,14,0,4.0261,0.7431,0.1404,540.2,1965,7501
4561,crater,258.500,10.2241,7.6080,2.6161,8.5719,0.2550,2.6388,1.3670,0.2652,3.9793,151828,600082,1023,9984,9228,14,0,4.0506,0.7817,0.0947,540.2,1965,7501
4562,crater,258.500,10.0006,7.9163,2.0843,7.8326,0.2417,2.6388,1.3701,0.2642,3.2522,147203,598995,1087,5712,9228,14,0,4.0470,0.8105,0.0922,540.2,1965,7501
4563,crater,258.500,11.0203,8.3965,2.6238,7.6360,0.1802,2.6450,1.3937,0.2662,3.0853,140546,598228,767,7424,9228,14,0,4.1082,0.9182,0.1691,540.2,1965,7501
4564,crater,258.500,10.2665,10.2363,0.0302,8.5309,1.1264,2.4986,1.3957,0.2611,3.1816,132225,596565,1663,9984,9228,14,0,4.0749,2.3545,0.0966,540.2,1965,7501
4565,crater,258.500,9.4714,7.9795,1.4919,7.6370,0.2427,2.4914,1.3824,0.2632,3.1939,127287,594070,959,5897,9228,14,0,4.0225,0.6865,0.0965,540.2,1965,7501
4566,crater,258.500,12.6610,7.8997,4.7613,7.8879,0.3994,2.4955,1.3906,0.2632,3.2748,129334,579389,2047,0,9228,14,0,4.0543,0.2551,0.1571,540.2,1965,7501
4567,crater,258.500,9.4899,9.4543,0.0356,8.9344,1.1919,2.5590,1.4039,0.2621,3.4519,132661,576062,3327,0,9228,14,0,4.0797,1.7414,0.0898,540.2,1965,7501
4568,crater,258.500,9.9419,7.4529,2.4890,8.2217,0.4792,2.5559,1.4121,0.2683,3.4417,135156,573567,2495,0,9228,14,0,4.0433,0.2974,0.0865,540.2,1965,7501
4569,crater,258.500,12.8222,8.7872,4.0350,9.1320,1.2360,2.6266,1.4336,0.2601,3.5113,138419,570304,3263,0,9228,14,0,4.0863,1.8311,0.1116,540.2,1965,7501
4570,crater,258.500,10.3891,7.1315,3.2576,9.0583,0.5028,2.6255,1.4152,0.2632,4.1861,141042,567681,2623,0,9228,14,0,4.0231,0.2911,0.0788,540.2,1965,7501
4571,crater,258.500,12.7055,8.9155,3.7900,9.0952,1.0373,2.7064,1.4244,0.2652,3.5973,144433,564290,3391,0,9228,14,0,4.0117,1.8390,0.0902,540.2,1965,7501
4572,crater,258.500,11.5880,8.0096,3.5784,8.4419,0.4383,2.7064,1.4346,0.2621,3.5348,146672,562051,2239,0,9228,14,0,4.1324,0.7586,0.1719,540.2,1965,7501
4573,crater,258.500,13.0517,8.9525,4.0992,10.4284,1.0742,2.9983,1.4541,0.2632,4.5732,150255,558468,3583,0,9228,14,0,4.1484,1.9972,0.0990,540.2,1965,7501
4574,crater,258.500,10.5058,7.7146,2.7912,8.6139,0.4731,2.7341,1.4561,0.2683,3.6168,152558,556165,2303,0,9228,14,0,4.0707,0.4449,0.1233,540.2,1965,7501
4575,crater,258.500,14.9283,8.0184,6.9099,8.7726,0.7864,2.7351,1.4387,0.2652,3.4806,154925,553798,2367,0,9228,14,0,4.0741,0.4043,0.1403,540.2,1950,7501
4576,crater,258.500,10.7204,10.6877,0.0327,9.7454,1.1315,3.2164,1.4541,0.2642,3.6127,157292,551431,2367,0,9228,14,0,4.1070,2.7047,0.1480,540.2,1950,7501
4577,crater,258.500,11.2253,7.3754,3.8499,9.0808,0.4762,3.1293,1.4449,0.2632,3.7007,159659,549064,2367,0,9228,14,0,4.0506,0.3497,0.0937,540.2,1950,7501
4578,crater,258.500,13.4458,7.4021,6.0437,8.1869,0.4065,2.7587,1.4397,0.2642,3.2522,161898,546825,2239,0,9228,14,0,4.0521,0.3233,0.0918,540.2,1950,7501
4579,crater,258.500,11.4369,9.8821,1.5548,9.0429,0.8878,3.1109,1.4787,0.2642,3.2348,164201,544522,2303,0,9228,14,0,4.0295,2.4590,0.1018,540.2,1950,7501
4580,crater,258.500,11.9935,7.5474,4.4461,9.1402,0.4915,3.4499,1.4541,0.2642,3.4140,166632,542091,2431,0,9228,14,0,4.0156,0.4026,0.0947,540.2,1950,7501
4581,crater,258.500,12.4519,6.9654,5.4865,9.3983,0.4813,2.7935,1.4612,0.2601,4.3366,169319,539404,2687,0,9228,14,0,4.0407,0.3712,0.0900,540.2,1950,7501
4582,crater,258.500,11.5744,9.6167,1.9577,9.0204,1.0445,2.8303,1.4633,0.2673,3.3485,172390,536333,3071,0,9228,14,0,4.0730,1.9254,0.0873,540.2,1950,7501
4583,crater,258.500,11.4761,7.9232,3.5529,8.9692,1.0834,2.8303,1.4684,0.2642,3.2492,174949,533774,2559,0,9228,14,0,4.0214,0.4253,0.1271,540.2,1950,7501
4584,crater,258.500,13.4557,8.8634,4.5923,9.6205,1.1213,2.8068,2.0419,0.2652,3.3178,178532,530191,3583,0,9228,14,0,4.0115,1.8159,0.0882,540.2,1950,7501
4585,crater,258.500,10.7011,7.1568,3.5443,8.5821,0.5458,2.8047,1.4787,0.2642,3.4212,181219,527504,2687,0,9228,14,0,4.0221,0.3048,0.0825,540.2,1950,7501
4586,crater,258.500,13.5037,7.1138,6.3899,8.6333,0.5775,2.8119,1.4930,0.2621,3.4222,182882,525841,1663,0,9228,14,0,4.1400,0.3259,0.1012,540.2,1950,7501
4587,crater,258.500,11.2553,9.6825,1.5728,9.1873,1.1151,2.8631,1.5063,0.2632,3.3720,186529,522194,3647,0,9228,14,0,4.1021,2.3972,0.1781,540.2,1950,7501
4588,crater,258.500,11.1735,7.0212,4.1523,10.2144,0.5478,2.8713,1.5032,0.2611,4.9603,189216,519507,2687,0,9228,14,0,4.0359,0.3131,0.0860,540.2,1950,7501
4589,crater,258.500,12.7490,7.1651,5.5839,8.6989,0.4844,2.8652,1.5114,0.2621,3.5092,191775,516948,2559,0,9228,14,0,4.0332,0.3879,0.0931,540.2,1950,7501
4590,crater,258.500,12.4509,9.4601,2.9908,9.5252,1.2810,2.8989,1.4868,0.2642,3.5267,195358,513365,3583,0,9228,14,0,4.2304,2.3159,0.1068,540.2,1950,7501
4591,crater,258.500,11.2532,7.2405,4.0127,9.1863,0.5079,3.4703,1.5002,0.2662,3.3741,197853,510870,2495,0,9228,14,0,4.0755,0.3462,0.0873,540.2,1950,7501
4592,crater,258.500,13.9060,7.2563,6.6497,9.0081,0.5151,2.8938,1.4858,0.2642,3.7806,200604,508119,2751,0,9228,14,0,4.0663,0.3361,0.0810,540.2,1950,7501
4593,crater,258.500,11.0852,8.4906,2.5946,9.3399,1.2544,2.8600,1.4981,0.2673,3.3935,204187,504536,3583,0,9228,14,0,4.0337,1.6835,0.0960,540.2,1950,7501
4594,crater,258.500,11.3755,8.0519,3.3236,8.9057,0.8540,2.8600,1.5124,0.2662,3.3382,206746,501977,2559,0,9228,14,0,4.1564,0.3969,0.0953,540.2,1950,7501
4595,crater,258.500,13.2543,7.1193,6.1350,9.8376,0.4956,2.8611,1.4991,0.2673,4.6469,209433,499290,2687,0,9228,14,0,4.0597,0.3616,0.0897,540.2,1950,7501
4596,crater,258.500,11.2649,8.7710,2.4939,9.9584,1.3609,2.9051,1.5124,0.2693,3.8420,213272,495451,3839,0,9228,14,0,4.1012,1.7187,0.0923,540.2,1950,7501
4597,crater,258.500,12.2050,7.4043,4.8007,8.7347,0.4936,2.9082,1.5217,0.2642,3.4703,215703,493020,2431,0,9228,14,0,4.0810,0.3861,0.0906,540.2,1950,7501
4598,crater,258.500,13.6917,7.4381,6.2536,9.0900,0.5140,3.2727,1.5094,0.2632,3.4611,218454,490269,2751,0,9228,14,0,4.0805,0.3373,0.0833,540.2,1950,7501
4599,crater,258.500,11.3733,8.5607,2.8126,10.8124,1.4326,2.9676,2.1084,0.2714,3.9639,222357,486366,3903,0,9228,14,0,4.0461,1.5550,0.0858,540.2,1950,7501
4600,crater,258.500,11.0291,7.4606,3.5685,8.8627,0.5069,2.9686,1.5114,0.2632,3.5441,224852,483871,2495,0,9228,14,0,4.0141,0.3428,0.0905,540.2,1950,7501
4601,crater,258.500,14.1131,7.7222,6.3909,8.7910,0.4905,2.9686,1.5094,0.2673,3.4867,227475,481248,2623,0,9228,14,0,4.0796,0.6291,0.1688,540.2,1950,7501
4602,crater,258.500,11.7592,9.7882,1.9710,9.8918,1.2360,3.3311,1.5360,0.2632,3.4560,231442,477281,3967,0,9228,14,0,4.0252,1.5298,0.0926,540.2,1950,7501
4603,crater,258.500,10.9135,6.8144,4.0991,9.8109,0.5233,3.0024,1.5350,0.2662,4.4145,234001,474722,2559,0,9228,14,0,4.0446,0.3270,0.0857,540.2,1950,7501
4604,crater,258.500,13.3700,7.5300,5.8400,8.8105,0.4116,3.0044,1.5411,0.2652,3.5195,236112,472611,2111,0,9228,14,0,4.0708,0.3393,0.0884,540.2,1950,7501
4605,crater,258.500,12.1628,7.4727,4.6901,8.7880,0.4731,3.0024,1.5165,0.2714,3.4550,238799,469924,2687,0,9228,14,0,4.0486,0.5129,0.1785,540.2,1950,7501
4606,crater,258.500,11.0212,8.7146,2.3066,9.9645,1.2093,2.9860,1.9272,0.2642,3.5092,242446,466277,3647,0,9228,14,0,4.0283,1.4894,0.0923,540.2,1950,7501
4607,crater,258.500,11.6476,7.4366,4.2110,9.5908,0.7690,2.9870,1.5329,0.2642,3.9680,245005,463718,2559,0,9228,14,0,4.0147,0.3148,0.0787,540.2,1950,7501
4608,crater,258.500,13.7603,7.6775,6.0828,8.8115,0.3246,2.9809,1.5473,0.2662,3.6229,246668,462055,1663,0,9228,14,0,4.0627,0.3277,0.1128,540.2,1950,7501
4609,crater,258.500,11.4553,8.4345,3.0208,10.6957,1.4684,3.7571,1.5391,0.2662,3.5953,250059,458664,3391,0,9228,14,0,4.0530,1.6488,0.1180,540.2,1950,7501
4610,crater,258.500,10.9919,7.4043,3.5876,10.1908,0.6881,2.9706,1.5514,0.2683,4.6428,253258,455465,3199,0,9228,14,0,4.0403,0.4847,0.0814,540.2,1950,7501
4611,crater,258.500,13.9135,7.4401,6.4734,8.5688,0.4905,2.9696,1.5483,0.2652,3.2246,255753,452970,2495,0,9228,14,0,4.0409,0.3972,0.0934,540.2,1950,7501
4612,crater,258.500,12.3931,7.1923,5.2008,8.6958,0.4618,2.9706,1.5596,0.2662,3.3669,258248,450475,2495,0,9228,14,0,4.0767,0.5315,0.1015,540.2,1950,7501
4613,crater,258.500,11.3342,8.7296,2.6046,9.7741,1.5954,2.9850,1.5657,0.2652,3.2911,262343,446380,4095,0,9228,14,0,4.0903,1.4997,0.0952,540.2,1950,7501
4614,crater,258.500,11.5815,7.4241,4.1574,8.9569,0.4383,2.9788,1.5514,0.2673,3.6516,264454,444269,2111,0,9228,14,0,4.0386,0.4527,0.1185,540.2,1950,7501
4615,crater,258.500,12.9062,7.5802,5.3260,8.7153,0.5038,2.9798,1.5544,0.2652,3.3423,267077,441646,2623,0,9228,14,0,4.0938,0.3783,0.0923,540.2,1950,7501
4616,crater,258.500,11.6181,8.1697,3.4484,8.7931,0.4997,2.9850,1.5770,0.2621,3.3997,269892,438831,2815,0,9228,14,0,4.0370,0.5516,0.1300,540.2,1950,7501
4617,crater,258.500,11.2837,8.0519,3.2318,10.7448,1.2124,2.9655,1.5514,0.2611,4.6848,273795,434928,3903,0,9228,14,0,4.0759,1.4657,0.0880,540.2,1950,7501
4618,crater,258.500,10.9670,7.4298,3.5372,8.6692,0.5059,2.9665,1.5596,0.2673,3.3004,276290,432433,2495,0,9228,14,0,4.0244,0.3623,0.0855,540.2,1950,7501
4619,crater,258.500,14.1611,7.6537,6.5074,8.5750,0.4956,2.9665,1.5462,0.2611,3.2348,278913,429810,2623,0,9228,14,0,4.0423,0.5141,0.1312,540.2,1950,7501
4620,crater,258.500,10.6820,8.6871,1.9949,10.3916,1.4397,3.2819,1.9446,0.2662,3.3905,282624,426099,3711,0,9228,14,0,4.0455,1.6585,0.1003,540.2,1950,7501
4621,crater,258.500,11.0643,7.5024,3.5619,8.8617,0.6605,2.9686,1.5739,0.2652,3.3178,285759,422964,3135,0,9228,14,0,4.0907,0.4193,0.0826,540.2,1950,7501
4622,crater,258.500,13.5790,7.7571,5.8219,8.5709,0.3348,2.9696,1.5585,0.2601,3.3782,287358,421365,1599,0,9228,14,0,4.1641,0.4041,0.1508,540.2,1950,7501
4623,crater,258.500,10.9679,7.8747,3.0932,9.3665,0.4485,2.9665,1.8268,0.6093,3.4376,289661,419062,2303,0,9228,14,0,4.0551,0.5137,0.1295,540.2,1950,7501
4624,crater,258.500,11.2382,7.5299,3.7083,8.9477,0.5622,2.9645,1.5565,0.2662,3.5267,292796,415927,3135,0,9228,14,0,4.0193,0.4972,0.0928,540.2,1950,7501
4625,crater,258.500,11.3178,8.8004,2.5174,9.4290,1.1254,2.9798,1.5503,0.2642,3.4396,296251,412472,3455,0,9228,14,0,4.1002,1.4990,0.0938,540.2,1950,7501
4626,crater,258.500,11.2520,7.2071,4.0449,9.4730,0.4055,3.7007,1.5647,0.2693,3.4632,298170,410553,1919,0,9228,14,0,4.0865,0.4949,0.1374,540.2,1950,7501
4627,crater,258.500,13.4414,7.7022,5.7392,8.8095,0.5059,2.9839,1.5596,0.2652,3.4243,300793,407930,2623,0,9228,14,0,4.0147,0.3577,0.0853,540.2,1950,7501
4628,crater,258.500,11.1083,6.8303,4.2780,8.8248,0.4813,2.9778,1.5524,0.2632,3.4796,303480,405243,2687,0,9228,14,0,4.0457,0.4259,0.0891,540.2,1950,7501
4629,crater,258.500,11.4316,8.4196,3.0120,9.7864,1.4244,2.9983,1.5575,0.2601,3.4744,307319,401404,3839,0,9228,14,0,4.0603,1.5241,0.0906,540.2,1950,7501
4630,crater,258.500,11.3850,7.0796,4.3054,8.7757,0.5140,2.9993,1.5749,0.2632,3.3526,309814,398909,2495,0,9228,14,0,4.0780,0.3799,0.0904,540.2,1950,7501
4631,crater,258.500,13.9351,7.4563,6.4788,9.2518,0.5069,2.9942,1.5688,0.2642,3.8461,312437,396286,2623,0,9228,14,0,4.0759,0.4450,0.0901,540.2,1950,7501
4632,crater,258.500,10.5131,7.5028,3.0103,8.8023,0.5274,2.9962,1.5677,0.2683,3.3710,315316,393407,2879,0,9228,14,0,4.0109,0.3823,0.0791,540.2,1950,7501
4633,crater,258.500,12.0887,9.5136,2.5751,9.4577,1.1776,2.9880,1.5729,0.2662,3.3823,319475,389248,4159,0,9228,14,0,4.0591,2.3807,0.1057,540.2,1950,7501
4634,crater,258.500,11.0555,7.3183,3.7372,9.5109,0.5263,2.9839,1.8053,0.2621,3.8625,322034,386689,2559,0,9228,14,0,4.0944,0.3491,0.0768,540.2,1950,7501
4635,crater,258.500,13.1976,7.3517,5.8459,8.6548,0.5059,2.9860,1.5698,0.2673,3.2563,324657,384066,2623,0,9228,14,0,4.0226,0.4074,0.0939,540.2,1950,7501
4636,crater,258.500,11.5870,7.5338,4.0532,8.5299,0.4413,2.9839,1.5708,0.2632,3.1990,327024,381699,2367,0,9228,14,0,4.1083,0.4111,0.0920,540.2,1950,7501
4637,crater,258.500,11.4111,8.6673,2.7438,10.1806,1.1776,2.9532,1.8135,0.2621,3.9035,331375,377348,4351,0,9228,14,0,4.0149,1.5824,0.0939,540.2,1950,7501
4638,crater,258.500,10.2327,7.2344,2.9983,8.5719,0.5284,2.9532,1.5667,0.2642,3.1877,333934,374789,2559,0,9228,14,0,4.0759,0.3427,0.0752,540.2,1950,7501
4639,crater,258.500,13.9844,7.5938,6.3906,8.5023,0.4485,2.9553,1.5544,0.2683,3.2041,336173,372550,2239,0,9228,14,0,4.0458,0.4381,0.1216,540.2,1950,7501
4640,crater,258.500,10.6980,7.7062,2.9918,9.2580,0.5028,3.6291,1.5596,0.2632,3.2246,338860,369863,2687,0,9228,14,0,4.0152,0.4718,0.1047,540.2,1950,7501
4641,crater,258.500,10.6792,8.6048,2.0744,9.1331,1.1213,2.9573,1.5800,0.2673,3.1355,342891,365832,4031,0,9228,14,0,4.0238,1.6876,0.0863,540.2,1950,7501
4642,crater,258.500,11.4936,7.9554,3.5382,8.5268,0.5120,2.9563,1.5759,0.2693,3.1406,345258,363465,2367,0,9228,14,0,4.0658,0.4108,0.0918,540.2,1950,7501
4643,crater,258.500,12.7588,7.9747,4.7841,9.2099,0.4946,3.7059,1.5647,0.2621,3.1109,347625,361098,2367,0,9228,14,0,4.1093,0.4813,0.1546,540.2,1950,7501
4644,crater,258.500,10.9113,7.4669,3.4444,8.2719,0.5192,2.9635,1.5544,0.2652,2.8989,350312,358411,2687,0,9228,14,0,4.0653,0.3674,0.0785,540.2,1950,7501
4645,crater,258.500,11.5447,6.8390,4.7057,8.3538,0.5304,2.9645,1.5626,0.2632,2.9614,353255,355468,2943,0,9228,14,0,4.0410,0.4213,0.0893,540.2,1950,7501
4646,crater,258.500,10.4648,8.4747,1.9901,9.6113,1.4213,3.3802,1.5647,0.2652,2.9071,357222,351501,3967,0,9228,14,0,4.0893,1.6175,0.0914,540.2,1950,7501
4647,crater,258.500,11.1383,6.7556,4.3827,8.3026,0.5233,2.9553,1.5667,0.2580,2.9297,359717,349006,2495,0,9228,14,0,4.0202,0.3600,0.1517,540.2,1950,7501
4648,crater,258.500,12.4145,7.3987,5.0158,8.3026,0.5181,2.9491,1.5657,0.2642,2.9327,362340,346383,2623,0,9228,14,0,4.0725,0.3927,0.0924,540.2,1950,7501
4649,crater,258.500,10.7129,7.1590,3.5539,8.6620,0.4731,3.3792,1.5647,0.2632,2.9112,364835,343888,2495,0,9228,14,0,4.0438,0.4133,0.0896,540.2,1950,7501
4650,crater,258.500,10.6085,8.3409,2.2676,8.8453,1.0977,2.8989,1.5780,0.2632,2.9368,368290,340433,3455,0,9228,14,0,4.0153,1.5049,0.0875,540.2,1950,7501
4651,crater,258.500,11.1136,6.8725,4.2411,8.4234,0.7168,2.9010,1.5688,0.2591,2.9071,371681,337042,3391,0,9228,14,0,4.0091,0.4810,0.1043,540.2,1950,7501
4652,crater,258.500,12.1906,7.3306,4.8600,8.9917,0.4905,3.6342,1.5811,0.2673,2.9481,374048,334675,2367,0,9228,14,0,4.0500,0.5558,0.1166,540.2,1950,7501
4653,crater,258.500,10.8515,7.4738,3.3777,8.2371,0.5181,2.9051,1.5800,0.2652,2.8969,376735,331988,2687,0,9228,14,0,4.0602,0.3685,0.0797,540.2,1950,7501
4654,crater,258.500,11.1270,6.9029,4.2241,8.1818,0.4076,2.9030,1.5749,0.2642,2.9604,378910,329813,2175,0,9228,14,0,4.0156,0.4523,0.0908,540.2,1950,7501
4655,crater,258.500,10.5825,9.0441,1.5384,9.5785,1.1018,3.5983,1.5780,0.2642,2.9645,382749,325974,3839,0,9228,14,0,4.0520,1.6567,0.0904,540.2,1950,7501
4656,crater,258.500,11.1766,7.1257,4.0509,8.3292,0.6318,2.8641,1.5913,0.2652,2.9061,385756,322967,3007,0,9228,14,0,4.0557,0.4048,0.0819,540.2,1950,7501
4657,crater,258.500,12.4967,7.4786,5.0181,8.9334,0.4864,3.2727,1.9702,0.2621,2.8713,388123,320600,2367,0,9228,14,0,4.0871,0.4071,0.0913,540.2,1950,7501
4658,crater,258.500,11.0646,7.6353,3.4293,8.9037,0.4936,3.6116,1.5677,0.2621,2.8948,390682,318041,2559,0,9228,14,0,4.0378,0.6165,0.1369,540.2,1950,7501
4659,crater,258.500,10.9696,8.1586,2.8110,8.1183,0.5120,2.8723,1.5739,0.2662,2.8211,393497,315226,2815,0,9228,14,0,4.0709,0.4534,0.0919,540.2,1950,7501
4660,crater,258.500,11.1432,8.5615,2.5817,8.7071,1.2442,2.8273,1.5800,0.2673,2.7167,397912,310811,4415,0,9228,14,0,4.0560,1.7385,0.0989,540.2,1950,7501
4661,crater,258.500,10.4445,7.4340,3.0105,8.3210,0.8008,2.8334,1.5831,0.2580,2.7730,400087,308636,2175,0,9228,14,0,4.0800,0.4365,0.0951,540.2,1950,7501
4662,crater,258.500,12.5841,7.2437,5.3404,7.9636,0.5263,2.8355,1.5616,0.2652,2.7044,402646,306077,2559,0,9228,14,0,4.0131,0.4261,0.0884,540.2,1950,7501
4663,crater,258.500,10.3407,7.2764,3.0643,7.9790,0.5243,2.8314,1.5647,0.2652,2.7208,405333,303390,2687,0,9228,14,0,4.0539,0.4467,0.0907,540.2,1950,7501
4664,crater,258.500,10.4865,7.4471,3.0394,8.7357,0.5356,3.5727,1.5821,0.2621,2.7105,408276,300447,2943,0,9228,14,0,4.0732,0.5129,0.0900,540.2,1950,7501
4665,crater,258.500,10.1333,10.1003,0.0330,9.0757,1.2657,3.2061,1.5852,0.2642,2.6808,412435,296288,4159,0,9228,14,0,4.0969,2.5456,0.1283,540.2,1950,7501
4666,crater,258.500,11.6603,7.9645,3.6958,8.3732,0.3820,2.8303,1.5944,0.2642,3.2317,414162,294561,1727,0,9228,14,0,4.0611,0.3668,0.0977,540.2,1950,7501
4667,crater,258.500,12.9334,8.0992,4.8342,8.0732,0.5888,2.8344,1.5718,0.2673,2.7392,415825,292898,1663,0,9228,14,0,4.0939,0.3988,0.1018,540.2,1950,7501
4668,crater,258.500,10.6568,7.9704,2.6864,8.3487,0.5243,2.8303,1.9180,0.2621,2.7392,418448,290275,2623,0,9228,14,0,4.0879,0.4144,0.0877,540.2,1950,7501
4669,crater,258.500,10.3993,6.7648,3.6345,7.9739,0.5386,2.8303,1.5657,0.2652,2.7013,421263,287460,2815,0,9228,14,0,4.0400,0.4109,0.0837,540.2,1950,7501
4670,crater,258.500,10.7208,8.7523,1.9685,8.5340,1.0363,2.8293,1.5729,0.2683,2.7474,424078,284645,2815,0,9228,14,0,4.0407,1.5954,0.0975,540.2,1950,7501
4671,crater,258.500,10.7620,7.4037,3.3583,8.1879,0.7721,2.8303,1.5708,0.2642,2.6767,427661,281062,3583,0,9228,14,0,4.0820,0.4943,0.0891,540.2,1950,7501
4672,crater,258.500,12.5295,7.6318,4.8977,8.0046,0.5386,2.8293,1.5647,0.2632,2.7361,430220,278503,2559,0,9228,14,0,4.0965,0.4040,0.0873,540.2,1950,7501
4673,crater,258.500,10.2419,7.1104,3.1315,7.8623,0.4239,2.8293,1.5903,0.2611,2.6860,432267,276456,2047,0,9228,14,0,4.0573,0.3940,0.1042,540.2,1950,7501
4674,crater,258.500,10.5986,7.3933,3.2053,8.4255,0.5407,2.8334,1.5974,0.2601,2.7709,435018,273705,2751,0,9228,14,0,4.0622,0.3954,0.0775,540.2,1950,7501
4675,crater,258.500,10.1210,7.9795,2.1415,8.3538,0.8919,2.8303,1.5688,0.2632,2.7259,438281,270442,3263,0,9228,14,0,4.0365,0.9339,0.1208,540.2,1950,7501
4676,crater,258.500,11.0339,8.4659,2.5680,9.2611,1.0895,3.5113,1.5688,0.2621,2.7576,442056,266667,3775,0,9228,14,0,4.0882,1.5193,0.1253,540.2,1950,7501
4677,crater,258.500,11.0188,7.1629,3.8559,7.9667,0.5325,2.8303,1.5729,0.2621,2.6982,444551,264172,2495,0,9228,14,0,4.0194,0.3816,0.0787,540.2,1950,7501
4678,crater,258.500,12.3881,7.5488,4.8393,7.9985,0.5110,2.8283,1.5708,0.2621,2.7515,447046,261677,2495,0,9228,14,0,4.0443,0.4386,0.0897,540.2,1950,7501
4679,crater,258.500,10.3411,7.3389,3.0022,8.9549,0.5007,3.5103,1.8268,0.2642,2.7791,449605,259118,2559,0,9228,14,0,4.0780,0.4752,0.0905,540.2,1950,7501
4680,crater,258.500,10.8033,7.4444,3.3589,8.0609,0.6042,2.8273,1.5749,0.2652,2.7167,452868,255855,3263,0,9228,14,0,4.0088,0.4479,0.0948,540.2,1950,7501
4681,crater,258.500,11.0274,9.0555,1.9719,8.6395,1.1919,2.8334,1.5729,0.2611,2.7064,456643,252080,3775,0,9228,14,0,4.0613,1.6961,0.0946,540.2,1950,7501
4682,crater,258.500,10.4599,7.4871,2.9728,8.5893,0.5263,2.8324,1.8545,0.6144,2.6900,459074,249649,2431,0,9228,14,0,4.0320,0.4843,0.0949,540.2,1950,7501
4683,crater,258.500,12.6132,7.0729,5.5403,7.9913,0.5366,2.8324,1.5790,0.2642,2.7064,461697,247026,2623,0,9228,14,0,4.1037,0.4016,0.0814,540.2,1950,7501
4684,crater,258.500,10.0227,7.5280,2.4947,7.9493,0.5038,2.8293,1.5759,0.2662,2.6993,464256,244467,2559,0,9228,14,0,4.0950,0.4632,0.0922,540.2,1950,7501
4685,crater,258.500,10.3049,7.3194,2.9855,9.1064,0.4997,3.1160,2.1821,0.4772,2.7587,466943,241780,2687,0,9228,14,0,4.1154,0.5618,0.1370,540.2,1950,7501
4686,crater,258.500,10.5922,7.9860,2.6062,8.7931,1.3240,2.8170,1.5739,0.2632,2.7412,471614,237109,4671,0,9228,14,0,4.0194,1.5464,0.1026,540.2,1950,7501
4687,crater,258.500,11.5689,6.9458,4.6231,7.9729,0.5396,2.8160,1.5882,0.2652,2.6921,474045,234678,2431,0,9228,14,0,4.0838,0.5058,0.0889,540.2,1950,7501
4688,crater,258.500,12.0221,7.2878,4.7343,8.6815,0.5304,3.1212,1.9651,0.2652,2.7259,476540,232183,2495,0,9228,14,0,4.0648,0.4834,0.1528,540.2,1950,7501
4689,crater,258.500,10.2760,7.7325,2.5435,7.9892,0.5396,2.8160,1.5800,0.2621,2.7187,479227,229496,2687,0,9228,14,0,4.0394,0.4108,0.0785,540.2,1950,7501
4690,crater,258.500,10.7269,7.9273,2.7996,7.8725,0.3983,2.8160,1.5831,0.2662,2.7372,481210,227513,1983,0,9228,14,0,4.0206,0.4207,0.0906,540.2,1950,7501
4691,crater,258.500,10.6541,8.1532,2.5009,9.3430,1.0209,3.0628,1.9282,0.4751,2.7822,484729,223994,3519,0,9228,14,0,4.0502,1.3572,0.1124,540.2,1950,7501
4692,crater,258.500,9.9220,8.4741,1.4479,8.5094,1.0158,2.8170,1.5800,0.2662,2.7587,488632,220091,3903,0,9228,14,0,4.0397,1.1137,0.0968,540.2,1950,7501
4693,crater,258.500,12.1221,7.3586,4.7635,7.8817,0.4649,2.8150,1.5718,0.2642,2.6921,490743,217980,2111,0,9228,14,0,4.1203,0.4841,0.1078,540.2,1950,7501
4694,crater,258.500,11.5825,6.8600,4.7225,9.6973,0.5335,2.8252,2.0787,0.2642,3.9209,493302,215421,2559,0,9228,14,0,4.0958,0.4461,0.0872,540.2,1950,7501
4695,crater,258.500,9.9978,7.5114,2.4864,8.0466,0.5304,2.8150,1.5903,0.2662,2.7720,495989,212734,2687,0,9228,14,0,4.0441,0.5028,0.0884,540.2,1950,7501
4696,crater,258.500,11.9387,7.7689,4.1698,7.9831,0.4690,2.8283,1.5892,0.2611,2.7617,498420,210303,2431,0,9228,14,0,4.0718,0.4835,0.0947,540.2,1950,7501
4697,crater,258.500,10.3187,8.8635,1.4552,9.6266,1.2892,2.8150,1.8207,0.2632,3.3567,503091,205632,4671,0,9228,14,0,4.0567,1.6053,0.5376,540.2,1950,7501
4698,crater,258.500,10.3807,7.8724,2.5083,8.0138,0.5908,2.8180,1.5677,0.2611,2.7034,505778,202945,2687,0,9228,14,0,4.0491,0.4726,0.4556,540.2,1950,7501
4699,crater,258.500,13.0627,7.6933,5.3694,7.9370,0.4792,2.8160,1.5770,0.2642,2.7279,508017,200706,2239,0,9228,14,0,4.0238,0.5439,0.4857,540.2,1950,7501
4700,crater,258.500,10.1156,8.1263,1.9893,8.9006,0.5345,2.8221,1.5708,0.2652,3.6342,510640,198083,2623,0,9228,14,0,4.0066,0.4170,0.5675,540.2,1950,7501
4701,crater,258.500,10.3880,7.8957,2.4923,7.9903,0.5396,2.8150,1.5739,0.2642,2.7177,513391,195332,2751,0,9228,14,0,4.0616,0.4338,0.4594,540.2,1950,7501
4702,crater,258.500,11.0885,7.9298,3.1587,7.9780,0.5806,2.8160,1.5657,0.2642,2.6757,516462,192261,3071,0,9228,14,0,4.0448,0.6050,0.4410,540.2,1950,7501
4703,crater,258.500,10.7788,9.3529,1.4259,10.1263,1.2503,2.8160,1.5913,0.4813,3.9127,520749,187974,4287,0,9228,14,0,4.0671,1.4427,0.3340,540.2,1950,7501
4704,crater,258.500,10.0300,7.4776,2.5524,7.9473,0.5509,2.8140,1.5555,0.2550,2.6972,523244,185479,2495,0,9228,14,0,4.0222,0.4142,0.3234,540.2,1950,7501
4705,crater,258.500,13.5016,8.0397,5.4619,7.8797,0.4393,2.8170,1.5811,0.2621,2.7075,525291,183432,2047,0,9228,14,0,4.0410,0.8262,0.4343,540.2,1950,7501
4706,crater,258.500,10.2041,8.2108,1.9933,9.0378,0.5376,2.8170,1.6005,0.2652,3.7427,527978,180745,2687,0,9228,14,0,4.0489,0.4318,0.3448,540.2,1950,7501
4707,crater,258.500,10.1181,7.5877,2.5304,8.0435,0.5550,2.8170,1.5790,0.2632,2.7546,530857,177866,2879,0,9228,14,0,4.0774,0.4431,0.3248,540.2,1950,7501
4708,crater,258.500,11.6151,9.1223,2.4928,8.5750,1.1203,2.8221,1.5852,0.2632,2.7095,534568,174155,3711,0,9228,14,0,4.0262,1.5375,0.1695,540.2,1950,7501
4709,crater,258.500,10.3318,7.2400,3.0918,9.2948,0.7700,2.8242,1.8258,0.4905,3.3126,538087,170636,3519,0,9228,14,0,4.0271,0.4988,0.1388,540.2,1950,7501
4710,crater,258.500,11.8206,7.5551,4.2655,8.0097,0.5181,2.8140,1.5903,0.2621,2.7494,540582,168141,2495,0,9228,14,0,4.0332,0.4226,0.1366,540.2,1950,7501
4711,crater,258.500,11.8765,7.8210,4.0555,7.9329,0.4925,2.8180,1.5647,0.2642,2.7197,543013,165710,2431,0,9228,14,0,4.0533,0.5227,0.1490,540.2,1950,7501
4712,crater,258.500,10.0498,7.5334,2.5164,7.8623,0.4506,2.8150,1.5667,0.2673,2.6880,545316,163407,2303,0,9228,14,0,4.0997,0.4815,0.1592,540.2,1950,7501
4713,crater,258.500,10.5694,7.4314,3.1380,8.5146,1.0803,2.8150,1.5575,0.2632,2.7249,548259,160464,2943,0,9228,14,0,4.0425,0.4535,0.1338,540.2,1950,7501
4714,crater,258.500,10.6257,10.5964,0.0293,8.3466,0.8632,2.8211,1.5892,0.2632,2.7382,552162,156561,3903,0,9228,14,0,4.0153,0.9126,0.1052,540.2,1950,7501
4715,crater,258.500,10.9991,7.3686,3.6305,8.5443,0.4813,2.8160,1.5770,0.2621,3.3352,554401,154322,2239,0,9228,14,0,4.0113,0.5033,0.1129,540.2,1950,7501
4716,crater,258.500,10.9525,7.2678,3.6847,7.8643,0.5284,2.8180,1.6046,0.2662,2.5743,556960,151763,2559,0,9228,14,0,4.0631,0.4260,0.0782,540.2,1950,7501
4717,crater,258.500,11.3663,7.6095,3.7568,7.7947,0.4772,2.8191,1.5759,0.2662,2.5815,559327,149396,2367,0,9228,14,0,4.1171,0.6458,0.1499,540.2,1950,7501
4718,crater,258.500,10.3808,7.1809,3.1999,7.7425,0.4874,2.8170,1.5770,0.2662,2.5201,561886,146837,2559,0,9228,14,0,4.0385,0.5321,0.1165,540.2,1950,7501
4719,crater,258.500,10.0275,7.5350,2.4925,7.7527,0.5356,2.8180,1.5636,0.2632,2.4924,564893,143830,3007,0,9228,14,0,4.0745,0.5393,0.0927,540.2,1950,7501
4720,crater,258.500,10.2641,7.5855,2.6786,8.1388,0.8581,2.8283,1.5647,0.2652,2.5487,569052,139671,4159,0,9228,14,0,4.0785,0.5981,0.0939,540.2,1950,7501
4721,crater,258.500,10.4122,7.8491,2.5631,7.7640,0.5263,2.8150,1.5616,0.2632,2.5242,571547,137176,2495,0,9228,14,0,4.0579,0.4354,0.1049,540.2,1950,7501
4722,crater,258.500,10.4626,7.4030,3.0596,8.1562,0.5059,3.2451,1.5616,0.2632,2.5057,574042,134681,2495,0,9228,14,0,4.0270,0.4720,0.0881,540.2,1950,7501
4723,crater,258.500,10.1761,7.5292,2.6469,7.8295,0.5181,2.8180,1.5913,0.2642,2.5641,576729,131994,2687,0,9228,14,0,4.0410,0.4455,0.0858,540.2,1950,7501
4724,crater,258.500,11.0290,7.4917,3.5373,7.7824,0.5120,2.8191,1.5708,0.2621,2.5457,579480,129243,2751,0,9228,14,0,4.0328,0.4894,0.0877,540.2,1950,7501
4725,crater,258.500,10.0003,7.5405,2.4598,8.7398,0.7434,3.1304,1.9620,0.2662,2.5651,583383,125340,3903,0,9228,14,0,4.0350,0.6722,0.0909,540.2,1950,7501
4726,crater,258.500,10.1040,7.4679,2.6361,7.8582,0.6380,2.8242,1.5677,0.2734,2.4801,586390,122333,3007,0,9228,14,0,4.0574,0.4742,0.0851,540.2,1950,7501
4727,crater,258.500,11.4612,7.4106,4.0506,7.7046,0.4639,2.8160,1.5698,0.2652,2.5108,588629,120094,2239,0,9228,14,0,4.0551,0.4839,0.0887,540.2,1950,7501
4728,crater,258.500,10.1932,7.1238,3.0694,8.6518,0.5202,2.8170,1.5882,0.2621,3.3915,591252,117471,2623,0,9228,14,0,4.0283,0.4567,0.0853,540.2,1950,7501
4729,crater,258.500,10.1858,7.1821,3.0037,7.7568,0.4618,2.8180,1.5790,0.2652,2.5610,593619,115104,2367,0,9228,14,0,4.0537,0.4293,0.0827,540.2,1950,7501
4730,crater,258.500,10.7195,7.4029,3.3166,7.7302,0.3973,2.8201,1.5647,0.2673,2.6051,595730,112993,2111,0,9228,14,0,4.0680,0.5380,0.0969,540.2,1950,7501
4731,crater,258.500,10.2020,7.6093,2.5927,8.4941,0.7619,2.8201,1.5677,0.2642,3.0075,599761,108962,4031,0,9228,14,0,4.0286,0.6361,0.0908,540.2,1950,7501
4732,crater,258.500,9.9353,7.4028,2.5325,7.9606,0.6400,2.8170,1.5933,0.2642,2.5733,602768,105955,3007,0,9228,14,0,4.0299,0.4883,0.0862,540.2,1950,7501
4733,crater,258.500,11.6451,7.4671,4.1780,7.7466,0.5059,2.8150,1.5800,0.2642,2.5078,605199,103524,2431,0,9228,14,0,4.0349,0.7316,0.1573,540.2,1950,7501
4734,crater,258.500,10.6542,7.0198,3.6344,7.7425,0.5192,2.8160,1.5708,0.2642,2.4975,607822,100901,2623,0,9228,14,0,4.0751,0.4572,0.1428,540.2,1950,7501
4735,crater,258.500,10.0760,6.9965,3.0795,8.1336,0.8643,2.8221,1.5565,0.2642,2.5487,610573,98150,2751,0,9228,14,0,4.0689,0.4757,0.0876,540.2,1950,7501
4736,crater,258.500,10.6252,7.9978,2.6274,7.8203,0.5325,2.8180,1.5780,0.2621,2.5549,613580,95143,3007,0,9228,14,0,4.1163,0.7309,0.1354,540.2,1950,7501
4737,crater,258.500,10.3308,7.8162,2.5146,8.1224,0.8499,2.8180,1.5831,0.2652,2.5324,617867,90856,4287,0,9228,14,0,4.0946,0.7244,0.0931,540.2,1950,7501
4738,crater,258.500,10.4557,7.7401,2.7156,8.0538,0.5202,3.0996,1.5831,0.2591,2.5170,620362,88361,2495,0,9228,14,0,4.0254,0.4679,0.0908,540.2,1950,7501
4739,crater,258.500,10.2970,8.2567,2.0403,7.7486,0.5130,2.8150,1.5770,0.2652,2.5057,622921,85802,2559,0,9228,14,0,4.0295,0.4735,0.0856,540.2,1950,7501
4740,crater,258.500,10.9097,7.3531,3.5566,7.7793,0.4762,2.8180,1.5811,0.2683,2.5620,625352,83371,2431,0,9228,14,0,4.0082,0.5135,0.0906,540.2,1950,7501
4741,crater,258.500,9.9698,7.3434,2.6264,8.4603,0.4987,3.5246,1.5585,0.2662,2.5385,628039,80684,2687,0,9228,14,0,4.0798,0.5322,0.0913,540.2,1950,7501
4742,crater,258.500,10.7156,7.3227,3.3929,7.7619,0.5427,2.8201,1.5954,0.2621,2.4668,631174,77549,3135,0,9228,14,0,4.0085,0.5081,0.0835,540.2,1950,7501
4743,crater,258.500,10.6119,7.5380,3.0739,8.1316,0.8264,2.8180,1.5800,0.2642,2.5702,635205,73518,4031,0,9228,14,0,4.0749,0.6619,0.0907,540.2,1950,7501
4744,crater,258.500,10.0134,7.4723,2.5411,8.6508,0.5089,2.8262,1.8125,0.2621,3.1662,637636,71087,2431,0,9228,14,0,4.0210,0.5516,0.1014,540.2,1950,7501
4745,crater,258.500,10.8248,7.2848,3.5400,7.7814,0.5018,2.8180,1.5872,0.2683,2.5231,640131,68592,2495,0,9228,14,0,4.0198,0.5307,0.1010,540.2,1950,7501
4746,crater,258.500,10.5599,7.5797,2.9802,7.7240,0.4649,2.8170,1.5749,0.2652,2.5262,642498,66225,2367,0,9228,14,0,4.0105,0.5394,0.0969,540.2,1950,7501
4747,crater,258.500,10.4653,8.4963,1.9690,9.1955,0.5151,2.8201,1.6087,0.2632,3.9148,645249,63474,2751,0,9228,14,0,4.0472,0.4798,0.0849,540.2,1950,7501
4748,crater,258.500,9.8054,7.3044,2.5010,7.8561,0.5407,2.8150,1.5718,0.2601,2.5928,648384,60339,3135,0,9228,14,0,4.0214,0.5025,0.0798,540.2,1950,7501
4749,crater,258.500,11.6740,8.1452,3.5288,7.9718,0.6380,2.8191,1.6097,0.2621,2.5692,651455,57268,3071,0,9228,14,0,4.0720,0.7703,0.6591,540.2,1950,7501
4750,crater,258.500,9.7605,9.7224,0.0381,8.1162,0.5571,2.8232,1.5780,0.2642,2.8191,654142,54581,2687,0,9228,14,0,4.0844,0.4880,1.6093,540.2,1950,7501
4751,crater,258.500,11.0358,9.1002,1.9356,7.7148,0.5212,2.8180,1.5729,0.2642,2.4637,656701,52022,2559,0,9228,14,0,4.0606,0.4632,2.2962,540.2,1950,7501
4752,crater,258.500,11.0473,11.0092,0.0381,7.6636,0.4403,2.8017,1.6015,0.2642,2.4893,658940,49783,2239,0,9228,14,0,4.0809,0.7829,2.8984,540.2,1950,7501
4753,crater,258.500,11.1603,11.1388,0.0215,7.6882,0.5274,2.8006,1.5667,0.2632,2.4689,661691,47032,2751,0,9228,14,0,4.1052,0.4769,3.4913,540.2,1950,7501
4754,crater,258.500,12.3151,12.2935,0.0216,7.7076,0.5243,2.8027,1.5749,0.2662,2.4658,664570,44153,2879,0,9228,14,0,4.0433,0.4995,4.3163,540.2,1950,7501
4756,crater,258.500,12.2836,12.2623,0.0213,7.8715,0.6339,2.8047,1.5831,0.2611,2.5283,671032,37691,3007,0,9228,14,0,4.1112,0.5923,4.4950,540.2,1950,7501
4757,crater,258.500,13.2208,13.1982,0.0226,8.4244,0.5120,3.4765,1.5841,0.2621,2.5283,673527,35196,2495,0,9228,14,0,4.0730,0.5285,4.3049,540.2,1950,7501
4758,crater,258.500,12.4085,12.3813,0.0272,7.6370,0.4977,2.8006,1.5555,0.2693,2.4535,676022,32701,2495,0,9228,14,0,4.0874,0.5206,4.2388,540.2,1950,7501
4759,crater,258.500,11.6957,11.6584,0.0373,8.6006,0.4895,2.7996,1.5667,0.2642,3.4212,678581,30142,2559,0,9228,14,0,4.0726,0.5570,3.8281,540.2,1950,7501
4760,crater,258.500,12.0380,12.0177,0.0203,8.0855,0.5181,3.1212,1.5944,0.2642,2.5221,681332,27391,2751,0,9228,14,0,4.0089,0.5573,4.1621,540.2,1950,7501
4761,crater,258.500,11.4882,11.4637,0.0245,8.6579,1.0476,3.2225,1.5729,0.2714,2.4822,684659,24064,3327,0,9228,14,0,4.0373,0.5795,3.3719,540.2,1950,7501
4762,crater,258.500,11.0607,11.0384,0.0223,8.3118,0.8806,2.7996,1.5626,0.2652,2.7402,688882,19841,4223,0,9228,14,0,4.0459,0.6955,2.9536,540.2,1950,7501
4763,crater,258.500,9.8930,9.8724,0.0206,7.9350,0.5263,2.8068,1.8125,0.2642,2.4627,691377,17346,2495,0,9228,14,0,4.0672,0.5112,2.7244,540.2,1950,7501
4764,crater,258.500,9.1452,9.1281,0.0171,8.1254,0.5038,3.1969,1.5964,0.2642,2.5047,693808,14915,2431,0,9228,14,0,4.0591,0.5578,2.1252,540.2,1950,7501
4765,crater,258.500,9.9586,9.9383,0.0203,7.6718,0.5130,2.8017,1.5677,0.2632,2.4596,696367,12356,2559,0,9228,14,0,4.0958,0.6088,1.8183,540.2,1950,7501
4766,crater,258.500,8.4781,8.4581,0.0200,7.6964,0.5202,2.8006,1.5749,0.2611,2.4760,699054,9669,2687,0,9228,14,0,4.0129,0.5064,1.3714,540.2,1950,7501
4767,crater,258.500,9.3519,9.3314,0.0205,8.8177,0.3338,3.1048,1.5657,0.2662,3.4836,700717,8006,1663,0,9228,14,0,4.0990,0.6114,1.6582,540.2,1950,7501
4768,crater,258.500,8.4193,8.3953,0.0240,7.6841,0.4710,2.8027,1.5770,0.2601,2.5098,703212,5511,2495,0,9228,14,0,4.0671,0.6314,0.9585,540.2,1950,7501
4769,crater,258.500,7.7913,7.7682,0.0231,8.5801,0.4424,3.4877,1.8616,0.2611,2.4648,705579,3144,2367,0,9228,14,0,4.0097,0.5521,0.5398,540.2,1950,7501
4770,crater,258.500,11.4425,6.8073,4.6352,7.7507,0.5386,2.7996,1.5923,0.2632,2.4955,708723,0,3144,0,9228,14,0,3.6526,0.5342,0.0828,540.2,1950,7501
4771,crater,258.500,10.2358,2.9568,7.2790,7.2079,0.0020,2.8037,1.5954,0.2652,2.4822,708723,0,0,0,9228,14,0,0.0077,0.0006,0.0761,540.2,1950,7501
4772,crater,258.500,9.8912,2.9206,6.9706,8.3067,0.0020,2.8006,1.5596,0.2673,3.6157,708723,0,0,0,9228,14,0,0.0079,0.0008,0.0768,540.2,1950,7501
4773,crater,258.500,9.2983,2.5463,6.7520,7.1598,0.0010,2.7976,1.5729,0.2642,2.4617,708723,0,0,0,9228,14,0,0.0071,0.0005,0.0716,540.2,1950,7501
4774,crater,258.500,10.4878,3.6169,6.8709,7.1803,0.0020,2.7996,1.5780,0.2652,2.4740,708723,0,0,0,9228,14,0,0.0078,0.0005,0.0767,540.2,1950,7501
4775,crater,258.500,9.4437,3.0061,6.4376,7.2038,0.0010,2.7996,1.5749,0.2642,2.5027,708723,0,0,0,9228,14,0,0.0073,0.0004,0.0705,540.2,1950,7501
4776,crater,258.500,8.6730,2.9961,5.6769,7.8264,0.0010,3.0792,1.9313,0.2632,2.4904,708723,0,0,0,9228,14,0,0.0075,0.0006,0.0685,540.2,1950,7501
4777,crater,258.500,9.5363,2.6901,6.8462,7.1404,0.0020,2.7986,1.5800,0.2611,2.4381,708723,0,0,0,9228,14,0,0.0069,0.0004,0.0660,540.2,1950,7501
4778,crater,258.500,9.6048,3.2073,6.3975,7.1864,0.0010,2.8058,1.5636,0.2642,2.4924,708723,0,0,0,9228,14,0,0.0088,0.0005,0.0939,540.2,1950,7501
4779,crater,258.500,9.5094,2.5467,6.9627,8.0169,0.0010,2.8017,1.5944,0.2662,3.2942,708723,0,0,0,9228,14,0,0.0071,0.0005,0.0624,540.2,1950,7501
4780,crater,258.500,8.9141,2.6043,6.3098,7.2079,0.0010,2.8078,1.5923,0.2632,2.4801,708723,0,0,0,9228,14,0,0.0067,0.0004,0.0648,540.2,1950,7501
4781,crater,258.500,9.8756,3.0016,6.8740,7.1916,0.0010,2.8088,1.5872,0.2673,2.4678,708723,0,0,0,9228,14,0,0.0070,0.0006,0.0629,540.2,1950,7501
4782,crater,258.500,9.5669,2.3143,7.2526,7.1342,0.0010,2.7996,1.5688,0.2611,2.4443,708723,0,0,0,9228,14,0,0.0067,0.0005,0.0665,540.2,1950,7501
4783,crater,258.500,8.9062,3.0990,5.8072,8.1213,0.0010,3.1293,2.1740,0.2683,2.4863,708723,0,0,0,9228,14,0,0.0081,0.0005,0.0848,540.2,1950,7501
4784,crater,258.500,9.4271,2.9143,6.5128,7.2100,0.0010,2.8017,1.5800,0.2662,2.4996,708723,0,0,0,9228,14,0,0.0073,0.0005,0.0669,540.2,1950,7501
4785,crater,258.500,9.8976,3.0878,6.8098,7.1987,0.0020,2.8037,1.5800,0.2652,2.4863,708723,0,0,0,9228,14,0,0.0070,0.0005,0.0705,540.2,1950,7501
4786,crater,258.500,9.6113,2.7137,6.8976,7.7066,0.0010,2.7996,1.5759,0.2642,3.0065,708723,0,0,0,9228,14,0,0.0071,0.0012,0.0661,540.2,1950,7501
4787,crater,258.500,9.1543,2.9664,6.1879,7.1588,0.0020,2.8027,1.5616,0.2611,2.4709,708723,0,0,0,9228,14,0,0.0070,0.0005,0.0624,540.2,1950,7501
4789,crater,258.500,8.9319,2.6775,6.2544,7.1823,0.0010,2.8017,1.5862,0.2621,2.4699,708723,0,0,0,9228,14,0,0.0072,0.0006,0.0642,540.2,1950,7501
4790,resize,108.500,212.2842,212.2819,0.0023,13.9991,0.0010,10.3066,1.8309,0.2499,1.5432,708723,0,0,0,9228,14,0,0.0203,0.0013,0.1646,544.7,1950,7501
4791,resize,108.500,12.3271,12.2811,0.0460,14.5613,0.0010,11.1217,1.8125,0.2468,1.3148,708723,0,0,0,9228,14,0,0.0101,0.0010,0.0871,544.7,1950,7501
4792,resize,108.500,12.7759,12.7592,0.0167,14.5152,0.2867,10.3762,1.8330,0.2478,1.7080,703587,22323,63,5199,9228,14,0,4.0760,1.0088,0.0903,544.7,1950,7501
4793,resize,108.500,14.3702,12.4003,1.9699,18.2252,2.1740,10.8524,1.3517,0.2488,3.5328,700776,28951,1855,4666,9228,14,0,4.0258,4.8041,0.0965,544.7,1950,7501
4794,resize,108.500,16.5408,11.1934,5.3474,18.2077,1.4438,11.2241,1.6701,0.2458,3.5564,701912,38744,2879,1743,9228,14,0,4.0167,3.2150,0.9991,544.7,1950,7501
4795,resize,108.500,23.4034,11.4469,11.9565,17.3834,1.4387,10.8421,1.3036,0.2499,3.4816,707543,33113,5631,0,9228,14,0,4.0322,2.0352,1.0261,544.7,1950,7501
4796,resize,108.500,21.7397,9.8985,11.8412,18.2917,1.1643,11.9521,1.2974,0.2468,3.5635,713174,27482,5631,0,9228,14,0,4.0344,0.8322,1.0180,544.7,1950,7501
4797,resize,108.500,20.6880,8.6760,12.0120,18.0142,0.8735,10.8892,1.3015,0.2478,4.6336,717333,23323,4159,0,9228,14,0,4.0111,0.7375,0.9772,544.7,1950,7501
4798,resize,108.500,20.5293,9.5209,11.0084,16.7424,0.7291,10.8769,1.2974,0.2468,3.5256,720788,19868,3455,0,9228,14,0,4.0306,0.6264,1.8125,544.7,1950,7501
4799,resize,108.500,20.3708,10.4865,9.8843,18.0285,0.9595,12.0248,1.2943,0.2478,3.4355,725395,15261,4607,0,9228,14,0,4.0243,0.7445,2.0098,544.7,1950,7501
4800,resize,108.500,19.4135,9.8265,9.5870,16.6390,0.7117,10.8687,1.2954,0.2437,3.4540,728786,11870,3391,0,9228,14,0,4.0448,0.5554,1.7190,544.7,1950,7501
4801,resize,108.500,20.7201,10.3658,10.3543,17.4705,0.5888,11.6326,1.3169,0.2478,3.6188,731537,9119,2751,0,9228,14,0,4.0901,0.6465,1.5999,544.7,1950,7501
4802,resize,108.500,19.2071,8.8959,10.3112,16.7619,0.7649,10.8943,1.3076,0.2488,3.4806,735184,5472,3647,0,9228,14,0,4.0306,0.7828,1.0197,544.7,1950,7501
4803,resize,108.500,19.6471,8.9092,10.7379,16.5847,0.5253,10.9015,1.2954,0.2519,3.5451,737615,3041,2431,0,9228,14,0,4.1314,0.6199,0.5756,544.7,1950,7501
4804,resize,108.500,19.4166,8.1518,11.2648,17.1039,0.5110,11.5948,1.3056,0.2488,3.3782,740046,610,2431,0,9228,14,0,4.0694,0.5480,0.2542,544.7,1950,7501
4805,resize,108.500,19.0356,4.5521,14.4835,16.4598,0.1577,11.2015,1.2984,0.2468,3.4888,740656,0,610,0,9228,14,0,1.0306,0.3421,0.0886,544.7,1950,7501
4806,resize,108.500,20.0761,3.4671,16.6090,16.8090,0.0010,11.6756,1.3128,0.2509,3.5021,740656,0,0,0,9228,14,0,0.0085,0.0005,0.0817,544.7,1950,7501
4810,grid_0.3,108.500,3.4292,3.4097,0.0195,0.8161,0.0020,0.4178,0.2499,0.0307,0.0922,0,0,0,0,0,0,0,0.0070,0.0010,0.0915,544.7,1950,7501
4811,grid_0.3,108.500,3.9290,3.9070,0.0220,0.8028,0.0010,0.4086,0.2458,0.0307,0.0922,0,0,0,0,0,0,0,0.0073,0.0007,0.0952,544.7,1950,7501
4812,grid_0.3,108.500,3.4118,3.3899,0.0219,0.7997,0.0010,0.4086,0.2458,0.0307,0.0891,0,0,0,0,0,0,0,0.0068,0.0005,0.0626,544.7,1950,7501
4813,grid_0.3,108.500,4.0015,3.9785,0.0230,0.8038,0.0010,0.4086,0.2468,0.0307,0.0922,0,0,0,0,0,0,0,0.0083,0.0004,0.0727,544.7,1950,7501
4814,grid_0.3,108.500,5.0263,4.9994,0.0269,0.8028,0.0010,0.4086,0.2468,0.0297,0.0922,0,0,0,0,0,0,0,0.0100,0.0011,0.1258,544.7,1950,7501
4815,grid_0.3,108.500,3.7269,3.7066,0.0203,0.7997,0.0010,0.4086,0.2437,0.0297,0.0922,0,0,0,0,0,0,0,0.0072,0.0003,0.0746,544.7,1950,7501
4816,grid_0.3,108.500,3.6983,3.6762,0.0221,0.8008,0.0010,0.4086,0.2458,0.0307,0.0901,0,0,0,0,0,0,0,0.0092,0.0008,0.0819,544.7,1950,7501
4817,grid_0.3,108.500,3.9589,3.9357,0.0232,0.8028,0.0010,0.4096,0.2458,0.0307,0.0911,0,0,0,0,0,0,0,0.0076,0.0005,0.0788,544.7,1950,7501
4818,grid_0.3,108.500,4.8085,4.7788,0.0297,0.8008,0.0010,0.4086,0.2447,0.0297,0.0932,0,0,0,0,0,0,0,0.0077,0.0005,0.0818,544.7,1950,7501
4819,grid_0.3,108.500,3.3968,3.3784,0.0184,0.7997,0.0010,0.4086,0.2447,0.0297,0.0911,0,0,0,0,0,0,0,0.0073,0.0010,0.0780,544.7,1950,7501
4820,grid_0.3,108.500,3.7671,3.7411,0.0260,0.7997,0.0010,0.4086,0.2458,0.0297,0.0901,0,0,0,0,0,0,0,0.0074,0.0004,0.0722,544.7,1950,7501
4821,grid_0.3,108.500,4.1208,4.0992,0.0216,0.8038,0.0010,0.4086,0.2468,0.0307,0.0922,0,0,0,0,0,0,0,0.0087,0.0006,0.0909,544.7,1950,7501
4822,grid_0.3,108.500,4.8564,4.8312,0.0252,0.8038,0.0010,0.4086,0.2478,0.0297,0.0922,0,0,0,0,0,0,0,0.0082,0.0007,0.0802,544.7,1950,7501
4823,grid_0.3,108.500,4.4555,4.4276,0.0279,0.8008,0.0010,0.4086,0.2447,0.0297,0.0932,0,0,0,0,0,0,0,0.0123,0.0007,0.1222,544.7,1950,7501
4824,grid_0.3,108.500,4.4545,4.4331,0.0214,0.7987,0.0010,0.4086,0.2437,0.0307,0.0901,0,0,0,0,0,0,0,0.0116,0.0008,0.0939,544.7,1950,7501
4825,grid_0.3,108.500,4.6464,4.6196,0.0268,0.8018,0.0010,0.4086,0.2447,0.0307,0.0911,0,0,0,0,0,0,0,0.0093,0.0011,0.1389,544.7,1950,7501
4826,grid_0.3,108.500,3.7274,3.6987,0.0287,0.8018,0.0020,0.4086,0.2447,0.0307,0.0922,0,0,0,0,0,0,0,0.0079,0.0005,0.0756,544.7,1950,7501
4827,grid_0.3,108.500,3.3599,3.3337,0.0262,0.8038,0.0010,0.4096,0.2447,0.0307,0.0932,0,0,0,0,0,0,0,0.0073,0.0005,0.0655,544.7,1950,7501
4828,grid_0.3,108.500,4.0911,4.0697,0.0214,0.7977,0.0010,0.4076,0.2447,0.0307,0.0901,0,0,0,0,0,0,0,0.0073,0.0007,0.0821,544.7,1950,7501
4829,grid_0.3,108.500,8.0088,7.9882,0.0206,0.7926,0.0758,0.3973,0.1659,0.0297,0.0922,63,25281,63,0,0,12,0,4.6635,0.0694,0.1112,544.7,1950,7501
4830,grid_0.3,108.500,7.6430,7.6199,0.0231,3.3085,1.1971,0.8980,0.6502,0.2304,0.2990,4678,33722,4615,0,0,12,0,3.5339,0.6261,0.1605,544.7,1950,7501
4831,grid_0.3,108.500,7.9137,7.8924,0.0213,3.3731,1.1715,0.9585,0.6554,0.2417,0.3092,9293,52237,4615,0,0,12,0,3.7624,0.6623,0.1532,544.7,1950,7501
4832,grid_0.3,108.500,8.0005,7.9791,0.0214,4.0110,1.5555,1.0906,0.7588,0.2468,0.3205,15367,69203,6074,0,0,12,0,3.8362,0.7384,0.1534,544.7,1950,7501
4833,grid_0.3,108.500,8.5386,8.5165,0.0221,4.7329,2.2600,1.0957,0.7649,0.2437,0.3256,22086,75284,6719,0,0,12,0,4.0193,1.0222,0.1888,544.7,1950,7501
4834,grid_0.3,108.500,7.7748,7.7518,0.0230,3.7612,1.3332,1.0639,0.7414,0.2478,0.3369,27461,90216,5375,0,0,12,0,4.0152,0.5968,0.0983,544.7,1950,7501
4835,grid_0.3,108.500,8.8408,8.8192,0.0216,4.5548,1.8360,1.2165,0.8550,0.2509,0.3574,34948,102697,7487,0,0,12,0,4.0125,1.5493,0.1095,544.7,1950,7501
4836,grid_0.3,108.500,7.6402,7.6182,0.0220,4.3479,1.6036,1.2257,0.8704,0.2499,0.3574,41859,108586,6911,0,0,12,0,4.0130,0.7561,0.2268,544.7,1950,7501
4837,grid_0.3,108.500,9.6068,9.5622,0.0446,4.6090,1.8268,1.2462,0.8735,0.2540,0.3676,48130,125700,6271,0,0,12,0,4.0083,0.7633,0.3016,544.7,1950,7501
4838,grid_0.3,108.500,8.3197,8.2934,0.0263,3.9260,1.1028,1.3076,0.8622,0.2427,0.3707,52609,136325,4479,0,0,12,0,4.0121,0.5673,0.1102,544.7,1950,7501
4839,grid_0.3,108.500,8.0998,8.0772,0.0226,4.1738,1.1817,1.3885,0.9359,0.2447,0.3768,57792,145222,5183,0,0,12,0,4.0446,0.7547,0.1635,544.7,1950,7501
4840,grid_0.3,108.500,7.9985,7.9787,0.0198,4.2865,1.3322,1.3988,0.8950,0.2468,0.3686,63423,164423,5631,0,0,12,0,4.0083,0.6402,0.1559,544.7,1950,7501
4841,grid_0.3,108.500,8.3820,8.3604,0.0216,4.1574,1.1520,1.4090,0.9267,0.2499,0.3738,67262,178067,3839,0,0,12,0,4.0192,0.7149,0.2021,544.7,1950,7501
4842,grid_0.3,108.500,8.0105,7.9891,0.0214,4.0561,1.0486,1.4193,0.9093,0.2427,0.3881,71869,188052,4607,0,0,12,0,4.0107,0.5660,0.1255,544.7,1950,7501
4843,grid_0.3,108.500,8.1839,8.1617,0.0222,4.4687,1.4264,1.4203,0.9452,0.2488,0.3789,77820,206421,5951,0,0,12,0,4.0113,0.9052,0.1386,544.7,1950,7501
4844,grid_0.3,108.500,8.0492,8.0290,0.0202,4.4595,1.4572,1.4090,0.9216,0.2488,0.3748,84155,216811,6335,0,0,12,0,4.0121,0.8427,0.1148,544.7,1950,7501
4845,grid_0.3,108.500,8.6686,8.6472,0.0214,4.8343,1.0025,1.7879,1.1428,0.4680,0.3830,88186,228652,4031,0,0,12,0,4.0081,0.5804,0.1054,544.7,1950,7501
4846,grid_0.3,108.500,8.1562,8.1308,0.0254,4.0909,1.0291,1.4561,0.9226,0.2478,0.3850,92665,242861,4479,0,0,12,0,4.0152,0.6482,0.1068,544.7,1950,7501
4847,grid_0.3,108.500,8.4726,8.4522,0.0204,4.4227,1.3793,1.4572,0.9073,0.2509,0.3768,98936,257914,6271,0,0,12,0,4.0192,0.8645,0.1493,544.7,1950,7501
4848,grid_0.3,108.500,8.0850,8.0634,0.0216,3.3864,0.2693,1.5032,0.9411,0.2499,0.3717,99895,273595,959,0,0,12,0,4.6400,0.2073,0.1226,544.7,1950,7501
4849,grid_0.3,108.500,8.3738,8.3525,0.0213,4.8425,1.3896,1.8678,0.9093,0.2437,0.3779,106294,290748,6399,0,0,12,0,4.0220,0.8290,0.1370,544.7,1950,7501
4850,grid_0.3,108.500,8.1371,8.1156,0.0215,4.1830,1.0598,1.5063,0.9288,0.2509,0.3850,111093,302678,4799,0,0,12,0,4.0194,0.5930,0.0962,544.7,1950,7501
4851,grid_0.3,108.500,8.5467,8.5233,0.0234,3.5297,0.4137,1.5319,0.9052,0.2478,0.3768,112884,318039,1791,0,0,12,0,4.0070,0.2521,0.1326,544.7,1950,7501
4852,grid_0.3,108.500,7.9895,7.9689,0.0206,4.5036,1.3455,1.5421,0.9298,0.2499,0.3820,119219,336280,6335,0,0,12,0,4.0144,0.8142,0.1093,544.7,1950,7501
4853,grid_0.3,108.500,8.6550,8.6345,0.0205,5.0524,1.2861,1.9804,0.9021,0.2519,0.5775,123122,350890,3903,0,0,12,0,4.0142,0.5251,0.0956,544.7,1950,7501
4854,grid_0.3,108.500,7.9248,7.9025,0.0223,4.2875,0.9165,1.5626,0.9247,0.2519,0.5714,127153,361451,4031,0,0,12,0,4.0126,0.5342,0.1273,544.7,1950,7501
4855,grid_0.3,108.500,8.4444,8.4227,0.0217,4.1841,0.8253,1.5596,0.9216,0.2478,0.5704,131184,380716,4031,0,0,12,0,4.0264,0.6521,0.0949,544.7,1950,7501
4856,grid_0.3,108.500,8.1010,8.0807,0.0203,4.2240,0.8561,1.5636,0.9411,0.2458,0.5571,135343,396097,4159,0,0,12,0,4.0116,0.5772,0.1327,544.7,1950,7501
4857,grid_0.3,108.500,8.9856,8.9656,0.0200,4.9818,1.2554,1.9354,0.9185,0.2509,0.5612,140334,405698,4991,0,0,12,0,4.0192,0.6099,0.2582,544.7,1950,7501
4858,grid_0.3,108.500,8.3309,8.3081,0.0228,4.7350,1.2001,1.5596,0.9318,0.2427,0.7404,146349,419395,6015,0,0,12,0,4.0177,0.7017,0.1001,544.7,1950,7501
4859,grid_0.3,108.500,7.9797,7.9578,0.0219,4.5711,1.0527,1.5636,0.9308,0.2447,0.7188,151468,432815,5119,0,0,12,0,4.0228,0.8374,0.1360,544.7,1950,7501
4860,grid_0.3,108.500,7.9764,7.9561,0.0203,4.0571,0.5847,1.5596,0.9021,0.2468,0.7004,154667,448560,3199,0,0,12,0,4.0171,0.4705,0.1264,544.7,1950,7501
4862,grid_0.3,108.500,7.5954,7.5706,0.0248,4.7145,0.9871,1.5606,0.9124,0.2509,0.9411,168233,473393,6719,0,0,12,0,4.0263,0.8507,0.1573,544.7,1950,7501
4863,grid_0.3,108.500,8.7084,8.6902,0.0182,4.1759,0.4813,1.5667,0.9236,0.2427,0.8909,171368,489202,3135,0,0,12,0,4.0201,0.3912,0.1150,544.7,1950,7501
4864,grid_0.3,108.500,8.0685,8.0444,0.0241,4.6182,0.9134,1.5606,0.9288,0.2509,0.8950,177767,506611,6399,0,0,12,0,4.0180,0.8110,0.1007,544.7,1950,7501
4865,grid_0.3,108.500,8.2935,8.2714,0.0221,4.0356,0.0604,1.5626,1.1540,0.2478,0.9421,177830,520884,63,0,0,12,0,4.0462,0.1202,0.1035,544.7,1950,7501
4866,grid_0.3,108.500,7.6560,7.6325,0.0235,4.5199,0.7752,1.5636,0.9267,0.2458,0.9380,183525,533115,5695,0,0,12,0,4.0134,0.6916,0.1058,544.7,1950,7501
4868,grid_0.3,108.500,7.5437,7.5230,0.0207,4.4564,0.7721,1.5596,0.9062,0.2509,0.8970,201060,515580,5247,0,0,12,0,4.0161,0.7224,0.0992,544.7,1950,7501
4869,grid_0.3,108.500,9.4513,9.4343,0.0170,5.5839,1.8913,1.5616,0.9196,0.2437,0.8970,213348,503292,12288,0,0,12,0,3.6631,1.5101,0.2145,544.7,1950,7501
4870,grid_0.3,108.500,9.2632,9.2402,0.0230,5.3627,1.6312,1.5606,0.9175,0.2458,0.9359,225187,491453,11839,0,0,12,0,4.0188,1.3788,0.1420,544.7,1950,7501
4872,grid_0.3,108.500,8.7996,8.7822,0.0174,5.2828,1.5974,1.5616,0.9175,0.2468,0.8868,249763,466877,12288,0,0,12,0,3.2806,1.4108,0.6077,544.7,1950,7501
4873,grid_0.3,108.500,10.9786,10.9584,0.0202,5.8757,2.1545,1.5636,0.9052,0.2447,0.9359,262051,454589,12288,0,0,12,0,3.6666,1.7454,0.2163,544.7,1950,7501
4874,grid_0.3,108.500,9.8592,9.8380,0.0212,5.7272,1.9599,1.5616,0.9472,0.2437,0.9421,271842,444798,9791,0,0,12,0,4.0126,1.2828,0.1979,544.7,1950,7501
4875,grid_0.3,108.500,8.9599,8.9382,0.0217,6.3611,2.6368,1.5452,0.8950,0.2570,0.9554,284130,432510,12288,0,0,12,0,3.6893,1.3935,0.0993,544.7,1950,7501
4876,grid_0.3,108.500,7.8464,7.8264,0.0200,6.9612,3.4816,1.4899,0.9298,0.2447,0.7424,296418,420222,12288,0,0,12,0,3.5399,1.3718,0.1042,544.7,1950,7501
4877,grid_0.3,108.500,8.3867,8.3683,0.0184,6.0498,2.5129,1.4909,0.9206,0.2509,0.8018,308001,408639,11583,0,0,12,0,4.0255,1.4650,0.1013,544.7,1950,7501
4878,grid_0.3,108.500,8.6588,8.6377,0.0211,6.2618,2.6511,1.5206,0.9206,0.2509,0.8448,320289,396351,12288,0,0,12,0,3.5400,1.3907,0.1018,544.7,1950,7501
4879,grid_0.3,108.500,9.1767,9.1543,0.0224,7.0513,2.5580,2.0726,1.2585,0.2478,0.8407,332064,384576,11775,0,0,12,0,4.0241,1.3503,0.1010,544.7,1950,7501
4880,grid_0.3,108.500,8.6332,8.6132,0.0200,6.2700,2.6911,1.5084,0.9196,0.2417,0.8356,344352,372288,12288,0,0,12,0,3.5957,1.4788,0.1007,544.7,1950,7501
4881,grid_0.3,108.500,9.0701,9.0311,0.0390,6.3119,2.6767,1.5299,0.9093,0.2519,0.8704,356640,360000,12288,0,0,12,0,3.8522,1.4775,0.1043,544.7,1950,7501
4882,grid_0.3,108.500,8.7068,8.6858,0.0210,6.2290,2.6819,1.5329,0.9134,0.2458,0.7803,368928,347712,12288,0,0,12,0,3.5947,1.4016,0.1091,544.7,1950,7501
4883,grid_0.3,108.500,9.7919,8.3269,1.4650,6.6918,3.2010,1.5421,0.9247,0.2458,0.7045,380895,335745,11967,0,0,12,0,4.0101,1.4984,0.2172,544.7,1950,7501
4884,grid_0.3,108.500,10.0278,8.7757,1.2521,6.1522,2.6747,1.5360,0.9308,0.2488,0.6871,393183,323457,12288,0,0,12,0,4.0002,1.6195,0.1151,544.7,1950,7501
4885,grid_0.3,108.500,10.1337,8.1842,1.9495,5.6812,2.2221,1.5370,0.9093,0.2499,0.6881,403422,313218,10239,0,0,12,0,4.0187,1.2707,0.2070,544.7,1950,7501
4886,grid_0.3,108.500,11.0476,11.0208,0.0268,5.7037,1.8729,1.8934,0.9042,0.2458,0.7117,412061,304579,8639,0,0,12,0,6.4198,1.1915,0.1083,544.7,1950,7501
4887,grid_0.3,108.500,9.4407,9.4207,0.0200,6.1624,2.7013,1.5391,0.9021,0.2499,0.6943,424349,292291,12288,0,0,12,0,3.5673,1.4349,0.1099,544.7,1950,7501
4888,grid_0.3,108.500,8.6569,8.6361,0.0208,6.0621,2.6849,1.5401,0.9144,0.2447,0.6021,436637,280003,12288,0,0,12,0,3.8486,1.5795,0.1122,544.7,1950,7501
4889,grid_0.3,108.500,8.7566,8.7364,0.0202,5.5040,2.0787,1.5657,0.9083,0.2488,0.6257,446236,270404,9599,0,0,12,0,4.0192,1.5923,0.1979,544.7,1950,7501
4890,grid_0.3,108.500,8.5833,8.5639,0.0194,6.7267,3.2420,1.5892,0.9257,0.2550,0.6380,458524,258116,12288,0,0,12,0,3.6044,1.4378,0.1011,544.7,1950,7501
4891,grid_0.3,108.500,9.6274,9.6077,0.0197,5.9249,2.4893,1.5913,0.9021,0.2540,0.6124,470043,246597,11519,0,0,12,0,4.0173,1.9531,0.2295,544.7,1950,7501
4892,grid_0.3,108.500,9.3928,7.9897,1.4031,6.1563,2.7331,1.5811,0.9093,0.2488,0.6083,482331,234309,12288,0,0,12,0,3.5908,1.4255,0.1067,544.7,1950,7501
4893,grid_0.3,108.500,8.6970,8.6705,0.0265,6.4696,2.5641,2.0398,0.9062,0.2468,0.6359,494042,222598,11711,0,0,12,0,4.0098,1.3924,0.1039,544.7,1950,7501
4894,grid_0.3,108.500,10.4066,7.7896,2.6170,6.0785,2.6522,1.5657,0.9001,0.2519,0.6328,506330,210310,12288,0,0,12,0,3.5929,1.5347,0.1222,544.7,1950,7501
4895,grid_0.3,108.500,9.3241,9.2925,0.0316,6.0805,2.6173,1.5811,0.9308,0.2519,0.6236,518617,198023,12287,0,0,12,0,4.0211,1.4795,0.1039,544.7,1950,7501
4896,grid_0.3,108.500,10.0502,8.5704,1.4798,5.7733,2.3624,1.5718,0.9073,0.2499,0.6062,529176,187464,10559,0,0,12,0,4.0296,1.3583,0.1044,544.7,1950,7501
4897,grid_0.3,108.500,9.9702,7.9219,2.0483,6.4686,3.0464,1.5903,0.8991,0.2499,0.6052,541464,175176,12288,0,0,12,0,3.6160,1.4459,0.1044,544.7,1950,7501
4898,grid_0.3,108.500,9.5483,9.5044,0.0439,6.0027,2.5211,1.6097,0.9175,0.2417,0.6359,553303,163337,11839,0,0,12,0,4.0393,1.6460,0.1205,544.7,1950,7501
4899,grid_0.3,108.500,9.7471,7.7587,1.9884,6.1061,2.6122,1.6097,0.9329,0.2478,0.6257,565591,151049,12288,0,0,12,0,3.6651,1.4573,0.1042,544.7,1950,7501
4900,grid_0.3,108.500,9.3577,7.9034,1.4543,6.6212,2.7761,1.9825,0.9329,0.2519,0.6021,577879,138761,12288,0,0,12,0,3.7825,1.4767,0.1031,544.7,1950,7501
4901,grid_0.3,108.500,9.7429,8.2539,1.4890,6.0887,2.5938,1.6261,0.9165,0.2509,0.6236,589846,126794,11967,0,0,12,0,4.3031,1.5387,0.1089,544.7,1950,7501
4902,grid_0.3,108.500,10.0856,8.5725,1.5131,6.0293,2.5508,1.6067,0.9114,0.2488,0.6339,601941,114699,12095,0,0,12,0,4.0231,1.5039,0.1012,544.7,1950,7501
4903,grid_0.3,108.500,9.4280,9.3943,0.0337,6.7133,2.7412,1.6220,0.9042,0.4813,0.8868,614229,102411,12288,0,0,12,0,3.9110,2.3120,0.1646,544.7,1950,7501
4904,grid_0.3,108.500,9.3993,7.9991,1.4002,6.1030,2.6982,1.5524,0.9318,0.2468,0.5949,626517,90123,12288,0,0,12,0,3.7528,1.5269,0.1073,544.7,1950,7501
4905,grid_0.3,108.500,10.4985,8.4468,2.0517,5.6310,2.2159,1.5636,0.9165,0.2509,0.6062,637140,79500,10623,0,0,12,0,4.0190,1.7075,0.1388,544.7,1950,7501
4906,grid_0.3,108.500,9.6450,8.1427,1.5023,6.5812,2.7290,1.5565,1.3507,0.2447,0.6195,649428,67212,12288,0,0,12,0,3.6235,1.5322,0.1242,544.7,1950,7501
4907,grid_0.3,108.500,9.7193,9.6890,0.0303,5.6945,2.3183,1.5278,0.9206,0.2447,0.6042,660179,56461,10751,0,0,12,0,4.0118,1.6928,0.1357,544.7,1950,7501
4908,grid_0.3,108.500,10.0080,9.9798,0.0282,5.8890,2.1719,1.8934,0.9021,0.2488,0.5939,670482,46158,10303,0,0,12,0,4.0179,1.4985,0.2815,544.7,1950,7501
4909,grid_0.3,108.500,11.7668,11.7424,0.0244,6.2546,2.9563,1.4326,0.9421,0.2447,0.6185,682513,34127,12031,0,0,12,0,4.0146,1.5122,2.8637,544.7,1950,7501
4910,grid_0.3,108.500,12.9845,12.9635,0.0210,6.5966,2.3685,2.1012,1.2001,0.2417,0.6216,693712,22928,11199,0,0,12,0,4.0233,1.8717,3.8196,544.7,1950,7501
4911,grid_0.3,108.500,10.6400,10.6193,0.0207,6.0170,2.7812,1.4172,0.9206,0.2499,0.5878,706000,10640,12288,0,0,12,0,3.6566,2.0335,1.9897,544.7,1950,7501
4912,grid_0.3,108.500,8.4796,8.4589,0.0207,5.9290,2.6788,1.4203,0.9329,0.2488,0.5868,716640,0,10640,0,0,12,0,3.2193,1.5229,0.1145,544.7,1950,7501
4913,grid_0.3,108.500,3.7810,3.7586,0.0224,3.2471,0.0010,1.4203,0.9185,0.2519,0.5960,716640,0,0,0,0,12,0,0.0070,0.0006,0.0779,544.7,1950,7501
4914,grid_0.3,108.500,9.6215,3.4146,6.2069,3.6209,0.0010,1.4172,0.9103,0.2468,0.9861,716640,0,0,0,0,12,0,0.0081,0.0006,0.0874,544.7,1950,7501
4915,grid_0.3,108.500,5.3222,2.8225,2.4997,3.4785,0.0010,1.6538,0.9083,0.2529,0.6042,716640,0,0,0,0,12,0,0.0074,0.0006,0.0775,544.7,1950,7501
4916,grid_0.3,108.500,5.9234,4.4102,1.5132,3.2358,0.0010,1.4172,0.9236,0.2499,0.5847,716640,0,0,0,0,12,0,0.0109,0.0009,0.1327,544.7,1950,7501
4917,grid_0.3,108.500,5.3373,2.7945,2.5428,4.3786,0.0010,1.4193,1.7869,0.2447,0.8673,716640,0,0,0,0,12,0,0.0074,0.0006,0.0890,544.7,1950,7501
4918,grid_0.3,108.500,5.3749,2.7759,2.5990,3.2676,0.0010,1.4193,0.9236,0.2468,0.6175,716640,0,0,0,0,12,0,0.0071,0.0006,0.0686,544.7,1950,7501
4919,grid_0.3,108.500,6.3145,3.8119,2.5026,3.2625,0.0010,1.4193,0.9298,0.2478,0.6042,716640,0,0,0,0,12,0,0.0099,0.0009,0.2605,544.7,1950,7501
4920,grid_0.3,108.500,4.9143,2.4167,2.4976,4.0346,0.0010,1.4152,1.7213,0.2478,0.5898,716640,0,0,0,0,12,0,0.0068,0.0005,0.0720,544.7,1950,7501
4921,grid_0.3,108.500,5.2345,2.7048,2.5297,3.5318,0.0010,1.4172,0.9144,0.2458,0.8929,716640,0,0,0,0,12,0,0.0069,0.0004,0.0700,544.7,1950,7501
4922,grid_0.3,108.500,5.7914,3.1888,2.6026,3.2553,0.0061,1.4193,0.9093,0.2478,0.6144,716640,0,0,0,0,12,0,0.0114,0.0014,0.2056,544.7,1950,7501
4923,grid_0.3,108.500,5.4970,2.5123,2.9847,3.5820,0.0010,1.4213,0.9062,0.2499,0.9452,716640,0,0,0,0,12,0,0.0099,0.0007,0.1111,544.7,1950,7501
4924,grid_0.3,108.500,5.2385,2.1475,3.0910,3.5082,0.0010,1.6876,0.9226,0.2488,0.5888,716640,0,0,0,0,12,0,0.0061,0.0005,0.0659,544.7,1950,7501
4925,grid_0.3,108.500,5.7131,3.6234,2.0897,3.2133,0.0010,1.4162,0.9001,0.2458,0.5908,716640,0,0,0,0,12,0,0.0076,0.0004,0.0796,544.7,1950,7501
4926,grid_0.3,108.500,5.1242,2.6431,2.4811,3.2502,0.0010,1.4193,0.9083,0.2468,0.6154,716640,0,0,0,0,12,0,0.0067,0.0005,0.0639,544.7,1950,7501
4927,grid_0.3,108.500,5.6280,2.4820,3.1460,3.2410,0.0010,1.4193,0.9216,0.2468,0.5929,716640,0,0,0,0,12,0,0.0062,0.0008,0.0613,544.7,1950,7501
4928,grid_0.3,108.500,5.4225,3.4004,2.0221,3.2236,0.0010,1.4131,0.9155,0.2519,0.5827,716640,0,0,0,0,12,0,0.0064,0.0006,0.0653,544.7,1950,7501
4929,grid_0.3,108.500,5.5277,2.5475,2.9802,3.2645,0.0020,1.4203,0.9257,0.2509,0.6062,716640,0,0,0,0,12,0,0.0070,0.0004,0.0630,544.7,1950,7501
4931,grid_0.3,108.500,5.4774,3.4365,2.0409,3.4509,0.0010,1.4172,0.9052,0.2488,0.8192,716640,0,0,0,0,12,0,0.0075,0.0007,0.0768,544.7,1950,7501
4933,grid_1,107.700,125.2350,125.2326,0.0024,6.5556,0.0020,3.4222,2.0316,0.2365,0.7199,0,0,0,0,0,0,0,0.0216,0.0010,0.1438,544.7,240,810
4934,grid_1,107.700,3.2468,3.2280,0.0188,6.8833,0.0020,3.6239,2.1074,0.2458,0.7506,0,0,0,0,0,0,0,0.0081,0.0010,0.0998,544.7,240,810
4935,grid_1,107.700,29.8630,2.8393,27.0237,6.9642,0.0020,3.6403,2.1842,0.2406,0.7434,0,0,0,0,0,0,0,0.0070,0.0007,0.0577,544.7,240,810
4936,grid_1,107.700,13.8245,8.7354,5.0891,8.3466,0.5151,4.8302,1.8237,0.2417,0.7199,63,28865,63,0,0,11,0,5.5124,0.0477,0.0962,544.7,240,810
4937,grid_1,107.700,13.9324,7.3924,6.5400,37.3279,12.5153,10.5441,6.4133,2.2497,5.3647,4678,49082,4615,0,0,11,0,3.4862,0.7408,0.1227,544.7,240,810
4938,grid_1,107.700,16.2040,7.4669,8.7371,35.0822,12.4129,10.0434,7.4988,2.2702,2.6194,9293,63701,4615,0,0,11,0,3.6298,0.6863,0.1289,544.7,240,810
4939,grid_1,107.700,46.3945,7.3856,39.0089,36.5322,9.8314,10.6435,9.2160,2.2456,4.3428,12748,73302,3455,0,0,11,0,4.0116,0.5720,0.1152,544.7,240,810
4940,grid_1,107.700,52.2446,7.2105,45.0341,8.6712,5.0934,1.6701,1.2513,0.2755,0.3287,16229,87997,3481,0,0,11,0,3.5300,0.5553,0.2009,544.7,240,810
4941,grid_1,107.700,50.1334,7.7293,42.4041,3.6403,0.8376,1.2206,0.9062,0.2816,0.3502,19209,100907,2980,0,0,11,0,3.4305,0.5687,0.2170,544.7,240,810
4942,grid_1,107.700,12.0131,8.3241,3.6890,3.6229,0.7680,1.2677,0.9277,0.2703,0.3451,21860,110544,2651,0,0,11,0,3.6315,0.5907,0.1383,544.7,240,810
4943,grid_1,107.700,7.1749,7.1436,0.0313,3.5574,0.7905,1.2186,0.8837,0.2693,0.3482,24825,121147,2965,0,0,11,0,3.2704,0.2852,0.1342,544.7,240,810
4944,grid_1,107.700,7.2378,7.2085,0.0293,3.8093,1.0629,1.2196,0.8704,0.2652,0.3441,28823,136605,3998,0,0,11,0,3.5174,0.4488,0.0895,544.7,240,810
4945,grid_1,107.700,7.1821,7.1613,0.0208,4.7524,1.3629,1.6220,1.0957,0.2662,0.3574,34098,150831,5275,0,0,11,0,3.7335,0.5142,0.1446,544.7,240,810
4946,grid_1,107.700,7.8309,7.8093,0.0216,3.8287,1.0230,1.2483,0.8765,0.2673,0.3635,37617,162672,3519,0,0,11,0,4.0192,0.5194,0.0981,544.7,240,810
4948,grid_1,107.700,7.8417,7.8214,0.0203,3.8697,1.0813,1.2534,0.8571,0.2662,0.3594,49199,193629,4223,0,0,11,0,4.2518,0.5929,0.1138,544.7,240,810
4949,grid_1,107.700,8.3490,8.3277,0.0213,3.9516,1.1612,1.2554,0.8571,0.2632,0.3615,53614,203806,4415,0,0,11,0,4.0163,0.5160,0.0939,544.7,240,810
4950,grid_1,107.700,8.4829,8.4626,0.0203,4.2865,1.4899,1.2544,0.8581,0.2693,0.3615,59629,222367,6015,0,0,11,0,4.0202,0.8292,0.2441,544.7,240,810
4951,grid_1,107.700,8.6556,8.6356,0.0200,4.3059,1.4920,1.2605,0.8673,0.2693,0.3635,65580,236400,5951,0,0,11,0,4.5004,0.8066,0.1656,544.7,1777,7501
4952,grid_1,107.700,7.6350,7.6149,0.0201,3.9066,1.0977,1.2585,0.8663,0.2693,0.3604,69867,245425,4287,0,0,11,0,4.0057,0.4459,0.1063,544.7,1777,7501
4953,grid_1,107.700,8.1023,8.0828,0.0195,4.5978,1.7449,1.3025,0.8632,0.2683,0.3645,77162,263986,7295,0,0,11,0,4.0127,0.8126,0.1616,544.7,1777,7501
4954,grid_1,107.700,7.6644,7.6429,0.0215,4.2394,1.3865,1.2749,0.8847,0.2673,0.3717,82665,274636,5503,0,0,11,0,4.0151,0.6628,0.1936,544.7,1777,7501
4955,grid_1,107.700,7.7560,7.7218,0.0342,5.0289,1.8801,1.5944,0.8581,0.2673,0.3707,88872,283277,6207,0,0,11,0,4.0090,0.6439,0.1494,544.7,1777,7501
4956,grid_1,107.700,8.6719,8.6468,0.0251,4.1247,1.2472,1.2728,0.8745,0.2652,0.4076,94311,296270,5439,0,0,11,0,4.0102,0.7090,0.1009,544.7,1777,7501
4957,grid_1,107.700,8.4224,8.4028,0.0196,4.1789,1.3107,1.2739,0.8591,0.2693,0.4086,99750,313408,5439,0,0,11,0,4.3648,0.6823,0.0963,544.7,1777,7501
4958,grid_1,107.700,7.8403,7.8200,0.0203,3.9465,1.0732,1.2749,0.8612,0.2714,0.4076,103077,325953,3327,0,0,11,0,4.0175,0.5612,0.1748,544.7,1777,7501
4959,grid_1,107.700,7.9798,7.9590,0.0208,4.3336,1.4367,1.2698,0.8458,0.2724,0.4495,109348,342978,6271,0,0,11,0,4.0104,0.6685,0.0965,544.7,1777,7501
4960,grid_1,107.700,7.7222,7.7021,0.0201,4.2967,1.3804,1.2790,0.8632,0.2755,0.4403,115299,355494,5951,0,0,11,0,4.0073,0.7245,0.0944,544.7,1777,7501
4961,grid_1,107.700,7.2186,7.1976,0.0210,3.9178,1.0179,1.2790,0.8520,0.2662,0.4444,119714,366695,4415,0,0,11,0,4.0143,0.4745,0.0961,544.7,1777,7501
4962,grid_1,107.700,8.3900,8.3701,0.0199,5.1016,1.7254,1.6896,0.8673,0.2724,0.4884,126497,385512,6783,0,0,11,0,4.0196,0.9211,0.1568,544.7,1777,7501
4963,grid_1,107.700,8.2352,8.2111,0.0241,3.9567,0.9882,1.2810,0.8550,0.2755,0.4977,131104,397596,4607,0,0,11,0,4.5231,0.6492,0.1151,544.7,1777,7501
4964,grid_1,107.700,7.8831,7.8588,0.0243,4.0151,1.0455,1.2790,0.8591,0.2673,0.4813,137567,407947,6463,0,0,11,0,4.0144,0.9815,0.1513,544.7,1777,7501
4965,grid_1,107.700,8.2811,8.2589,0.0222,4.3151,1.3261,1.2790,0.8663,0.2785,0.4813,146334,419244,8767,0,0,11,0,4.0205,0.9742,0.0981,544.7,1777,7501
4966,grid_1,107.700,7.7104,7.6899,0.0205,5.1732,1.7664,1.7009,0.8591,0.2734,0.4905,158622,406956,12288,0,0,11,0,3.1053,1.3421,0.1085,544.7,1777,7501
4967,grid_1,107.700,7.7656,7.7455,0.0201,5.2070,2.2170,1.2780,0.8724,0.2714,0.4864,170910,394668,12288,0,0,11,0,3.5187,1.3690,0.1743,544.7,1777,7501
4968,grid_1,107.700,8.4573,8.4335,0.0238,5.8276,2.8590,1.2708,0.8581,0.2765,0.4813,183198,382380,12288,0,0,11,0,3.4936,1.3667,0.1436,544.7,1777,7501
4969,grid_1,107.700,8.2873,8.2673,0.0200,5.4518,2.7423,1.1540,0.7956,0.2468,0.4372,195486,370092,12288,0,0,11,0,3.5334,1.4089,0.1036,544.7,1777,7501
4970,grid_1,107.700,8.6246,8.6047,0.0199,4.7933,2.1258,1.1100,0.8038,0.2427,0.4342,202717,362861,7231,0,0,11,0,4.3940,0.9712,0.1062,544.7,1777,7501
4971,grid_1,107.700,8.8576,8.8385,0.0191,5.2101,2.5580,1.1090,0.7803,0.2519,0.4352,214428,351150,11711,0,0,11,0,4.0134,1.3903,0.3078,544.7,1777,7501
4972,grid_1,107.700,8.2969,8.2771,0.0198,5.3238,2.6604,1.1151,0.7946,0.2488,0.4291,226716,338862,12288,0,0,11,0,3.5815,1.3922,0.1188,544.7,1777,7501
4973,grid_1,107.700,8.4063,8.3858,0.0205,5.2552,2.6040,1.1182,0.7772,0.2478,0.4332,239004,326574,12288,0,0,11,0,3.4772,1.5069,0.1173,544.7,1777,7501
4974,grid_1,107.700,8.0981,8.0774,0.0207,5.6893,2.9952,1.1254,0.8110,0.2447,0.4362,251292,314286,12288,0,0,11,0,3.4769,1.3525,0.1098,544.7,1777,7501
4975,grid_1,107.700,8.7006,8.6802,0.0204,4.7411,2.0695,1.1244,0.7905,0.2447,0.4362,260891,304687,9599,0,0,11,0,4.0219,1.2117,0.1712,544.7,1777,7501
4976,grid_1,107.700,8.7868,8.7606,0.0262,5.2408,2.6276,1.1131,0.8069,0.2458,0.3717,272986,292592,12095,0,0,11,0,4.0113,1.5883,0.1058,544.7,1777,7501
4977,grid_1,107.700,8.5062,8.4838,0.0224,5.2347,2.6573,1.1131,0.7711,0.2437,0.3738,285274,280304,12288,0,0,11,0,3.8590,1.4057,0.1127,544.7,1777,7501
4978,grid_1,107.700,8.3464,8.3263,0.0201,6.0529,3.4540,1.1131,0.7629,0.2642,0.3809,297562,268016,12288,0,0,11,0,3.4779,1.5651,0.1093,544.7,1777,7501
4979,grid_1,107.700,8.3411,8.3195,0.0216,4.8783,2.2538,1.1274,0.7741,0.2611,0.3850,308057,257521,10495,0,0,11,0,4.0191,1.5578,0.1273,544.7,1777,7501
4980,grid_1,107.700,8.6752,8.6544,0.0208,5.2593,2.6501,1.1151,0.7752,0.2632,0.3789,320345,245233,12288,0,0,11,0,3.4952,1.6499,0.1080,544.7,1777,7501
4981,grid_1,107.700,8.6953,8.6752,0.0201,5.8542,2.5457,1.4705,1.1244,0.2580,0.3779,332248,233330,11903,0,0,11,0,4.0098,1.3626,0.1005,544.7,1777,7501
4982,grid_1,107.700,8.7100,8.6884,0.0216,5.2460,2.6491,1.1100,0.7619,0.2673,0.3799,344536,221042,12288,0,0,11,0,3.5455,1.5310,0.1080,544.7,1777,7501
4983,grid_1,107.700,8.5484,8.5260,0.0224,5.2460,2.6470,1.1203,0.7496,0.2683,0.3830,356824,208754,12288,0,0,11,0,3.6665,1.5448,0.2130,544.7,1777,7501
4984,grid_1,107.700,8.7963,8.7764,0.0199,5.2316,2.6296,1.1254,0.7547,0.2601,0.3830,369112,196466,12288,0,0,11,0,3.6608,1.6949,0.1094,544.7,1777,7501
4985,grid_1,107.700,8.4093,8.3874,0.0219,5.6607,2.6245,1.5667,0.7557,0.2591,0.3768,381400,184178,12288,0,0,11,0,3.6548,1.5205,0.1004,544.7,1777,7501
4986,grid_1,107.700,9.4905,9.4697,0.0208,5.1681,2.5795,1.1172,0.7455,0.2662,0.3809,393239,172339,11839,0,0,11,0,4.1576,1.9105,0.1410,544.7,1777,7501
4987,grid_1,107.700,8.3700,8.3499,0.0201,5.2552,2.6726,1.1213,0.7393,0.2621,0.3820,405527,160051,12288,0,0,11,0,3.6549,1.5038,0.1105,544.7,1777,7501
4988,grid_1,107.700,9.7902,9.7705,0.0197,4.1288,1.5370,1.1264,0.7465,0.2642,0.3758,412566,153012,7039,0,0,11,0,5.7983,0.9579,0.1036,544.7,1777,7501
4989,grid_1,107.700,8.3390,8.3185,0.0205,5.5173,2.8969,1.1356,0.7639,0.2632,0.3768,424854,140724,12288,0,0,11,0,3.5405,1.5446,0.1194,544.7,1777,7501
4990,grid_1,107.700,9.3040,9.2850,0.0190,5.3064,2.6102,1.1346,0.7690,0.2662,0.4475,437142,128436,12288,0,0,11,0,3.8863,1.5816,0.1619,544.7,1777,7501
4991,grid_1,107.700,8.9562,8.9362,0.0200,4.8343,2.1760,1.1264,0.7516,0.2570,0.4444,446933,118645,9791,0,0,11,0,4.0160,1.2153,0.1226,544.7,1777,7501
4992,grid_1,107.700,8.9941,8.9738,0.0203,5.1835,2.5518,1.1315,0.7424,0.2570,0.4424,458772,106806,11839,0,0,11,0,4.1459,1.5163,0.4083,544.7,1777,7501
4993,grid_1,107.700,8.6274,8.6058,0.0216,5.8573,3.2276,1.1264,0.7404,0.2673,0.4383,471060,94518,12288,0,0,11,0,3.7202,1.7164,0.4504,544.7,1777,7501
4994,grid_1,107.700,8.8591,8.8378,0.0213,5.0647,2.4381,1.1244,0.7434,0.2560,0.4434,482643,82935,11583,0,0,11,0,4.0174,1.4534,0.4588,544.7,1777,7501
4995,grid_1,107.700,8.4720,8.4524,0.0196,5.2521,2.6235,1.1244,0.7373,0.2642,0.4454,494931,70647,12288,0,0,11,0,3.6015,1.5072,0.4348,544.7,1777,7501
4996,grid_1,107.700,8.7794,8.7585,0.0209,5.3187,2.6880,1.1223,0.7547,0.2570,0.4393,507219,58359,12288,0,0,11,0,3.8717,1.4491,0.3721,544.7,1777,7501
4998,grid_1,107.700,9.4548,9.4330,0.0218,4.7432,2.1299,1.1090,0.7465,0.2580,0.4393,529618,35960,10111,0,0,11,0,4.0256,1.2849,1.0023,544.7,1777,7501
4999,grid_1,107.700,11.9858,11.9544,0.0314,5.2224,2.6348,1.0947,0.7424,0.2509,0.4444,541906,23672,12288,0,0,11,0,3.6885,1.5382,3.3006,544.7,1777,7501
5000,grid_1,107.700,10.3893,10.3678,0.0215,5.9761,2.7484,1.7459,0.7475,0.2417,0.4372,554194,11384,12288,0,0,11,0,3.9363,1.5044,1.7030,544.7,1777,7501
5001,grid_1,107.700,8.2770,8.2570,0.0200,4.8906,2.3153,1.0895,0.7424,0.2519,0.4362,565578,0,11384,0,0,11,0,3.6222,1.5210,0.2105,544.7,1777,7501
5002,grid_1,107.700,3.1124,3.0954,0.0170,2.5825,0.0020,1.0947,0.7434,0.2488,0.4403,565578,0,0,0,0,11,0,0.0069,0.0005,0.0645,544.7,1777,7501
5003,grid_1,107.700,7.4674,2.8528,4.6146,2.5733,0.0010,1.0906,0.7414,0.2458,0.4403,565578,0,0,0,0,11,0,0.0080,0.0007,0.0692,544.7,1777,7501
5004,grid_1,107.700,4.1417,2.6988,1.4429,2.5764,0.0010,1.0957,0.7465,0.2427,0.4362,565578,0,0,0,0,11,0,0.0071,0.0006,0.0687,544.7,1777,7501
5005,grid_1,107.700,4.8241,2.3448,2.4793,2.5764,0.0020,1.0885,0.7434,0.2509,0.4372,565578,0,0,0,0,11,0,0.0059,0.0004,0.0664,544.7,1777,7501
5006,grid_1,107.700,4.5896,2.5706,2.0190,2.5713,0.0010,1.0895,0.7352,0.2478,0.4424,565578,0,0,0,0,11,0,0.0070,0.0004,0.0602,544.7,1777,7501
5007,grid_1,107.700,4.3102,2.7797,1.5305,3.0597,0.0010,1.5718,0.7424,0.2478,0.4424,565578,0,0,0,0,11,0,0.0067,0.0005,0.0649,544.7,1777,7501
5008,grid_1,107.700,5.0626,3.4490,1.6136,2.5754,0.0010,1.0885,0.7393,0.2488,0.4393,565578,0,0,0,0,11,0,0.0078,0.0004,0.0767,544.7,1777,7501
5009,grid_1,107.700,4.9826,2.4917,2.4909,2.5713,0.0010,1.0926,0.7404,0.2447,0.4383,565578,0,0,0,0,11,0,0.0067,0.0005,0.0709,544.7,1777,7501
5010,grid_1,107.700,4.1521,2.7161,1.4360,2.5825,0.0010,1.0875,0.7455,0.2488,0.4454,565578,0,0,0,0,11,0,0.0075,0.0004,0.0709,544.7,1777,7501
5011,grid_1,107.700,4.7393,3.2480,1.4913,3.0218,0.0010,1.1018,0.7649,0.2529,0.8468,565578,0,0,0,0,11,0,0.0079,0.0005,0.0735,544.7,1777,7501
5012,grid_1,107.700,4.5826,3.0599,1.5227,2.5907,0.0010,1.0988,0.7424,0.2529,0.4413,565578,0,0,0,0,11,0,0.0068,0.0005,0.0719,544.7,1777,7501
5013,grid_1,107.700,5.3642,2.6963,2.6679,3.0464,0.0010,1.0957,0.9677,0.4884,0.4403,565578,0,0,0,0,11,0,0.0067,0.0005,0.0770,544.7,1777,7501
5014,grid_1,107.700,3.6556,3.6238,0.0318,2.6092,0.0010,1.0998,0.7526,0.2570,0.4444,565578,0,0,0,0,11,0,0.0064,0.0004,0.0630,544.7,1777,7501
5015,grid_1,107.700,5.8129,3.8007,2.0122,2.6235,0.0010,1.0967,0.7619,0.2591,0.4434,565578,0,0,0,0,11,0,0.0068,0.0005,0.0802,544.7,1777,7501
5016,grid_1,107.700,4.3647,2.8958,1.4689,2.5887,0.0010,1.0988,0.7516,0.2468,0.4362,565578,0,0,0,0,11,0,0.0077,0.0005,0.0705,544.7,1777,7501
5017,grid_1,107.700,5.4249,3.1613,2.2636,2.5856,0.0010,1.0977,0.7373,0.2529,0.4424,565578,0,0,0,0,11,0,0.0073,0.0004,0.0706,544.7,1777,7501
5018,grid_1,107.700,4.0065,3.9706,0.0359,2.5938,0.0010,1.1018,0.7424,0.2499,0.4434,565578,0,0,0,0,11,0,0.0071,0.0004,0.0748,544.7,1957,7501
5020,grid_1,107.700,3.9879,3.9517,0.0362,3.2276,0.0010,1.3660,0.7516,0.6144,0.4403,565578,0,0,0,0,11,0,0.0238,0.0006,0.0763,544.7,1957,7501
