frame,stage,altitude_m,sync_ms,cpu_submit_ms,gpu_wait_ms,terrain_gpu_ms,residency_ms,primary_ms,shade_ms,gbuffer_ms,sunlight_ms,resident,pending,jobs,evictions,failed,active_levels,finest_level,plan_cpu_ms,upload_cpu_ms,encode_cpu_ms,logical_mib,gpu_clock_mhz,mem_clock_mhz
0,ground_load,84.200,5030.1556,5030.1531,0.0025,15.7041,0.0031,3.9086,5.9628,0.7997,4.8650,0,0,0,0,0,0,0,0.0606,0.0096,0.1965,536.8,210,405
1,ground_load,84.200,13.8059,13.7674,0.0385,15.4993,0.0031,4.7626,9.0040,0.5458,1.0138,0,0,0,0,0,0,0,0.0101,0.0013,0.1405,536.8,210,405
2,ground_load,84.200,63.9986,7.7706,56.2280,11.8436,0.0031,4.0325,5.7559,0.5683,1.3128,0,0,0,0,0,0,0,0.0080,0.0009,0.1204,536.8,210,405
3,ground_load,84.200,28.8610,8.9858,19.8752,17.6343,0.6154,4.5885,9.3737,0.8131,2.0091,63,28865,63,0,0,14,0,5.1812,0.0655,0.0945,536.8,210,405
4,ground_load,84.200,19.8545,8.7395,11.1150,29.8424,13.1543,7.4957,7.3605,1.1858,0.3768,4678,47034,4615,0,0,14,0,3.4245,1.1956,0.0844,536.8,210,405
5,ground_load,84.200,30.0417,9.6695,20.3722,6.9734,1.2308,1.3076,3.7734,0.2386,0.3840,9293,59625,4615,0,0,14,0,3.5502,1.2773,0.0926,536.8,210,405
6,ground_load,84.200,34.5669,9.5324,25.0345,5.1128,0.0707,1.0004,3.3792,0.2406,0.3840,9356,73386,63,0,0,14,0,4.7447,0.0637,0.1229,536.8,210,405
7,ground_load,84.200,9.3012,9.2531,0.0481,6.0150,0.9196,1.0281,3.3997,0.2468,0.3809,12491,87403,3135,0,0,14,0,4.0121,0.3824,0.1186,536.8,210,405
8,ground_load,84.200,8.4319,8.4097,0.0222,7.5131,1.0588,1.1479,4.1820,0.2662,0.8182,16458,98101,3967,0,0,14,0,4.0122,0.5069,0.0919,536.8,210,405
9,ground_load,84.200,9.5769,9.5510,0.0259,7.5162,1.5319,1.4520,3.7786,0.2550,0.4588,21018,108901,4560,0,0,14,0,3.8012,1.0749,0.1344,536.8,210,405
10,ground_load,84.200,8.7607,8.7368,0.0239,8.1213,1.5411,1.9630,3.8533,0.2550,0.4659,26585,114086,5567,0,0,14,0,4.0240,0.7872,0.1779,536.8,210,405
11,ground_load,84.200,10.1964,10.1737,0.0227,7.5387,1.3558,1.5636,3.8533,0.2519,0.4721,31576,127527,4991,0,0,14,0,4.0164,0.7078,0.1129,536.8,1777,7501
12,ground_load,84.200,9.0035,7.5437,1.4598,9.1515,1.5933,2.2262,4.5087,0.2611,0.5202,37591,137181,6015,0,0,14,0,4.0186,0.6061,0.0929,536.8,1777,7501
13,ground_load,84.200,10.1837,7.1624,3.0213,7.7496,1.3486,1.6599,3.9025,0.2642,0.5315,42838,147294,5247,0,0,14,0,4.0172,0.5110,0.0875,536.8,1777,7501
14,ground_load,84.200,11.7130,8.1767,3.5363,8.0947,1.7111,1.6476,3.8922,0.2683,0.5325,49173,161695,6335,0,0,14,0,4.0156,1.0724,0.1188,536.8,1777,7501
15,ground_load,84.200,10.6728,7.1919,3.4809,8.4705,1.1039,1.9804,4.5117,0.2673,0.5642,53268,175591,4095,0,0,14,0,4.0132,0.4521,0.1499,536.8,1777,7501
16,ground_load,84.200,11.0343,8.0118,3.0225,8.6139,2.0982,1.7172,3.9107,0.2591,0.5796,60755,183208,7487,0,0,14,0,4.0094,0.7736,0.0920,536.8,1777,7501
17,ground_load,84.200,11.1019,8.1360,2.9659,7.7763,1.2943,1.7121,3.8892,0.2632,0.5683,65554,199145,4799,0,0,14,0,4.1533,0.6549,0.0962,536.8,1777,7501
18,ground_load,84.200,11.1628,8.6993,2.4635,8.5658,1.7428,1.7664,3.8943,0.2714,0.8417,72273,210146,6719,0,0,14,0,4.0165,0.6986,0.1675,536.8,1777,7501
19,ground_load,84.200,10.6680,7.6604,3.0076,9.4310,1.8002,2.5815,3.8963,0.2611,0.8366,78992,218787,6719,0,0,14,0,4.0124,0.6723,0.0883,536.8,1777,7501
20,ground_load,84.200,11.4005,8.2688,3.1317,7.8848,1.0414,1.7715,3.8973,0.2652,0.8540,83151,231524,4159,0,0,14,0,4.0284,0.7286,0.1145,536.8,1777,7501
21,ground_load,84.200,12.0184,8.5121,3.5063,9.1423,1.4602,2.6388,3.8892,0.2683,0.8305,88846,240493,5695,0,0,14,0,4.0151,0.9759,0.1338,536.8,1777,7501
22,ground_load,84.200,10.9608,7.7441,3.2167,8.6569,2.0849,1.7787,3.7089,0.2396,0.7885,97101,252718,8255,0,0,14,0,4.0319,0.9031,0.1082,536.8,1777,7501
23,ground_load,84.200,11.6469,7.6477,3.9992,7.4527,1.1868,1.6333,3.5635,0.2468,0.7700,102092,260015,4991,0,0,14,0,4.0143,0.5870,0.0908,536.8,1777,7501
24,ground_load,84.200,11.4213,7.3815,4.0398,8.4204,1.2995,2.0521,3.9670,0.2396,0.8090,107531,273063,5439,0,0,14,0,4.0142,0.7011,0.1012,536.8,1777,7501
25,ground_load,84.200,10.0638,7.6514,2.4124,7.7496,1.4582,1.6108,3.5727,0.2437,0.8110,114058,281384,6527,0,0,14,0,4.0143,0.7688,0.0902,536.8,1777,7501
26,ground_load,84.200,11.2943,7.6569,3.6374,7.6319,1.3097,1.6364,3.5799,0.2447,0.8079,120073,287913,6015,0,0,14,0,4.0128,0.5885,0.1039,536.8,1777,7501
27,ground_load,84.200,10.4893,7.5395,2.9498,8.6108,1.4653,1.6394,4.4093,0.2427,0.7997,126280,304307,6207,0,0,14,0,4.0196,0.9146,0.0955,536.8,1777,7501
28,ground_load,84.200,9.8860,7.4380,2.4480,7.3226,1.1131,1.5995,3.5523,0.2365,0.7690,131079,315380,4799,0,0,14,0,4.1406,0.6680,0.0921,536.8,1777,7501
29,ground_load,84.200,11.4813,7.4014,4.0799,7.1332,0.9134,1.6015,3.5523,0.2386,0.7741,135110,325429,4031,0,0,14,0,4.0132,0.5753,0.0900,536.8,1777,7501
30,ground_load,84.200,9.6484,7.7470,1.9014,8.1213,1.3763,1.5995,3.7704,0.2417,1.0803,141445,341419,6335,0,0,14,0,4.0128,0.6601,0.0857,536.8,1777,7501
31,ground_load,84.200,10.0012,7.5642,2.4370,7.8408,1.5442,1.6118,3.5420,0.2365,0.8530,148292,352492,6847,0,0,14,0,4.0092,0.8525,0.0908,536.8,1777,7501
32,ground_load,84.200,10.8848,7.1348,3.7500,7.4803,1.0854,1.6957,3.5482,0.2345,0.8622,153603,361005,5311,0,0,14,0,4.0150,0.7640,0.0992,536.8,1777,7501
33,ground_load,84.200,10.6831,7.6856,2.9975,8.0118,1.4377,1.6957,3.5471,0.2376,1.0383,160322,378168,6719,0,0,14,0,4.0114,0.7122,0.0931,536.8,1777,7501
34,ground_load,84.200,10.1706,7.2877,2.8829,8.0886,1.4807,1.7070,3.5512,0.2437,1.0506,167041,390137,6719,0,0,14,0,4.0079,0.8004,0.0908,536.8,1777,7501
35,ground_load,84.200,11.1452,7.3755,3.7697,7.9196,1.3189,1.7091,3.5502,0.2417,1.0342,173376,396346,6335,0,0,14,0,4.0136,0.8651,0.0994,536.8,1777,7501
36,ground_load,84.200,11.1812,7.7273,3.4539,8.1050,1.3251,1.6835,3.5533,0.2355,1.2442,179455,411315,6079,0,0,14,0,4.0118,0.6441,0.1083,536.8,1777,7501
37,ground_load,84.200,10.6941,8.0861,2.6080,8.3763,1.5841,1.6855,3.5451,0.2396,1.2585,185150,421492,5695,0,0,14,0,4.0124,0.8286,0.0916,536.8,1777,7501
38,ground_load,84.200,10.6990,7.4483,3.2507,6.9980,0.2181,1.6835,3.5502,0.2376,1.2462,186045,434933,895,0,0,14,0,4.0269,0.2315,0.1287,536.8,1777,7501
39,ground_load,84.200,11.1002,7.3453,3.7549,8.0179,1.2390,1.6896,3.5482,0.2427,1.2339,192636,451971,6591,0,0,14,0,4.0089,0.7114,0.0913,536.8,1777,7501
40,ground_load,84.200,8.9047,7.5550,1.3497,8.5217,1.2984,2.1391,3.5512,0.2304,1.2339,197179,467140,4543,0,0,14,0,4.0237,0.6218,0.1099,536.8,1777,7501
41,ground_load,84.200,11.0362,8.5072,2.5290,7.2909,0.5059,1.6845,3.5533,0.2335,1.2442,200378,482145,3199,0,0,14,0,5.2217,0.4859,0.0893,536.8,1777,7501
42,ground_load,84.200,11.2391,7.1331,4.1060,7.4240,0.6175,1.6876,3.5430,0.2447,1.2503,204729,495202,4351,0,0,14,0,4.0161,0.4829,0.0879,536.8,1777,7501
43,ground_load,84.200,9.2029,6.8352,2.3677,8.5647,0.8888,2.2026,3.9311,0.2437,1.2165,211320,510371,6591,0,0,14,0,4.0222,0.7236,0.0839,536.8,1777,7501
44,ground_load,84.200,9.6178,7.7811,1.8367,8.4613,1.6538,1.6876,3.5482,0.2406,1.2493,223608,498473,12288,0,0,14,0,3.4143,1.5128,0.1134,536.8,1777,7501
45,ground_load,84.200,11.3123,7.3227,3.9896,8.4572,1.6353,1.6865,3.5615,0.2314,1.2616,235896,486185,12288,0,0,14,0,3.6807,1.4291,0.1093,536.8,1777,7501
46,ground_load,84.200,12.3275,7.8160,4.5115,8.6374,1.8452,1.6824,3.5420,0.2437,1.2421,248184,473897,12288,0,0,14,0,3.3735,1.4023,0.5871,536.8,1777,7501
47,ground_load,84.200,11.6092,8.4390,3.1702,8.8791,1.9118,1.6804,3.5451,0.2376,1.4213,259511,462570,11327,0,0,14,0,4.0211,1.6633,0.1128,536.8,1777,7501
48,ground_load,84.200,12.6382,8.4042,4.2340,9.5867,2.1760,1.6968,3.5574,0.2437,1.8289,269366,452715,9855,0,0,14,0,4.0231,1.1528,0.0949,536.8,1777,7501
49,ground_load,84.200,12.2621,7.7806,4.4815,9.7413,2.6081,1.6804,3.5543,0.2355,1.5800,281205,440876,11839,0,0,14,0,4.0141,1.3158,0.0924,536.8,1777,7501
50,ground_load,84.200,12.8306,8.1111,4.7195,9.3512,2.3204,1.6978,3.5553,0.2427,1.4510,291700,430381,10495,0,0,14,0,4.0295,1.2555,0.0915,536.8,1777,7501
51,ground_load,84.200,13.3816,7.5958,5.7858,10.6588,2.7013,1.7203,4.5773,0.2447,1.3322,303988,418093,12288,0,0,14,0,3.7961,1.4075,0.0982,536.8,1777,7501
52,ground_load,84.200,12.3837,7.1856,5.1981,9.7085,2.7187,1.7459,3.5584,0.2427,1.3599,316276,405805,12288,0,0,14,0,3.6230,1.3931,0.0967,536.8,1777,7501
53,ground_load,84.200,13.9675,8.2040,5.7635,9.6328,2.3777,1.6978,3.5523,0.2314,1.6906,327219,394862,10943,0,0,14,0,4.0224,1.5041,0.1245,536.8,1777,7501
54,ground_load,84.200,13.6049,7.8989,5.7060,9.2498,2.3368,1.7029,3.5492,0.2458,1.3312,337842,384239,10623,0,0,14,0,4.0135,1.2720,0.0920,536.8,1777,7501
55,ground_load,84.200,13.2821,7.9845,5.2976,9.1453,2.1924,1.7295,3.5656,0.2365,1.3384,347441,374640,9599,0,0,14,0,4.0500,1.4118,0.1007,536.8,1957,7501
56,ground_load,84.200,12.3428,7.6592,4.6836,10.4827,2.7085,1.9528,4.1564,0.2324,1.3486,359729,362352,12288,0,0,14,0,3.6537,1.3713,0.0942,536.8,1957,7501
57,ground_load,84.200,12.4648,7.8017,4.6631,9.6164,2.6962,1.7306,3.5564,0.2437,1.3046,372017,350064,12288,0,0,14,0,3.8098,1.3833,0.1103,536.8,1957,7501
58,ground_load,84.200,13.5170,8.4327,5.0843,8.6907,1.8053,1.7306,3.5512,0.2417,1.2790,380656,341425,8639,0,0,14,0,4.0264,1.2305,0.1094,536.8,1957,7501
59,ground_load,84.200,13.0584,9.0156,4.0428,10.1796,3.5297,1.7295,3.5604,0.2386,1.0363,392815,329266,12159,0,0,14,0,4.0105,1.6403,0.1658,536.8,1957,7501
60,ground_load,84.200,12.2229,7.9491,4.2738,9.1494,2.5016,1.7377,3.5594,0.2417,1.0240,404078,318003,11263,0,0,14,0,4.0087,1.4728,0.1021,536.8,1957,7501
61,ground_load,84.200,13.2250,8.8392,4.3858,7.5622,0.9175,1.7347,3.5656,0.2365,1.0250,408365,313716,4287,0,0,14,0,5.1785,0.7092,0.0982,536.8,1957,7501
62,ground_load,84.200,12.7116,7.6877,5.0239,9.3379,2.7484,1.7377,3.5881,0.2335,0.9462,420653,301428,12288,0,0,14,0,3.7377,1.4526,0.0949,536.8,1957,7501
63,ground_load,84.200,9.7984,8.3628,1.4356,9.7004,3.0894,1.7500,3.5953,0.2376,0.9431,432941,289140,12288,0,0,14,0,3.8974,1.9175,0.1299,536.8,1957,7501
64,ground_load,84.200,13.2764,11.1071,2.1693,9.0010,1.9026,1.7572,4.0663,0.2355,0.9533,441964,280117,9023,0,0,14,0,4.0105,1.5628,0.1474,536.8,1957,7501
65,ground_load,84.200,13.8826,7.8884,5.9942,9.4884,2.0050,2.3593,3.5840,0.2345,1.2175,450475,271606,8511,0,0,14,0,4.0237,1.0479,0.0926,536.8,1957,7501
66,ground_load,84.200,12.4847,7.5488,4.9359,8.9364,1.8944,1.7715,3.5860,0.2478,1.3507,459306,262775,8831,0,0,14,0,4.0267,1.2332,0.0978,536.8,1957,7501
67,ground_load,84.200,12.1472,7.6263,4.5209,9.0491,2.4279,1.7633,3.5881,0.2386,0.9452,468713,253368,9407,0,0,14,0,4.0138,1.3682,0.1001,536.8,1957,7501
68,ground_load,84.200,12.1793,8.5148,3.6645,9.0419,2.1412,1.7684,3.8656,0.2396,0.9411,476968,245113,8255,0,0,14,0,4.0814,1.6608,0.1618,536.8,1957,7501
69,ground_load,84.200,11.7044,7.6019,4.1025,10.2298,2.6921,2.4064,3.5973,0.4854,0.9626,489256,232825,12288,0,0,14,0,3.6608,1.4811,0.1151,536.8,1957,7501
70,ground_load,84.200,12.1843,8.0405,4.1438,9.0501,2.0347,1.7633,3.9823,0.2386,0.9462,497959,224122,8703,0,0,14,0,4.0216,1.1531,0.0899,536.8,1957,7501
71,ground_load,84.200,13.3242,8.2007,5.1235,9.5918,2.9348,1.7756,3.5922,0.2499,0.9533,510247,211834,12288,0,0,14,0,3.9820,1.5422,0.0965,536.8,1957,7501
72,ground_load,84.200,12.2117,7.9750,4.2367,9.6102,2.7177,2.0265,3.5820,0.2540,0.9452,522535,199546,12288,0,0,14,0,3.7967,1.4365,0.0972,536.8,1957,7501
73,ground_load,84.200,13.0665,7.7729,5.2936,9.0849,2.1811,1.7367,3.5871,0.2386,1.2554,532006,190075,9471,0,0,14,0,4.0179,1.2174,0.0914,536.8,1957,7501
74,ground_load,84.200,13.5675,8.0279,5.5396,9.4218,2.2508,1.7439,4.1605,0.2396,0.9400,542629,179452,10623,0,0,14,0,4.0181,1.5346,0.1042,536.8,1957,7501
75,ground_load,84.200,12.2966,9.8899,2.4067,9.8714,2.8273,1.7603,3.5994,0.2458,1.3527,554852,167229,12223,0,0,14,0,4.0269,1.9408,0.1555,536.8,1957,7501
76,ground_load,84.200,13.2019,9.2484,3.9535,9.3583,2.7392,1.7746,3.5850,0.2345,0.9390,567140,154941,12288,0,0,14,0,3.7695,1.9690,0.1509,536.8,1957,7501
77,ground_load,84.200,13.2581,7.4589,5.7992,9.7270,2.6235,1.7654,3.8400,0.4618,0.9472,579428,142653,12288,0,0,14,0,3.7042,1.4730,0.0946,536.8,1957,7501
78,ground_load,84.200,13.0636,7.9309,5.1327,9.3409,2.4003,1.7848,3.5912,0.2406,1.2370,589859,132222,10431,0,0,14,0,4.0442,1.4898,0.0994,536.8,1957,7501
79,ground_load,84.200,13.5158,8.3189,5.1969,8.8003,2.1688,1.7746,3.5850,0.2417,0.9431,599970,122111,10111,0,0,14,0,4.0245,1.4373,0.1076,536.8,1957,7501
80,ground_load,84.200,13.2274,8.2813,4.9461,9.9297,3.2901,1.7797,3.5932,0.2386,0.9411,611937,110144,11967,0,0,14,0,4.0238,1.5409,0.1398,536.8,1957,7501
81,ground_load,84.200,11.7983,8.5724,3.2259,9.4392,1.9476,2.1217,4.0960,0.2376,0.9503,620704,101377,8767,0,0,14,0,4.0139,1.6959,0.1397,536.8,1957,7501
82,ground_load,84.200,13.6568,7.8537,5.8031,9.7270,2.6563,1.7592,3.8308,0.4588,0.9359,632992,89089,12288,0,0,14,0,3.8372,1.4775,0.0969,536.8,1957,7501
83,ground_load,84.200,12.5401,7.8299,4.7102,9.1136,2.5037,1.7603,3.5942,0.2376,0.9431,643935,78146,10943,0,0,14,0,4.0154,1.4974,0.3802,536.8,1957,7501
84,ground_load,84.200,12.9757,9.2146,3.7611,9.3327,2.7566,1.7224,3.5983,0.2406,0.9400,655390,66691,11455,0,0,14,0,4.1854,1.7033,0.9546,536.8,1957,7501
85,ground_load,84.200,12.6765,12.6461,0.0304,9.5877,2.6132,2.1166,3.6076,0.2417,0.9482,666717,55364,11327,0,0,14,0,4.0384,1.6884,4.0130,536.8,1957,7501
86,ground_load,84.200,15.2087,15.1839,0.0248,8.7306,1.3548,1.6148,3.8676,0.2447,1.5862,673308,48773,6591,0,0,14,0,4.0112,1.2784,6.9051,536.8,1957,7501
87,ground_load,84.200,13.3720,13.3474,0.0246,9.2948,2.8334,1.6087,3.6137,0.2437,0.9349,685596,36485,12288,0,0,14,0,4.0021,1.5563,4.6253,536.8,1957,7501
88,ground_load,84.200,12.4052,12.3841,0.0211,9.2027,2.7750,1.6036,3.5983,0.2355,0.9298,696091,25990,10495,0,0,14,0,4.0292,1.4321,4.1309,536.8,1957,7501
89,ground_load,84.200,10.3386,10.3184,0.0202,9.3420,2.8846,1.5933,3.6086,0.2427,0.9513,708379,13702,12288,0,0,14,0,3.7384,1.6853,2.5118,536.8,1957,7501
90,ground_load,84.200,12.0376,8.6962,3.3414,9.9308,2.5846,1.5974,3.8892,0.2365,1.5606,720667,1414,12288,0,0,14,0,3.8075,1.9078,0.3904,536.8,1957,7501
91,ground_load,84.200,12.6935,4.7410,7.9525,6.7144,0.2939,1.5923,3.6065,0.2468,0.9144,722081,0,1414,0,0,14,0,1.2261,0.4481,0.1326,536.8,1957,7501
92,ground_load,84.200,13.7414,2.5781,11.1633,7.6390,0.0010,2.0920,4.3090,0.2386,0.9359,722081,0,0,0,0,14,0,0.0068,0.0004,0.0657,536.8,1957,7501
93,ground_load,84.200,8.4145,2.6479,5.7666,7.1690,0.0010,1.5903,4.3151,0.2570,0.9462,722081,0,0,0,0,14,0,0.0100,0.0015,0.1567,536.8,1957,7501
94,ground_load,84.200,9.6640,2.7061,6.9579,6.4369,0.0020,1.5892,3.6024,0.2376,0.9452,722081,0,0,0,0,14,0,0.0096,0.0010,0.0924,536.8,1957,7501
95,ground_warm,84.200,9.2853,4.2641,5.0212,7.0144,0.0010,1.5913,4.1810,0.2376,0.9441,722081,0,0,0,0,14,0,0.0083,0.0006,0.0875,536.8,1950,7501
96,ground_warm,84.200,8.1744,2.0562,6.1182,6.4389,0.0010,1.5903,3.6076,0.2365,0.9421,722081,0,0,0,0,14,0,0.0065,0.0010,0.0924,536.8,1950,7501
97,ground_warm,84.200,9.7309,3.0788,6.6521,6.4604,0.0010,1.6005,3.6076,0.2376,0.9544,722081,0,0,0,0,14,0,0.0081,0.0006,0.0842,536.8,1950,7501
98,ground_warm,84.200,7.5783,1.9519,5.6264,6.4471,0.0010,1.5913,3.6065,0.2417,0.9462,722081,0,0,0,0,14,0,0.0062,0.0005,0.0622,536.8,1950,7501
99,ground_warm,84.200,9.2664,2.2833,6.9831,6.4276,0.0041,1.5964,3.6045,0.2386,0.9236,722081,0,0,0,0,14,0,0.0076,0.0005,0.0846,536.8,1950,7501
100,ground_warm,84.200,8.4583,2.1032,6.3551,6.4164,0.0010,1.5913,3.5994,0.2365,0.9288,722081,0,0,0,0,14,0,0.0064,0.0005,0.0552,536.8,1950,7501
101,ground_warm,84.200,7.9964,2.2353,5.7611,6.7318,0.0010,1.5913,3.5983,0.2365,1.2442,722081,0,0,0,0,14,0,0.0070,0.0004,0.0729,536.8,1950,7501
102,ground_warm,84.200,8.9564,3.4163,5.5401,6.4594,0.0010,1.5954,3.5983,0.2468,0.9585,722081,0,0,0,0,14,0,0.0111,0.0006,0.1028,536.8,1950,7501
103,ground_warm,84.200,8.5515,2.0300,6.5215,6.4215,0.0010,1.5944,3.6024,0.2365,0.9257,722081,0,0,0,0,14,0,0.0060,0.0004,0.0528,536.8,1950,7501
104,ground_warm,84.200,8.0809,2.3080,5.7729,6.7400,0.0010,1.5944,3.6045,0.2324,1.2472,722081,0,0,0,0,14,0,0.0065,0.0005,0.0565,536.8,1950,7501
105,ground_warm,84.200,8.4689,2.4865,5.9824,6.7451,0.0010,1.5954,3.6055,0.2355,1.2462,722081,0,0,0,0,14,0,0.0067,0.0005,0.0622,536.8,1950,7501
106,ground_warm,84.200,9.2947,3.0603,6.2344,6.4471,0.0010,1.5944,3.6035,0.2447,0.9431,722081,0,0,0,0,14,0,0.0082,0.0007,0.0874,536.8,1950,7501
107,ground_warm,84.200,8.6492,2.3916,6.2576,6.4195,0.0020,1.5903,3.5953,0.2437,0.9288,722081,0,0,0,0,14,0,0.0069,0.0006,0.0805,536.8,1950,7501
108,ground_warm,84.200,8.9303,1.8004,7.1299,6.4317,0.0020,1.5933,3.6055,0.2376,0.9329,722081,0,0,0,0,14,0,0.0062,0.0004,0.0610,536.8,1950,7501
109,ground_warm,84.200,8.3087,2.4037,5.9050,6.7564,0.0010,1.5923,3.6014,0.2376,1.2646,722081,0,0,0,0,14,0,0.0094,0.0010,0.1079,536.8,1950,7501
110,ground_warm,84.200,7.8550,2.2048,5.6502,6.4399,0.0010,1.5933,3.6076,0.2355,0.9421,722081,0,0,0,0,14,0,0.0064,0.0004,0.0550,536.8,1950,7501
111,ground_warm,84.200,9.3331,2.2928,7.0403,6.4266,0.0010,1.5944,3.6004,0.2417,0.9288,722081,0,0,0,0,14,0,0.0066,0.0005,0.0537,536.8,1950,7501
112,ground_warm,84.200,8.4248,2.1309,6.2939,6.4379,0.0020,1.5913,3.6086,0.2376,0.9390,722081,0,0,0,0,14,0,0.0065,0.0004,0.0553,536.8,1950,7501
113,ground_warm,84.200,8.1485,2.4680,5.6805,7.0257,0.0020,1.5923,4.1861,0.2417,0.9441,722081,0,0,0,0,14,0,0.0069,0.0005,0.0588,536.8,1950,7501
114,ground_warm,84.200,8.6127,2.3104,6.3023,6.4481,0.0020,1.5933,3.5983,0.2417,0.9533,722081,0,0,0,0,14,0,0.0062,0.0004,0.0561,536.8,1950,7501
115,ground_warm,84.200,9.0442,3.7030,5.3412,6.4195,0.0010,1.5923,3.6035,0.2406,0.9206,722081,0,0,0,0,14,0,0.0085,0.0005,0.1127,536.8,1950,7501
116,ground_warm,84.200,8.0646,2.2894,5.7752,6.4399,0.0010,1.5954,3.6014,0.2386,0.9441,722081,0,0,0,0,14,0,0.0066,0.0005,0.0556,536.8,1950,7501
117,ground_warm,84.200,8.3028,2.6610,5.6418,7.2294,0.0010,1.5985,4.4083,0.2376,0.9247,722081,0,0,0,0,14,0,0.0073,0.0005,0.0972,536.8,1950,7501
118,ground_warm,84.200,8.4894,2.2005,6.2889,6.4461,0.0010,1.5944,3.6014,0.2376,0.9441,722081,0,0,0,0,14,0,0.0063,0.0006,0.0558,536.8,1950,7501
119,ground_warm,84.200,9.1343,3.4979,5.6364,6.4092,0.0010,1.5892,3.6065,0.2365,0.9165,722081,0,0,0,0,14,0,0.0084,0.0006,0.0882,536.8,1950,7501
120,ground_warm,84.200,8.5377,2.4728,6.0649,6.4307,0.0010,1.5944,3.6024,0.2386,0.9339,722081,0,0,0,0,14,0,0.0068,0.0005,0.0734,536.8,1950,7501
121,ground_warm,84.200,8.1916,2.5539,5.6377,7.2827,0.0010,1.8258,4.1923,0.2437,0.9595,722081,0,0,0,0,14,0,0.0070,0.0004,0.0618,536.8,1950,7501
122,ground_warm,84.200,8.0082,2.4060,5.6022,6.4471,0.0010,1.5944,3.6137,0.2365,0.9411,722081,0,0,0,0,14,0,0.0069,0.0005,0.0621,536.8,1950,7501
123,ground_warm,84.200,9.4011,2.6854,6.7157,6.4420,0.0010,1.5954,3.5994,0.2499,0.9359,722081,0,0,0,0,14,0,0.0066,0.0005,0.0679,536.8,1950,7501
124,ground_warm,84.200,8.1692,2.4242,5.7450,6.4440,0.0010,1.5913,3.6055,0.2355,0.9503,722081,0,0,0,0,14,0,0.0061,0.0008,0.0554,536.8,1950,7501
125,ground_warm,84.200,8.5570,2.3859,6.1711,7.1690,0.0010,1.9456,3.9649,0.2417,0.9554,722081,0,0,0,0,14,0,0.0063,0.0004,0.0544,536.8,1950,7501
126,ground_warm,84.200,8.2951,2.5146,5.7805,6.4594,0.0010,1.5944,3.6127,0.2345,0.9564,722081,0,0,0,0,14,0,0.0062,0.0005,0.0576,536.8,1950,7501
127,ground_warm,84.200,8.6927,2.9655,5.7272,6.4205,0.0010,1.5944,3.6137,0.2345,0.9165,722081,0,0,0,0,14,0,0.0081,0.0005,0.0801,536.8,1950,7501
128,ground_warm,84.200,8.6673,2.7942,5.8731,6.4297,0.0010,1.5964,3.5983,0.2365,0.9380,722081,0,0,0,0,14,0,0.0063,0.0004,0.0631,536.8,1950,7501
129,ground_warm,84.200,8.0552,2.3581,5.6971,7.0492,0.0010,1.5954,4.2209,0.2376,0.9339,722081,0,0,0,0,14,0,0.0064,0.0005,0.0556,536.8,1950,7501
130,ground_warm,84.200,8.4912,2.8644,5.6268,6.4379,0.0010,1.5944,3.5994,0.2345,0.9482,722081,0,0,0,0,14,0,0.0063,0.0008,0.0605,536.8,1950,7501
131,ground_warm,84.200,8.9281,3.2174,5.7107,6.4451,0.0010,1.5944,3.6065,0.2468,0.9370,722081,0,0,0,0,14,0,0.0097,0.0009,0.1255,536.8,1950,7501
132,ground_warm,84.200,8.1194,1.8510,6.2684,6.4420,0.0010,1.5954,3.6004,0.2417,0.9441,722081,0,0,0,0,14,0,0.0060,0.0004,0.0670,536.8,1950,7501
133,ground_warm,84.200,8.6278,2.3795,6.2483,7.0144,0.0010,1.9558,3.6076,0.2386,0.9411,722081,0,0,0,0,14,0,0.0066,0.0005,0.0537,536.8,1950,7501
134,ground_warm,84.200,8.5483,2.7514,5.7969,6.4573,0.0020,1.5923,3.6024,0.2437,0.9554,722081,0,0,0,0,14,0,0.0073,0.0005,0.0780,536.8,1950,7501
135,ground_warm,84.200,9.0238,2.5591,6.4647,6.4399,0.0010,1.5923,3.6045,0.2458,0.9359,722081,0,0,0,0,14,0,0.0069,0.0008,0.0722,536.8,1950,7501
136,ground_warm,84.200,8.3474,3.5559,4.7915,6.4543,0.0010,1.5944,3.6045,0.2427,0.9513,722081,0,0,0,0,14,0,0.0069,0.0006,0.0655,536.8,1950,7501
137,ground_warm,84.200,8.0158,2.4013,5.6145,7.4629,0.0020,2.0122,4.2086,0.2447,0.9339,722081,0,0,0,0,14,0,0.0064,0.0005,0.0580,536.8,1950,7501
138,ground_warm,84.200,8.6955,2.6535,6.0420,6.4317,0.0020,1.5954,3.6045,0.2345,0.9359,722081,0,0,0,0,14,0,0.0094,0.0005,0.0852,536.8,1950,7501
139,ground_warm,84.200,9.3308,2.6223,6.7085,6.4410,0.0010,1.5954,3.6014,0.2386,0.9441,722081,0,0,0,0,14,0,0.0072,0.0004,0.0747,536.8,1950,7501
140,ground_warm,84.200,8.1607,1.7761,6.3846,6.4338,0.0020,1.5923,3.6055,0.2304,0.9431,722081,0,0,0,0,14,0,0.0063,0.0004,0.0632,536.8,1950,7501
141,ground_warm,84.200,8.5910,2.3823,6.2087,7.6186,0.0020,1.9692,4.1779,0.2355,0.9462,722081,0,0,0,0,14,0,0.0064,0.0005,0.0556,536.8,1950,7501
142,ground_warm,84.200,8.1800,2.6253,5.5547,6.4461,0.0010,1.5933,3.6065,0.2437,0.9411,722081,0,0,0,0,14,0,0.0069,0.0005,0.0771,536.8,1950,7501
143,ground_warm,84.200,9.1872,2.3350,6.8522,6.4379,0.0020,1.5954,3.6024,0.2365,0.9421,722081,0,0,0,0,14,0,0.0074,0.0005,0.0643,536.8,1950,7501
144,ground_warm,84.200,8.4362,2.1992,6.2370,6.9120,0.0010,1.5954,3.8318,0.2519,1.1725,722081,0,0,0,0,14,0,0.0066,0.0004,0.0552,536.8,1950,7501
145,ground_warm,84.200,8.4925,2.2160,6.2765,6.4328,0.0010,1.5974,3.6055,0.2406,0.9277,722081,0,0,0,0,14,0,0.0064,0.0005,0.0529,536.8,1950,7501
146,ground_warm,84.200,9.0324,2.6890,6.3434,6.4236,0.0010,1.5944,3.6004,0.2335,0.9339,722081,0,0,0,0,14,0,0.0066,0.0005,0.0786,536.8,1950,7501
147,ground_warm,84.200,8.2116,2.5887,5.6229,6.4276,0.0020,1.5913,3.6055,0.2355,0.9339,722081,0,0,0,0,14,0,0.0067,0.0005,0.0557,536.8,1950,7501
148,ground_warm,84.200,8.4660,2.2129,6.2531,6.7359,0.0010,1.5933,3.6096,0.2386,1.2319,722081,0,0,0,0,14,0,0.0069,0.0004,0.0791,536.8,1950,7501
149,ground_warm,84.200,8.4374,2.1116,6.3258,6.4338,0.0010,1.5913,3.6065,0.2437,0.9308,722081,0,0,0,0,14,0,0.0065,0.0009,0.0537,536.8,1950,7501
150,ground_warm,84.200,9.0709,2.7321,6.3388,6.4481,0.0010,1.5944,3.6035,0.2355,0.9544,722081,0,0,0,0,14,0,0.0081,0.0009,0.0819,536.8,1950,7501
151,ground_warm,84.200,8.3269,2.5233,5.8036,6.4410,0.0010,1.5954,3.5963,0.2488,0.9400,722081,0,0,0,0,14,0,0.0069,0.0008,0.0711,536.8,1950,7501
152,ground_warm,84.200,8.0238,2.2787,5.7451,7.0840,0.0041,1.5964,3.8584,0.2335,1.3312,722081,0,0,0,0,14,0,0.0068,0.0006,0.0668,536.8,1950,7501
154,ground_warm,84.200,8.6834,2.3635,6.3199,6.4461,0.0010,1.5954,3.6076,0.2376,0.9431,722081,0,0,0,0,14,0,0.0064,0.0005,0.0695,536.8,1950,7501
155,audit,84.200,2.9882,2.9863,0.0019,6.4328,0.0010,1.5933,3.6024,0.2417,0.9339,722081,0,0,0,0,14,0,0.0098,0.0009,0.1211,536.8,1950,7501
156,ground_horizon,84.200,3.2666,3.2647,0.0019,61.3212,0.0020,17.9517,28.4365,2.0408,12.4088,722081,0,0,0,0,14,0,0.0069,0.0004,0.0685,536.8,210,405
157,ground_horizon,84.200,3.1658,3.1458,0.0200,61.7298,0.0020,22.6734,28.4283,2.3521,7.7773,722081,0,0,0,0,14,0,0.0099,0.0012,0.1066,536.8,210,405
158,ground_horizon,84.200,75.0408,2.7145,72.3263,58.8595,0.0020,18.0244,28.8082,2.2456,7.6227,722081,0,0,0,0,14,0,0.0066,0.0005,0.0596,536.8,210,405
159,ground_horizon,84.200,77.5343,3.3865,74.1478,46.8040,0.0031,17.9988,23.8735,2.6450,1.8063,722081,0,0,0,0,14,0,0.0077,0.0006,0.0725,536.8,210,405
160,ground_horizon,84.200,79.2246,3.6393,75.5853,6.5495,0.0010,2.1350,2.6880,0.1905,1.4694,722081,0,0,0,0,14,0,0.0092,0.0006,0.0891,536.8,210,405
161,ground_horizon,84.200,49.5426,3.9189,45.6237,5.9443,0.0010,2.1340,2.6880,0.1915,0.8663,722081,0,0,0,0,14,0,0.0124,0.0011,0.1725,536.8,210,405
162,ground_horizon,84.200,8.5856,4.1471,4.4385,5.9443,0.0010,2.1320,2.6849,0.1905,0.8704,722081,0,0,0,0,14,0,0.0098,0.0012,0.1102,536.8,210,405
163,ground_horizon,84.200,7.4622,3.4294,4.0328,5.9546,0.0010,2.1361,2.6941,0.1894,0.8632,722081,0,0,0,0,14,0,0.0067,0.0005,0.0640,536.8,210,405
164,ground_horizon,84.200,7.8538,3.6850,4.1688,5.9320,0.0010,2.1381,2.6757,0.1894,0.8612,722081,0,0,0,0,14,0,0.0062,0.0005,0.0574,536.8,210,405
165,ground_horizon,84.200,7.7228,2.5337,5.1891,6.3887,0.0010,2.5610,2.6880,0.1905,0.8817,722081,0,0,0,0,14,0,0.0061,0.0005,0.0551,536.8,210,405
166,ground_horizon,84.200,8.2357,3.0407,5.1950,5.9607,0.0061,2.1320,2.6941,0.1925,0.8704,722081,0,0,0,0,14,0,0.0066,0.0004,0.0733,536.8,210,405
167,ground_horizon,84.200,7.7407,3.1727,4.5680,5.9556,0.0010,2.1402,2.6931,0.1915,0.8653,722081,0,0,0,0,14,0,0.0118,0.0010,0.0762,536.8,210,405
168,ground_horizon,84.200,8.1536,3.3626,4.7910,5.9638,0.0010,2.1391,2.6941,0.2058,0.8591,722081,0,0,0,0,14,0,0.0059,0.0004,0.0614,536.8,210,405
169,ground_horizon,84.200,7.4960,2.8003,4.6957,7.1229,0.0010,3.0761,2.9184,0.1946,0.8663,722081,0,0,0,0,14,0,0.0066,0.0005,0.0679,536.8,210,405
170,ground_horizon,84.200,7.8056,2.9317,4.8739,5.9341,0.0010,2.1279,2.6900,0.1894,0.8612,722081,0,0,0,0,14,0,0.0065,0.0006,0.0906,536.8,210,405
171,ground_horizon,84.200,8.6673,2.9930,5.6743,5.9228,0.0010,2.1361,2.6778,0.1915,0.8509,722081,0,0,0,0,14,0,0.0067,0.0004,0.0679,536.8,210,405
172,ground_horizon,84.200,7.5485,2.8104,4.7381,5.9382,0.0010,2.1361,2.6849,0.1894,0.8581,722081,0,0,0,0,14,0,0.0063,0.0004,0.0711,536.8,210,405
173,ground_horizon,84.200,7.5470,3.3204,4.2266,6.6212,0.0010,2.1391,3.3475,0.1874,0.8694,722081,0,0,0,0,14,0,0.0068,0.0005,0.0723,536.8,210,405
174,ground_horizon,84.200,8.3170,2.7177,5.5993,5.9423,0.0010,2.1320,2.6900,0.1853,0.8684,722081,0,0,0,0,14,0,0.0064,0.0008,0.0559,536.8,210,405
176,ground_horizon,84.200,7.6831,2.4004,5.2827,5.9290,0.0010,2.1361,2.6900,0.1884,0.8479,722081,0,0,0,0,14,0,0.0063,0.0005,0.0570,536.8,210,405
177,audit,84.200,4.5852,4.5817,0.0035,6.4143,0.0010,2.5395,2.8375,0.1772,0.7977,722081,0,0,0,0,14,0,0.0081,0.0005,0.0845,536.8,1777,7501
178,ground_down,84.200,3.9909,3.9894,0.0015,59.5374,0.0020,6.0959,44.4641,3.1263,5.3647,722081,0,0,0,0,14,0,0.0069,0.0005,0.0670,536.8,210,405
179,ground_down,84.200,3.6302,3.6104,0.0198,60.0402,0.0031,9.0870,41.3522,3.8932,5.2152,722081,0,0,0,0,14,0,0.0064,0.0005,0.0599,536.8,210,405
180,ground_down,84.200,74.9234,2.8431,72.0803,60.3392,0.0031,6.0068,41.3696,4.7667,7.7117,722081,0,0,0,0,14,0,0.0064,0.0005,0.0633,536.8,210,405
181,ground_down,84.200,82.4173,4.8590,77.5583,6.1870,0.0020,0.7260,4.4769,0.2939,0.6226,722081,0,0,0,0,14,0,0.0083,0.0007,0.0856,536.8,210,405
182,ground_down,84.200,70.8639,3.9087,66.9552,6.4594,0.0020,0.7270,4.4401,0.2908,0.9329,722081,0,0,0,0,14,0,0.0063,0.0009,0.0733,536.8,210,405
183,ground_down,84.200,7.6911,4.1438,3.5473,6.0948,0.0010,0.7188,4.4247,0.2898,0.5970,722081,0,0,0,0,14,0,0.0081,0.0005,0.1293,536.8,210,405
184,ground_down,84.200,9.3316,3.9153,5.4163,6.1071,0.0010,0.7178,4.4257,0.2877,0.6093,722081,0,0,0,0,14,0,0.0062,0.0005,0.0570,536.8,210,405
185,ground_down,84.200,8.3281,2.7424,5.5857,6.1092,0.0010,0.7178,4.4268,0.2877,0.6103,722081,0,0,0,0,14,0,0.0061,0.0007,0.0552,536.8,210,405
186,ground_down,84.200,8.1810,2.7646,5.4164,6.0959,0.0010,0.7188,4.4257,0.2908,0.5929,722081,0,0,0,0,14,0,0.0064,0.0004,0.0619,536.8,210,405
187,ground_down,84.200,8.5573,2.8455,5.7118,6.0969,0.0010,0.7178,4.4257,0.2888,0.5980,722081,0,0,0,0,14,0,0.0069,0.0006,0.0920,536.8,210,405
188,ground_down,84.200,8.0116,3.2063,4.8053,6.4952,0.0010,1.1172,4.4257,0.2898,0.5970,722081,0,0,0,0,14,0,0.0069,0.0006,0.0760,536.8,210,405
189,ground_down,84.200,8.4596,3.5767,4.8829,6.1112,0.0010,0.7188,4.4257,0.2918,0.6093,722081,0,0,0,0,14,0,0.0076,0.0010,0.0931,536.8,210,405
190,ground_down,84.200,8.7290,3.5787,5.1503,6.6560,0.0010,0.7188,4.4257,0.3021,1.1438,722081,0,0,0,0,14,0,0.0075,0.0006,0.0881,536.8,210,405
191,ground_down,84.200,8.7114,2.8111,5.9003,6.0979,0.0010,0.7188,4.4268,0.2908,0.5949,722081,0,0,0,0,14,0,0.0064,0.0004,0.0558,536.8,210,405
192,ground_down,84.200,8.6781,4.3278,4.3503,6.1041,0.0010,0.7199,4.4257,0.2857,0.6062,722081,0,0,0,0,14,0,0.0079,0.0007,0.1323,536.8,210,405
193,ground_down,84.200,8.2473,2.4302,5.8171,6.1133,0.0010,0.7188,4.4247,0.2908,0.6134,722081,0,0,0,0,14,0,0.0064,0.0005,0.0569,536.8,210,405
194,ground_down,84.200,8.3042,3.6134,4.6908,6.6755,0.0020,0.7178,4.6940,0.2908,0.9062,722081,0,0,0,0,14,0,0.0068,0.0009,0.0691,536.8,210,405
195,ground_down,84.200,8.0832,2.2565,5.8267,6.1123,0.0010,0.7301,4.4257,0.2867,0.6031,722081,0,0,0,0,14,0,0.0072,0.0004,0.0767,536.8,210,405
196,ground_down,84.200,9.0642,3.7320,5.3322,6.1123,0.0020,0.7168,4.4175,0.2908,0.6185,722081,0,0,0,0,14,0,0.0073,0.0007,0.0715,536.8,210,405
198,ground_down,84.200,7.8600,4.2155,3.6445,6.3918,0.0010,0.7158,4.6817,0.2888,0.6390,722081,0,0,0,0,14,0,0.0090,0.0012,0.0951,536.8,210,405
199,audit,84.200,3.9582,3.9564,0.0018,5.5972,0.0010,0.6595,4.0632,0.2662,0.5468,722081,0,0,0,0,14,0,0.0077,0.0006,0.0864,536.8,210,405
200,ground_up,84.200,6.0001,5.9980,0.0021,46.8664,0.0133,20.0571,15.5556,1.4950,9.2211,722081,0,0,0,0,14,0,0.0070,0.0004,0.0670,536.8,210,405
201,ground_up,84.200,6.1847,6.1608,0.0239,38.9427,0.0143,13.4492,18.7310,1.4469,4.8087,722081,0,0,0,0,14,0,0.0074,0.0010,0.1057,536.8,210,405
202,ground_up,84.200,55.8989,6.8156,49.0833,44.6802,0.0133,18.1340,19.5758,1.4152,5.0749,722081,0,0,0,0,14,0,0.0071,0.0007,0.0772,536.8,210,405
203,ground_up,84.200,53.0456,4.8936,48.1520,44.4508,0.0133,16.6502,20.7647,1.4551,5.0227,722081,0,0,0,0,14,0,0.0075,0.0004,0.0709,536.8,210,405
204,ground_up,84.200,59.8907,4.6633,55.2274,27.9173,0.0031,17.5872,7.9135,1.4131,0.5263,722081,0,0,0,0,14,0,0.0072,0.0007,0.0932,536.8,210,405
205,ground_up,84.200,58.4361,3.2067,55.2294,3.7468,0.0010,1.5995,1.4592,0.1024,0.5202,722081,0,0,0,0,14,0,0.0082,0.0007,0.1237,536.8,210,405
206,ground_up,84.200,30.5526,5.3806,25.1720,3.7898,0.0031,1.6148,1.4664,0.1055,0.5263,722081,0,0,0,0,14,0,0.0079,0.0008,0.0738,536.8,210,405
207,ground_up,84.200,5.4942,5.4610,0.0332,3.7612,0.0041,1.6108,1.4428,0.1044,0.5284,722081,0,0,0,0,14,0,0.0063,0.0005,0.0715,536.8,210,405
208,ground_up,84.200,5.9421,5.9142,0.0279,4.5476,0.0041,2.4054,1.4490,0.1065,0.5120,722081,0,0,0,0,14,0,0.0112,0.0010,0.1027,536.8,210,405
209,ground_up,84.200,4.7424,4.7184,0.0240,3.7786,0.0031,1.6077,1.4561,0.1034,0.5356,722081,0,0,0,0,14,0,0.0091,0.0009,0.1012,536.8,210,405
210,ground_up,84.200,6.5413,3.9790,2.5623,3.7632,0.0031,1.6108,1.4500,0.1055,0.5243,722081,0,0,0,0,14,0,0.0070,0.0004,0.0718,536.8,210,405
211,ground_up,84.200,4.5865,4.5558,0.0307,3.7786,0.0031,1.6138,1.4643,0.1126,0.5100,722081,0,0,0,0,14,0,0.0097,0.0008,0.0993,536.8,210,405
212,ground_up,84.200,5.9890,3.8450,2.1440,3.7929,0.0031,1.6087,1.4643,0.1065,0.5396,722081,0,0,0,0,14,0,0.0066,0.0004,0.0607,536.8,210,405
213,ground_up,84.200,5.4506,3.9588,1.4918,4.3510,0.0123,1.6128,1.7285,0.1055,0.8151,722081,0,0,0,0,14,0,0.0072,0.0007,0.0755,536.8,210,405
214,ground_up,84.200,5.2163,3.6874,1.5289,3.7591,0.0031,1.6067,1.4418,0.1024,0.5356,722081,0,0,0,0,14,0,0.0073,0.0006,0.0775,536.8,210,405
215,ground_up,84.200,6.5325,4.5601,1.9724,3.7683,0.0031,1.6118,1.4551,0.1044,0.5243,722081,0,0,0,0,14,0,0.0087,0.0008,0.0968,536.8,210,405
216,ground_up,84.200,5.2624,3.7420,1.5204,3.7571,0.0031,1.6036,1.4428,0.1055,0.5274,722081,0,0,0,0,14,0,0.0069,0.0006,0.0795,536.8,210,405
217,ground_up,84.200,4.8804,4.8524,0.0280,3.7571,0.0031,1.6046,1.4572,0.1044,0.5171,722081,0,0,0,0,14,0,0.0068,0.0005,0.0578,536.8,210,405
218,ground_up,84.200,5.7391,4.2531,1.4860,3.7396,0.0031,1.6067,1.4387,0.1044,0.5130,722081,0,0,0,0,14,0,0.0074,0.0007,0.0801,536.8,210,405
220,ground_up,84.200,5.3720,3.3227,2.0493,3.7775,0.0031,1.6138,1.4469,0.1055,0.5304,722081,0,0,0,0,14,0,0.0064,0.0005,0.0725,536.8,210,405
221,audit,84.200,3.5622,3.5602,0.0020,3.7642,0.0031,1.6067,1.4408,0.1044,0.5284,722081,0,0,0,0,14,0,0.0066,0.0007,0.0730,536.8,210,405
222,walk,84.200,3.8249,3.8232,0.0017,68.8445,0.0020,15.1020,34.9399,2.8488,15.4819,722081,0,0,0,0,14,0,0.0082,0.0007,0.0916,536.8,210,405
223,walk,84.200,2.9399,2.9383,0.0016,41.0225,0.0031,9.1781,22.8567,2.7279,5.9269,722081,0,0,0,0,14,0,0.0255,0.0011,0.0986,536.8,210,405
224,walk,84.200,9.8184,3.4409,6.3775,41.1197,0.0020,9.5754,22.8352,2.8488,5.5060,722081,0,0,0,0,14,0,0.0203,0.0006,0.0778,536.8,210,405
225,walk,84.200,53.8679,3.3183,50.5496,40.5617,0.0031,9.1638,22.5157,2.8027,5.7518,722081,0,0,0,0,14,0,0.0281,0.0005,0.0791,536.8,210,405
226,walk,84.200,62.4629,3.9559,58.5070,6.9222,0.0010,2.0009,3.5604,0.2478,0.9718,722081,0,0,0,0,14,0,0.0319,0.0007,0.0957,536.8,210,405
227,walk,84.200,60.4772,3.1996,57.2776,6.6437,0.0020,1.8074,3.5594,0.2540,0.9564,722081,0,0,0,0,14,0,0.0237,0.0006,0.0699,536.8,210,405
228,walk,84.200,13.5495,3.5596,9.9899,6.6673,0.0010,1.8074,3.5604,0.2519,0.9810,722081,0,0,0,0,14,0,0.0266,0.0008,0.0797,536.8,210,405
229,walk,84.200,11.3855,4.9463,6.4392,7.3748,0.0020,2.2344,3.5584,0.2611,0.9810,722081,0,0,0,0,14,0,0.0253,0.0010,0.0765,536.8,210,405
230,walk,84.200,10.9319,4.1707,6.7612,6.6509,0.0010,1.8094,3.5543,0.2519,0.9677,722081,0,0,0,0,14,0,0.0272,0.0006,0.0756,536.8,210,405
232,walk,84.200,9.2924,2.6951,6.5973,7.3339,0.0010,2.1524,3.5604,0.2540,1.3015,722081,0,0,0,0,14,0,0.0252,0.0006,0.0758,536.8,210,405
233,walk,84.200,11.4794,4.3044,7.1750,6.6652,0.0010,1.8084,3.5635,0.2468,0.9810,722081,0,0,0,0,14,0,0.0225,0.0003,0.0750,536.8,210,405
234,walk,84.200,11.5825,3.6156,7.9669,6.6755,0.0020,1.8043,3.5594,0.2529,0.9769,722081,0,0,0,0,14,0,0.0264,0.0006,0.0851,536.8,1777,7501
235,walk,84.200,10.8042,3.7363,7.0679,6.6335,0.0010,1.8135,3.5553,0.2478,0.9503,722081,0,0,0,0,14,0,0.0243,0.0005,0.0792,536.8,1777,7501
236,walk,84.200,10.8225,3.8976,6.9249,7.0339,0.0010,2.2057,3.5543,0.2499,0.9574,722081,0,0,0,0,14,0,0.0288,0.0006,0.0881,536.8,1777,7501
237,walk,84.200,13.4614,4.2493,9.2121,6.6580,0.0010,1.8094,3.5594,0.2488,0.9728,722081,0,0,0,0,14,0,0.0245,0.0007,0.1016,536.8,1777,7501
238,walk,84.200,13.7852,5.4163,8.3689,7.5223,0.0020,1.8166,4.4339,0.2437,0.9615,722081,0,0,0,0,14,0,0.0193,0.0007,0.0784,536.8,1777,7501
239,walk,84.200,13.3852,3.8148,9.5704,6.6365,0.0010,1.8053,3.5523,0.2540,0.9585,722081,0,0,0,0,14,0,0.0231,0.0009,0.1073,536.8,1777,7501
240,walk,84.200,10.7299,3.7477,6.9822,6.6652,0.0010,1.8094,3.5553,0.2560,0.9759,722081,0,0,0,0,14,0,0.0235,0.0006,0.0659,536.8,1777,7501
241,walk,84.200,9.8901,3.1375,6.7526,6.6642,0.0010,1.8145,3.5584,0.2529,0.9687,722081,0,0,0,0,14,0,0.0265,0.0007,0.0793,536.8,1777,7501
242,walk,84.200,10.5476,4.0976,6.4500,7.4844,0.0020,2.2364,3.9608,0.2488,0.9656,722081,0,0,0,0,14,0,0.0312,0.0008,0.1073,536.8,1777,7501
243,walk,84.200,11.5271,4.8553,6.6718,6.6755,0.0010,1.8196,3.5697,0.2529,0.9636,722081,0,0,0,0,14,0,0.0234,0.0004,0.0746,536.8,1777,7501
244,walk,84.200,10.6473,4.0790,6.5683,7.0543,0.0010,1.8166,4.0417,0.2273,0.8980,722081,0,0,0,0,14,0,0.0342,0.0006,0.0732,536.8,1777,7501
245,walk,84.200,12.2283,4.1186,8.1097,6.1614,0.0010,1.6691,3.2850,0.2427,0.9021,722081,0,0,0,0,14,0,0.0246,0.0007,0.0756,536.8,1777,7501
246,walk,84.200,10.4062,3.8836,6.5226,6.1276,0.0010,1.6650,3.2737,0.2396,0.8858,722081,0,0,0,0,14,0,0.0249,0.0006,0.0822,536.8,1777,7501
247,walk,84.200,12.7682,4.0303,8.7379,7.0380,0.0010,2.1975,3.6577,0.2345,0.8847,722081,0,0,0,0,14,0,0.0305,0.0008,0.1015,536.8,1777,7501
248,walk,84.200,11.3361,3.4166,7.9195,6.1276,0.0010,1.6722,3.2666,0.2355,0.8899,722081,0,0,0,0,14,0,0.0252,0.0007,0.0813,536.8,1777,7501
249,walk,84.200,14.1921,4.2525,9.9396,6.0918,0.0010,1.6558,3.2410,0.2304,0.9011,722081,0,0,0,0,14,0,0.0275,0.0006,0.0863,536.8,1777,7501
250,walk,84.200,11.8853,4.5458,7.3395,6.5065,0.0020,2.0828,3.2440,0.2335,0.8827,722081,0,0,0,0,14,0,0.0254,0.0007,0.0849,536.8,1777,7501
251,walk,84.200,10.5859,3.8023,6.7836,6.0744,0.0010,1.6620,3.2399,0.2304,0.8796,722081,0,0,0,0,14,0,0.0272,0.0006,0.0797,536.8,1777,7501
252,walk,84.200,13.1384,4.7582,8.3802,6.0826,0.0010,1.6589,3.2440,0.2335,0.8837,722081,0,0,0,0,14,0,0.0247,0.0007,0.0721,536.8,1777,7501
253,walk,84.200,12.0152,5.3025,6.7127,6.0682,0.0010,1.6558,3.2389,0.2324,0.8765,722081,0,0,0,0,14,0,0.0269,0.0005,0.0837,536.8,1777,7501
254,walk,84.200,11.9091,3.7216,8.1875,6.0805,0.0010,1.6620,3.2430,0.2304,0.8817,722081,0,0,0,0,14,0,0.0273,0.0009,0.1136,536.8,1777,7501
255,walk,84.200,10.0941,3.5910,6.5031,6.0631,0.0020,1.6640,3.2358,0.2304,0.8684,722081,0,0,0,0,14,0,0.0243,0.0006,0.0713,536.8,1777,7501
256,walk,84.200,11.8191,3.4325,8.3866,6.0959,0.0020,1.6660,3.2502,0.2345,0.8817,722081,0,0,0,0,14,0,0.0254,0.0010,0.0726,536.8,1777,7501
257,walk,84.200,10.9694,3.2542,7.7152,6.0836,0.0010,1.6640,3.2399,0.2243,0.8919,722081,0,0,0,0,14,0,0.0301,0.0009,0.0843,536.8,1777,7501
258,walk,84.200,10.7137,3.7558,6.9579,6.0938,0.0010,1.6650,3.2399,0.2284,0.8970,722081,0,0,0,0,14,0,0.0256,0.0006,0.0782,536.8,1777,7501
259,walk,84.200,12.5911,3.8368,8.7543,6.0467,0.0010,1.6701,3.2317,0.2253,0.8591,722081,0,0,0,0,14,0,0.0270,0.0006,0.0782,536.8,1777,7501
260,walk,84.200,10.2367,3.2436,6.9931,6.0682,0.0010,1.6579,3.2297,0.2304,0.8899,722081,0,0,0,0,14,0,0.0265,0.0006,0.0995,536.8,1777,7501
261,walk,84.200,12.8678,3.9301,8.9377,6.6949,0.0010,1.6650,3.8472,0.2335,0.8888,722081,0,0,0,0,14,0,0.0407,0.0011,0.1124,536.8,1777,7501
262,walk,84.200,12.4449,3.6973,8.7476,6.0713,0.0010,1.6671,3.2358,0.2324,0.8745,722081,0,0,0,0,14,0,0.0287,0.0005,0.1027,536.8,1777,7501
263,walk,84.200,13.1180,4.3962,8.7218,6.0713,0.0010,1.6712,3.2358,0.2253,0.8786,722081,0,0,0,0,14,0,0.0231,0.0006,0.1047,536.8,1777,7501
264,walk,84.200,11.5270,3.9217,7.6053,6.9048,0.0010,1.8924,3.8400,0.2263,0.8858,722081,0,0,0,0,14,0,0.0283,0.0007,0.1103,536.8,1777,7501
265,walk,84.300,11.4433,3.8148,7.6285,6.0652,0.0020,1.6712,3.2266,0.2304,0.8755,722081,0,0,0,0,14,0,0.0323,0.0007,0.0889,536.8,1777,7501
266,walk,84.200,11.3479,4.2988,7.0491,6.0785,0.0010,1.6701,3.2317,0.2263,0.8899,722081,0,0,0,0,14,0,0.0283,0.0006,0.0993,536.8,1777,7501
267,walk,84.200,15.1792,6.0987,9.0805,6.0692,0.0010,1.6763,3.2389,0.2345,0.8591,722081,0,0,0,0,14,0,0.0286,0.0008,0.1081,536.8,1777,7501
268,walk,84.200,11.6249,3.8104,7.8145,6.0815,0.0010,1.6732,3.2369,0.2263,0.8837,722081,0,0,0,0,14,0,0.0280,0.0012,0.0964,536.8,1777,7501
269,walk,84.200,11.3244,3.9841,7.3403,6.3949,0.0010,1.6753,3.2379,0.2294,1.1919,722081,0,0,0,0,14,0,0.0268,0.0012,0.1020,536.8,1777,7501
270,walk,84.200,12.4636,3.7255,8.7381,6.0692,0.0010,1.6763,3.2307,0.2355,0.8663,722081,0,0,0,0,14,0,0.0238,0.0008,0.0754,536.8,1777,7501
271,walk,84.200,12.5612,3.8896,8.6716,6.0641,0.0010,1.6753,3.2287,0.2263,0.8724,722081,0,0,0,0,14,0,0.0256,0.0007,0.1089,536.8,1777,7501
272,walk,84.200,12.2173,3.4115,8.8058,7.0902,0.0010,1.9026,4.0253,0.2273,0.8745,722081,0,0,0,0,14,0,0.0264,0.0006,0.1184,536.8,1777,7501
273,walk,84.200,11.5401,3.2329,8.3072,6.0928,0.0010,1.6814,3.2328,0.2324,0.8847,722081,0,0,0,0,14,0,0.0258,0.0009,0.1113,536.8,1777,7501
274,walk,84.300,10.3608,3.8612,6.4996,6.1020,0.0010,1.6845,3.2358,0.2243,0.8970,722081,0,0,0,0,14,0,0.0313,0.0006,0.0790,536.8,1777,7501
275,walk,84.300,13.8026,4.7675,9.0351,6.7052,0.0010,2.3163,3.2276,0.2304,0.8694,722081,0,0,0,0,14,0,0.0272,0.0006,0.0953,536.8,1777,7501
276,walk,84.300,10.3523,3.2935,7.0588,6.1112,0.0010,1.6845,3.2369,0.2304,0.8980,722081,0,0,0,0,14,0,0.0351,0.0009,0.1256,536.8,1777,7501
277,walk,84.300,13.6904,4.2896,9.4008,6.1092,0.0010,1.6927,3.2389,0.2263,0.8909,722081,0,0,0,0,14,0,0.0265,0.0007,0.0930,536.8,1957,7501
278,walk,84.300,14.6320,5.9044,8.7276,6.0897,0.0020,1.6896,3.2379,0.2294,0.8714,722081,0,0,0,0,14,0,0.0292,0.0007,0.1221,536.8,1957,7501
279,walk,84.300,13.9219,3.6397,10.2822,6.0856,0.0010,1.6957,3.2369,0.2243,0.8684,722081,0,0,0,0,14,0,0.0293,0.0007,0.1089,536.8,1957,7501
280,walk,84.300,10.0368,3.3620,6.6748,6.9734,0.0010,1.6947,3.6987,0.2324,1.2872,722081,0,0,0,0,14,0,0.0287,0.0004,0.0732,536.8,1957,7501
281,walk,84.300,11.7111,3.7325,7.9786,6.1082,0.0020,1.6916,3.2338,0.2284,0.8929,722081,0,0,0,0,14,0,0.0298,0.0007,0.1230,536.8,1957,7501
282,walk,84.300,10.8157,3.3231,7.4926,6.0867,0.0010,1.6947,3.2256,0.2284,0.8765,722081,0,0,0,0,14,0,0.0266,0.0006,0.0835,536.8,1957,7501
283,walk,84.300,9.8892,3.3381,6.5511,6.7348,0.0010,1.6876,3.4867,0.2263,1.2739,722081,0,0,0,0,14,0,0.0293,0.0006,0.0779,536.8,1957,7501
284,walk,84.300,11.2430,3.4399,7.8031,6.0969,0.0010,1.7029,3.2328,0.2232,0.8776,722081,0,0,0,0,14,0,0.0257,0.0004,0.0752,536.8,1957,7501
285,walk,84.300,11.0497,3.5201,7.5296,6.0867,0.0010,1.6937,3.2236,0.2304,0.8776,722081,0,0,0,0,14,0,0.0275,0.0027,0.0835,536.8,1957,7501
286,walk,84.300,10.9291,3.6134,7.3157,6.9540,0.0010,1.6988,3.6803,0.2273,1.2872,722081,0,0,0,0,14,0,0.0221,0.0008,0.1155,536.8,1957,7501
287,walk,84.300,10.2201,3.4484,6.7717,6.0979,0.0010,1.7050,3.2338,0.2324,0.8663,722081,0,0,0,0,14,0,0.0267,0.0004,0.0745,536.8,1957,7501
288,walk,84.300,10.4526,3.7911,6.6615,6.0969,0.0010,1.7019,3.2358,0.2263,0.8724,722081,0,0,0,0,14,0,0.0346,0.0007,0.1036,536.8,1957,7501
289,walk,84.300,10.9145,4.4341,6.4804,6.0969,0.0010,1.7070,3.2215,0.2284,0.8796,722081,0,0,0,0,14,0,0.0294,0.0005,0.0837,536.8,1957,7501
290,walk,84.300,16.8803,5.1770,11.7033,6.1041,0.0020,1.6988,3.2328,0.2284,0.8817,722081,0,0,0,0,14,0,0.0264,0.0006,0.2543,536.8,1957,7501
291,walk,84.300,10.2744,3.5896,6.6848,6.1491,0.0020,1.7070,3.2430,0.2376,0.8991,722081,0,0,0,0,14,0,0.0317,0.0012,0.0961,536.8,1957,7501
292,walk,84.300,11.2318,3.5087,7.7231,6.9468,0.0010,1.7152,4.0509,0.2304,0.8888,722081,0,0,0,0,14,0,0.0267,0.0005,0.0894,536.8,1957,7501
293,walk,84.300,10.9462,3.8125,7.1337,6.1471,0.0010,1.7142,3.2420,0.2324,0.8980,722081,0,0,0,0,14,0,0.0236,0.0005,0.0745,536.8,1957,7501
294,walk,84.300,13.3097,3.9949,9.3148,6.1379,0.0020,1.7244,3.2389,0.2273,0.8847,722081,0,0,0,0,14,0,0.0280,0.0009,0.1008,536.8,1957,7501
295,walk,84.300,10.6968,3.8907,6.8061,6.9427,0.0010,2.1821,3.6086,0.2253,0.8653,722081,0,0,0,0,14,0,0.0282,0.0007,0.0776,536.8,1957,7501
296,walk,84.300,10.8089,3.5218,7.2871,6.1358,0.0020,1.7254,3.2481,0.2232,0.8765,722081,0,0,0,0,14,0,0.0293,0.0005,0.0730,536.8,1957,7501
297,walk,84.300,9.6951,3.1762,6.5189,6.1491,0.0010,1.7193,3.2532,0.2273,0.8878,722081,0,0,0,0,14,0,0.0310,0.0007,0.0754,536.8,1957,7501
298,walk,84.300,12.9014,3.6327,9.2687,6.9581,0.0010,2.3173,3.4775,0.2355,0.8673,722081,0,0,0,0,14,0,0.0275,0.0006,0.1167,536.8,1957,7501
299,walk,84.300,10.8672,3.5530,7.3142,6.1491,0.0010,1.7213,3.2420,0.2243,0.8991,722081,0,0,0,0,14,0,0.0316,0.0008,0.1135,536.8,1957,7501
300,walk,84.300,10.0782,3.5294,6.5488,6.1522,0.0010,1.7265,3.2420,0.2263,0.8970,722081,0,0,0,0,14,0,0.0265,0.0006,0.0790,536.8,1957,7501
301,walk,84.300,10.2413,3.6227,6.6186,6.7738,0.0010,1.7285,3.8636,0.2314,0.8888,722081,0,0,0,0,14,0,0.0308,0.0009,0.0796,536.8,1957,7501
302,walk,84.300,11.4185,4.2198,7.1987,6.1553,0.0010,1.7275,3.2451,0.2243,0.8980,722081,0,0,0,0,14,0,0.0338,0.0015,0.1188,536.8,1957,7501
303,walk,84.300,13.0569,4.1174,8.9395,6.1655,0.0010,1.7336,3.2512,0.2314,0.8878,722081,0,0,0,0,14,0,0.0276,0.0009,0.1348,536.8,1957,7501
304,walk,84.300,14.1040,4.6150,9.4890,6.1645,0.0010,1.7336,3.2492,0.2284,0.8929,722081,0,0,0,0,14,0,0.0277,0.0004,0.0966,536.8,1957,7501
305,walk,84.300,10.9989,3.4891,7.5098,6.1379,0.0010,1.7347,3.2492,0.2253,0.8673,722081,0,0,0,0,14,0,0.0250,0.0005,0.0718,536.8,1957,7501
306,walk,84.300,10.6946,3.4700,7.2246,6.1542,0.0010,1.7336,3.2410,0.2314,0.8878,722081,0,0,0,0,14,0,0.0241,0.0005,0.0743,536.8,1957,7501
307,walk,84.300,12.7989,3.7412,9.0577,6.6796,0.0010,2.2610,3.2543,0.2253,0.8776,722081,0,0,0,0,14,0,0.0273,0.0010,0.1051,536.8,1957,7501
308,walk,84.300,10.0601,3.5618,6.4983,6.1532,0.0010,1.7398,3.2369,0.2263,0.8888,722081,0,0,0,0,14,0,0.0218,0.0008,0.1307,536.8,1957,7501
309,walk,84.300,13.7336,4.4477,9.2859,6.6621,0.0010,1.7357,3.4714,0.2284,1.1653,722081,0,0,0,0,14,0,0.0272,0.0006,0.0950,536.8,1957,7501
310,walk,84.300,11.0479,3.8941,7.1538,6.1706,0.0010,1.7377,3.2502,0.2345,0.8878,722081,0,0,0,0,14,0,0.0222,0.0004,0.0731,536.8,1957,7501
311,walk,84.300,10.9093,3.4701,7.4392,6.1594,0.0020,1.7408,3.2543,0.2232,0.8786,722081,0,0,0,0,14,0,0.0314,0.0011,0.1298,536.8,1957,7501
312,walk,84.300,12.9287,4.0147,8.9140,6.7932,0.0010,1.7428,3.8810,0.2284,0.8796,722081,0,0,0,0,14,0,0.0274,0.0005,0.0959,536.8,1957,7501
313,walk,84.300,13.8599,4.8169,9.0430,6.1542,0.0010,1.7418,3.2348,0.2273,0.8888,722081,0,0,0,0,14,0,0.0270,0.0006,0.1118,536.8,1957,7501
314,walk,84.300,11.0207,3.2876,7.7331,6.1891,0.0010,1.7469,3.2522,0.2284,0.9001,722081,0,0,0,0,14,0,0.0244,0.0005,0.0808,536.8,1957,7501
315,walk,84.300,11.3764,4.0759,7.3005,7.1506,0.0010,2.3675,3.6127,0.2294,0.8796,722081,0,0,0,0,14,0,0.0245,0.0005,0.0760,536.8,1957,7501
316,walk,84.300,12.4541,3.5491,8.9050,6.2054,0.0020,1.7480,3.2553,0.2273,0.9144,722081,0,0,0,0,14,0,0.0254,0.0005,0.0785,536.8,1957,7501
317,walk,84.300,13.8695,4.9850,8.8845,6.4891,0.0010,2.0726,3.2502,0.2263,0.8776,722081,0,0,0,0,14,0,0.0280,0.0010,0.1162,536.8,1957,7501
318,walk,84.300,14.7450,4.3517,10.3933,7.1158,0.0010,1.7500,4.1708,0.2345,0.8991,722081,0,0,0,0,14,0,0.0286,0.0007,0.1149,536.8,1957,7501
319,walk,84.300,11.8327,4.9563,6.8764,6.4317,0.2836,1.7357,3.2410,0.2263,0.8858,722687,0,1114,508,0,14,0,0.7463,0.4904,0.1428,536.8,1957,7501
320,walk,84.300,10.5321,2.9184,7.6137,6.4317,0.0010,1.7418,3.2440,0.2263,1.1581,722687,0,0,0,0,14,0,0.0259,0.0004,0.0781,536.8,1950,7501
321,walk,84.300,11.4001,3.9374,7.4627,6.2034,0.0010,1.7459,3.2655,0.2273,0.9052,722687,0,0,0,0,14,0,0.0289,0.0007,0.0913,536.8,1950,7501
322,walk,84.300,11.1429,3.4031,7.7398,6.1696,0.0010,1.7428,3.2543,0.2284,0.8827,722687,0,0,0,0,14,0,0.0246,0.0004,0.0819,536.8,1950,7501
323,walk,84.300,11.9067,3.8926,8.0141,6.7748,0.0010,1.7449,3.8502,0.2294,0.8888,722687,0,0,0,0,14,0,0.0306,0.0009,0.1278,536.8,1950,7501
324,walk,84.300,11.3861,3.8412,7.5449,6.1809,0.0010,1.7510,3.2635,0.2304,0.8745,722687,0,0,0,0,14,0,0.0299,0.0009,0.1351,536.8,1950,7501
325,walk,84.300,12.2325,4.4520,7.7805,6.1850,0.0010,1.7459,3.2553,0.2294,0.8929,722687,0,0,0,0,14,0,0.1445,0.0012,0.2005,536.8,1950,7501
326,walk,84.300,15.1433,6.6552,8.4881,6.1809,0.0020,1.7500,3.2502,0.2273,0.8929,722687,0,0,0,0,14,0,0.0251,0.0007,0.1035,536.8,1950,7501
327,walk,84.300,12.5723,3.5467,9.0256,6.1962,0.0010,1.7510,3.2666,0.2294,0.8878,722687,0,0,0,0,14,0,0.0281,0.0010,0.0836,536.8,1950,7501
328,walk,84.300,10.3820,3.4181,6.9639,6.1020,0.0010,1.6650,3.2512,0.2294,0.8950,722687,0,0,0,0,14,0,0.0249,0.0005,0.0935,536.8,1950,7501
329,walk,84.300,10.7315,4.1997,6.5318,6.1174,0.0020,1.6681,3.2492,0.2304,0.9083,722687,0,0,0,0,14,0,0.0488,0.0017,0.1467,536.8,1950,7501
330,walk,84.300,9.8869,3.2126,6.6743,6.1102,0.0010,1.6681,3.2532,0.2314,0.8960,722687,0,0,0,0,14,0,0.0291,0.0007,0.0721,536.8,1950,7501
331,walk,84.300,9.7297,3.1364,6.5933,6.1204,0.0010,1.6701,3.2492,0.2324,0.9083,722687,0,0,0,0,14,0,0.0288,0.0006,0.0779,536.8,1950,7501
332,walk,84.300,9.9046,3.3154,6.5892,7.1895,0.0010,2.2026,3.8093,0.2314,0.8847,722687,0,0,0,0,14,0,0.0290,0.0026,0.0828,536.8,1950,7501
333,walk,84.300,11.2555,3.8341,7.4214,6.1092,0.0020,1.6732,3.2584,0.2294,0.8868,722687,0,0,0,0,14,0,0.0256,0.0006,0.1263,536.8,1950,7501
334,walk,84.300,11.4416,3.5837,7.8579,6.1399,0.0010,1.6691,3.2635,0.2294,0.9165,722687,0,0,0,0,14,0,0.0283,0.0005,0.0787,536.8,1950,7501
335,walk,84.300,10.3256,3.6945,6.6311,6.9612,0.0010,1.6794,3.6987,0.2314,1.2902,722687,0,0,0,0,14,0,0.0298,0.0011,0.0829,536.8,1950,7501
336,walk,84.300,10.7767,3.4127,7.3640,6.1235,0.0010,1.6701,3.2543,0.2345,0.9032,722687,0,0,0,0,14,0,0.0315,0.0006,0.1007,536.8,1950,7501
337,walk,84.300,10.6713,3.7746,6.8967,6.1082,0.0010,1.6783,3.2502,0.2345,0.8858,722687,0,0,0,0,14,0,0.0234,0.0007,0.1027,536.8,1950,7501
338,walk,84.300,10.2006,3.5745,6.6261,6.7318,0.0010,1.6763,3.8656,0.2253,0.9032,722687,0,0,0,0,14,0,0.0262,0.0005,0.0974,536.8,1950,7501
339,walk,84.300,9.6512,2.7471,6.9041,6.1112,0.0010,1.6824,3.2502,0.2253,0.8919,722687,0,0,0,0,14,0,0.0271,0.0009,0.0841,536.8,1950,7501
340,walk,84.300,10.2695,3.4910,6.7785,6.1030,0.0010,1.6794,3.2420,0.2273,0.8950,722687,0,0,0,0,14,0,0.0287,0.0010,0.0897,536.8,1950,7501
341,walk,84.300,9.9208,3.4894,6.4314,6.1481,0.0010,1.6783,3.2481,0.2314,0.9298,722687,0,0,0,0,14,0,0.0286,0.0006,0.0829,536.8,1950,7501
342,walk,84.300,13.8927,3.7007,10.1920,6.1266,0.0010,1.6794,3.2553,0.2243,0.9083,722687,0,0,0,0,14,0,0.0304,0.0009,0.1135,536.8,1950,7501
343,walk,84.300,11.2219,3.5090,7.7129,6.1164,0.0010,1.6763,3.2604,0.2263,0.8929,722687,0,0,0,0,14,0,0.0355,0.0008,0.0946,536.8,1950,7501
344,walk,84.200,11.3762,4.8564,6.5198,6.7502,0.0010,1.6732,3.4836,0.2304,1.3036,722687,0,0,0,0,14,0,0.0329,0.0009,0.1450,536.8,1950,7501
345,walk,84.200,15.0403,4.6853,10.3550,6.1071,0.0010,1.6691,3.2410,0.2355,0.9011,722687,0,0,0,0,14,0,0.0280,0.0006,0.0856,536.8,1950,7501
346,walk,84.200,14.1743,4.5190,9.6553,6.1051,0.0010,1.6640,3.2440,0.2243,0.9124,722687,0,0,0,0,14,0,0.0262,0.0006,0.0924,536.8,1950,7501
347,walk,84.200,13.9074,5.0437,8.8637,6.1225,0.0010,1.6753,3.2512,0.2304,0.9052,722687,0,0,0,0,14,0,0.0337,0.0008,0.1250,536.8,1950,7501
348,walk,84.200,13.6826,4.3834,9.2992,6.1041,0.0020,1.6681,3.2451,0.2284,0.9021,722687,0,0,0,0,14,0,0.0282,0.0008,0.1312,536.8,1950,7501
349,walk,84.200,10.9287,3.2443,7.6844,6.9919,0.0010,1.6701,3.7274,0.2335,1.3005,722687,0,0,0,0,14,0,0.0277,0.0007,0.0788,536.8,1950,7501
350,walk,84.200,10.9800,3.9345,7.0455,6.1307,0.0010,1.6722,3.2584,0.2273,0.9114,722687,0,0,0,0,14,0,0.0276,0.0009,0.0852,536.8,1950,7501
351,walk,84.200,13.2352,4.0213,9.2139,6.0928,0.0010,1.6742,3.2389,0.2253,0.8929,722687,0,0,0,0,14,0,0.0264,0.0011,0.0956,536.8,1950,7501
352,walk,84.200,10.5930,3.9202,6.6728,6.9243,0.0010,1.6753,4.0735,0.2253,0.8899,722687,0,0,0,0,14,0,0.0296,0.0009,0.0936,536.8,1950,7501
353,walk,84.200,12.2367,3.6658,8.5709,6.1030,0.0010,1.6753,3.2287,0.2324,0.9062,722687,0,0,0,0,14,0,0.0256,0.0005,0.0977,536.8,1950,7501
354,walk,84.200,10.5333,3.1504,7.3829,6.1143,0.0010,1.6763,3.2502,0.2263,0.9011,722687,0,0,0,0,14,0,0.0223,0.0006,0.0837,536.8,1950,7501
355,walk,84.200,9.6791,3.0897,6.5894,6.9499,0.0010,1.6742,4.0806,0.2324,0.9021,722687,0,0,0,0,14,0,0.0261,0.0006,0.0690,536.8,1950,7501
356,walk,84.200,9.8883,2.9970,6.8913,6.1030,0.0010,1.6804,3.2492,0.2243,0.8878,722687,0,0,0,0,14,0,0.0244,0.0006,0.0739,536.8,1950,7501
357,walk,84.200,10.0509,3.4935,6.5574,6.1143,0.0010,1.6783,3.2461,0.2284,0.9011,722687,0,0,0,0,14,0,0.0241,0.0006,0.0784,536.8,1950,7501
358,walk,84.200,9.6193,2.9186,6.7007,6.4133,0.0010,1.6701,3.2379,0.2335,1.2104,722687,0,0,0,0,14,0,0.0247,0.0006,0.0680,536.8,1950,7501
359,walk,84.200,11.6925,4.8158,6.8767,6.1061,0.0020,1.6814,3.2430,0.2263,0.8950,722687,0,0,0,0,14,0,0.0267,0.0006,0.0986,536.8,1950,7501
360,walk,84.200,14.6614,4.6172,10.0442,6.1225,0.0010,1.6794,3.2369,0.2294,0.9165,722687,0,0,0,0,14,0,0.0260,0.0007,0.1196,536.8,1950,7501
361,walk,84.200,10.1373,3.1259,7.0114,6.9243,0.0010,1.6814,4.0561,0.2294,0.8970,722687,0,0,0,0,14,0,0.0282,0.0006,0.0763,536.8,1950,7501
362,walk,84.200,10.6285,3.3576,7.2709,6.1286,0.0010,1.6814,3.2379,0.2284,0.9206,722687,0,0,0,0,14,0,0.0284,0.0005,0.0817,536.8,1950,7501
363,walk,84.200,10.3366,3.6357,6.7009,6.1409,0.0020,1.6886,3.2451,0.2324,0.9124,722687,0,0,0,0,14,0,0.0286,0.0004,0.0806,536.8,1950,7501
364,walk,84.300,10.6586,3.2012,7.4574,6.4276,0.0010,1.6998,3.2471,0.2243,1.1971,722687,0,0,0,0,14,0,0.0241,0.0006,0.0763,536.8,1950,7501
365,walk,84.300,10.9995,3.1454,7.8541,6.1379,0.0010,1.6957,3.2471,0.2284,0.9062,722687,0,0,0,0,14,0,0.0285,0.0006,0.0838,536.8,1950,7501
366,walk,84.300,11.3015,4.6838,6.6177,6.1379,0.0010,1.7019,3.2328,0.2273,0.9155,722687,0,0,0,0,14,0,0.0268,0.0008,0.1046,536.8,1950,7501
367,walk,84.300,12.5678,3.7344,8.8334,6.7543,0.0010,1.7019,3.8482,0.2273,0.9165,722687,0,0,0,0,14,0,0.0242,0.0007,0.0807,536.8,1950,7501
368,walk,84.300,11.0373,3.5880,7.4493,6.1358,0.0010,1.7009,3.2410,0.2314,0.9021,722687,0,0,0,0,14,0,0.0271,0.0009,0.0768,536.8,1950,7501
369,walk,84.300,11.3087,3.7005,7.6082,6.1686,0.0010,1.7019,3.2707,0.2294,0.9052,722687,0,0,0,0,14,0,0.0248,0.0007,0.0813,536.8,1950,7501
370,walk,84.300,9.7631,3.2595,6.5036,6.7758,0.0010,1.7039,3.5000,0.2304,1.2800,722687,0,0,0,0,14,0,0.0248,0.0007,0.1207,536.8,1950,7501
371,walk,84.300,10.0966,3.1392,6.9574,6.1440,0.0010,1.7019,3.2594,0.2294,0.8929,722687,0,0,0,0,14,0,0.0240,0.0005,0.0706,536.8,1950,7501
372,walk,84.300,10.3390,3.6571,6.6819,6.1379,0.0010,1.7029,3.2430,0.2273,0.9042,722687,0,0,0,0,14,0,0.0302,0.0007,0.0869,536.8,1950,7501
373,walk,84.300,3.0195,3.0180,0.0015,6.1532,0.0010,1.7060,3.2563,0.2263,0.9042,722687,0,0,0,0,14,0,0.0303,0.0010,0.1047,536.8,1950,7501
374,walk,84.300,10.9743,4.1596,6.8147,6.1235,0.0010,1.7029,3.2440,0.2335,0.8827,722687,0,0,0,0,14,0,0.0269,0.0007,0.1659,536.8,1950,7501
375,walk,84.300,10.2839,3.6543,6.6296,6.6396,0.0010,2.2098,3.2389,0.2284,0.9011,722687,0,0,0,0,14,0,0.0282,0.0009,0.1130,536.8,1950,7501
376,walk,84.300,10.8339,3.2351,7.5988,6.1460,0.0010,1.7070,3.2471,0.2222,0.9083,722687,0,0,0,0,14,0,0.0281,0.0008,0.0959,536.8,1950,7501
377,walk,84.300,10.6626,4.1648,6.4978,6.1368,0.0020,1.7009,3.2379,0.2273,0.9093,722687,0,0,0,0,14,0,0.0231,0.0005,0.0701,536.8,1950,7501
378,walk,84.300,13.3774,3.6086,9.7688,6.1164,0.0010,1.6998,3.2440,0.2263,0.8847,722687,0,0,0,0,14,0,0.0301,0.0010,0.0955,536.8,1950,7501
379,walk,84.300,9.9357,3.3271,6.6086,6.1358,0.0010,1.7070,3.2379,0.2314,0.8991,722687,0,0,0,0,14,0,0.0306,0.0005,0.0840,536.8,1950,7501
380,walk,84.300,11.8111,4.8352,6.9759,6.1276,0.0010,1.7060,3.2348,0.2253,0.9011,722687,0,0,0,0,14,0,0.0257,0.0005,0.0712,536.8,1950,7501
381,walk,84.300,13.0709,5.4652,7.6057,6.1399,0.0010,1.7080,3.2440,0.2263,0.9011,722687,0,0,0,0,14,0,0.0278,0.0005,0.1003,536.8,1950,7501
382,walk,84.300,11.1497,3.0024,8.1473,6.1563,0.0010,1.7080,3.2389,0.2273,0.9216,722687,0,0,0,0,14,0,0.0253,0.0008,0.1022,536.8,1950,7501
383,walk,84.300,9.7216,3.1984,6.5232,6.1153,0.0020,1.7060,3.2440,0.2253,0.8796,722687,0,0,0,0,14,0,0.0226,0.0005,0.0665,536.8,1950,7501
384,walk,84.300,11.5758,4.8961,6.6797,6.1501,0.0010,1.7091,3.2481,0.2253,0.9062,722687,0,0,0,0,14,0,0.0275,0.0007,0.0881,536.8,1950,7501
385,walk,84.300,14.2034,4.8026,9.4008,6.1379,0.0010,1.7050,3.2451,0.2314,0.8970,722687,0,0,0,0,14,0,0.0274,0.0010,0.0971,536.8,1950,7501
386,walk,84.300,12.6479,3.6531,8.9948,6.1553,0.0010,1.7080,3.2420,0.2273,0.9175,722687,0,0,0,0,14,0,0.0247,0.0006,0.0779,536.8,1950,7501
387,walk,84.300,9.8597,3.3497,6.5100,7.2684,0.0010,1.7070,3.7202,0.2273,1.5534,722687,0,0,0,0,14,0,0.0281,0.0008,0.0872,536.8,1950,7501
388,walk,84.300,14.7317,3.4213,11.3104,6.1522,0.0010,1.7111,3.2440,0.2212,0.9155,722687,0,0,0,0,14,0,0.0255,0.0008,0.1143,536.8,1950,7501
389,walk,84.300,11.8233,3.6626,8.1607,7.1762,0.0020,2.3583,3.6157,0.2284,0.9134,722687,0,0,0,0,14,0,0.0246,0.0007,0.0756,536.8,1950,7501
390,walk,84.300,11.2391,3.5477,7.6914,6.1327,0.0010,1.7070,3.2451,0.2253,0.8950,722687,0,0,0,0,14,0,0.0293,0.0007,0.1174,536.8,1950,7501
391,walk,84.300,9.9748,3.1216,6.8532,6.1358,0.0010,1.7142,3.2369,0.2294,0.8950,722687,0,0,0,0,14,0,0.0263,0.0006,0.0779,536.8,1950,7501
392,walk,84.300,12.1239,4.2470,7.8769,6.5731,0.0010,2.1565,3.2451,0.2263,0.8847,722687,0,0,0,0,14,0,0.0244,0.0006,0.0783,536.8,1950,7501
393,walk,84.300,10.3168,3.3721,6.9447,6.1522,0.0020,1.7091,3.2420,0.2253,0.9134,722687,0,0,0,0,14,0,0.0314,0.0006,0.0909,536.8,1950,7501
394,walk,84.300,10.0825,3.5238,6.5587,6.1542,0.0010,1.7101,3.2440,0.2243,0.9155,722687,0,0,0,0,14,0,0.0285,0.0007,0.0839,536.8,1950,7501
395,walk,84.300,11.7621,3.4655,8.2966,6.9284,0.0010,2.1340,3.6127,0.2253,0.8950,722687,0,0,0,0,14,0,0.0225,0.0008,0.0779,536.8,1950,7501
396,walk,84.300,11.2391,4.0879,7.1512,6.1501,0.0010,1.7152,3.2461,0.2222,0.9062,722687,0,0,0,0,14,0,0.0396,0.0009,0.1323,536.8,1950,7501
397,walk,84.300,12.6151,4.0706,8.5445,6.5987,0.0010,2.1606,3.2543,0.2273,0.8970,722687,0,0,0,0,14,0,0.0256,0.0006,0.1125,536.8,1950,7501
398,walk,84.300,10.6977,3.7528,6.9449,6.7881,0.0010,2.3624,3.2328,0.2304,0.9021,722687,0,0,0,0,14,0,0.0267,0.0007,0.0742,536.8,1950,7501
399,walk,84.300,11.0941,4.0182,7.0759,6.1338,0.0010,1.7162,3.2430,0.2243,0.8888,722687,0,0,0,0,14,0,0.0286,0.0006,0.0860,536.8,1950,7501
400,walk,84.300,9.8609,3.1768,6.6841,6.1563,0.0010,1.7183,3.2471,0.2243,0.9062,722687,0,0,0,0,14,0,0.0237,0.0004,0.0712,536.8,1950,7501
401,walk,84.300,9.6384,3.1155,6.5229,7.1793,0.0020,1.7203,4.0571,0.4280,0.9124,722687,0,0,0,0,14,0,0.0265,0.0004,0.0760,536.8,1950,7501
402,walk,84.300,12.0112,4.1084,7.9028,6.1573,0.0010,1.7172,3.2502,0.2263,0.9032,722687,0,0,0,0,14,0,0.0316,0.0008,0.1014,536.8,1950,7501
403,walk,84.300,13.1089,4.0497,9.0592,6.1338,0.0010,1.7193,3.2481,0.2243,0.8817,722687,0,0,0,0,14,0,0.0218,0.0004,0.0738,536.8,1950,7501
404,walk,84.300,12.0506,3.8449,8.2057,6.9519,0.0010,2.1371,3.6168,0.2294,0.9062,722687,0,0,0,0,14,0,0.0286,0.0009,0.0934,536.8,1950,7501
405,walk,84.300,10.3395,3.4114,6.9281,6.1686,0.0010,1.7193,3.2410,0.2253,0.9226,722687,0,0,0,0,14,0,0.0272,0.0009,0.0865,536.8,1950,7501
406,walk,84.300,10.1890,3.1191,7.0699,6.6877,0.0010,1.7213,3.2430,0.2253,1.4387,722687,0,0,0,0,14,0,0.0259,0.0005,0.0784,536.8,1950,7501
407,walk,84.300,11.0036,3.7230,7.2806,6.4143,0.0010,1.7203,3.5072,0.2273,0.8980,722687,0,0,0,0,14,0,0.0381,0.0008,0.1193,536.8,1950,7501
408,walk,84.300,10.7007,3.7354,6.9653,6.1583,0.0010,1.7234,3.2410,0.2304,0.9032,722687,0,0,0,0,14,0,0.0437,0.0007,0.1470,536.8,1950,7501
409,walk,84.300,10.8870,3.7206,7.1664,6.1696,0.0010,1.7203,3.2481,0.2294,0.9114,722687,0,0,0,0,14,0,0.0233,0.0005,0.0993,536.8,1950,7501
410,walk,84.300,10.0754,3.2312,6.8442,6.7758,0.0010,1.7244,3.8574,0.2294,0.9042,722687,0,0,0,0,14,0,0.0257,0.0008,0.0781,536.8,1950,7501
411,walk,84.300,10.1806,3.3801,6.8005,6.1450,0.0020,1.7285,3.2471,0.2222,0.8858,722687,0,0,0,0,14,0,0.0242,0.0006,0.0707,536.8,1950,7501
412,walk,84.300,9.9923,3.4495,6.5428,6.1604,0.0010,1.7306,3.2338,0.2304,0.9062,722687,0,0,0,0,14,0,0.0273,0.0008,0.0983,536.8,1950,7501
413,walk,84.300,9.7219,3.0700,6.6519,6.4604,0.0010,1.7285,3.2379,0.2314,1.2022,722687,0,0,0,0,14,0,0.0308,0.0007,0.0806,536.8,1950,7501
414,walk,84.300,9.7444,2.9933,6.7511,6.1706,0.0010,1.7265,3.2451,0.2355,0.9042,722687,0,0,0,0,14,0,0.0291,0.0006,0.1154,536.8,1950,7501
415,walk,84.300,10.7446,3.5090,7.2356,6.1624,0.0010,1.7377,3.2410,0.2253,0.8980,722687,0,0,0,0,14,0,0.0252,0.0012,0.1021,536.8,1950,7501
416,walk,84.300,14.0851,5.8848,8.2003,7.4117,0.4035,1.7265,3.4847,0.5591,1.1786,723004,0,1751,1434,0,14,0,1.1071,0.5615,0.0947,536.8,1950,7501
417,walk,84.300,10.8747,4.1901,6.6846,6.1727,0.0020,1.7367,3.2379,0.2212,0.9155,723004,0,0,0,0,14,0,0.0289,0.0004,0.0747,536.8,1950,7501
418,walk,84.300,10.3900,3.4231,6.9669,6.1645,0.0010,1.7326,3.2430,0.2222,0.9062,723004,0,0,0,0,14,0,0.0283,0.0012,0.1030,536.8,1950,7501
419,walk,84.300,10.4301,3.5825,6.8476,6.1583,0.0010,1.7367,3.2389,0.2222,0.8991,723004,0,0,0,0,14,0,0.0296,0.0006,0.0911,536.8,1950,7501
420,walk,84.300,11.3235,4.2284,7.0951,6.1645,0.0020,1.7326,3.2420,0.2294,0.8991,723004,0,0,0,0,14,0,0.0302,0.0011,0.0818,536.8,1950,7501
421,walk,84.300,10.3192,3.5928,6.7264,6.1891,0.0010,1.7408,3.2399,0.2314,0.9155,723004,0,0,0,0,14,0,0.0276,0.0005,0.0762,536.8,1950,7501
422,walk,84.300,9.4361,2.9032,6.5329,6.1727,0.0010,1.7418,3.2399,0.2294,0.9001,723004,0,0,0,0,14,0,0.0239,0.0007,0.0748,536.8,1950,7501
423,walk,84.300,10.3100,3.8335,6.4765,7.0267,0.0010,2.6051,3.2389,0.2263,0.8960,723004,0,0,0,0,14,0,0.0289,0.0005,0.0828,536.8,1950,7501
424,walk,84.300,11.7746,4.0887,7.6859,6.1788,0.0020,1.7428,3.2399,0.2253,0.9093,723004,0,0,0,0,14,0,0.0265,0.0004,0.0778,536.8,1950,7501
425,walk,84.300,10.1639,3.3912,6.7727,6.2034,0.0010,1.7428,3.2614,0.2243,0.9134,723004,0,0,0,0,14,0,0.0338,0.0007,0.0755,536.8,1950,7501
426,walk,84.300,10.4928,4.0089,6.4839,7.0052,0.0010,2.3603,3.4406,0.2263,0.9175,723004,0,0,0,0,14,0,0.0266,0.0005,0.0672,536.8,1950,7501
427,walk,84.300,10.5248,3.9338,6.5910,6.1747,0.0020,1.7439,3.2410,0.2324,0.8970,723004,0,0,0,0,14,0,0.0257,0.0010,0.0845,536.8,1950,7501
428,walk,84.300,15.8981,5.6791,10.2190,6.4901,0.0010,1.7480,3.2389,0.2232,1.2186,723004,0,0,0,0,14,0,0.0769,0.0008,0.1628,536.8,1950,7501
429,walk,84.300,12.3414,3.6942,8.6472,6.2024,0.0010,1.7500,3.2573,0.2243,0.9114,723004,0,0,0,0,14,0,0.0229,0.0005,0.0712,536.8,1950,7501
430,walk,84.300,10.4464,3.6467,6.7997,6.1880,0.0010,1.7510,3.2492,0.2222,0.9062,723004,0,0,0,0,14,0,0.0276,0.0005,0.0744,536.8,1950,7501
431,walk,84.300,9.9989,3.4312,6.5677,6.1696,0.0020,1.7500,3.2328,0.2263,0.8991,723004,0,0,0,0,14,0,0.0264,0.0011,0.1355,536.8,1950,7501
432,walk,84.300,12.3965,3.6847,8.7118,6.2188,0.0010,1.7541,3.2481,0.2314,0.9226,723004,0,0,0,0,14,0,0.0358,0.0006,0.1029,536.8,1950,7501
433,walk,84.300,10.3686,3.5943,6.7743,6.2177,0.0010,1.7541,3.2440,0.2304,0.9277,723004,0,0,0,0,14,0,0.0252,0.0006,0.0780,536.8,1950,7501
434,walk,84.300,9.9944,3.5487,6.4457,6.2290,0.0010,1.7541,3.2502,0.2284,0.9349,723004,0,0,0,0,14,0,0.0248,0.0008,0.0712,536.8,1950,7501
435,walk,84.300,10.6475,4.0249,6.6226,6.9775,0.0010,2.5426,3.2379,0.2243,0.9114,723004,0,0,0,0,14,0,0.0363,0.0006,0.1588,536.8,1950,7501
436,walk,84.300,9.9657,3.4073,6.5584,6.2075,0.0010,1.7592,3.2440,0.2284,0.9144,723004,0,0,0,0,14,0,0.0249,0.0008,0.0769,536.8,1950,7501
437,walk,84.300,10.2660,3.1182,7.1478,6.2249,0.0010,1.7562,3.2502,0.2324,0.9257,723004,0,0,0,0,14,0,0.0298,0.0007,0.0871,536.8,1950,7501
438,walk,84.300,10.0921,3.4391,6.6530,7.2172,0.0020,2.3818,3.6086,0.2314,0.9349,723004,0,0,0,0,14,0,0.0257,0.0004,0.0677,536.8,1950,7501
439,walk,84.300,10.2872,3.7175,6.5697,6.2218,0.0020,1.7623,3.2379,0.2365,0.9226,723004,0,0,0,0,14,0,0.0339,0.0009,0.0886,536.8,1950,7501
440,walk,84.300,9.7625,3.2074,6.5551,6.2054,0.0010,1.7633,3.2399,0.2263,0.9155,723004,0,0,0,0,14,0,0.0259,0.0005,0.0871,536.8,1950,7501
441,walk,84.300,13.1123,4.0257,9.0866,6.8321,0.0010,2.3736,3.2553,0.2263,0.9175,723004,0,0,0,0,14,0,0.0258,0.0010,0.0983,536.8,1950,7501
442,walk,84.300,13.3968,4.3177,9.0791,6.2065,0.0010,1.7613,3.2236,0.2232,0.9380,723004,0,0,0,0,14,0,0.0258,0.0009,0.2713,536.8,1950,7501
443,walk,84.300,14.7898,4.5816,10.2082,6.7912,0.0020,1.7582,3.5021,0.2263,1.2431,723004,0,0,0,0,14,0,0.0322,0.0008,0.1500,536.8,1950,7501
444,walk,84.300,10.7503,3.3110,7.4393,6.2065,0.0010,1.7654,3.2338,0.2243,0.9206,723004,0,0,0,0,14,0,0.0289,0.0006,0.0778,536.8,1950,7501
445,walk,84.300,10.3457,3.5779,6.7678,6.2085,0.0010,1.7684,3.2369,0.2263,0.9165,723004,0,0,0,0,14,0,0.0349,0.0010,0.1027,536.8,1950,7501
446,walk,84.300,13.2877,3.4116,9.8761,6.8577,0.0010,1.7674,3.8543,0.2284,0.9462,723004,0,0,0,0,14,0,0.0238,0.0005,0.0749,536.8,1950,7501
447,walk,84.300,11.6322,4.0007,7.6315,6.2147,0.0010,1.7715,3.2317,0.2191,0.9318,723004,0,0,0,0,14,0,0.0266,0.0005,0.0887,536.8,1950,7501
448,walk,84.300,10.4310,3.5621,6.8689,6.2341,0.0010,1.7695,3.2379,0.2243,0.9421,723004,0,0,0,0,14,0,0.0261,0.0006,0.0823,536.8,1950,7501
449,walk,84.300,9.8842,3.3091,6.5751,6.2198,0.0010,1.7664,3.2328,0.2365,0.9247,723004,0,0,0,0,14,0,0.0274,0.0006,0.0788,536.8,1950,7501
450,walk,84.300,14.4040,4.6216,9.7824,6.2280,0.0010,1.7674,3.2369,0.2284,0.9349,723004,0,0,0,0,14,0,0.0263,0.0008,0.1223,536.8,1950,7501
451,walk,84.300,10.1733,3.6761,6.4972,6.2085,0.0010,1.7633,3.2328,0.2212,0.9298,723004,0,0,0,0,14,0,0.0257,0.0005,0.0701,536.8,1950,7501
452,walk,84.300,10.8304,3.1219,7.7085,6.2321,0.0010,1.7746,3.2317,0.2263,0.9400,723004,0,0,0,0,14,0,0.0246,0.0005,0.0915,536.8,1950,7501
453,walk,84.300,13.2798,4.6399,8.6399,7.0943,0.0020,1.7756,4.0960,0.2294,0.9318,723004,0,0,0,0,14,0,0.0323,0.0015,0.1595,536.8,1950,7501
454,walk,84.300,11.9431,3.8738,8.0693,6.8076,0.0010,1.7756,3.8042,0.2263,0.9390,723004,0,0,0,0,14,0,0.0276,0.0005,0.0871,536.8,1950,7501
455,walk,84.300,10.1352,3.5551,6.5801,6.4911,0.0010,1.7725,3.5031,0.2294,0.9257,723004,0,0,0,0,14,0,0.0276,0.0009,0.0708,536.8,1950,7501
456,walk,84.300,11.7787,4.1129,7.6658,6.2362,0.0010,1.7715,3.2297,0.2263,0.9482,723004,0,0,0,0,14,0,0.0289,0.0008,0.1358,536.8,1950,7501
457,walk,84.300,10.5175,3.0543,7.4632,6.6068,0.0010,1.7705,3.6065,0.2232,0.9452,723004,0,0,0,0,14,0,0.0257,0.0009,0.0984,536.8,1950,7501
458,walk,84.300,10.0418,3.1777,6.8641,6.5024,0.0020,1.7736,3.5031,0.2304,0.9339,723004,0,0,0,0,14,0,0.0259,0.0005,0.0807,536.8,1950,7501
459,walk,84.300,10.9931,3.0270,7.9661,6.2269,0.0020,1.7838,3.2205,0.2232,0.9380,723004,0,0,0,0,14,0,0.0276,0.0007,0.0834,536.8,1950,7501
460,walk,84.300,10.9076,4.3619,6.5457,6.6529,0.0010,1.7787,3.2328,0.2304,1.3496,723004,0,0,0,0,14,0,0.0359,0.0014,0.0991,536.8,1950,7501
461,walk,84.300,11.5850,4.4473,7.1377,6.7103,0.0010,1.7797,3.6925,0.2304,0.9462,723004,0,0,0,0,14,0,0.0308,0.0007,0.1174,536.8,1950,7501
462,walk,84.300,12.8389,4.8757,7.9632,6.5495,0.0020,1.7787,3.2492,0.2304,1.2308,723004,0,0,0,0,14,0,0.0387,0.0011,0.2373,536.8,1950,7501
463,walk,84.300,14.5561,4.5067,10.0494,6.2300,0.0020,1.7777,3.2276,0.2202,0.9431,723004,0,0,0,0,14,0,0.0255,0.0007,0.1036,536.8,1950,7501
464,walk,84.300,11.0387,4.4700,6.5687,6.6488,0.0010,1.7797,3.2256,0.2222,1.3599,723004,0,0,0,0,14,0,0.0334,0.0007,0.0916,536.8,1950,7501
465,walk,84.300,14.2516,4.4589,9.7927,6.5024,0.0010,1.7797,3.5092,0.2202,0.9329,723004,0,0,0,0,14,0,0.0285,0.0008,0.1412,536.8,1950,7501
466,walk,84.300,11.3534,4.1059,7.2475,6.2269,0.0010,1.7818,3.2307,0.2273,0.9267,723004,0,0,0,0,14,0,0.0270,0.0007,0.0778,536.8,1950,7501
467,walk,84.300,11.2483,3.7330,7.5153,6.6314,0.0010,2.1862,3.2338,0.2284,0.9226,723004,0,0,0,0,14,0,0.0289,0.0004,0.0790,536.8,1950,7501
468,walk,84.300,9.8387,3.1140,6.7247,6.2198,0.0010,1.7838,3.2307,0.2294,0.9155,723004,0,0,0,0,14,0,0.0251,0.0006,0.0829,536.8,1950,7501
469,walk,84.300,10.6287,4.1019,6.5268,6.2403,0.0010,1.7828,3.2471,0.2232,0.9257,723004,0,0,0,0,14,0,0.0387,0.0007,0.1200,536.8,1950,7501
470,walk,84.300,11.1624,3.8402,7.3222,6.2269,0.0010,1.7838,3.2297,0.2294,0.9236,723004,0,0,0,0,14,0,0.0247,0.0005,0.1182,536.8,1950,7501
471,walk,84.300,11.0874,4.3323,6.7551,6.9335,0.0010,2.1084,3.6168,0.2232,0.9247,723004,0,0,0,0,14,0,0.0272,0.0008,0.1041,536.8,1950,7501
472,walk,84.300,13.9367,3.7862,10.1505,7.1066,0.0020,1.7848,3.8431,0.2304,1.1858,723004,0,0,0,0,14,0,0.0242,0.0007,0.0863,536.8,1950,7501
473,walk,84.300,10.7897,3.0751,7.7146,6.2607,0.0010,1.7889,3.2399,0.2345,0.9370,723004,0,0,0,0,14,0,0.0278,0.0005,0.0675,536.8,1950,7501
474,walk,84.300,11.5563,4.0748,7.4815,6.6120,0.0010,2.1719,3.2338,0.2191,0.9257,723004,0,0,0,0,14,0,0.0277,0.0007,0.1302,536.8,1950,7501
475,walk,84.300,10.7236,4.0009,6.7227,6.9018,0.0010,1.7889,3.4888,0.2232,1.3394,723004,0,0,0,0,14,0,0.0265,0.0007,0.0832,536.8,1950,7501
476,walk,84.300,14.3113,3.9073,10.4040,6.4799,0.0010,1.7859,3.2399,0.2284,1.1663,723004,0,0,0,0,14,0,0.0219,0.0004,0.0903,536.8,1950,7501
477,walk,84.300,11.2144,3.2790,7.9354,6.2259,0.0010,1.7818,3.2379,0.2273,0.9185,723004,0,0,0,0,14,0,0.0260,0.0009,0.0813,536.8,1950,7501
478,walk,84.300,10.3145,3.6435,6.6710,6.8803,0.0010,1.7879,3.8707,0.2273,0.9329,723004,0,0,0,0,14,0,0.0260,0.0006,0.0743,536.8,1950,7501
479,walk,84.300,13.1766,3.7877,9.3889,6.2413,0.0010,1.7838,3.2297,0.2253,0.9421,723004,0,0,0,0,14,0,0.0289,0.0007,0.1057,536.8,1950,7501
480,walk,84.300,14.0761,3.3932,10.6829,6.2177,0.0010,1.7900,3.2307,0.2263,0.9114,723004,0,0,0,0,14,0,0.0264,0.0010,0.1321,536.8,1950,7501
481,walk,84.300,11.0319,4.1971,6.8348,6.6734,0.0020,2.2200,3.2399,0.2243,0.9277,723004,0,0,0,0,14,0,0.0312,0.0009,0.1506,536.8,1950,7501
482,walk,84.300,13.6478,4.2718,9.3760,6.2188,0.0010,1.7920,3.2297,0.2202,0.9155,723004,0,0,0,0,14,0,0.0341,0.0012,0.1094,536.8,1950,7501
483,walk,84.300,10.3101,3.3079,7.0022,6.5577,0.0010,1.7910,3.2430,0.2284,1.2349,723004,0,0,0,0,14,0,0.0252,0.0006,0.0746,536.8,1950,7501
484,walk,84.300,10.7588,3.8436,6.9152,6.2474,0.0010,1.7951,3.2246,0.2263,0.9400,723004,0,0,0,0,14,0,0.0280,0.0007,0.0842,536.8,1950,7501
485,walk,84.300,10.7332,3.1813,7.5519,7.2776,0.0010,2.1248,3.6076,0.2243,1.2616,723004,0,0,0,0,14,0,0.0268,0.0005,0.0754,536.8,1950,7501
486,walk,84.300,14.0313,3.6323,10.3990,6.4788,0.0010,1.7961,3.4775,0.2273,0.9165,723004,0,0,0,0,14,0,0.0238,0.0004,0.0802,536.8,1950,7501
487,walk,84.300,13.0494,3.8981,9.1513,6.2269,0.0010,1.7971,3.2328,0.2263,0.9103,723004,0,0,0,0,14,0,0.0273,0.0008,0.1184,536.8,1950,7501
488,walk,84.300,10.1680,3.5810,6.5870,6.2392,0.0020,1.7951,3.2276,0.2253,0.9298,723004,0,0,0,0,14,0,0.0251,0.0005,0.0757,536.8,1950,7501
489,walk,84.300,9.8562,3.1354,6.7208,6.9130,0.0010,1.7951,3.4734,0.2284,1.3558,723004,0,0,0,0,14,0,0.0298,0.0006,0.0793,536.8,1950,7501
490,walk,84.300,11.1385,3.7514,7.3871,6.2239,0.0010,1.7951,3.2317,0.2243,0.9124,723004,0,0,0,0,14,0,0.0316,0.0010,0.1243,536.8,1950,7501
491,walk,84.300,14.0830,4.1601,9.9229,6.2280,0.0010,1.7981,3.2256,0.2263,0.9185,723004,0,0,0,0,14,0,0.0314,0.0009,0.1345,536.8,1950,7501
492,walk,84.300,13.6930,4.6611,9.0319,6.8035,0.0010,2.3542,3.2317,0.2273,0.9288,723004,0,0,0,0,14,0,0.0216,0.0006,0.0863,536.8,1950,7501
493,walk,84.300,12.8792,4.4412,8.4380,6.2484,0.0010,1.8002,3.2297,0.2284,0.9298,723004,0,0,0,0,14,0,0.0329,0.0007,0.0996,536.8,1950,7501
494,walk,84.300,10.6038,3.9789,6.6249,6.8659,0.0010,1.8002,3.8615,0.2253,0.9185,723004,0,0,0,0,14,0,0.0330,0.0012,0.1007,536.8,1950,7501
495,walk,84.300,13.1012,4.2170,8.8842,6.8004,0.0010,1.7981,3.7980,0.2304,0.9124,723004,0,0,0,0,14,0,0.0249,0.0014,0.0943,536.8,1950,7501
496,walk,84.300,11.2447,3.4600,7.7847,6.2546,0.0010,1.8063,3.2338,0.2181,0.9370,723004,0,0,0,0,14,0,0.0216,0.0005,0.0822,536.8,1950,7501
497,walk,84.300,11.6928,4.3157,7.3771,6.7512,0.0010,1.8022,3.2276,0.2273,1.4336,723004,0,0,0,0,14,0,0.0299,0.0007,0.1976,536.8,1950,7501
498,walk,84.300,10.1698,3.2882,6.8816,6.2495,0.0010,1.8053,3.2236,0.2243,0.9359,723004,0,0,0,0,14,0,0.0271,0.0005,0.0813,536.8,1950,7501
499,walk,84.300,10.0142,3.4298,6.5844,6.2157,0.0010,1.7992,3.2307,0.2232,0.9021,723004,0,0,0,0,14,0,0.0304,0.0027,0.0868,536.8,1950,7501
500,walk,84.300,12.6888,4.2433,8.4455,6.4276,0.0010,1.7971,3.2307,0.2243,1.1162,723004,0,0,0,0,14,0,0.0298,0.0006,0.1093,536.8,1950,7501
501,walk,84.300,13.0981,4.2490,8.8491,6.2566,0.0020,1.8043,3.2256,0.2243,0.9411,723004,0,0,0,0,14,0,0.0266,0.0011,0.1038,536.8,1950,7501
502,walk,84.300,11.5727,3.9660,7.6067,6.2310,0.0010,1.8022,3.2246,0.2314,0.9114,723004,0,0,0,0,14,0,0.0267,0.0006,0.0895,536.8,1950,7501
503,walk,84.300,12.0686,3.7893,8.2793,6.8393,0.0020,1.8043,3.8390,0.2243,0.9083,723004,0,0,0,0,14,0,0.0278,0.0007,0.1088,536.8,1950,7501
504,walk,84.300,10.8969,3.3071,7.5898,6.2259,0.0010,1.8043,3.2266,0.2212,0.9134,723004,0,0,0,0,14,0,0.0253,0.0009,0.0763,536.8,1950,7501
505,walk,84.300,9.9407,3.4399,6.5008,6.2423,0.0010,1.8053,3.2236,0.2294,0.9226,723004,0,0,0,0,14,0,0.0290,0.0011,0.0970,536.8,1950,7501
506,walk,84.300,10.4048,3.5960,6.8088,6.5126,0.0010,1.8084,3.2297,0.2294,1.1837,723004,0,0,0,0,14,0,0.0300,0.0009,0.0818,536.8,1950,7501
507,walk,84.300,10.5645,3.7994,6.7651,6.2433,0.0010,1.8043,3.2297,0.2253,0.9236,723004,0,0,0,0,14,0,0.0329,0.0011,0.2698,536.8,1950,7501
508,walk,84.300,9.5339,3.0011,6.5328,6.2525,0.0010,1.8074,3.2236,0.2294,0.9318,723004,0,0,0,0,14,0,0.0284,0.0008,0.0836,536.8,1950,7501
509,walk,84.300,12.2863,4.2349,8.0514,6.2310,0.0020,1.8012,3.2256,0.2232,0.9196,723004,0,0,0,0,14,0,0.0291,0.0007,0.0831,536.8,1950,7501
510,walk,84.300,12.9405,3.6366,9.3039,6.2290,0.0010,1.8104,3.2225,0.2212,0.9144,723004,0,0,0,0,14,0,0.0317,0.0007,0.0972,536.8,1950,7501
511,walk,84.300,10.5500,3.9501,6.5999,6.2188,0.0010,1.8084,3.2256,0.2243,0.8991,723004,0,0,0,0,14,0,0.0303,0.0007,0.0789,536.8,1950,7501
512,walk,84.300,13.4822,3.9208,9.5614,7.0769,0.0010,1.8156,4.0479,0.2273,0.9247,723004,0,0,0,0,14,0,0.0287,0.0009,0.1115,536.8,1950,7501
513,walk,84.300,12.3550,4.6578,7.6972,6.2996,0.2109,1.7347,3.2266,0.2253,0.8417,723001,0,789,792,0,14,0,0.5854,0.4398,0.1263,536.8,1950,7501
514,walk,84.300,14.6143,5.0199,9.5944,6.0938,0.0010,1.7357,3.2256,0.2263,0.8479,723001,0,0,0,0,14,0,0.0338,0.0007,0.1197,536.8,1950,7501
515,walk,84.300,12.7933,3.9775,8.8158,6.0826,0.0010,1.7388,3.2236,0.2232,0.8356,723001,0,0,0,0,14,0,0.0287,0.0009,0.0968,536.8,1950,7501
516,walk,84.300,14.9413,5.5265,9.4148,6.0959,0.0010,1.7316,3.2266,0.2284,0.8499,723001,0,0,0,0,14,0,0.0355,0.0009,0.1492,536.8,1950,7501
517,walk,84.300,9.9636,3.4662,6.4974,6.1194,0.0020,1.7408,3.2420,0.2284,0.8468,723001,0,0,0,0,14,0,0.0263,0.0010,0.0684,536.8,1950,7501
518,walk,84.300,10.6788,3.5282,7.1506,6.0928,0.0010,1.7367,3.2297,0.2222,0.8438,723001,0,0,0,0,14,0,0.0241,0.0006,0.1223,536.8,1950,7501
519,walk,84.300,10.9677,3.7504,7.2173,6.0877,0.0010,1.7408,3.2256,0.2222,0.8387,723001,0,0,0,0,14,0,0.0237,0.0011,0.1043,536.8,1950,7501
520,walk,84.300,13.1983,4.4686,8.7297,6.7676,0.0010,1.7388,3.4847,0.2284,1.2554,723001,0,0,0,0,14,0,0.0328,0.0006,0.1393,536.8,1950,7501
521,walk,84.300,15.2531,4.1140,11.1391,6.1112,0.0010,1.7408,3.2379,0.2232,0.8468,723001,0,0,0,0,14,0,0.0313,0.0005,0.1047,536.8,1950,7501
522,walk,84.300,10.2550,3.5164,6.7386,6.1153,0.0010,1.7459,3.2266,0.2335,0.8489,723001,0,0,0,0,14,0,0.0317,0.0006,0.0833,536.8,1950,7501
523,walk,84.300,3.2945,3.2926,0.0019,6.1051,0.0010,1.7388,3.2481,0.2284,0.8294,723001,0,0,0,0,14,0,0.0315,0.0011,0.1313,536.8,1950,7501
524,walk,84.300,9.6638,2.7880,6.8758,6.0928,0.0010,1.7469,3.2256,0.2232,0.8356,723001,0,0,0,0,14,0,0.0272,0.0007,0.0822,536.8,1950,7501
525,walk,84.300,10.7499,3.8715,6.8784,6.1102,0.0010,1.7449,3.2297,0.2284,0.8468,723001,0,0,0,0,14,0,0.0370,0.0007,0.1043,536.8,1950,7501
526,walk,84.200,11.6502,3.9447,7.7055,6.0989,0.0010,1.7398,3.2297,0.2232,0.8458,723001,0,0,0,0,14,0,0.0238,0.0007,0.0999,536.8,1950,7501
527,walk,84.200,12.1557,3.9848,8.1709,6.5833,0.0010,1.7418,3.4458,0.2263,1.1080,723001,0,0,0,0,14,0,0.0285,0.0007,0.1129,536.8,1950,7501
528,walk,84.200,11.6407,3.9962,7.6445,6.0979,0.0010,1.7398,3.2379,0.2273,0.8315,723001,0,0,0,0,14,0,0.0270,0.0006,0.1162,536.8,1950,7501
529,walk,84.200,10.5886,4.0705,6.5181,6.0979,0.0010,1.7459,3.2266,0.2202,0.8448,723001,0,0,0,0,14,0,0.0264,0.0006,0.0910,536.8,1950,7501
530,walk,84.300,10.8072,3.4617,7.3455,6.1143,0.0010,1.7469,3.2256,0.2253,0.8540,723001,0,0,0,0,14,0,0.0240,0.0005,0.0809,536.8,1950,7501
531,walk,84.300,11.9053,3.9930,7.9123,6.9806,0.0010,1.7439,3.6844,0.2273,1.2626,723001,0,0,0,0,14,0,0.0246,0.0007,0.1064,536.8,1950,7501
532,walk,84.300,10.7758,3.2976,7.4782,6.0959,0.0020,1.7469,3.2164,0.2253,0.8468,723001,0,0,0,0,14,0,0.0474,0.0017,0.1275,536.8,1950,7501
533,walk,84.300,10.5591,3.8238,6.7353,6.4174,0.0010,1.7449,3.2195,0.2294,1.1622,723001,0,0,0,0,14,0,0.0234,0.0005,0.0884,536.8,1950,7501
534,walk,84.300,11.9022,4.3334,7.5688,6.1102,0.0010,1.7428,3.2276,0.2253,0.8540,723001,0,0,0,0,14,0,0.0293,0.0009,0.0900,536.8,1950,7501
535,walk,84.300,14.8395,4.7288,10.1107,6.1225,0.0020,1.7459,3.2358,0.2335,0.8448,723001,0,0,0,0,14,0,0.0274,0.0008,0.1270,536.8,1950,7501
536,walk,84.300,12.9290,3.9538,8.9752,6.5106,0.0010,2.1371,3.2338,0.2253,0.8530,723001,0,0,0,0,14,0,0.0274,0.0009,0.1332,536.8,1950,7501
537,walk,84.300,12.4098,3.5822,8.8276,6.1194,0.0010,1.7469,3.2297,0.2284,0.8540,723001,0,0,0,0,14,0,0.0264,0.0008,0.0885,536.8,1950,7501
538,walk,84.200,13.5760,5.0612,8.5148,6.1061,0.0010,1.7449,3.2266,0.2253,0.8489,723001,0,0,0,0,14,0,0.0810,0.0009,0.1689,536.8,1950,7501
539,walk,84.200,13.7075,5.7418,7.9657,6.0989,0.0010,1.7480,3.2266,0.2232,0.8417,723001,0,0,0,0,14,0,0.0286,0.0011,0.1600,536.8,1950,7501
540,walk,84.200,12.3764,3.7864,8.5900,6.1164,0.0010,1.7469,3.2399,0.2314,0.8376,723001,0,0,0,0,14,0,0.0266,0.0010,0.1112,536.8,1950,7501
541,walk,84.200,11.9726,4.2819,7.6907,6.8966,0.0020,1.7459,4.0131,0.2294,0.8458,723001,0,0,0,0,14,0,0.0282,0.0006,0.0923,536.8,1950,7501
542,walk,84.200,11.8706,3.8910,7.9796,6.1092,0.0010,1.7439,3.2297,0.2314,0.8428,723001,0,0,0,0,14,0,0.0299,0.0009,0.1060,536.8,1950,7501
543,walk,84.200,13.3483,4.6317,8.7166,6.1030,0.0020,1.7500,3.2174,0.2232,0.8509,723001,0,0,0,0,14,0,0.0267,0.0008,0.1083,536.8,1950,7501
544,walk,84.200,10.9520,4.1315,6.8205,6.7092,0.0010,1.7439,3.8451,0.2294,0.8294,723001,0,0,0,0,14,0,0.0358,0.0014,0.1100,536.8,1950,7501
545,walk,84.200,12.1052,4.5460,7.5592,6.1317,0.0010,1.7490,3.2348,0.2253,0.8622,723001,0,0,0,0,14,0,0.0319,0.0008,0.1027,536.8,1950,7501
546,walk,84.200,13.3502,4.5165,8.8337,6.1082,0.0020,1.7459,3.2246,0.2294,0.8458,723001,0,0,0,0,14,0,0.0301,0.0006,0.1289,536.8,1950,7501
547,walk,84.200,14.1272,4.5802,9.5470,6.0846,0.0010,1.7531,3.2154,0.2232,0.8325,723001,0,0,0,0,14,0,0.0274,0.0009,0.1245,536.8,1950,7501
548,walk,84.200,13.7847,4.3777,9.4070,6.0989,0.0010,1.7469,3.2154,0.2212,0.8540,723001,0,0,0,0,14,0,0.0378,0.0010,0.1427,536.8,1950,7501
549,walk,84.200,12.0903,4.7545,7.3358,6.8516,0.0010,2.1340,3.5994,0.2253,0.8325,723001,0,0,0,0,14,0,0.0241,0.0006,0.0898,536.8,1950,7501
550,walk,84.200,15.8493,5.2264,10.6229,6.0959,0.0010,1.7490,3.2215,0.2284,0.8366,723001,0,0,0,0,14,0,0.0336,0.0012,0.1210,536.8,1950,7501
551,walk,84.200,13.8912,4.5785,9.3127,6.9366,0.0010,1.7459,3.6823,0.2253,1.2216,723001,0,0,0,0,14,0,0.0313,0.0012,0.0893,536.8,1950,7501
552,walk,84.200,15.2604,5.6511,9.6093,6.1348,0.0010,1.7562,3.2379,0.2335,0.8468,723001,0,0,0,0,14,0,0.0476,0.0014,0.1678,536.8,1950,7501
553,walk,84.200,14.6199,3.9820,10.6379,6.1041,0.0010,1.7521,3.2051,0.2232,0.8622,723001,0,0,0,0,14,0,0.0339,0.0006,0.0984,536.8,1950,7501
554,walk,84.200,13.6281,4.7616,8.8665,6.1532,0.0010,1.7592,3.2389,0.2284,0.8653,723001,0,0,0,0,14,0,0.0240,0.0010,0.1579,536.8,1950,7501
555,walk,84.200,11.8718,4.7685,7.1033,6.0938,0.0010,1.7531,3.2164,0.2212,0.8407,723001,0,0,0,0,14,0,0.0463,0.0011,0.1637,536.8,1950,7501
556,walk,84.200,11.5470,3.7440,7.8030,6.1573,0.0010,1.7582,3.2461,0.2376,0.8550,723001,0,0,0,0,14,0,0.0271,0.0009,0.0957,536.8,1950,7501
557,walk,84.200,12.3837,4.1687,8.2150,6.0959,0.0010,1.7572,3.2287,0.2202,0.8284,723001,0,0,0,0,14,0,0.0293,0.0006,0.1388,536.8,1950,7501
558,walk,84.200,13.8062,4.5041,9.3021,6.1194,0.0010,1.7541,3.2276,0.2253,0.8499,723001,0,0,0,0,14,0,0.0396,0.0008,0.0957,536.8,1950,7501
559,walk,84.200,12.2698,4.7947,7.4751,6.6038,0.0010,2.2651,3.2225,0.2222,0.8335,723001,0,0,0,0,14,0,0.0368,0.0007,0.1787,536.8,1950,7501
560,walk,84.200,10.9560,4.3182,6.6378,6.1030,0.0010,1.7582,3.2164,0.2273,0.8407,723001,0,0,0,0,14,0,0.0330,0.0009,0.1041,536.8,1950,7501
561,walk,84.200,13.1719,5.2970,7.8749,7.0973,0.0010,2.7505,3.2215,0.2243,0.8407,723001,0,0,0,0,14,0,0.0592,0.0011,0.2230,536.8,1950,7501
562,walk,84.200,18.6011,4.5728,14.0283,6.1174,0.0010,1.7644,3.2143,0.2284,0.8499,723001,0,0,0,0,14,0,0.0303,0.0007,0.1246,536.8,1950,7501
563,walk,84.200,13.4458,4.5349,8.9109,6.1153,0.0010,1.7613,3.2379,0.2232,0.8315,723001,0,0,0,0,14,0,0.0266,0.0009,0.1046,536.8,1950,7501
564,walk,84.200,11.6398,4.7855,6.8543,6.3191,0.0010,2.0009,3.2123,0.2263,0.8192,723001,0,0,0,0,14,0,0.0303,0.0007,0.0887,536.8,1950,7501
565,walk,84.200,13.1183,3.9566,9.1617,6.1225,0.0010,1.7603,3.2246,0.2324,0.8448,723001,0,0,0,0,14,0,0.0294,0.0006,0.0896,536.8,1950,7501
566,walk,84.200,10.4660,3.5369,6.9291,6.1061,0.0010,1.7674,3.2225,0.2243,0.8315,723001,0,0,0,0,14,0,0.0309,0.0014,0.0935,536.8,1950,7501
567,walk,84.200,12.3383,4.0588,8.2795,6.0887,0.0010,1.7582,3.2184,0.2243,0.8284,723001,0,0,0,0,14,0,0.0320,0.0012,0.2074,536.8,1950,7501
568,walk,84.200,13.9398,4.6650,9.2748,6.1215,0.0020,1.7725,3.2266,0.2345,0.8264,723001,0,0,0,0,14,0,0.0305,0.0007,0.1437,536.8,1950,7501
569,walk,84.200,14.8448,4.5235,10.3213,6.3263,0.0010,1.7633,3.4437,0.2243,0.8335,723001,0,0,0,0,14,0,0.0300,0.0009,0.1440,536.8,1950,7501
570,walk,84.200,14.3732,5.2151,9.1581,6.1512,0.0010,1.7736,3.2266,0.2273,0.8612,723001,0,0,0,0,14,0,0.0248,0.0007,0.1396,536.8,1950,7501
571,walk,84.200,12.8727,4.3122,8.5605,6.6437,0.0010,1.7664,3.2195,0.2304,1.3681,723001,0,0,0,0,14,0,0.0284,0.0006,0.0972,536.8,1950,7501
572,walk,84.200,10.7273,3.6884,7.0389,6.1112,0.0020,1.7623,3.2143,0.2294,0.8417,723001,0,0,0,0,14,0,0.0274,0.0005,0.0890,536.8,1950,7501
573,walk,84.200,11.0535,3.6474,7.4061,6.1368,0.0010,1.7705,3.2317,0.2304,0.8438,723001,0,0,0,0,14,0,0.0243,0.0004,0.0762,536.8,1950,7501
574,walk,84.200,10.9156,4.4060,6.5096,6.1338,0.0010,1.7644,3.2225,0.2294,0.8561,723001,0,0,0,0,14,0,0.0344,0.0008,0.1630,536.8,1950,7501
575,walk,84.200,12.8762,3.7407,9.1355,6.1440,0.0010,1.7746,3.2256,0.2273,0.8561,723001,0,0,0,0,14,0,0.0288,0.0010,0.0998,536.8,1950,7501
576,walk,84.200,10.4528,3.7835,6.6693,6.1051,0.0010,1.7623,3.2174,0.2232,0.8407,723001,0,0,0,0,14,0,0.0304,0.0010,0.0910,536.8,1950,7501
577,walk,84.200,11.3767,3.2137,8.1630,6.6314,0.0020,1.7736,3.4560,0.2263,1.1141,723001,0,0,0,0,14,0,0.0295,0.0009,0.0917,536.8,1950,7501
578,walk,84.200,11.8732,4.4376,7.4356,6.1061,0.0010,1.7725,3.2143,0.2232,0.8366,723001,0,0,0,0,14,0,0.0344,0.0007,0.1695,536.8,1950,7501
579,walk,84.200,10.8531,3.8938,6.9593,6.1051,0.0010,1.7695,3.2154,0.2202,0.8397,723001,0,0,0,0,14,0,0.0348,0.0009,0.1444,536.8,1950,7501
580,walk,84.200,11.5104,3.9753,7.5351,6.7840,0.0010,1.7756,3.4673,0.2284,1.2513,723001,0,0,0,0,14,0,0.0316,0.0006,0.1170,536.8,1950,7501
581,walk,84.200,11.5684,4.1278,7.4406,6.1358,0.0010,1.7705,3.2174,0.2304,0.8550,723001,0,0,0,0,14,0,0.0340,0.0006,0.0979,536.8,1950,7501
582,run,84.200,13.6086,4.7124,8.8962,6.1553,0.0020,1.6835,3.2809,0.2294,0.9001,723001,0,0,0,0,14,0,0.0305,0.0012,0.1428,536.8,1950,7501
583,run,84.200,3.6720,3.6706,0.0014,6.1133,0.0020,1.6968,3.2788,0.2314,0.8428,723001,0,0,0,0,14,0,0.0294,0.0004,0.0888,536.8,1950,7501
584,run,84.200,12.4472,4.5723,7.8749,6.5239,0.0020,2.0859,3.2737,0.2335,0.8694,723001,0,0,0,0,14,0,0.0368,0.0006,0.1680,536.8,1950,7501
585,run,84.200,11.0265,3.7795,7.2470,6.1553,0.0010,1.7039,3.2778,0.2355,0.8755,723001,0,0,0,0,14,0,0.0278,0.0007,0.1133,536.8,1950,7501
586,run,84.200,14.1651,4.8861,9.2790,6.3764,0.0010,1.7101,3.2809,0.2294,1.0947,723001,0,0,0,0,14,0,0.0123,0.0007,0.1274,536.8,1950,7501
587,run,84.200,15.5601,7.9179,7.6422,6.3898,0.2386,1.7152,3.2840,0.2324,0.8591,723596,7237,895,300,0,14,0,1.5248,0.4452,1.1856,536.8,1950,7501
588,run,84.200,13.2675,6.3978,6.8697,7.3175,1.1633,1.7029,3.2829,0.2314,0.8765,728395,2438,4799,0,0,14,0,1.7469,0.8659,0.5681,536.8,1950,7501
589,run,84.200,15.9407,8.1722,7.7685,6.6744,0.5356,1.6988,3.2758,0.2304,0.8714,730506,327,2111,0,0,14,0,1.5955,0.8020,0.2703,536.8,1950,7501
590,run,84.200,13.3602,5.4641,7.8961,6.2771,0.1137,1.7101,3.2829,0.2324,0.8765,730833,0,327,0,0,14,0,0.2370,0.3388,0.1175,536.8,1950,7501
591,run,84.200,13.9770,3.6636,10.3134,7.2305,0.0010,2.2262,3.8431,0.2273,0.8714,730833,0,0,0,0,14,0,0.0302,0.0010,0.0911,536.8,1950,7501
592,run,84.200,12.3685,3.8206,8.5479,6.1553,0.0010,1.7080,3.2707,0.2335,0.8817,730833,0,0,0,0,14,0,0.0333,0.0008,0.1004,536.8,1950,7501
593,run,84.200,11.5072,4.6557,6.8515,6.1932,0.0020,1.7234,3.2819,0.2304,0.8960,730833,0,0,0,0,14,0,0.0357,0.0012,0.1759,536.8,1950,7501
594,run,84.200,15.0698,5.9991,9.0707,6.3939,0.0010,1.9558,3.2788,0.2294,0.8684,730833,0,0,0,0,14,0,0.0287,0.0012,0.1267,536.8,1950,7501
595,run,84.200,13.7944,5.5749,8.2195,6.1594,0.0010,1.7295,3.2829,0.2284,0.8561,730833,0,0,0,0,14,0,0.0329,0.0007,0.2159,536.8,1950,7501
596,run,84.200,10.5023,3.3945,7.1078,7.0205,0.0010,1.7265,3.7376,0.2314,1.2626,730833,0,0,0,0,14,0,0.0294,0.0008,0.0949,536.8,1950,7501
597,run,84.200,12.2355,4.8517,7.3838,6.2085,0.0010,1.7459,3.2819,0.2294,0.8899,730833,0,0,0,0,14,0,0.0321,0.0009,0.1207,536.8,1950,7501
598,run,84.200,11.0374,4.0041,7.0333,6.2034,0.0010,1.7500,3.2860,0.2294,0.8765,730833,0,0,0,0,14,0,0.0378,0.0008,0.1270,536.8,1950,7501
599,run,84.200,14.3372,5.4786,8.8586,7.1424,0.2171,2.1350,3.6485,0.2284,0.8520,730837,0,878,874,0,14,0,0.7318,0.4913,0.1083,536.8,1950,7501
600,run,84.200,12.3127,4.8494,7.4633,6.2290,0.0010,1.7664,3.2952,0.2355,0.8704,730837,0,0,0,0,14,0,0.0331,0.0004,0.0942,536.8,1950,7501
601,run,84.200,13.0874,5.5910,7.4964,6.2515,0.0010,1.7766,3.2870,0.2335,0.8929,730837,0,0,0,0,14,0,0.0289,0.0009,0.1396,536.8,1950,7501
602,run,84.200,13.9752,3.6543,10.3209,6.2167,0.0010,1.7766,3.2850,0.2304,0.8643,730837,0,0,0,0,14,0,0.0323,0.0007,0.0932,536.8,1950,7501
603,run,84.200,10.7349,3.9308,6.8041,6.2321,0.0010,1.7930,3.2850,0.2376,0.8550,730837,0,0,0,0,14,0,0.0308,0.0012,0.1117,536.8,1950,7501
604,run,84.200,17.3101,5.9366,11.3735,7.1598,0.0010,2.1606,3.8349,0.2396,0.8622,730837,0,0,0,0,14,0,0.0366,0.0008,0.1427,536.8,1950,7501
605,run,84.200,13.6409,5.2842,8.3567,6.2700,0.0010,1.8022,3.2891,0.2345,0.8827,730837,0,0,0,0,14,0,0.0244,0.0006,0.1212,536.8,1950,7501
606,run,84.200,13.1166,4.9358,8.1808,6.2341,0.0020,1.8053,3.2717,0.2324,0.8622,730837,0,0,0,0,14,0,0.0287,0.0010,0.1236,536.8,1950,7501
607,run,84.300,13.1779,4.5368,8.6411,6.2331,0.0010,1.8104,3.2860,0.2335,0.8428,730837,0,0,0,0,14,0,0.0267,0.0006,0.1030,536.8,1950,7501
608,run,84.300,11.6780,4.2056,7.4724,6.2700,0.0010,1.8196,3.2860,0.2304,0.8724,730837,0,0,0,0,14,0,0.0250,0.0011,0.0917,536.8,1950,7501
609,run,84.300,12.5002,5.2390,7.2612,6.8413,0.0010,1.8145,3.8687,0.2314,0.8653,730837,0,0,0,0,14,0,0.0252,0.0009,0.1181,536.8,1950,7501
610,run,84.300,14.5996,4.4805,10.1191,6.2618,0.0020,1.8217,3.2891,0.2284,0.8622,730837,0,0,0,0,14,0,0.0253,0.0006,0.1033,536.8,1950,7501
611,run,84.300,13.7607,5.0918,8.6689,6.4440,0.2038,1.8217,3.2840,0.2314,0.8438,730819,0,822,840,0,14,0,0.7265,0.4911,0.1130,536.8,1950,7501
612,run,84.300,17.1726,7.3734,9.7992,6.4696,0.2202,1.8248,3.2799,0.2335,0.8509,730819,0,884,884,0,14,0,1.3117,0.7312,0.1562,536.8,1950,7501
613,run,84.300,11.1173,4.2972,6.8201,6.2761,0.0010,1.8278,3.2891,0.2396,0.8591,730819,0,0,0,0,14,0,0.0313,0.0004,0.1107,536.8,1950,7501
614,run,84.400,13.0662,4.1674,8.8988,6.9315,0.0010,2.4812,3.2870,0.2355,0.8673,730819,0,0,0,0,14,0,0.0260,0.0009,0.1329,536.8,1950,7501
615,run,84.400,12.4066,4.4257,7.9809,6.2536,0.0010,1.8412,3.2737,0.2273,0.8489,730819,0,0,0,0,14,0,0.0325,0.0010,0.1036,536.8,1950,7501
616,run,84.400,13.0223,4.2614,8.7609,6.1727,0.0010,1.7592,3.2737,0.2191,0.8612,730819,0,0,0,0,14,0,0.0258,0.0008,0.1154,536.8,1950,7501
617,run,84.400,10.9902,4.3011,6.6891,6.1665,0.0010,1.7316,3.2819,0.2273,0.8643,730819,0,0,0,0,14,0,0.0362,0.0009,0.1270,536.8,1950,7501
618,run,84.400,11.7855,3.6523,8.1332,6.1665,0.0020,1.7316,3.2799,0.2243,0.8694,730819,0,0,0,0,14,0,0.0296,0.0008,0.1175,536.8,1950,7501
619,run,84.400,13.4254,4.7159,8.7095,6.1635,0.0010,1.7428,3.2829,0.2202,0.8561,730819,0,0,0,0,14,0,0.0310,0.0011,0.1433,536.8,1950,7501
620,run,84.400,13.9967,4.1407,9.8560,6.1706,0.0010,1.7459,3.2788,0.2202,0.8653,730819,0,0,0,0,14,0,0.0262,0.0008,0.1215,536.8,1950,7501
621,run,84.400,13.8740,5.4831,8.3909,6.1809,0.0010,1.7551,3.2737,0.2263,0.8643,730819,0,0,0,0,14,0,0.0365,0.0004,0.1000,536.8,1950,7501
622,run,84.500,13.9236,5.0542,8.8694,6.2228,0.0010,1.7992,3.2727,0.2243,0.8663,730819,0,0,0,0,14,0,0.0353,0.0009,0.1176,536.8,1950,7501
623,run,84.500,10.4900,3.8466,6.6434,6.2341,0.0020,1.8012,3.2768,0.2232,0.8704,730819,0,0,0,0,14,0,0.0306,0.0007,0.0969,536.8,1950,7501
624,run,84.500,11.3234,4.5246,6.7988,6.2587,0.0020,1.8166,3.2778,0.2314,0.8714,730819,0,0,0,0,14,0,0.0293,0.0008,0.1306,536.8,1950,7501
625,run,84.600,14.8612,5.9262,8.9350,6.4604,0.2202,1.7981,3.2717,0.2355,0.8745,730820,0,884,883,0,14,0,1.0796,0.5011,0.1166,536.8,1950,7501
626,run,84.600,9.9767,3.2028,6.7739,6.2659,0.0020,1.8104,3.2778,0.2396,0.8745,730820,0,0,0,0,14,0,0.0272,0.0010,0.1047,536.8,1950,7501
627,run,84.600,11.0834,3.0581,8.0253,6.8362,0.0010,1.8084,3.5256,0.2314,1.2104,730820,0,0,0,0,14,0,0.0274,0.0008,0.1011,536.8,1950,7501
628,run,84.600,10.8700,3.3252,7.5448,6.2474,0.0010,1.8074,3.2748,0.2294,0.8745,730820,0,0,0,0,14,0,0.0268,0.0004,0.0838,536.8,1950,7501
629,run,84.600,12.0022,3.8637,8.1385,6.2628,0.0010,1.8156,3.2645,0.2284,0.8919,730820,0,0,0,0,14,0,0.0291,0.0007,0.0848,536.8,1950,7501
630,run,84.700,17.5781,5.5344,12.0437,6.4625,0.0010,2.0224,3.2666,0.2304,0.8827,730820,0,0,0,0,14,0,0.0290,0.0009,0.1881,536.8,1950,7501
631,run,84.700,16.8819,5.4667,11.4152,7.1721,0.0010,1.7848,3.9803,0.2335,1.1121,730820,0,0,0,0,14,0,0.0296,0.0007,0.1309,536.8,1950,7501
632,run,84.700,17.2393,5.5683,11.6710,6.9632,0.0010,2.1617,3.6332,0.2294,0.8786,730820,0,0,0,0,14,0,0.0309,0.0009,0.1382,536.8,1950,7501
633,run,84.700,11.4099,3.8313,7.5786,6.2536,0.0020,1.7920,3.2788,0.2355,0.8837,730820,0,0,0,0,14,0,0.0317,0.0010,0.1037,536.8,1950,7501
634,run,84.700,10.5087,3.5218,6.9869,6.2536,0.0010,1.7981,3.2778,0.2335,0.8817,730820,0,0,0,0,14,0,0.0301,0.0006,0.0921,536.8,1950,7501
635,run,84.700,13.2343,6.6499,6.5844,6.5219,0.2734,1.8084,3.2778,0.2324,0.8714,730600,842,1087,1307,0,14,0,1.5391,0.6936,0.3326,536.8,1950,7501
636,run,84.700,16.0243,7.4977,8.5266,6.6867,0.4147,1.8104,3.2809,0.2345,0.8837,731464,0,1689,825,0,14,0,1.5292,0.6895,0.1482,536.8,1950,7501
637,run,84.700,14.2632,5.4624,8.8008,6.7308,0.0010,2.2815,3.2768,0.2314,0.8786,731464,0,0,0,0,14,0,0.0350,0.0008,0.1385,536.8,1950,7501
638,run,84.700,16.8460,7.1691,9.6769,6.4287,0.1751,1.8309,3.2758,0.2304,0.8561,730955,0,642,1151,0,14,0,1.0567,0.6035,0.1524,536.8,1950,7501
639,run,84.600,17.6271,7.7303,9.8968,7.3943,0.0010,2.4197,3.8318,0.2355,0.8448,730955,0,0,0,0,14,0,0.0366,0.0010,0.1481,536.8,1950,7501
640,run,84.700,14.0783,4.8457,9.2326,6.2853,0.0010,1.8422,3.2778,0.2171,0.8858,730955,0,0,0,0,14,0,0.0315,0.0008,0.1370,536.8,1950,7501
641,run,84.700,13.8231,4.6982,9.1249,6.8864,0.0010,1.8422,3.8861,0.2202,0.8765,730955,0,0,0,0,14,0,0.0278,0.0007,0.1410,536.8,1950,7501
642,run,84.700,14.5814,4.5778,10.0036,6.2638,0.0010,1.8473,3.2635,0.2181,0.8735,730955,0,0,0,0,14,0,0.0276,0.0010,0.1164,536.8,1950,7501
643,run,84.700,13.6426,5.0749,8.5677,6.2884,0.0010,1.8545,3.2778,0.2150,0.8796,730955,0,0,0,0,14,0,0.0275,0.0008,0.1204,536.8,1950,7501
644,run,84.700,14.7693,5.9358,8.8335,6.2812,0.0010,1.8586,3.2686,0.2171,0.8765,730955,0,0,0,0,14,0,0.0248,0.0008,0.1298,536.8,1950,7501
645,run,84.700,14.1250,5.7247,8.4003,6.3037,0.0010,1.8657,3.2758,0.2181,0.8827,730955,0,0,0,0,14,0,0.0367,0.0009,0.1643,536.8,1950,7501
646,run,84.700,16.5425,6.1080,10.4345,6.3140,0.0010,1.8616,3.2870,0.2171,0.8868,730955,0,0,0,0,14,0,0.0314,0.0009,0.1432,536.8,1950,7501
647,run,84.700,10.8250,3.9236,6.9014,6.2853,0.0010,1.8596,3.2676,0.2150,0.8806,730955,0,0,0,0,14,0,0.0306,0.0004,0.0833,536.8,1950,7501
648,run,84.700,11.8122,3.7386,8.0736,6.2863,0.0010,1.8534,3.2676,0.2120,0.8909,730955,0,0,0,0,14,0,0.0274,0.0010,0.1004,536.8,1950,7501
649,run,84.800,11.0976,4.1774,6.9202,6.3140,0.0010,1.8780,3.2850,0.2120,0.8776,730955,0,0,0,0,14,0,0.0220,0.0010,0.0935,536.8,1950,7501
650,run,84.800,14.1811,4.2182,9.9629,6.3078,0.0010,1.8719,3.2788,0.2109,0.8847,730955,0,0,0,0,14,0,0.0298,0.0010,0.1115,536.8,1950,7501
651,run,84.800,12.2768,5.6013,6.6755,7.5960,0.2540,1.8821,4.2998,0.2130,0.8868,731217,0,1011,749,0,14,0,0.6936,0.4621,0.1110,536.8,1950,7501
652,run,84.800,16.7484,5.3276,11.4208,6.3386,0.0010,1.8924,3.2686,0.2130,0.9032,731217,0,0,0,0,14,0,0.0333,0.0008,0.2966,536.8,1950,7501
653,run,84.800,10.6990,3.8594,6.8396,6.3171,0.0010,1.8893,3.2645,0.2099,0.8919,731217,0,0,0,0,14,0,0.0338,0.0010,0.1354,536.8,1950,7501
654,run,84.800,11.1510,4.3053,6.8457,6.3201,0.0010,1.8934,3.2676,0.2120,0.8847,731217,0,0,0,0,14,0,0.0239,0.0007,0.1019,536.8,1950,7501
655,run,84.900,13.6409,3.2615,10.3794,6.3048,0.0010,1.8893,3.2696,0.2089,0.8745,731217,0,0,0,0,14,0,0.0331,0.0008,0.1426,536.8,1950,7501
656,run,84.900,10.3653,3.5816,6.7837,6.3365,0.0020,1.8954,3.2737,0.2109,0.8940,731217,0,0,0,0,14,0,0.0287,0.0010,0.0875,536.8,1950,7501
657,run,84.900,14.8048,5.1787,9.6261,6.3560,0.0010,1.8964,3.2666,0.2191,0.9124,731217,0,0,0,0,14,0,0.0300,0.0009,0.3666,536.8,1950,7501
658,run,84.900,13.7799,5.0018,8.7781,6.3437,0.0010,1.8934,3.2655,0.2202,0.9021,731217,0,0,0,0,14,0,0.0280,0.0008,0.0827,536.8,1950,7501
659,run,84.900,13.2803,4.6665,8.6138,6.7758,0.0010,2.3337,3.2676,0.2243,0.8899,731217,0,0,0,0,14,0,0.0240,0.0011,0.1100,536.8,1950,7501
660,run,84.900,11.9398,3.7547,8.1851,6.3324,0.0010,1.8944,3.2604,0.2202,0.8940,731217,0,0,0,0,14,0,0.0245,0.0008,0.1101,536.8,1950,7501
661,run,84.900,11.5683,4.5378,7.0305,6.5485,0.2028,1.8924,3.2635,0.2222,0.9073,731212,0,834,839,0,14,0,0.6553,0.4806,0.1359,536.8,1950,7501
662,run,84.900,10.8449,4.0803,6.7646,6.7471,0.0010,2.2968,3.2696,0.2222,0.8970,731212,0,0,0,0,14,0,0.0349,0.0034,0.0977,536.8,1950,7501
663,run,84.900,11.9137,4.0933,7.8204,6.3293,0.0020,1.8964,3.2655,0.2202,0.8858,731212,0,0,0,0,14,0,0.0297,0.0008,0.1506,536.8,1950,7501
664,run,84.900,14.4240,7.6672,6.7568,7.6636,0.2519,1.8862,3.7335,0.2191,1.5135,731451,0,1015,776,0,14,0,0.6815,0.4772,0.1127,536.8,1950,7501
665,run,84.800,13.5496,3.6760,9.8736,6.3488,0.0010,1.8964,3.2676,0.2181,0.9052,731451,0,0,0,0,14,0,0.0288,0.0005,0.0821,536.8,1950,7501
666,run,84.800,10.1973,3.6045,6.5928,6.3345,0.0010,1.9026,3.2666,0.2212,0.8827,731451,0,0,0,0,14,0,0.0324,0.0006,0.0852,536.8,1950,7501
667,run,84.800,11.5266,3.8163,7.7103,6.9571,0.0010,2.1637,3.6321,0.2140,0.8847,731451,0,0,0,0,14,0,0.0271,0.0005,0.0804,536.8,1950,7501
668,run,84.800,12.0190,4.6022,7.4168,6.3560,0.0020,1.9067,3.2737,0.2212,0.8919,731451,0,0,0,0,14,0,0.0257,0.0009,0.1181,536.8,1950,7501
669,run,84.800,14.6068,4.5609,10.0459,6.3447,0.0010,1.9077,3.2645,0.2202,0.8909,731451,0,0,0,0,14,0,0.0250,0.0007,0.1240,536.8,1950,7501
670,run,84.800,11.4046,4.7060,6.6986,6.7656,0.0010,2.3224,3.2778,0.2150,0.8888,731451,0,0,0,0,14,0,0.0254,0.0007,0.0850,536.8,1950,7501
671,run,84.800,12.4426,4.0833,8.3593,6.3734,0.0010,1.9220,3.2799,0.2243,0.8868,731451,0,0,0,0,14,0,0.0263,0.0006,0.0998,536.8,1950,7501
672,run,84.800,12.4602,3.8999,8.5603,6.6621,0.0010,1.9282,3.2543,0.2191,1.1981,731451,0,0,0,0,14,0,0.0251,0.0007,0.0976,536.8,1950,7501
673,run,84.800,13.2446,5.1650,8.0796,6.3744,0.0010,1.9354,3.2707,0.2181,0.8878,731451,0,0,0,0,14,0,0.0597,0.0007,0.1245,536.8,1950,7501
674,run,84.800,9.9690,3.4051,6.5639,6.3795,0.0010,1.9302,3.2768,0.2181,0.8919,731451,0,0,0,0,14,0,0.0279,0.0006,0.0895,536.8,1950,7501
675,run,84.700,12.7850,4.3287,8.4563,7.1813,0.0010,1.9384,4.0735,0.2222,0.8868,731451,0,0,0,0,14,0,0.0259,0.0006,0.1073,536.8,1950,7501
676,run,84.700,12.6808,3.7670,8.9138,6.3980,0.0010,1.9436,3.2778,0.2161,0.8980,731451,0,0,0,0,14,0,0.0264,0.0006,0.1023,536.8,1950,7501
677,run,84.700,11.2268,4.2448,6.9820,6.6243,0.2191,1.9436,3.2768,0.2171,0.9083,731464,0,889,876,0,14,0,0.6839,0.4391,0.0924,536.8,1950,7501
678,run,84.700,9.8390,3.2126,6.6264,7.1916,0.0010,1.9466,4.0684,0.2181,0.8960,731464,0,0,0,0,14,0,0.0295,0.0006,0.0780,536.8,1950,7501
679,run,84.700,13.3153,4.4590,8.8563,6.3887,0.0010,1.9425,3.2676,0.2212,0.8950,731464,0,0,0,0,14,0,0.0266,0.0007,0.1192,536.8,1950,7501
680,run,84.700,11.8395,3.4634,8.3761,6.3764,0.0010,1.9251,3.2727,0.2202,0.8950,731464,0,0,0,0,14,0,0.0293,0.0008,0.0873,536.8,1950,7501
681,run,84.700,10.7205,3.6238,7.0967,7.3073,0.0010,2.5221,3.6188,0.2181,0.8868,731464,0,0,0,0,14,0,0.0318,0.0005,0.0930,536.8,1950,7501
682,run,84.600,13.0039,4.5043,8.4996,6.2874,0.0010,1.8442,3.2758,0.2202,0.8858,731464,0,0,0,0,14,0,0.0257,0.0006,0.1172,536.8,1950,7501
683,run,84.600,10.8549,3.7630,7.0919,6.2894,0.0020,1.8412,3.2829,0.2243,0.8776,731464,0,0,0,0,14,0,0.0336,0.0006,0.0795,536.8,1950,7501
684,run,84.600,14.7104,6.1789,8.5315,6.4973,0.2212,1.8401,3.2850,0.2263,0.8653,731468,0,819,815,0,14,0,1.0031,0.5518,0.1391,536.8,1950,7501
685,run,84.600,13.1693,4.4643,8.7050,6.2659,0.0010,1.8371,3.2717,0.2222,0.8724,731468,0,0,0,0,14,0,0.0300,0.0010,0.1160,536.8,1950,7501
686,run,84.600,12.8914,5.2891,7.6023,6.4471,0.2028,1.8360,3.2614,0.2202,0.8663,731435,0,801,834,0,14,0,0.6147,0.4202,0.0947,536.8,1950,7501
687,run,84.600,13.0896,3.9377,9.1519,6.2454,0.0020,1.8340,3.2625,0.2161,0.8684,731435,0,0,0,0,14,0,0.0269,0.0009,0.1043,536.8,1950,7501
688,run,84.500,11.9432,4.0179,7.9253,7.0871,0.0010,2.6511,3.2696,0.2202,0.8817,731435,0,0,0,0,14,0,0.0297,0.0012,0.1395,536.8,1950,7501
689,run,84.500,10.5825,3.9311,6.6514,6.5649,0.0010,1.8401,3.5666,0.2202,0.8745,731435,0,0,0,0,14,0,0.0324,0.0009,0.1182,536.8,1950,7501
690,run,84.500,14.2928,5.8954,8.3974,6.8127,0.2212,1.8350,3.2840,0.2202,1.1909,731443,0,879,871,0,14,0,0.7507,0.5189,0.1175,536.8,1950,7501
691,run,84.500,11.5099,3.9842,7.5257,6.2669,0.0010,1.8340,3.2758,0.2191,0.8745,731443,0,0,0,0,14,0,0.0503,0.0012,0.1023,536.8,1950,7501
692,run,84.500,14.8230,5.6739,9.1491,6.2607,0.0010,1.8319,3.2655,0.2181,0.8837,731443,0,0,0,0,14,0,0.0552,0.0008,0.1582,536.8,1950,7501
693,run,84.500,15.9276,5.9132,10.0144,6.6396,0.0010,2.2139,3.2635,0.2171,0.8817,731443,0,0,0,0,14,0,0.0387,0.0010,0.1720,536.8,1950,7501
694,run,84.500,12.4425,5.5090,6.9335,7.1670,0.0010,1.8248,3.5707,0.2222,1.4868,731443,0,0,0,0,14,0,0.0413,0.0011,0.1541,536.8,1950,7501
695,run,84.500,11.2714,4.0822,7.1892,6.2362,0.0010,1.8156,3.2676,0.2243,0.8673,731443,0,0,0,0,14,0,0.0363,0.0008,0.0966,536.8,1950,7501
696,run,84.500,12.2540,3.9917,8.2623,6.2157,0.0020,1.8063,3.2655,0.2161,0.8643,731443,0,0,0,0,14,0,0.0271,0.0008,0.1229,536.8,1950,7501
697,run,84.500,11.1435,4.5601,6.5834,6.7963,0.0010,1.7951,3.8410,0.2243,0.8745,731443,0,0,0,0,14,0,0.0293,0.0007,0.1334,536.8,1950,7501
698,run,84.500,11.5284,4.9474,6.5810,6.2310,0.0010,1.8043,3.2768,0.2202,0.8653,731443,0,0,0,0,14,0,0.0350,0.0007,0.1038,536.8,1950,7501
699,run,84.500,12.9058,5.1160,7.7898,6.7369,0.0010,1.8033,3.2870,0.4465,1.1377,731443,0,0,0,0,14,0,0.0415,0.0007,0.4268,536.8,1950,7501
700,run,84.500,13.7193,5.2508,8.4685,6.2300,0.0020,1.8084,3.2635,0.2202,0.8735,731443,0,0,0,0,14,0,0.0315,0.0007,0.1465,536.8,1950,7501
701,run,84.500,12.7230,3.3708,9.3522,6.2423,0.0010,1.8156,3.2758,0.2202,0.8673,731443,0,0,0,0,14,0,0.0300,0.0009,0.0881,536.8,1950,7501
702,run,84.500,15.3728,6.4236,8.9492,6.2433,0.0010,1.8217,3.2758,0.2212,0.8632,731443,0,0,0,0,14,0,0.0279,0.0010,0.1280,536.8,1950,7501
703,run,84.500,17.5587,6.5460,11.0127,6.4604,0.2202,1.8268,3.2666,0.2171,0.8694,731417,0,881,907,0,14,0,1.0637,0.4954,0.1228,536.8,1950,7501
704,run,84.500,15.2094,5.8319,9.3775,6.6601,0.0010,2.2323,3.2748,0.2191,0.8704,731417,0,0,0,0,14,0,0.0357,0.0007,0.1531,536.8,1950,7501
705,run,84.500,15.8081,5.3533,10.4548,6.2730,0.0020,1.8330,3.2758,0.2212,0.8806,731417,0,0,0,0,14,0,0.0282,0.0006,0.0970,536.8,1950,7501
706,run,84.400,10.9544,3.8990,7.0554,7.3370,0.0010,1.8350,3.7304,0.2171,1.4920,731417,0,0,0,0,14,0,0.0389,0.0006,0.0974,536.8,1950,7501
707,run,84.400,16.8284,5.0541,11.7743,6.5014,0.0020,1.8442,3.5144,0.2232,0.8571,731417,0,0,0,0,14,0,0.0349,0.0007,0.1479,536.8,1950,7501
708,run,84.400,11.3164,3.6839,7.6325,7.2448,0.0020,2.8191,3.2676,0.2202,0.8735,731417,0,0,0,0,14,0,0.0323,0.0006,0.0820,536.8,1950,7501
709,run,84.400,13.8937,5.2656,8.6281,7.0390,0.0010,2.2610,3.6178,0.2191,0.8796,731417,0,0,0,0,14,0,0.0298,0.0010,0.1398,536.8,1950,7501
710,run,84.400,12.8233,4.9347,7.8886,6.2484,0.0010,1.8504,3.2748,0.2171,0.8428,731417,0,0,0,0,14,0,0.0279,0.0007,0.1362,536.8,1950,7501
711,run,84.400,14.8132,5.3559,9.4573,7.1854,0.2140,2.2159,3.6198,0.2222,0.8509,731453,0,861,825,0,14,0,0.8291,0.4925,0.1392,536.8,1950,7501
712,run,84.400,11.4978,3.9702,7.5276,6.2669,0.0010,1.8463,3.2717,0.2202,0.8673,731453,0,0,0,0,14,0,0.0335,0.0006,0.0832,536.8,1950,7501
713,run,84.400,15.3223,5.4325,9.8898,6.2536,0.0010,1.8289,3.2676,0.2222,0.8714,731453,0,0,0,0,14,0,0.0347,0.0010,0.1617,536.8,1950,7501
714,run,84.400,13.5795,5.0811,8.4984,6.2208,0.0010,1.8207,3.2645,0.2222,0.8509,731453,0,0,0,0,14,0,0.0275,0.0010,0.1306,536.8,1950,7501
715,run,84.500,12.8082,4.7551,8.0531,6.2403,0.0010,1.8227,3.2655,0.2181,0.8714,731453,0,0,0,0,14,0,0.0322,0.0007,0.1434,536.8,1950,7501
716,run,84.500,15.7280,5.9495,9.7785,7.2090,0.2191,2.2241,3.6178,0.2161,0.8714,731465,0,889,877,0,14,0,0.8576,0.5188,0.1699,536.8,1950,7501
717,run,84.500,12.6608,4.8294,7.8314,6.2976,0.0031,1.8452,3.2768,0.2222,0.8786,731465,0,0,0,0,14,0,0.0292,0.0006,0.2289,536.8,1950,7501
718,run,84.400,13.2154,5.3752,7.8402,6.3109,0.0031,1.8586,3.2891,0.2243,0.8714,731465,0,0,0,0,14,0,0.0277,0.0010,0.1286,536.8,1950,7501
719,run,84.400,15.2566,6.7449,8.5117,6.2945,0.0031,1.8524,3.2983,0.2243,0.8479,731465,0,0,0,0,14,0,0.0311,0.0008,0.1550,536.8,1950,7501
720,run,84.400,15.7628,4.4980,11.2648,6.3365,0.0031,1.8606,3.2788,0.2263,0.8960,731465,0,0,0,0,14,0,0.0243,0.0008,0.0930,536.8,1950,7501
721,run,84.400,13.0912,6.5575,6.5337,7.0369,0.0031,2.5876,3.2788,0.2273,0.8714,731465,0,0,0,0,14,0,0.0410,0.0012,0.1255,536.8,1950,7501
722,run,84.400,13.0177,6.2480,6.7697,6.3427,0.0031,1.8688,3.2850,0.2212,0.8909,731465,0,0,0,0,14,0,0.0309,0.0004,0.0881,536.8,1950,7501
723,run,84.400,14.6518,5.7431,8.9087,7.1741,0.0031,2.3419,3.6475,0.2243,0.8827,731465,0,0,0,0,14,0,0.0263,0.0009,0.1265,536.8,1950,7501
724,run,84.400,13.4209,5.6607,7.7602,6.3795,0.0031,1.8821,3.3075,0.2232,0.8919,731465,0,0,0,0,14,0,0.0314,0.0014,0.1055,536.8,1950,7501
725,run,84.400,13.7709,5.4557,8.3152,6.3375,0.0031,1.8913,3.2768,0.2263,0.8735,731465,0,0,0,0,14,0,0.0274,0.0012,0.1219,536.8,1950,7501
726,run,84.400,13.5802,4.8546,8.7256,6.3703,0.0031,1.8975,3.2799,0.2243,0.8980,731465,0,0,0,0,14,0,0.0338,0.0009,0.1072,536.8,1950,7501
727,run,84.400,13.5212,4.2091,9.3121,6.3642,0.0031,1.8903,3.2809,0.2232,0.8929,731465,0,0,0,0,14,0,0.0230,0.0006,0.0859,536.8,1950,7501
728,run,84.400,15.3124,5.2310,10.0814,7.0062,0.0031,2.5108,3.2881,0.2243,0.9032,731465,0,0,0,0,14,0,0.0263,0.0010,0.1164,536.8,1950,7501
729,run,84.400,11.9570,5.1960,6.7610,6.5485,0.2161,1.8719,3.2860,0.2191,0.8888,731363,0,829,931,0,14,0,0.6603,0.4735,0.0950,536.8,1950,7501
730,run,84.400,11.1411,4.5447,6.5964,6.3181,0.0031,1.8545,3.2768,0.2243,0.8878,731363,0,0,0,0,14,0,0.0372,0.0006,0.0817,536.8,1950,7501
731,run,84.400,12.8614,4.5163,8.3451,6.3048,0.0031,1.8596,3.2829,0.2232,0.8632,731363,0,0,0,0,14,0,0.0209,0.0004,0.0968,536.8,1950,7501
732,run,84.400,15.4684,7.1174,8.3510,6.6632,0.3379,1.8627,3.2788,0.2232,0.8878,731409,277,1471,1425,0,14,0,1.5091,0.6232,0.2029,536.8,1950,7501
733,run,84.400,5.0351,5.0332,0.0019,6.5956,0.2540,1.8719,3.2799,0.2222,0.8940,731673,0,1062,798,0,14,0,1.0613,0.4625,0.1122,536.8,1950,7501
734,run,84.400,17.0112,6.0505,10.9607,6.3212,0.0031,1.8606,3.2768,0.2232,0.8909,731673,0,0,0,0,14,0,0.0313,0.0009,0.1409,536.8,1950,7501
735,run,84.400,12.1839,5.5693,6.6146,6.3662,0.0031,1.8760,3.2952,0.2243,0.8940,731673,0,0,0,0,14,0,0.0308,0.0006,0.1113,536.8,1950,7501
736,run,84.400,13.6582,6.5792,7.0790,7.2827,0.2171,2.5866,3.2788,0.2222,0.9114,731677,0,833,829,0,14,0,1.1049,0.5545,0.2017,536.8,1950,7501
737,run,84.400,16.3395,5.4457,10.8938,6.3314,0.0031,1.8657,3.2737,0.2202,0.9042,731677,0,0,0,0,14,0,0.0268,0.0006,0.1145,536.8,1950,7501
738,run,84.300,14.3430,4.9771,9.3659,7.3544,0.0031,1.8811,4.2906,0.2253,0.8888,731677,0,0,0,0,14,0,0.0265,0.0009,0.1292,536.8,1950,7501
739,run,84.300,15.6406,6.1440,9.4966,6.3396,0.0031,1.8821,3.2758,0.2243,0.8868,731677,0,0,0,0,14,0,0.0316,0.0012,0.1665,536.8,1950,7501
740,run,84.300,13.4021,4.8481,8.5540,7.3871,0.0031,1.8883,3.7284,0.2253,1.4787,731677,0,0,0,0,14,0,0.0243,0.0008,0.1218,536.8,1950,7501
741,run,84.300,14.2487,6.0268,8.2219,6.3928,0.0031,1.9036,3.2829,0.2253,0.9124,731677,0,0,0,0,14,0,0.0326,0.0004,0.0928,536.8,1950,7501
742,run,84.300,15.8717,5.4538,10.4179,6.5956,0.2447,1.8708,3.2860,0.2273,0.9001,731787,0,942,832,0,14,0,0.9752,0.5006,0.1038,536.8,1950,7501
743,run,84.300,14.2358,5.2104,9.0254,6.3386,0.0031,1.8668,3.2737,0.2294,0.9001,731787,0,0,0,0,14,0,0.0267,0.0009,0.1216,536.8,1950,7501
744,run,84.200,11.7140,5.2341,6.4799,6.2761,0.0031,1.8248,3.2778,0.2212,0.8837,731787,0,0,0,0,14,0,0.0290,0.0009,0.0895,536.8,1950,7501
745,run,84.200,12.3823,4.0459,8.3364,6.3027,0.0031,1.8299,3.2819,0.2232,0.8980,731787,0,0,0,0,14,0,0.0236,0.0008,0.0850,536.8,1950,7501
746,run,84.200,11.5886,4.9685,6.6201,6.3242,0.0031,1.8258,3.3096,0.2232,0.8960,731787,0,0,0,0,14,0,0.0304,0.0008,0.0890,536.8,1950,7501
747,run,84.200,14.3067,3.7753,10.5314,6.4676,0.0031,1.9773,3.2993,0.2273,0.8868,731787,0,0,0,0,14,0,0.0280,0.0009,0.0994,536.8,1950,7501
748,run,84.200,12.5873,5.8226,6.7647,7.0595,0.0031,2.0070,3.8636,0.2304,0.8868,731787,0,0,0,0,14,0,0.0285,0.0004,0.0739,536.8,1950,7501
749,run,84.200,12.7627,3.9242,8.8385,6.7123,0.0031,1.9948,3.5205,0.2232,0.9021,731787,0,0,0,0,14,0,0.0211,0.0006,0.0756,536.8,1950,7501
750,run,84.100,11.4564,4.1214,7.3350,6.2454,0.0031,1.7398,3.3044,0.2232,0.8991,731787,0,0,0,0,14,0,0.0230,0.0005,0.0756,536.8,1950,7501
751,run,84.100,12.4500,4.6931,7.7569,6.9601,0.0031,2.4934,3.2758,0.2243,0.8950,731787,0,0,0,0,14,0,0.0256,0.0009,0.1289,536.8,1950,7501
752,run,84.100,11.9552,5.3478,6.6074,6.8864,0.0031,2.0101,3.2881,0.5898,0.9216,731787,0,0,0,0,14,0,0.0248,0.0006,0.0768,536.8,1950,7501
753,run,84.100,12.3051,3.8211,8.4840,6.4707,0.0031,1.7367,3.5471,0.2222,0.8960,731787,0,0,0,0,14,0,0.0226,0.0006,0.0803,536.8,1950,7501
754,run,84.100,10.9068,4.2468,6.6600,6.2157,0.0031,1.7398,3.2737,0.2304,0.8940,731787,0,0,0,0,14,0,0.0296,0.0004,0.0791,536.8,1950,7501
755,run,84.100,12.7883,6.0346,6.7537,6.8014,0.2243,2.1115,3.2891,0.2212,0.8909,731774,0,876,889,0,14,0,1.0177,0.5660,0.1500,536.8,1950,7501
756,run,84.100,16.2520,6.5199,9.7321,6.8065,0.0031,1.7398,3.8636,0.2243,0.8991,731774,0,0,0,0,14,0,0.0309,0.0010,0.1553,536.8,1950,7501
757,run,84.100,11.4534,4.0058,7.4476,6.5096,0.0031,1.7398,3.5645,0.2243,0.9093,731774,0,0,0,0,14,0,0.0272,0.0007,0.0822,536.8,1950,7501
758,run,84.100,13.0967,4.7936,8.3031,6.4870,0.0031,1.7224,3.2911,0.4803,0.9247,731774,0,0,0,0,14,0,0.0248,0.0008,0.1077,536.8,1950,7501
759,run,84.100,15.9451,6.1530,9.7921,6.1921,0.0031,1.7162,3.2942,0.2253,0.8858,731774,0,0,0,0,14,0,0.0276,0.0012,0.1432,536.8,1950,7501
760,run,84.100,12.6583,4.0867,8.5716,6.1696,0.0031,1.7111,3.2809,0.2222,0.8868,731774,0,0,0,0,14,0,0.0205,0.0004,0.0848,536.8,1950,7501
761,run,84.100,12.0305,5.4654,6.5651,7.0185,0.4772,2.0849,3.2799,0.2181,0.8899,731767,0,824,831,0,14,0,0.6346,0.4033,0.1398,536.8,1950,7501
762,run,84.100,12.1823,4.1927,7.9896,6.7840,0.0031,1.6763,3.9291,0.2263,0.8827,731767,0,0,0,0,14,0,0.0229,0.0005,0.0801,536.8,1950,7501
763,run,84.000,13.4893,4.7184,8.7709,6.1594,0.0031,1.6876,3.2901,0.2243,0.8878,731767,0,0,0,0,14,0,0.0228,0.0007,0.0936,536.8,1950,7501
764,run,84.000,12.6682,5.1593,7.5089,6.1512,0.0031,1.6824,3.2932,0.2243,0.8817,731767,0,0,0,0,14,0,0.0274,0.0007,0.0880,536.8,1950,7501
765,run,84.000,10.6992,4.2217,6.4775,6.8567,0.0031,1.6835,3.5656,0.2263,1.3036,731767,0,0,0,0,14,0,0.0300,0.0008,0.0889,536.8,1950,7501
766,run,84.000,10.9439,3.5504,7.3935,6.6550,0.0031,1.6947,3.5297,0.2232,1.1366,731767,0,0,0,0,14,0,0.0270,0.0007,0.0827,536.8,1950,7501
767,run,84.000,11.3392,4.0460,7.2932,6.1358,0.0031,1.6865,3.2870,0.2273,0.8643,731767,0,0,0,0,14,0,0.0309,0.0005,0.0743,536.8,1950,7501
768,run,84.000,12.7005,6.1725,6.5280,6.9796,0.4495,1.6845,3.6557,0.2222,0.9011,731761,0,885,891,0,14,0,0.6163,0.4254,0.0992,536.8,1950,7501
769,run,84.000,10.7683,3.6205,7.1478,6.4532,0.0031,1.6906,3.5758,0.2263,0.8806,731761,0,0,0,0,14,0,0.0262,0.0005,0.0773,536.8,1950,7501
770,run,84.000,11.3451,4.2888,7.0563,6.1491,0.0031,1.6937,3.2881,0.2243,0.8684,731761,0,0,0,0,14,0,0.0240,0.0006,0.0952,536.8,1950,7501
771,run,84.000,11.7542,5.2727,6.4815,6.5116,0.0031,1.6896,3.6659,0.2294,0.8571,731761,0,0,0,0,14,0,0.0313,0.0011,0.1111,536.8,1950,7501
772,run,84.000,13.0550,3.8484,9.2066,6.5823,0.0031,2.1217,3.2819,0.2253,0.8765,731761,0,0,0,0,14,0,0.0251,0.0006,0.1057,536.8,1950,7501
773,run,84.000,10.8914,3.9771,6.9143,6.1706,0.0031,1.6978,3.3034,0.2263,0.8673,731761,0,0,0,0,14,0,0.0251,0.0004,0.1027,536.8,1950,7501
774,run,84.000,12.4893,4.2159,8.2734,6.1563,0.0031,1.6927,3.2983,0.2243,0.8724,731761,0,0,0,0,14,0,0.0268,0.0009,0.0991,536.8,1950,7501
775,run,84.000,10.8028,4.3110,6.4918,7.0595,0.0031,2.0060,3.8830,0.2253,0.8755,731761,0,0,0,0,14,0,0.0268,0.0010,0.0932,536.8,1950,7501
776,run,84.000,15.4257,5.2943,10.1314,7.0021,0.0031,1.9077,3.9199,0.2202,0.8776,731761,0,0,0,0,14,0,0.0266,0.0009,0.1316,536.8,1950,7501
777,run,84.000,10.6407,3.7598,6.8809,6.3980,0.0031,1.6722,3.2973,0.2273,1.1284,731761,0,0,0,0,14,0,0.0260,0.0007,0.0883,536.8,1950,7501
778,run,84.000,13.5673,5.5385,8.0288,7.0953,0.0031,2.5989,3.3085,0.2273,0.8827,731761,0,0,0,0,14,0,0.0281,0.0009,0.1386,536.8,1950,7501
779,run,84.000,11.1819,4.6113,6.5706,6.8495,0.0031,1.6599,3.5809,0.2263,1.3128,731761,0,0,0,0,14,0,0.0280,0.0006,0.0763,536.8,1950,7501
780,run,84.000,13.9558,4.2961,9.6597,6.6355,0.0031,1.9046,3.5379,0.2273,0.8868,731761,0,0,0,0,14,0,0.0246,0.0009,0.1050,536.8,1950,7501
781,run,84.100,17.0603,6.0171,11.0432,6.8710,0.2324,1.8964,3.5348,0.2232,0.9103,731755,0,877,883,0,14,0,0.8507,0.5013,0.2204,536.8,1950,7501
782,run,84.100,15.1307,7.7000,7.4307,6.6038,0.1987,1.6722,3.5471,0.2263,0.8847,731702,0,781,834,0,14,0,0.6973,0.4374,0.1145,536.8,1950,7501
783,run,84.100,15.9731,5.2357,10.7374,6.1491,0.0031,1.6671,3.2942,0.2263,0.8837,731702,0,0,0,0,14,0,0.0331,0.0014,0.1530,536.8,1950,7501
784,run,84.100,13.5979,4.1740,9.4239,6.1706,0.0031,1.6783,3.3014,0.2284,0.8858,731702,0,0,0,0,14,0,0.0196,0.0004,0.0783,536.8,1950,7501
785,run,84.100,15.3265,5.2589,10.0676,7.2550,0.0031,1.6794,4.1155,0.2243,1.1633,731702,0,0,0,0,14,0,0.0240,0.0009,0.1152,536.8,1950,7501
786,run,84.100,14.7770,5.6733,9.1037,6.3662,0.2099,1.6824,3.2932,0.2222,0.8878,731635,0,792,859,0,14,0,0.6303,0.4095,0.0945,536.8,1950,7501
787,run,84.100,15.1976,5.4392,9.7584,6.1850,0.0031,1.6835,3.3055,0.2263,0.8909,731635,0,0,0,0,14,0,0.0258,0.0008,0.2688,536.8,1950,7501
788,run,84.100,14.6111,5.0153,9.5958,6.1522,0.0031,1.6814,3.2993,0.2253,0.8694,731635,0,0,0,0,14,0,0.0243,0.0007,0.1012,536.8,1950,7501
789,run,84.100,11.0847,4.5486,6.5361,6.4082,0.0031,1.6773,3.3014,0.2243,1.1264,731635,0,0,0,0,14,0,0.0307,0.0007,0.1002,536.8,1950,7501
790,run,84.000,12.9376,4.4730,8.4646,6.1563,0.0020,1.6814,3.3014,0.2243,0.8724,731635,0,0,0,0,14,0,0.0242,0.0007,0.0925,536.8,1950,7501
791,run,84.000,11.0881,4.4299,6.6582,6.1409,0.0031,1.6681,3.3116,0.2212,0.8714,731635,0,0,0,0,14,0,0.0246,0.0005,0.0728,536.8,1950,7501
792,run,84.000,14.3304,4.9570,9.3734,6.1174,0.0031,1.6558,3.3004,0.2253,0.8663,731635,0,0,0,0,14,0,0.0281,0.0009,0.1479,536.8,1950,7501
793,run,84.000,14.2480,5.1455,9.1025,6.1297,0.0031,1.6650,3.3024,0.2243,0.8591,731635,0,0,0,0,14,0,0.0240,0.0008,0.1199,536.8,1950,7501
794,run,84.000,12.3030,4.5199,7.7831,7.2223,0.2324,1.6589,3.7693,0.2365,1.2534,731660,0,895,870,0,14,0,0.6708,0.4176,0.0938,536.8,1950,7501
795,run,84.000,11.9521,4.6655,7.2866,6.1164,0.0031,1.6589,3.3137,0.2284,0.8448,731660,0,0,0,0,14,0,0.0252,0.0005,0.0677,536.8,1950,7501
796,run,84.000,13.1667,4.5737,8.5930,6.1379,0.0031,1.6620,3.3126,0.2222,0.8694,731660,0,0,0,0,14,0,0.0224,0.0007,0.0805,536.8,1950,7501
797,run,84.000,14.5742,4.5063,10.0679,6.6918,0.0031,2.2364,3.3034,0.2253,0.8489,731660,0,0,0,0,14,0,0.0302,0.0013,0.1065,536.8,1950,7501
798,run,83.900,11.4646,4.0919,7.3727,6.1030,0.0031,1.6671,3.3147,0.2222,0.8274,731660,0,0,0,0,14,0,0.0264,0.0004,0.0850,536.8,1950,7501
799,run,83.900,11.1730,4.1911,6.9819,6.1061,0.0031,1.6599,3.3065,0.2263,0.8417,731660,0,0,0,0,14,0,0.0201,0.0006,0.0846,536.8,1950,7501
800,run,83.900,11.0579,4.1007,6.9572,6.6673,0.0031,2.2303,3.3137,0.2273,0.8192,731660,0,0,0,0,14,0,0.0345,0.0009,0.1551,536.8,1950,7501
801,run,83.900,12.2143,4.4682,7.7461,6.1471,0.0020,1.6630,3.3290,0.2263,0.8530,731660,0,0,0,0,14,0,0.0204,0.0004,0.1039,536.8,1950,7501
802,run,83.900,11.3509,4.0340,7.3169,6.1266,0.0031,1.6660,3.3116,0.2273,0.8499,731660,0,0,0,0,14,0,0.0245,0.0007,0.1098,536.8,1950,7501
803,run,83.900,12.0696,4.9086,7.1610,6.1256,0.0031,1.6671,3.3167,0.2222,0.8499,731660,0,0,0,0,14,0,0.0263,0.0007,0.1143,536.8,1950,7501
804,run,83.900,10.6376,3.8263,6.8113,6.1245,0.0031,1.6630,3.3198,0.2232,0.8458,731660,0,0,0,0,14,0,0.0285,0.0005,0.0731,536.8,1950,7501
805,run,84.000,11.1275,3.9922,7.1353,6.1635,0.0031,1.6722,3.3249,0.2273,0.8581,731660,0,0,0,0,14,0,0.0222,0.0008,0.0792,536.8,1950,7501
806,run,83.900,11.8415,5.2655,6.5760,6.0928,0.0031,1.6609,3.3157,0.2284,0.8161,731660,0,0,0,0,14,0,0.0298,0.0007,0.1231,536.8,1950,7501
807,run,83.900,12.9595,5.3557,7.6038,6.3212,0.2335,1.6630,3.3106,0.2273,0.8151,731655,0,874,879,0,14,0,0.6024,0.4030,0.1081,536.8,1950,7501
808,run,83.900,10.6257,3.9464,6.6793,6.1184,0.0031,1.6640,3.3239,0.2232,0.8366,731655,0,0,0,0,14,0,0.0292,0.0007,0.0875,536.8,1950,7501
809,run,83.900,12.7219,4.4192,8.3027,6.0897,0.0031,1.6548,3.3034,0.2284,0.8264,731655,0,0,0,0,14,0,0.0414,0.0006,0.1235,536.8,1950,7501
810,run,83.900,13.2195,4.8160,8.4035,6.1030,0.0031,1.6742,3.3055,0.2263,0.8253,731655,0,0,0,0,14,0,0.0279,0.0010,0.1066,536.8,1950,7501
811,run,83.900,11.9387,5.1437,6.7950,7.1875,0.2243,2.1197,3.7069,0.2324,0.8315,731703,0,857,809,0,14,0,0.6204,0.4047,0.0916,536.8,1950,7501
812,run,83.900,11.5683,3.8913,7.6770,6.1686,0.0031,1.6548,3.3372,0.2294,0.8786,731703,0,0,0,0,14,0,0.0256,0.0005,0.0886,536.8,1950,7501
813,run,83.900,10.5745,4.0371,6.5374,6.1522,0.0031,1.6650,3.3157,0.2284,0.8714,731703,0,0,0,0,14,0,0.0258,0.0008,0.0865,536.8,1950,7501
814,run,83.900,13.2119,4.9291,8.2828,6.5403,0.0031,2.0931,3.3188,0.2273,0.8223,731703,0,0,0,0,14,0,0.0268,0.0007,0.1400,536.8,1950,7501
815,run,83.900,11.2154,3.9679,7.2475,6.1471,0.0031,1.6886,3.3249,0.2243,0.8315,731703,0,0,0,0,14,0,0.0286,0.0006,0.0787,536.8,1950,7501
816,run,83.900,13.4417,4.3632,9.0785,6.1573,0.0031,1.6916,3.3188,0.2232,0.8468,731703,0,0,0,0,14,0,0.0239,0.0007,0.0928,536.8,1950,7501
817,run,83.900,11.7804,5.2158,6.5646,6.1553,0.0031,1.7019,3.3270,0.2273,0.8305,731703,0,0,0,0,14,0,0.0341,0.0028,0.1216,536.8,1950,7501
818,run,83.900,10.6754,4.1622,6.5132,6.1420,0.0020,1.6916,3.3239,0.2263,0.8305,731703,0,0,0,0,14,0,0.0306,0.0009,0.0946,536.8,1950,7501
819,run,83.900,12.4875,4.2024,8.2851,6.1532,0.0031,1.6978,3.3249,0.2304,0.8284,731703,0,0,0,0,14,0,0.0253,0.0009,0.1093,536.8,1950,7501
820,run,84.000,13.6734,5.2691,8.4043,6.4082,0.2324,1.6742,3.3393,0.2273,0.8612,731690,0,890,903,0,14,0,0.7361,0.4514,0.0964,536.8,1950,7501
821,run,84.000,11.3125,4.8348,6.4777,6.1532,0.0031,1.6794,3.3290,0.2304,0.8428,731690,0,0,0,0,14,0,0.0259,0.0005,0.1216,536.8,1950,7501
822,run,84.000,10.6525,4.0182,6.6343,6.7113,0.0031,1.6937,3.5574,0.2284,1.1622,731690,0,0,0,0,14,0,0.0320,0.0008,0.1140,536.8,1950,7501
823,run,84.000,12.3414,3.7639,8.5775,6.1358,0.0031,1.6896,3.3229,0.2273,0.8264,731690,0,0,0,0,14,0,0.0207,0.0004,0.0744,536.8,1950,7501
824,run,84.000,13.2330,4.6139,8.6191,6.1624,0.0031,1.6957,3.3239,0.2284,0.8346,731690,0,0,0,0,14,0,0.0192,0.0004,0.0818,536.8,1950,7501
825,run,84.000,14.3061,5.1857,9.1204,6.1696,0.0031,1.6886,3.3157,0.2294,0.8591,731690,0,0,0,0,14,0,0.0248,0.0008,0.0864,536.8,1950,7501
826,run,84.000,13.7344,5.1467,8.5877,6.1266,0.0031,1.6773,3.3290,0.2263,0.8223,731690,0,0,0,0,14,0,0.0344,0.0007,0.0842,536.8,1950,7501
827,run,84.000,12.9124,4.5433,8.3691,6.6396,0.0031,1.6681,3.5727,0.2273,1.1008,731690,0,0,0,0,14,0,0.0249,0.0007,0.0875,536.8,1950,7501
828,run,84.000,12.4042,4.4374,7.9668,6.1501,0.0031,1.6783,3.3362,0.2284,0.8366,731690,0,0,0,0,14,0,0.0258,0.0008,0.1291,536.8,1950,7501
829,run,84.000,11.6950,4.7509,6.9441,6.3160,0.2222,1.6886,3.3249,0.2273,0.7782,731692,0,790,788,0,14,0,0.5776,0.3764,0.0766,536.8,1950,7501
830,run,84.000,11.4862,4.5544,6.9318,6.7430,0.0031,1.9558,3.7100,0.2284,0.7721,731692,0,0,0,0,14,0,0.0241,0.0009,0.1027,536.8,1950,7501
831,run,84.000,12.1048,4.9784,7.1264,6.3283,0.2243,1.7080,3.3331,0.2263,0.7649,731760,0,835,767,0,14,0,0.6023,0.4293,0.0919,536.8,1950,7501
832,run,84.000,11.5798,4.3463,7.2335,6.1225,0.0031,1.7213,3.3300,0.2284,0.7619,731760,0,0,0,0,14,0,0.0312,0.0008,0.1081,536.8,1950,7501
833,run,84.100,12.6170,5.3307,7.2863,7.2827,0.4567,2.3009,3.5533,0.2304,0.6738,731765,0,879,874,0,14,0,0.7335,0.4931,0.1031,536.8,1950,7501
834,run,84.100,10.9321,3.8338,7.0983,6.0160,0.0031,1.7111,3.3321,0.2263,0.6656,731765,0,0,0,0,14,0,0.0384,0.0007,0.0718,536.8,1950,7501
835,run,84.100,11.9134,5.4014,6.5120,6.0191,0.0031,1.7080,3.3341,0.2345,0.6717,731765,0,0,0,0,14,0,0.0338,0.0008,0.0983,536.8,1950,7501
836,run,84.100,13.9491,6.7851,7.1640,6.2341,0.2284,1.7132,3.3249,0.2273,0.6728,731776,0,849,838,0,14,0,1.1944,0.5551,0.1475,536.8,1950,7501
837,run,84.100,11.0985,4.3938,6.7047,6.0119,0.0031,1.7019,3.3270,0.2304,0.6738,731776,0,0,0,0,14,0,0.0284,0.0006,0.0787,536.8,1950,7501
838,run,84.100,11.0136,4.0808,6.9328,6.0058,0.0031,1.7050,3.3321,0.2284,0.6625,731776,0,0,0,0,14,0,0.0226,0.0005,0.0795,536.8,1950,7501
839,run,84.100,11.3019,4.4771,6.8248,5.9843,0.0031,1.6937,3.3239,0.2253,0.6656,731776,0,0,0,0,14,0,0.0315,0.0005,0.1018,536.8,1950,7501
840,run,84.100,14.3232,5.5732,8.7500,6.0037,0.0031,1.7019,3.3372,0.2284,0.6636,731776,0,0,0,0,14,0,0.0281,0.0009,0.1823,536.8,1950,7501
841,run,84.100,11.0423,4.4694,6.5729,6.6140,0.0031,1.6835,3.9639,0.2304,0.6605,731776,0,0,0,0,14,0,0.0312,0.0009,0.0994,536.8,1950,7501
842,run,84.200,13.5187,4.1107,9.4080,5.9894,0.0031,1.6701,3.3331,0.2294,0.6779,731776,0,0,0,0,14,0,0.0262,0.0009,0.0865,536.8,1950,7501
843,run,84.200,14.5193,5.1845,9.3348,5.9935,0.0031,1.6773,3.3382,0.2263,0.6820,731776,0,0,0,0,14,0,0.0266,0.0008,0.1567,536.8,1950,7501
844,run,84.200,11.7958,4.7251,7.0707,5.9709,0.0031,1.6855,3.3290,0.2284,0.6584,731776,0,0,0,0,14,0,0.0257,0.0006,0.1014,536.8,1950,7501
845,run,84.200,10.6948,4.1544,6.5404,6.0170,0.0031,1.6876,3.3311,0.2294,0.6973,731776,0,0,0,0,14,0,0.0286,0.0013,0.0986,536.8,1950,7501
846,run,84.200,11.7736,4.9489,6.8247,6.2310,0.2314,1.6835,3.3352,0.2294,0.6758,731782,0,888,882,0,14,0,0.6191,0.4120,0.0922,536.8,1950,7501
847,run,84.200,11.3181,4.2192,7.0989,6.3785,0.0031,1.6947,3.7171,0.2314,0.6636,731782,0,0,0,0,14,0,0.0293,0.0005,0.0846,536.8,1950,7501
848,run,84.300,13.2503,4.5039,8.7464,6.0283,0.0031,1.7060,3.3382,0.2284,0.6820,731782,0,0,0,0,14,0,0.0280,0.0010,0.1328,536.8,1950,7501
849,run,84.300,10.3216,3.7818,6.5398,6.0662,0.0031,1.7234,3.3505,0.2294,0.6881,731782,0,0,0,0,14,0,0.0268,0.0009,0.0863,536.8,1950,7501
850,run,84.300,12.0474,4.8910,7.1564,6.0692,0.0031,1.7244,3.3444,0.2253,0.7004,731782,0,0,0,0,14,0,0.0416,0.0010,0.0923,536.8,1950,7501
851,run,84.400,11.6008,4.4751,7.1257,6.0436,0.0031,1.7336,3.3188,0.2263,0.6963,731782,0,0,0,0,14,0,0.0236,0.0006,0.0962,536.8,1950,7501
852,run,84.400,13.1263,4.2313,8.8950,6.9181,0.0031,1.7377,4.1626,0.2304,0.7178,731782,0,0,0,0,14,0,0.0263,0.0013,0.0852,536.8,1950,7501
853,run,84.500,12.1378,4.1573,7.9805,6.0672,0.0031,1.7213,3.3444,0.2273,0.7025,731782,0,0,0,0,14,0,0.0222,0.0007,0.0977,536.8,1950,7501
854,run,84.500,10.9426,4.2178,6.7248,6.0570,0.0031,1.7162,3.3372,0.2314,0.7045,731782,0,0,0,0,14,0,0.0295,0.0013,0.1038,536.8,1950,7501
855,run,84.500,13.0303,4.5078,8.5225,6.6591,0.0031,2.3122,3.3372,0.2284,0.7025,731782,0,0,0,0,14,0,0.0214,0.0006,0.0834,536.8,1950,7501
856,run,84.600,11.0479,3.9960,7.0519,6.0733,0.0031,1.7336,3.3280,0.2314,0.7107,731782,0,0,0,0,14,0,0.0271,0.0006,0.0810,536.8,1950,7501
857,run,84.600,12.4932,4.1684,8.3248,6.3232,0.0031,1.7265,3.5809,0.2294,0.7158,731782,0,0,0,0,14,0,0.0236,0.0004,0.0945,536.8,1950,7501
858,run,84.600,12.2646,4.6219,7.6427,6.7891,0.0031,1.7326,4.0366,0.2273,0.7209,731782,0,0,0,0,14,0,0.0260,0.0010,0.1238,536.8,1950,7501
859,run,84.700,14.2648,6.9321,7.3327,6.3099,0.2314,1.7449,3.3270,0.2314,0.7107,731791,0,893,884,0,14,0,0.7005,0.4604,0.0969,536.8,1950,7501
860,run,84.700,13.0203,4.0667,8.9536,6.3744,0.0031,1.7551,3.3311,0.2324,0.9779,731791,0,0,0,0,14,0,0.0220,0.0004,0.0765,536.8,1950,7501
861,run,84.700,13.8929,6.8953,6.9976,6.3007,0.1925,1.7510,3.3260,0.2243,0.7322,731525,0,701,967,0,14,0,0.7075,0.5035,0.1170,536.8,1950,7501
862,run,84.700,15.0578,5.7163,9.3415,6.0948,0.0010,1.7592,3.3188,0.2294,0.7229,731525,0,0,0,0,14,0,0.0284,0.0015,0.0912,536.8,1950,7501
863,run,84.800,16.3039,4.8095,11.4944,6.1430,0.0010,1.7766,3.3239,0.2304,0.7465,731525,0,0,0,0,14,0,0.0249,0.0008,0.1174,536.8,1950,7501
864,run,84.800,12.9088,4.0214,8.8874,6.1389,0.0010,1.7859,3.3239,0.2263,0.7393,731525,0,0,0,0,14,0,0.0333,0.0006,0.0876,536.8,1950,7501
865,run,84.800,11.9264,4.1290,7.7974,6.1297,0.0010,1.7920,3.3137,0.2284,0.7332,731525,0,0,0,0,14,0,0.0282,0.0009,0.1456,536.8,1950,7501
866,run,84.800,12.4359,4.7598,7.6761,6.1645,0.0010,1.8094,3.3331,0.2263,0.7322,731525,0,0,0,0,14,0,0.0305,0.0009,0.1472,536.8,1950,7501
867,run,84.800,13.9577,3.5744,10.3833,6.1583,0.0010,1.8156,3.3260,0.2294,0.7240,731525,0,0,0,0,14,0,0.0242,0.0005,0.0769,536.8,1950,7501
868,run,84.800,13.4072,3.6426,9.7646,6.1676,0.0010,1.8186,3.3270,0.2273,0.7311,731525,0,0,0,0,14,0,0.0320,0.0006,0.1188,536.8,1950,7501
869,run,84.800,10.2201,3.4663,6.7538,6.1573,0.0010,1.8186,3.3147,0.2253,0.7363,731525,0,0,0,0,14,0,0.0342,0.0009,0.0848,536.8,1950,7501
870,run,84.800,9.7958,3.1318,6.6640,6.1850,0.0010,1.8237,3.3311,0.2294,0.7363,731525,0,0,0,0,14,0,0.0259,0.0004,0.0827,536.8,1950,7501
871,run,84.900,10.9561,3.5726,7.3835,6.1716,0.0010,1.8217,3.3300,0.2243,0.7332,731525,0,0,0,0,14,0,0.0268,0.0007,0.1195,536.8,1950,7501
872,run,84.900,13.5841,5.2881,8.2960,6.3887,0.2314,1.8227,3.3096,0.2284,0.7332,731509,0,867,883,0,14,0,0.9014,0.4643,0.0995,536.8,1950,7501
873,run,84.900,9.9702,3.3148,6.6554,6.1757,0.0010,1.8319,3.3198,0.2284,0.7332,731509,0,0,0,0,14,0,0.0260,0.0006,0.0701,536.8,1950,7501
874,run,84.900,11.6339,3.5912,8.0427,6.1655,0.0010,1.8248,3.3167,0.2294,0.7322,731509,0,0,0,0,14,0,0.0295,0.0007,0.1057,536.8,1950,7501
875,run,85.000,13.1426,4.0497,9.0929,6.2075,0.0010,1.8299,3.3290,0.2273,0.7598,731509,0,0,0,0,14,0,0.0270,0.0007,0.1039,536.8,1950,7501
876,run,85.000,13.2272,4.3671,8.8601,6.8209,0.0010,2.0961,3.6772,0.2243,0.7608,731509,0,0,0,0,14,0,0.0285,0.0006,0.1075,536.8,1950,7501
877,run,85.000,10.5175,3.0537,7.4638,6.1112,0.0010,1.7562,3.3188,0.2304,0.7414,731509,0,0,0,0,14,0,0.0248,0.0010,0.0712,536.8,1950,7501
878,run,85.000,9.6519,3.0204,6.6315,6.1184,0.0010,1.7644,3.3188,0.2294,0.7414,731509,0,0,0,0,14,0,0.0240,0.0004,0.0796,536.8,1950,7501
879,run,85.000,10.4470,3.7925,6.6545,6.7512,0.0010,1.7725,3.5820,0.2263,1.1069,731509,0,0,0,0,14,0,0.0276,0.0006,0.0686,536.8,1950,7501
880,run,85.100,16.1770,5.2337,10.9433,6.3498,0.2089,1.7859,3.3188,0.2335,0.7404,731499,0,807,817,0,14,0,0.7572,0.4998,0.2150,536.8,1950,7501
881,run,85.100,11.2662,3.6412,7.6250,6.1348,0.0010,1.7920,3.3126,0.2263,0.7404,731499,0,0,0,0,14,0,0.0307,0.0010,0.0990,536.8,1950,7501
882,run,85.100,12.2973,4.3192,7.9781,6.1768,0.0010,1.8063,3.3239,0.2294,0.7526,731499,0,0,0,0,14,0,0.0249,0.0007,0.0929,536.8,1950,7501
883,run,85.100,3.8018,3.7996,0.0022,6.1870,0.0010,1.8186,3.3260,0.2284,0.7506,731499,0,0,0,0,14,0,0.0284,0.0006,0.1039,536.8,1950,7501
884,run,85.100,9.8446,3.2841,6.5605,6.8342,0.0010,1.8371,3.9578,0.2273,0.7496,731499,0,0,0,0,14,0,0.0267,0.0005,0.0739,536.8,1950,7501
885,run,85.200,12.3031,4.4196,7.8835,6.4584,0.2304,1.8504,3.3147,0.2222,0.7793,731498,0,895,896,0,14,0,0.6552,0.4304,0.1752,536.8,1950,7501
886,run,85.200,11.3988,4.6814,6.7174,6.4655,0.2478,1.8504,3.3270,0.2222,0.7578,731754,0,967,711,0,14,0,0.7646,0.4199,0.0866,536.8,1950,7501
887,run,85.200,10.3047,3.3532,6.9515,7.2202,0.0010,2.4689,3.6946,0.2314,0.7608,731754,0,0,0,0,14,0,0.0308,0.0005,0.0863,536.8,1950,7501
888,run,85.200,10.1480,3.2426,6.9054,6.2188,0.0010,1.8565,3.3157,0.2284,0.7526,731754,0,0,0,0,14,0,0.0242,0.0005,0.0679,536.8,1950,7501
889,run,85.300,9.7402,3.2037,6.5365,6.2495,0.0010,1.8555,3.3085,0.2304,0.7895,731754,0,0,0,0,14,0,0.0286,0.0005,0.0772,536.8,1950,7501
890,run,85.300,10.2113,3.6464,6.5649,6.6918,0.0010,1.8534,3.7714,0.2304,0.7700,731754,0,0,0,0,14,0,0.0375,0.0013,0.1157,536.8,1950,7501
891,run,85.300,15.1468,4.0691,11.0777,6.2638,0.0010,1.8637,3.3331,0.2345,0.7680,731754,0,0,0,0,14,0,0.0302,0.0007,0.0956,536.8,1950,7501
892,run,85.400,12.1485,3.4323,8.7162,6.1553,0.0020,1.7736,3.3188,0.2263,0.7711,731754,0,0,0,0,14,0,0.0273,0.0007,0.0850,536.8,1950,7501
893,run,85.400,11.0716,4.0971,6.9745,6.7901,0.0010,2.3859,3.3239,0.2304,0.7854,731754,0,0,0,0,14,0,0.0323,0.0006,0.0962,536.8,1950,7501
894,run,85.400,10.5762,3.5566,7.0196,6.1911,0.0010,1.7869,3.3270,0.2294,0.7844,731754,0,0,0,0,14,0,0.0287,0.0008,0.0836,536.8,1950,7501
895,run,85.400,11.7437,3.3211,8.4226,6.1993,0.0010,1.8022,3.3167,0.2294,0.7864,731754,0,0,0,0,14,0,0.0280,0.0008,0.1280,536.8,1950,7501
896,run,85.500,11.2379,4.3981,6.8398,6.7072,0.0010,2.2958,3.3198,0.2253,0.8018,731754,0,0,0,0,14,0,0.0306,0.0005,0.0910,536.8,1950,7501
897,run,85.500,10.9385,3.6183,7.3202,6.2536,0.0010,1.8084,3.3300,0.2304,0.8192,731754,0,0,0,0,14,0,0.0378,0.0009,0.1372,536.8,1950,7501
898,run,85.500,13.3422,4.7700,8.5722,6.4625,0.2304,1.8299,3.3188,0.2304,0.7895,731770,0,895,879,0,14,0,0.7051,0.4462,0.0970,536.8,1950,7501
899,run,85.600,12.1800,3.8049,8.3751,6.2577,0.0010,1.8360,3.3157,0.2294,0.8120,731770,0,0,0,0,14,0,0.0287,0.0009,0.1064,536.8,1950,7501
900,run,85.600,13.4790,3.4261,10.0529,6.2269,0.0010,1.8473,3.3126,0.2294,0.7741,731770,0,0,0,0,14,0,0.0309,0.0009,0.0910,536.8,1950,7501
901,run,85.700,15.1733,5.2429,9.9304,7.0451,0.0010,2.2589,3.6884,0.2222,0.8110,731770,0,0,0,0,14,0,0.0238,0.0005,0.0800,536.8,1950,7501
902,run,85.700,14.6330,3.2673,11.3657,6.2382,0.0010,1.8493,3.3116,0.2222,0.7916,731770,0,0,0,0,14,0,0.0245,0.0006,0.0748,536.8,1950,7501
903,run,85.700,10.2885,3.7781,6.5104,6.2710,0.0010,1.8606,3.3167,0.2263,0.8028,731770,0,0,0,0,14,0,0.0315,0.0005,0.0902,536.8,1950,7501
904,run,85.800,10.4174,3.7994,6.6180,7.5284,0.0020,2.5815,3.8687,0.2253,0.7875,731770,0,0,0,0,14,0,0.0336,0.0009,0.1006,536.8,1950,7501
905,run,85.800,10.8889,3.0721,7.8168,6.2751,0.0010,1.8657,3.3188,0.2294,0.7967,731770,0,0,0,0,14,0,0.0302,0.0010,0.0930,536.8,1950,7501
906,run,85.800,10.1179,3.5874,6.5305,6.2884,0.0010,1.8780,3.3198,0.2294,0.7977,731770,0,0,0,0,14,0,0.0280,0.0009,0.0763,536.8,1950,7501
907,run,85.800,10.1351,3.4058,6.7293,7.0031,0.0010,2.2395,3.6792,0.2253,0.7926,731770,0,0,0,0,14,0,0.0243,0.0005,0.0919,536.8,1950,7501
908,run,85.800,10.2728,3.2815,6.9913,6.2833,0.0010,1.8831,3.3188,0.2273,0.7895,731770,0,0,0,0,14,0,0.0248,0.0006,0.0742,536.8,1950,7501
909,run,85.800,9.6154,3.0647,6.5507,6.1870,0.0010,1.7910,3.3126,0.2294,0.7895,731770,0,0,0,0,14,0,0.0262,0.0004,0.0716,536.8,1950,7501
910,run,85.800,11.9554,3.5711,8.3843,7.0093,0.0010,1.7971,4.1257,0.2304,0.7905,731770,0,0,0,0,14,0,0.0291,0.0009,0.1030,536.8,1950,7501
911,run,85.800,14.9351,5.7619,9.1732,6.6068,0.4065,1.7900,3.3178,0.2314,0.7967,731789,0,1700,1681,0,14,0,1.4731,0.5764,0.1127,536.8,1950,7501
912,run,85.800,12.1732,3.4618,8.7114,6.1747,0.0010,1.7889,3.3198,0.2314,0.7700,731789,0,0,0,0,14,0,0.0340,0.0008,0.0946,536.8,1950,7501
913,run,85.800,10.2366,3.7868,6.4498,7.0892,0.0010,2.3204,3.6905,0.2294,0.7844,731789,0,0,0,0,14,0,0.0356,0.0014,0.1045,536.8,1950,7501
914,run,85.800,10.3929,3.4673,6.9256,6.1655,0.0010,1.7838,3.3116,0.2304,0.7731,731789,0,0,0,0,14,0,0.0308,0.0006,0.0847,536.8,1950,7501
915,run,85.900,12.0575,3.5373,8.5202,6.1921,0.0010,1.7951,3.3188,0.2335,0.7803,731789,0,0,0,0,14,0,0.0268,0.0007,0.1282,536.8,1950,7501
916,run,85.900,11.4713,4.2322,7.2391,6.7809,0.0010,2.3941,3.3188,0.2304,0.7711,731789,0,0,0,0,14,0,0.0308,0.0009,0.1410,536.8,1950,7501
917,run,85.900,9.7460,3.0088,6.7372,6.1901,0.0010,1.8022,3.3198,0.2253,0.7782,731789,0,0,0,0,14,0,0.0275,0.0009,0.0831,536.8,1950,7501
918,run,86.000,10.3141,3.2095,7.1046,6.2351,0.0010,1.8340,3.3157,0.2314,0.7905,731789,0,0,0,0,14,0,0.0268,0.0007,0.0795,536.8,1950,7501
919,run,85.900,9.7999,2.7399,7.0600,6.7809,0.0010,1.7766,3.9404,0.2304,0.7690,731789,0,0,0,0,14,0,0.0267,0.0010,0.0854,536.8,1950,7501
920,run,86.000,10.5476,2.9456,7.6020,6.1389,0.0010,1.7613,3.3178,0.2304,0.7649,731789,0,0,0,0,14,0,0.0351,0.0005,0.1012,536.8,1950,7501
921,run,86.000,9.7875,3.2074,6.5801,6.1604,0.0010,1.7592,3.3290,0.2273,0.7793,731789,0,0,0,0,14,0,0.0254,0.0005,0.0721,536.8,1950,7501
922,run,86.000,10.2723,3.6304,6.6419,6.6202,0.0010,1.7572,3.7919,0.2273,0.7782,731789,0,0,0,0,14,0,0.0272,0.0008,0.0784,536.8,1950,7501
923,run,86.000,10.6288,3.6320,6.9968,6.1491,0.0010,1.7469,3.3219,0.2314,0.7854,731789,0,0,0,0,14,0,0.0282,0.0007,0.0955,536.8,1950,7501
924,run,86.000,11.8339,5.3213,6.5126,6.3775,0.2355,1.7592,3.3311,0.2284,0.7588,731785,0,892,896,0,14,0,0.9539,0.4992,0.1346,536.8,1950,7501
925,run,86.000,11.6089,5.0748,6.5341,7.0185,0.1905,1.7603,4.0018,0.2294,0.7731,731785,0,782,782,0,14,0,0.7355,0.4417,0.1377,536.8,1950,7501
926,run,86.000,11.9570,4.5075,7.4495,6.3969,0.2150,1.7736,3.3577,0.2365,0.7506,731775,0,792,802,0,14,0,0.5513,0.3885,0.0959,536.8,1950,7501
927,run,86.000,10.6738,3.7477,6.9261,6.1624,0.0010,1.7613,3.3454,0.2314,0.7578,731775,0,0,0,0,14,0,0.2053,0.0006,0.1346,536.8,1950,7501
928,run,86.100,14.5030,6.3333,8.1697,7.2172,0.2017,2.0081,3.9444,0.2324,0.7649,731910,0,847,712,0,14,0,0.8671,0.5100,0.1311,536.8,1950,7501
929,run,86.100,17.2694,7.3257,9.9437,6.3846,0.2109,1.7674,3.3516,0.2284,0.7629,731917,0,804,797,0,14,0,0.8253,0.5209,0.1278,536.8,1950,7501
930,run,86.100,11.5931,3.9778,7.6153,6.8045,0.0010,1.7746,3.5973,0.2314,1.1356,731917,0,0,0,0,14,0,0.0245,0.0008,0.0889,536.8,1950,7501
931,run,86.100,10.5993,3.6328,6.9665,6.1614,0.0020,1.7756,3.3485,0.2314,0.7383,731917,0,0,0,0,14,0,0.0287,0.0008,0.0942,536.8,1950,7501
932,run,86.100,10.1813,3.0928,7.0885,6.1706,0.0010,1.7736,3.3485,0.2365,0.7465,731917,0,0,0,0,14,0,0.0273,0.0007,0.0847,536.8,1950,7501
933,run,86.100,10.1488,3.6095,6.5393,6.1655,0.0010,1.7715,3.3475,0.2345,0.7465,731917,0,0,0,0,14,0,0.0342,0.0007,0.0921,536.8,1950,7501
934,run,86.100,10.6286,4.0094,6.6192,6.1420,0.0010,1.7674,3.3352,0.2324,0.7414,731917,0,0,0,0,14,0,0.0343,0.0005,0.1229,536.8,1950,7501
935,run,86.100,10.1415,3.3919,6.7496,6.1645,0.0010,1.7705,3.3413,0.2376,0.7506,731917,0,0,0,0,14,0,0.0278,0.0007,0.0750,536.8,1950,7501
936,run,86.100,12.0190,5.2402,6.7788,6.3611,0.2202,1.7705,3.3485,0.2406,0.7188,731920,0,841,838,0,14,0,0.5902,0.4121,0.0946,536.8,1950,7501
937,run,86.100,16.6485,6.1131,10.5354,6.6959,0.2345,2.0808,3.3516,0.2324,0.7332,731916,0,869,873,0,14,0,1.2703,0.5090,0.1119,536.8,1950,7501
938,run,86.100,9.7672,3.2145,6.5527,6.8403,0.0020,1.7664,4.0550,0.2324,0.7199,731916,0,0,0,0,14,0,0.0326,0.0007,0.0795,536.8,1950,7501
939,run,86.100,10.1315,3.2397,6.8918,6.3898,0.0010,1.7613,3.5994,0.2345,0.7301,731916,0,0,0,0,14,0,0.0316,0.0005,0.1013,536.8,1935,7501
940,run,86.100,10.2640,3.4693,6.7947,6.1256,0.0010,1.7613,3.3577,0.2355,0.7045,731916,0,0,0,0,14,0,0.0240,0.0005,0.0845,536.8,1935,7501
941,run,86.100,9.9332,3.4482,6.4850,6.1225,0.0010,1.7623,3.3434,0.2345,0.7168,731916,0,0,0,0,14,0,0.0294,0.0005,0.0702,536.8,1935,7501
942,vehicle,86.100,11.0733,3.5940,7.4793,5.8921,0.0020,1.4868,3.4304,0.2365,0.6738,731916,0,0,0,0,14,0,0.0275,0.0007,0.0795,536.8,1935,7501
943,vehicle,86.300,3.6273,3.6249,0.0024,5.9730,0.0010,1.5749,3.4304,0.2396,0.6615,731916,0,0,0,0,14,0,0.0268,0.0005,0.1019,536.8,1935,7501
944,vehicle,86.400,13.9860,6.7151,7.2709,6.0764,0.1495,1.5032,3.4335,0.2417,0.6840,730716,0,452,1652,0,14,0,1.3378,0.5230,0.1210,536.8,1935,7501
945,vehicle,86.500,12.4656,5.5747,6.8909,5.8624,0.0553,1.4090,3.4376,0.2365,0.6595,730779,10177,63,0,0,14,0,1.5876,0.3091,0.1143,536.8,1935,7501
946,vehicle,86.700,12.3571,5.6503,6.7068,6.6857,0.4106,1.4080,3.6680,0.2324,0.8940,732506,14425,1727,0,0,14,0,1.8300,0.4638,0.1113,536.8,1935,7501
947,vehicle,87.000,14.1564,6.2891,7.8673,7.1444,1.3199,1.4213,3.4161,0.2365,0.6779,737945,8986,5439,0,0,14,0,1.9757,0.8852,0.0992,536.8,1935,7501
948,vehicle,87.100,14.3134,7.5521,6.7613,6.5157,0.7762,1.3394,3.4161,0.2406,0.6758,741080,5261,3135,0,0,14,0,1.7920,0.8572,0.8107,536.8,1935,7501
949,vehicle,87.200,17.7059,8.3843,9.3216,6.5157,0.7383,1.3588,3.4253,0.2376,0.6840,744023,2318,2943,0,0,14,0,1.6906,0.7897,0.6619,536.8,1935,7501
950,vehicle,87.400,13.9114,7.3292,6.5822,6.4614,0.6605,1.3998,3.4171,0.2365,0.6779,746612,2112,2623,34,0,14,0,1.5862,0.6619,0.5892,536.8,1935,7501
951,vehicle,87.500,15.5209,6.1655,9.3554,6.1921,0.3912,1.4387,3.4089,0.2304,0.6554,746495,2501,1727,1844,0,14,0,1.5914,0.6984,0.5957,536.8,1935,7501
952,vehicle,87.600,13.7117,4.8438,8.8679,6.4072,0.6431,1.3691,3.4181,0.2355,0.6707,748996,0,2501,0,0,14,0,0.8446,0.5090,0.0947,536.8,1935,7501
953,vehicle,87.800,11.4658,3.8965,7.5693,6.0099,0.0010,1.3507,3.4058,0.2417,0.9421,748996,0,0,0,0,14,0,0.0324,0.0007,0.1426,536.8,1935,7501
954,vehicle,88.000,12.7889,4.4815,8.3074,6.0846,0.2693,1.4223,3.4079,0.2386,0.6758,748995,0,1101,1102,0,14,0,0.8010,0.5901,0.1362,536.8,1935,7501
955,vehicle,88.200,10.2976,3.7437,6.5539,5.6668,0.0020,1.2800,3.3976,0.2365,0.6840,748995,0,0,0,0,14,0,0.0278,0.0007,0.0781,536.8,1935,7501
956,vehicle,88.400,13.0016,4.5239,8.4777,6.5300,0.2263,1.2964,3.9916,0.2376,0.7096,748996,0,864,863,0,14,0,0.5971,0.4242,0.1738,536.8,1935,7501
957,vehicle,88.600,13.4217,4.7628,8.6589,5.9525,0.2703,1.3158,3.3731,0.2294,0.6984,748984,0,1098,1110,0,14,0,0.7647,0.4405,0.0855,536.8,1935,7501
958,vehicle,88.700,10.3904,3.8826,6.5078,5.6791,0.0020,1.3261,3.3741,0.2314,0.6738,748984,0,0,0,0,14,0,0.0264,0.0006,0.0752,536.8,1935,7501
959,vehicle,88.900,14.5219,5.9221,8.5998,5.9617,0.3881,1.2800,3.3536,0.2294,0.6451,750169,0,1494,309,0,14,0,1.1113,0.6700,0.1411,536.8,1935,7501
960,vehicle,89.100,13.7352,6.6382,7.0970,5.9505,0.3021,1.3599,3.3300,0.2335,0.6625,749482,640,1279,1966,0,14,0,1.5257,0.6700,0.2787,536.8,1935,7501
961,vehicle,89.200,12.5903,4.8135,7.7768,6.2822,0.3564,1.3425,3.3372,0.2324,0.9492,750120,0,1511,873,0,14,0,0.8342,0.4746,0.0905,536.8,1935,7501
962,vehicle,89.200,12.3268,3.3247,9.0021,5.4764,0.0010,1.2421,3.3321,0.2294,0.6062,750120,0,0,0,0,14,0,0.0266,0.0005,0.0730,536.8,1935,7501
963,vehicle,89.400,11.5127,4.9993,6.5134,5.7692,0.3113,1.2902,3.3229,0.2324,0.5499,750435,0,1270,955,0,14,0,1.1092,0.4939,0.0994,536.8,1935,7501
964,vehicle,89.500,14.5886,5.1532,9.4354,6.1635,0.0010,1.5985,3.6977,0.2376,0.5663,750435,0,0,0,0,14,0,0.0361,0.0012,0.1775,536.8,1935,7501
965,vehicle,89.700,11.1759,3.6037,7.5722,5.4067,0.0010,1.2820,3.2788,0.2253,0.5550,750435,0,0,0,0,14,0,0.0509,0.0006,0.1046,536.8,1935,7501
966,vehicle,89.900,14.0039,5.3631,8.6408,5.4712,0.0010,1.3220,3.2819,0.2212,0.5806,750435,0,0,0,0,14,0,0.0124,0.0005,0.0825,536.8,1935,7501
967,vehicle,90.200,14.9883,6.2600,8.7283,5.9259,0.4239,1.4275,3.2389,0.2202,0.5407,750135,0,1817,2117,0,14,0,1.4755,0.6848,0.1241,536.8,1935,7501
968,vehicle,90.500,9.9863,3.5129,6.4734,5.5788,0.0010,1.5032,3.2143,0.2171,0.5796,750135,0,0,0,0,14,0,0.0309,0.0007,0.1142,536.8,1935,7501
969,vehicle,90.700,16.1869,6.0477,10.1392,6.1204,0.2304,1.4305,3.5830,0.2191,0.5929,749778,0,932,1289,0,14,0,1.1568,0.5715,0.1057,536.8,1935,7501
970,vehicle,91.000,16.1954,5.2969,10.8985,5.8399,0.2202,1.5104,3.2092,0.2212,0.6154,749776,0,841,843,0,14,0,0.7635,0.4276,0.1633,536.8,1935,7501
971,vehicle,91.100,16.2380,6.0581,10.1799,6.5659,0.1997,1.9364,3.5625,0.2191,0.5847,749590,0,773,959,0,14,0,0.8134,0.4786,0.1475,536.8,1935,7501
972,vehicle,91.300,14.4714,5.3960,9.0754,5.8931,0.3338,1.4510,3.2133,0.2212,0.6083,750166,0,1409,833,0,14,0,0.8459,0.4894,0.1278,536.8,1935,7501
973,vehicle,91.500,14.7423,3.9953,10.7470,5.5962,0.0010,1.4633,3.2174,0.2212,0.6277,750166,0,0,0,0,14,0,0.0452,0.0013,0.1233,536.8,1935,7501
974,vehicle,91.600,11.3041,4.3623,6.9418,5.6003,0.0010,1.4930,3.1898,0.2191,0.6318,750166,0,0,0,0,14,0,0.0310,0.0010,0.1147,536.8,1935,7501
975,vehicle,91.800,13.7149,5.1027,8.6122,5.8767,0.2683,1.4510,3.2174,0.2222,0.6533,750172,0,1113,1107,0,14,0,1.0370,0.6045,0.1208,536.8,1935,7501
976,vehicle,92.000,11.3603,4.7392,6.6211,6.8372,0.2550,1.6814,4.0079,0.2171,0.6103,750357,0,961,776,0,14,0,0.6303,0.4189,0.0890,536.8,1935,7501
977,vehicle,92.100,10.5422,3.5479,6.9943,5.6013,0.0010,1.4838,3.2092,0.2161,0.6257,750357,0,0,0,0,14,0,0.0308,0.0007,0.0731,536.8,1935,7501
978,vehicle,92.300,11.7847,5.2698,6.5149,6.1030,0.5038,1.4715,3.2031,0.2150,0.6441,750958,0,2219,1618,0,14,0,1.3580,0.6218,0.1098,536.8,1935,7501
979,vehicle,92.400,11.4867,4.8791,6.6076,6.3816,0.2130,1.4664,3.7990,0.2120,0.6267,750932,0,814,840,0,14,0,0.5898,0.4198,0.2452,536.8,1935,7501
980,vehicle,92.500,15.1824,5.0845,10.0979,5.8593,0.2212,1.5206,3.2020,0.2161,0.6339,750979,0,866,819,0,14,0,0.7891,0.4971,0.1144,536.8,1935,7501
981,vehicle,92.600,14.3711,5.1958,9.1753,6.5935,0.4700,1.5401,3.6608,0.2130,0.6441,751107,0,2039,1911,0,14,0,1.3141,0.6004,0.1106,536.8,1935,7501
982,vehicle,92.700,12.8127,3.1992,9.6135,5.5880,0.0010,1.4612,3.2010,0.2171,0.6420,751107,0,0,0,0,14,0,0.0280,0.0004,0.0867,536.8,1935,7501
983,vehicle,92.900,14.0503,4.6871,9.3632,5.6115,0.0010,1.4807,3.2061,0.2109,0.6461,751107,0,0,0,0,14,0,0.0254,0.0006,0.1028,536.8,1935,7501
984,vehicle,92.900,10.7201,4.1956,6.5245,6.9693,0.2540,1.9927,3.7704,0.2140,0.6728,750855,0,977,1229,0,14,0,0.8273,0.4850,0.0960,536.8,1935,7501
985,vehicle,93.000,11.2383,3.7396,7.4987,5.5593,0.0010,1.4111,3.1980,0.2120,0.6707,750855,0,0,0,0,14,0,0.0310,0.0008,0.0946,536.8,1935,7501
986,vehicle,93.100,11.7292,4.5648,7.1644,5.7979,0.2294,1.4060,3.2072,0.2150,0.6748,750840,0,856,871,0,14,0,0.6308,0.4372,0.1621,536.8,1935,7501
987,vehicle,93.100,11.5903,5.0844,6.5059,6.6949,0.2898,1.6476,3.8072,0.2140,0.6697,751087,0,1228,981,0,14,0,0.7844,0.4682,0.0938,536.8,1935,7501
988,vehicle,93.200,14.1624,4.1295,10.0329,5.6013,0.0010,1.4326,3.2061,0.2140,0.6810,751087,0,0,0,0,14,0,0.0294,0.0006,0.1110,536.8,1935,7501
989,vehicle,93.200,11.4738,3.4206,8.0532,5.6381,0.0010,1.4459,3.2246,0.2130,0.6861,751087,0,0,0,0,14,0,0.0264,0.0011,0.0900,536.8,1935,7501
990,vehicle,93.200,15.1523,6.0837,9.0686,5.7948,0.1843,1.4449,3.2082,0.2109,0.6799,749880,1276,703,1910,0,14,0,1.5241,0.6138,0.3672,536.8,1935,7501
991,vehicle,93.200,12.0393,4.5649,7.4744,6.0908,0.4956,1.4510,3.2051,0.2181,0.6533,751179,0,2152,853,0,14,0,1.0458,0.5303,0.0954,536.8,1935,7501
992,vehicle,93.200,10.0292,3.3613,6.6679,5.8470,0.0010,1.4551,3.4529,0.2140,0.6564,751179,0,0,0,0,14,0,0.0274,0.0006,0.0740,536.8,1935,7501
993,vehicle,93.100,12.7474,4.3832,8.3642,5.8266,0.2683,1.4367,3.2133,0.2161,0.6257,751197,0,1109,1091,0,14,0,0.7793,0.4597,0.0893,536.8,1935,7501
994,vehicle,93.100,10.2530,3.6033,6.6497,5.5603,0.0010,1.4592,3.2020,0.2150,0.6154,751197,0,0,0,0,14,0,0.0347,0.0005,0.1014,536.8,1935,7501
995,vehicle,93.200,10.7970,3.2989,7.4981,6.3939,0.0010,1.5084,3.7898,0.2171,0.8110,751197,0,0,0,0,14,0,0.0257,0.0006,0.0757,536.8,1935,7501
996,vehicle,93.300,13.2540,3.5338,9.7202,5.5644,0.0010,1.4735,3.2000,0.2191,0.6031,751197,0,0,0,0,14,0,0.0111,0.0005,0.0747,536.8,1935,7501
997,vehicle,93.300,11.6489,5.0093,6.6396,6.0109,0.4321,1.4735,3.2010,0.2191,0.6175,751095,0,1938,2040,0,14,0,1.4425,0.6136,0.1030,536.8,1935,7501
998,vehicle,93.400,10.5772,4.0816,6.4956,6.5649,0.0010,1.6722,4.0008,0.2150,0.6103,751095,0,0,0,0,14,0,0.0369,0.0009,0.1182,536.8,1935,7501
999,vehicle,93.500,15.3761,6.3471,9.0290,5.6607,0.1843,1.4213,3.1877,0.2130,0.5878,749866,1227,703,1932,0,14,0,1.5158,0.5147,0.2764,536.8,1935,7501
1000,vehicle,93.500,12.5234,4.9412,7.5822,5.9658,0.4649,1.4367,3.1898,0.2150,0.5919,751084,0,2057,839,0,14,0,1.0212,0.6259,0.1049,536.8,1935,7501
1001,vehicle,93.600,14.1308,7.2731,6.8577,5.7057,0.2253,1.4131,3.2031,0.2161,0.5796,751141,0,897,840,0,14,0,0.6626,0.5098,0.1388,536.8,1935,7501
1002,vehicle,93.700,11.7972,5.1816,6.6156,5.7098,0.2683,1.4029,3.1857,0.2161,0.5693,751156,0,1107,1092,0,14,0,0.8259,0.4784,0.1049,536.8,1935,7501
1003,vehicle,93.800,9.8821,3.3469,6.5352,6.0713,0.0010,1.4182,3.4273,0.2120,0.9462,751156,0,0,0,0,14,0,0.0332,0.0008,0.0853,536.8,1935,7501
1004,vehicle,93.800,10.3313,3.4530,6.8783,5.4354,0.0010,1.4100,3.1734,0.2171,0.5683,751156,0,0,0,0,14,0,0.0260,0.0006,0.0741,536.8,1935,7501
1005,vehicle,94.000,11.4019,4.8989,6.5030,5.7620,0.2816,1.4080,3.1857,0.2140,0.6093,751218,0,1149,1087,0,14,0,0.9252,0.6579,0.1158,536.8,1935,7501
1006,vehicle,94.100,12.7499,4.7572,7.9927,6.2720,0.2028,1.4039,3.7949,0.2171,0.5857,751072,0,787,933,0,14,0,0.6313,0.4628,0.0994,536.8,1935,7501
1007,vehicle,94.200,14.1537,4.9869,9.1668,5.4548,0.0010,1.4008,3.1744,0.2099,0.6021,751072,0,0,0,0,14,0,0.0299,0.0006,0.1399,536.8,1935,7501
1008,vehicle,94.300,14.4708,4.8325,9.6383,5.7416,0.2570,1.4039,3.1857,0.2191,0.6072,751002,0,1053,1123,0,14,0,0.7561,0.4316,0.0837,536.8,1935,7501
1009,vehicle,94.500,11.1461,4.1311,7.0150,5.7631,0.0020,1.3926,3.4519,0.2099,0.6400,751002,0,0,0,0,14,0,0.0329,0.0010,0.1118,536.8,1935,7501
1010,vehicle,94.600,11.4806,4.4344,7.0462,5.7672,0.2089,1.4336,3.1836,0.2150,0.6564,750944,0,816,874,0,14,0,0.6517,0.4360,0.1085,536.8,1935,7501
1011,vehicle,94.700,11.3627,3.0184,8.3443,5.4907,0.0010,1.3916,3.1826,0.2130,0.6349,750944,0,0,0,0,14,0,0.0136,0.0008,0.1038,536.8,1935,7501
1012,vehicle,94.700,12.9034,6.3205,6.5829,5.9249,0.4567,1.3732,3.1836,0.2140,0.6287,751032,0,2018,1930,0,14,0,1.3672,0.8270,0.1208,536.8,1935,7501
1013,vehicle,94.800,10.2321,3.7055,6.5266,5.5153,0.0010,1.4049,3.1949,0.2099,0.6380,751032,0,0,0,0,14,0,0.0299,0.0007,0.0697,536.8,1935,7501
1014,vehicle,95.000,15.2744,4.7538,10.5206,6.2597,0.2693,1.3937,3.6567,0.2120,0.6605,751030,0,1103,1105,0,14,0,0.7560,0.4718,0.0918,536.8,1935,7501
1015,vehicle,95.100,13.9294,4.4433,9.4861,5.5020,0.0010,1.3865,3.1795,0.2079,0.6595,751030,0,0,0,0,14,0,0.0269,0.0005,0.1090,536.8,1935,7501
1016,vehicle,95.300,15.5785,6.4327,9.1458,5.7682,0.2161,1.4367,3.1805,0.2089,0.6605,751037,0,887,880,0,14,0,0.9832,0.5006,0.1078,536.8,1935,7501
1017,vehicle,95.400,15.1631,4.2428,10.9203,6.4317,0.0010,1.4377,3.7980,0.2099,0.9185,751037,0,0,0,0,14,0,0.0127,0.0007,0.0944,536.8,1935,7501
1018,vehicle,95.500,15.8026,6.3783,9.4243,5.5962,0.0594,1.4336,3.1795,0.2058,0.6513,748422,2239,63,2678,0,14,0,1.5614,0.5658,0.4571,536.8,1935,7501
1019,vehicle,95.600,14.5339,7.2070,7.3269,5.7989,0.2775,1.4141,3.1898,0.2079,0.6431,748067,2416,1151,1506,0,14,0,1.6060,0.6829,0.6574,536.8,1935,7501
1020,vehicle,95.600,13.7678,6.9074,6.8604,5.9013,0.3574,1.4418,3.1918,0.2099,0.6328,748355,2943,1535,1247,0,14,0,1.6003,0.5990,0.7829,536.8,1935,7501
1021,vehicle,95.700,14.1832,6.4301,7.7531,7.3267,0.9677,2.2456,3.1775,0.2099,0.6564,750287,1371,3327,1395,0,14,0,1.6173,0.7214,0.4036,536.8,1935,7501
1022,vehicle,95.800,11.5217,4.2337,7.2880,5.8921,0.3348,1.4111,3.1816,0.2120,0.6840,751658,0,1371,0,0,14,0,0.5444,0.4292,0.0896,536.8,1935,7501
1023,vehicle,95.900,11.6548,4.5085,7.1463,5.7999,0.2673,1.4080,3.1826,0.2079,0.6676,751646,0,1090,1102,0,14,0,0.9427,0.4643,0.0895,536.8,1935,7501
1024,vehicle,96.000,12.3673,4.1643,8.2030,5.5695,0.0020,1.4193,3.2031,0.2089,0.6687,751646,0,0,0,0,14,0,0.0305,0.0007,0.1470,536.8,1935,7501
1025,vehicle,96.100,12.6541,4.1905,8.4636,5.5562,0.0010,1.4162,3.1908,0.2079,0.6728,751646,0,0,0,0,14,0,0.0285,0.0009,0.0899,536.8,1935,7501
1026,vehicle,96.100,15.0275,5.5276,9.4999,6.8076,0.4342,1.4141,3.6465,0.5591,0.6840,751600,0,1957,2003,0,14,0,1.3107,0.6111,0.0973,536.8,1935,7501
1027,vehicle,96.100,11.2438,3.3513,7.8925,5.5378,0.0010,1.4131,3.2000,0.2058,0.6502,751600,0,0,0,0,14,0,0.0318,0.0005,0.0848,536.8,1935,7501
1028,vehicle,96.100,13.8251,5.0311,8.7940,5.5572,0.0010,1.4244,3.1775,0.2079,0.6789,751600,0,0,0,0,14,0,0.0336,0.0008,0.1525,536.8,1935,7501
1029,vehicle,96.100,17.5232,7.4693,10.0539,5.7027,0.1720,1.4264,3.1816,0.2089,0.6451,751175,508,639,1064,0,14,0,1.5176,0.5322,0.2680,536.8,1935,7501
1030,vehicle,96.100,15.2289,6.2126,9.0163,5.8593,0.3267,1.4152,3.1816,0.2109,0.6574,751702,0,1352,825,0,14,0,1.4086,0.5456,0.1223,536.8,1935,7501
1031,vehicle,96.100,11.4715,4.7464,6.7251,6.8137,0.2161,1.9395,3.7571,0.2120,0.6216,751761,0,890,831,0,14,0,0.6288,0.4228,0.0903,536.8,1935,7501
1032,vehicle,96.100,13.2804,5.3015,7.9789,5.7518,0.2662,1.4019,3.1857,0.2140,0.6175,751732,0,1086,1115,0,14,0,1.0553,0.4944,0.1149,536.8,1935,7501
1033,vehicle,96.100,11.5742,2.9549,8.6193,5.4794,0.0010,1.4141,3.1744,0.2099,0.6134,751732,0,0,0,0,14,0,0.0280,0.0010,0.0846,536.8,1935,7501
1034,vehicle,96.200,11.1327,4.0488,7.0839,5.4723,0.0020,1.3978,3.1887,0.2109,0.6072,751732,0,0,0,0,14,0,0.0308,0.0011,0.1214,536.8,1935,7501
1035,vehicle,96.300,13.2045,5.1663,8.0382,5.7375,0.2652,1.4049,3.1816,0.2181,0.6021,751679,0,1083,1136,0,14,0,1.0052,0.5875,0.1281,536.8,1935,7501
1036,vehicle,96.400,13.6905,5.2935,8.3970,6.3918,0.2150,1.4203,3.4611,0.2120,1.0168,751629,0,844,894,0,14,0,0.8715,0.4661,0.1185,536.8,1935,7501
1037,vehicle,96.500,11.7250,3.5564,8.1686,5.5183,0.0010,1.4090,3.1898,0.2099,0.6431,751629,0,0,0,0,14,0,0.0312,0.0007,0.1118,536.8,1935,7501
1038,vehicle,96.500,14.3101,4.6270,9.6831,5.7539,0.2662,1.3967,3.1857,0.2140,0.6236,751623,0,1105,1111,0,14,0,0.7633,0.4544,0.0952,536.8,1935,7501
1039,vehicle,96.600,11.4606,5.0316,6.4290,6.5290,0.2171,1.3906,4.0253,0.2120,0.6175,751645,0,823,801,0,14,0,0.5893,0.4286,0.0940,536.8,1935,7501
1040,vehicle,96.700,12.0703,4.0279,8.0424,5.7139,0.2120,1.3978,3.1887,0.2109,0.6380,751622,0,831,854,0,14,0,0.7668,0.4362,0.1250,536.8,1935,7501
1041,vehicle,96.700,13.1212,5.5575,7.5637,5.5460,0.0020,1.4060,3.1980,0.2130,0.6595,751622,0,0,0,0,14,0,0.0153,0.0008,0.1316,536.8,1935,7501
1042,vehicle,96.700,13.5927,7.0796,6.5131,5.7272,0.1731,1.4336,3.1898,0.2120,0.6513,750299,1320,639,1962,0,14,0,1.5273,0.5404,0.6145,536.8,1935,7501
1043,vehicle,96.800,11.1764,4.7001,6.4763,5.8747,0.3041,1.4418,3.2000,0.2099,0.6523,751619,0,1320,0,0,14,0,0.6939,0.4923,0.1284,536.8,1935,7501
1044,vehicle,96.800,12.3958,4.6455,7.7503,6.6898,0.2683,1.4387,3.6710,0.2120,1.0322,751618,0,1108,1109,0,14,0,0.8272,0.4650,0.0947,536.8,1935,7501
1045,vehicle,96.700,11.1887,3.6713,7.5174,5.5685,0.0010,1.4367,3.2000,0.2120,0.6513,751618,0,0,0,0,14,0,0.0413,0.0008,0.1409,536.8,1935,7501
1046,vehicle,96.700,11.6312,4.9356,6.6956,5.7948,0.2181,1.4438,3.1980,0.2120,0.6574,751621,0,880,877,0,14,0,0.6697,0.4934,0.1273,536.8,1935,7501
1047,vehicle,96.600,11.1956,4.5206,6.6750,6.4594,0.2775,1.4541,3.8164,0.2161,0.6287,751723,0,1154,1052,0,14,0,0.8397,0.4744,0.0940,536.8,1935,7501
1048,vehicle,96.600,10.1773,3.3839,6.7934,5.5593,0.0010,1.4346,3.2041,0.2161,0.6359,751723,0,0,0,0,14,0,0.0251,0.0006,0.0870,536.8,1935,7501
1049,vehicle,96.500,10.3648,3.7998,6.5650,5.5562,0.0010,1.4193,3.2133,0.2202,0.6349,751723,0,0,0,0,14,0,0.0263,0.0005,0.0794,536.8,1935,7501
1050,vehicle,96.400,16.0786,6.2695,9.8091,6.7154,0.4239,1.8022,3.5840,0.2191,0.6164,751619,0,1901,2005,0,14,0,1.3927,0.7288,0.1251,536.8,1935,7501
1051,vehicle,96.400,14.6819,4.6764,10.0055,5.7375,0.2161,1.4285,3.2113,0.2181,0.5970,751630,0,866,855,0,14,0,0.7237,0.4603,0.1150,536.8,1935,7501
1052,vehicle,96.400,10.6707,3.6639,7.0068,5.5532,0.0010,1.4377,3.2123,0.2202,0.6134,751630,0,0,0,0,14,0,0.0246,0.0007,0.0871,536.8,1935,7501
1053,vehicle,96.400,15.0068,5.6542,9.3526,5.7825,0.2775,1.4029,3.2010,0.2202,0.6134,751718,0,1136,1048,0,14,0,1.2177,0.5160,0.1160,536.8,1935,7501
1054,vehicle,96.500,11.1026,4.2418,6.8608,5.5101,0.0010,1.3865,3.2102,0.2212,0.6246,751718,0,0,0,0,14,0,0.0241,0.0006,0.1103,536.8,1935,7501
1055,vehicle,96.500,10.8214,3.5235,7.2979,5.9863,0.0020,1.3824,3.4611,0.2150,0.8571,751718,0,0,0,0,14,0,0.0305,0.0009,0.1031,536.8,1935,7501
1056,vehicle,96.600,12.2233,3.2789,8.9444,5.4610,0.0010,1.3804,3.1949,0.2202,0.5960,751718,0,0,0,0,14,0,0.0102,0.0005,0.0710,536.8,1935,7501
1057,vehicle,96.600,13.2579,6.4220,6.8359,5.6689,0.1987,1.3875,3.1939,0.2253,0.5970,749721,2033,767,2764,0,14,0,1.5092,0.5834,0.4370,536.8,1935,7501
1058,vehicle,96.700,13.3022,5.6130,7.6892,6.7850,0.4485,1.4162,4.0151,0.2161,0.6195,751754,0,2033,0,0,14,0,0.7516,0.4966,0.1618,536.8,1935,7501
1059,vehicle,96.800,12.4214,5.0168,7.4046,6.2945,0.4352,1.4510,3.1857,0.2191,0.9339,751664,0,1890,1980,0,14,0,1.3072,0.5891,0.0934,536.8,1935,7501
1060,vehicle,96.800,12.1100,5.2868,6.8232,5.7702,0.2079,1.4510,3.1846,0.2181,0.6410,751646,0,835,853,0,14,0,0.7772,0.4523,0.1352,536.8,1935,7501
1061,vehicle,96.800,15.3495,5.4447,9.9048,5.7252,0.2171,1.3916,3.1785,0.2140,0.6564,751649,0,869,866,0,14,0,1.1599,0.6199,0.1355,536.8,1935,7501
1062,vehicle,96.800,11.6145,5.1549,6.4596,6.4010,0.2785,1.4039,3.7612,0.2140,0.6758,751727,0,1146,1068,0,14,0,0.9266,0.6028,0.1366,536.8,1935,7501
1063,vehicle,96.800,10.4100,3.5423,6.8677,5.7743,0.0010,1.4008,3.4509,0.2171,0.6369,751727,0,0,0,0,14,0,0.0321,0.0004,0.0781,536.8,1935,7501
1064,vehicle,96.900,11.8135,4.5134,7.3001,5.5470,0.0020,1.4234,3.1785,0.2171,0.6584,751727,0,0,0,0,14,0,0.0239,0.0009,0.0984,536.8,1935,7501
1065,vehicle,96.900,15.8523,6.6863,9.1660,5.7610,0.2519,1.3855,3.1795,0.2232,0.6533,751544,109,959,1142,0,14,0,1.5269,0.5503,0.1677,536.8,1935,7501
1066,vehicle,96.900,15.7170,6.2747,9.4423,5.7344,0.2468,1.3763,3.1949,0.2120,0.6369,751656,0,975,863,0,14,0,0.9070,0.5194,0.1175,536.8,1935,7501
1067,vehicle,96.900,13.1629,4.4844,8.6785,5.8214,0.0020,1.3629,3.5656,0.2181,0.6052,751656,0,0,0,0,14,0,0.0286,0.0004,0.1040,536.8,1935,7501
1068,vehicle,97.000,11.3828,4.6754,6.7074,6.0129,0.2775,1.3660,3.4540,0.2191,0.6298,751742,0,1150,1064,0,14,0,0.8213,0.4654,0.0926,536.8,1935,7501
1069,vehicle,97.100,11.0212,3.4688,7.5524,5.4804,0.0020,1.3670,3.1816,0.2171,0.6451,751742,0,0,0,0,14,0,0.0310,0.0006,0.1058,536.8,1935,7501
1070,vehicle,97.200,11.9554,5.3746,6.5808,6.2536,0.2181,1.9077,3.1887,0.2284,0.6420,751763,0,846,825,0,14,0,0.8094,0.4970,0.1218,536.8,1935,7501
1071,vehicle,97.300,11.6831,4.5682,7.1149,6.1911,0.0031,1.6691,3.1857,0.2161,1.0383,751763,0,0,0,0,14,0,0.0118,0.0005,0.0879,536.8,1935,7501
1072,vehicle,97.400,15.2047,6.6418,8.5629,6.3273,0.2714,1.4326,3.6690,0.2171,0.6574,750810,823,1087,2040,0,14,0,1.5208,0.5882,0.2375,536.8,1935,7501
1073,vehicle,97.500,11.9695,5.0522,6.9173,5.8173,0.2038,1.4889,3.1846,0.2171,0.6410,751633,0,823,0,0,14,0,0.3441,0.3474,0.0848,536.8,1935,7501
1074,vehicle,97.500,15.4303,6.5492,8.8811,5.8030,0.2703,1.4305,3.1775,0.2161,0.6277,751638,0,1118,1113,0,14,0,1.3213,0.8727,0.1243,536.8,1935,7501
1075,vehicle,97.500,11.1867,4.5917,6.5950,5.9505,0.0031,1.4449,3.5697,0.2253,0.6277,751638,0,0,0,0,14,0,0.0341,0.0010,0.1489,536.8,1935,7501
1076,vehicle,97.500,15.7228,7.3653,8.3575,6.9929,0.4577,1.8237,3.7632,0.2161,0.6554,751655,0,868,851,0,14,0,1.2067,0.5162,0.1366,536.8,1935,7501
1077,vehicle,97.500,13.8437,5.9944,7.8493,5.8296,0.2775,1.4182,3.1857,0.2130,0.6625,751740,0,1139,1054,0,14,0,0.7938,0.4524,0.0903,536.8,1935,7501
1078,vehicle,97.500,11.8362,4.0692,7.7670,5.5624,0.0031,1.4367,3.1928,0.2150,0.6308,751740,0,0,0,0,14,0,0.0221,0.0006,0.0725,536.8,1935,7501
1079,vehicle,97.700,13.7194,6.4273,7.2921,5.7549,0.2212,1.4193,3.1918,0.2130,0.6308,751735,0,817,822,0,14,0,0.9739,0.5613,0.1643,536.8,1935,7501
1080,vehicle,97.800,11.6183,5.0561,6.5622,5.9484,0.0031,1.4254,3.5789,0.2150,0.6472,751735,0,0,0,0,14,0,0.0146,0.0006,0.1330,536.8,1935,7501
1081,vehicle,97.900,15.5456,7.2480,8.2976,6.2198,0.0655,1.6753,3.5533,0.2099,0.6359,748794,1946,63,3004,0,14,0,1.5537,0.5596,0.4427,536.8,1935,7501
1082,vehicle,98.000,15.0236,7.3004,7.7232,6.8291,0.4516,1.8790,3.5471,0.2120,0.6564,750841,500,2047,0,0,14,0,1.5793,0.6588,0.2282,536.8,1935,7501
1083,vehicle,98.100,14.5734,5.9853,8.5881,6.2556,0.3963,1.4715,3.4509,0.2068,0.6554,751586,0,1736,991,0,14,0,1.0099,0.5322,0.0959,536.8,1935,7501
1084,vehicle,98.200,11.1452,4.3618,6.7834,5.6443,0.0031,1.5012,3.1836,0.2120,0.6636,751586,0,0,0,0,14,0,0.0278,0.0008,0.0907,536.8,1935,7501
1085,vehicle,98.200,13.5975,5.2150,8.3825,5.6494,0.0031,1.5227,3.1816,0.2089,0.6615,751586,0,0,0,0,14,0,0.0250,0.0008,0.1048,536.8,1935,7501
1086,vehicle,98.200,17.8785,7.9111,9.9674,6.1635,0.1894,1.8299,3.1826,0.2109,0.6707,750373,1330,703,1916,0,14,0,1.5192,0.5789,0.5672,536.8,1935,7501
1087,vehicle,98.200,12.9457,6.4220,6.5237,6.7113,0.3164,1.5401,3.9148,0.2089,0.6513,751703,0,1330,0,0,14,0,0.5606,0.4240,0.1624,536.8,1935,7501
1088,vehicle,98.300,11.4647,3.8398,7.6249,5.9320,0.0031,1.5329,3.4540,0.2109,0.6492,751703,0,0,0,0,14,0,0.0217,0.0005,0.0749,536.8,1935,7501
1089,vehicle,98.200,13.9080,6.1679,7.7401,5.8880,0.2652,1.5186,3.1795,0.2099,0.6359,751634,0,1069,1138,0,14,0,1.0510,0.5323,0.1096,536.8,1935,7501
1090,vehicle,98.200,13.8017,5.6954,8.1063,5.8112,0.2273,1.4828,3.1898,0.2089,0.6298,751687,0,866,813,0,14,0,0.7968,0.4514,0.0959,536.8,1935,7501
1091,vehicle,98.300,15.5419,7.4772,8.0647,5.8317,0.2191,1.5206,3.1734,0.2120,0.6257,751682,0,861,866,0,14,0,1.0508,0.5562,0.1427,536.8,1935,7501
1092,vehicle,98.400,16.9063,7.8866,9.0197,5.8665,0.2662,1.4930,3.1795,0.2109,0.6420,751663,0,1094,1113,0,14,0,1.3009,0.5672,0.1371,536.8,1935,7501
1093,vehicle,98.500,4.6672,4.6651,0.0021,5.6146,0.0031,1.4828,3.1713,0.2099,0.6656,751663,0,0,0,0,14,0,0.0250,0.0008,0.0972,536.8,1935,7501
1094,vehicle,98.600,16.1066,8.1635,7.9431,5.6566,0.0256,1.5135,3.1846,0.2089,0.6513,748079,0,0,3584,0,14,0,1.6244,0.6833,0.1260,536.8,1935,7501
1095,vehicle,98.700,13.4280,6.8024,6.6256,5.6044,0.0338,1.4848,3.1652,0.2099,0.6308,742447,0,0,5632,0,14,0,1.5640,0.9604,0.1348,536.8,1935,7501
1096,vehicle,98.800,14.8633,6.7850,8.0783,6.5536,0.0666,1.7736,3.7765,0.2109,0.6472,739214,3125,63,3296,0,14,0,1.5314,0.5265,0.1775,536.8,1935,7501
1097,vehicle,98.900,15.7747,7.2550,8.5197,5.9023,0.2355,1.5585,3.1724,0.2099,0.6554,740173,7542,959,0,0,14,0,1.6254,0.4553,0.2894,536.8,1935,7501
1098,vehicle,98.900,12.8370,6.1866,6.6504,6.7615,0.4434,1.5493,3.4365,0.2109,1.0373,741352,9926,1983,804,0,14,0,1.7573,0.6085,0.2221,536.8,1935,7501
1099,vehicle,99.000,14.2762,7.1543,7.1219,5.9812,0.3656,1.5135,3.1693,0.2099,0.6451,741238,10052,1599,1713,0,14,0,1.8315,0.7094,0.7869,536.8,1935,7501
1100,vehicle,99.000,14.5765,8.0620,6.5145,6.2525,0.6001,1.5329,3.1590,0.2150,0.6646,743151,8137,2751,838,0,14,0,1.8404,0.7325,0.9494,536.8,1935,7501
1101,vehicle,99.000,16.4315,7.9679,8.4636,6.1440,0.4680,1.5657,3.1775,0.2140,0.6380,743566,7839,2111,1696,0,14,0,1.7859,0.7682,1.2823,536.8,1935,7501
1102,vehicle,99.000,16.3209,7.7385,8.5824,6.6990,1.0813,1.5176,3.1795,0.2109,0.6359,748749,2656,5183,0,0,14,0,1.7584,0.8630,0.6343,536.8,1935,7501
1103,vehicle,99.100,13.3066,6.8324,6.4742,6.1604,0.5765,1.4848,3.1724,0.2120,0.6400,751405,0,2656,0,0,14,0,1.2124,0.7449,0.1504,536.8,1935,7501
1104,vehicle,99.300,16.0273,6.6145,9.4128,5.8716,0.2642,1.4981,3.1621,0.2130,0.6533,751325,0,1072,1152,0,14,0,1.1650,0.6544,0.1325,536.8,1935,7501
1105,vehicle,99.400,14.5881,5.3605,9.2276,6.6611,0.0031,2.1791,3.5379,0.2140,0.6533,751325,0,0,0,0,14,0,0.0353,0.0010,0.1548,536.8,1935,7501
1106,vehicle,99.500,12.9314,5.6315,7.2999,5.8276,0.2263,1.4807,3.1744,0.2120,0.6523,751296,0,849,878,0,14,0,0.8468,0.5215,0.1445,536.8,1935,7501
1107,vehicle,99.600,14.5958,5.4614,9.1344,5.8655,0.2652,1.4756,3.1672,0.2089,0.6676,751290,0,1102,1108,0,14,0,0.7988,0.4494,0.0846,536.8,1935,7501
1108,vehicle,99.600,13.1600,5.9526,7.2074,5.5501,0.0031,1.4602,3.1549,0.2120,0.6390,751290,0,0,0,0,14,0,0.0316,0.0006,0.1414,536.8,1935,7501
1109,vehicle,99.700,14.5598,4.9442,9.6156,5.5972,0.0031,1.4848,3.1580,0.2140,0.6595,751290,0,0,0,0,14,0,0.0249,0.0007,0.1145,536.8,1935,7501
1110,vehicle,99.700,16.1423,7.2606,8.8817,5.7201,0.1188,1.4899,3.1764,0.2109,0.6502,749738,1566,383,1935,0,14,0,1.5156,0.5351,0.4798,536.8,1935,7501
1111,vehicle,99.800,13.6336,7.1280,6.5056,6.1379,0.5366,1.4705,3.1580,0.2120,0.6769,751343,0,2452,847,0,14,0,1.4777,0.7925,0.1125,536.8,1935,7501
1112,vehicle,99.800,11.5029,4.8971,6.6058,6.7021,0.0031,1.4746,3.6311,0.2099,1.3046,751343,0,0,0,0,14,0,0.0297,0.0006,0.0930,536.8,1935,7501
1113,vehicle,99.800,16.1734,6.1377,10.0357,5.7743,0.2775,1.3619,3.1672,0.2109,0.6861,751427,0,1148,1064,0,14,0,1.1364,0.5403,0.1187,536.8,1935,7501
1114,vehicle,99.800,10.8601,4.0449,6.8152,5.4600,0.0031,1.3292,3.1560,0.2109,0.6789,751427,0,0,0,0,14,0,0.0300,0.0009,0.0805,536.8,1935,7501
1115,vehicle,99.900,13.0612,4.9395,8.1217,5.5173,0.0031,1.3332,3.1744,0.2109,0.7148,751427,0,0,0,0,14,0,0.0308,0.0010,0.1311,536.8,1935,7501
1116,vehicle,99.900,11.2603,4.7302,6.5301,5.4702,0.0031,1.3199,3.1601,0.2068,0.6973,751427,0,0,0,0,14,0,0.0108,0.0004,0.0905,536.8,1935,7501
1117,vehicle,100.000,12.7090,5.9211,6.7879,6.1297,0.4250,1.3117,3.1642,0.4536,0.6922,751280,0,1897,2044,0,14,0,1.3300,0.5788,0.0956,536.8,1935,7501
1118,vehicle,100.100,11.6596,4.1815,7.4781,5.5122,0.0031,1.3210,3.1775,0.2120,0.7178,751280,0,0,0,0,14,0,0.0310,0.0009,0.0759,536.8,1935,7501
1119,vehicle,100.200,13.1035,4.9953,8.1082,5.5204,0.0031,1.3302,3.1887,0.2079,0.7086,751280,0,0,0,0,14,0,0.0130,0.0006,0.1270,536.8,1935,7501
1120,vehicle,100.200,13.7614,7.0235,6.7379,6.2065,0.0645,1.3373,3.7775,0.2109,0.7424,748557,2647,63,2786,0,14,0,1.5641,0.5204,0.4097,536.8,1935,7501
1121,vehicle,100.200,14.6753,6.8372,7.8381,5.9003,0.3553,1.3517,3.1703,0.2120,0.7281,749247,2062,1535,845,0,14,0,1.6196,0.6715,0.5027,536.8,1935,7501
1122,vehicle,100.200,16.3874,7.0982,9.2892,6.8823,0.4669,1.3466,3.6680,0.2130,1.1059,750307,1093,2111,1051,0,14,0,1.6005,0.6049,0.3034,536.8,1935,7501
1123,vehicle,100.200,14.2415,5.2118,9.0297,5.7446,0.2570,1.3271,3.1775,0.2120,0.6984,751400,0,1093,0,0,14,0,0.4556,0.3910,0.0886,536.8,1935,7501
1124,vehicle,100.100,11.1796,4.5760,6.6036,5.5040,0.0031,1.3271,3.1877,0.2161,0.6984,751400,0,0,0,0,14,0,0.0270,0.0006,0.0997,536.8,1935,7501
1125,vehicle,100.000,16.0949,7.2746,8.8203,5.6760,0.2683,1.2308,3.1959,0.2140,0.6851,751321,0,1069,1148,0,14,0,1.2455,0.6176,0.1660,536.8,1935,7501
1126,vehicle,99.900,13.8974,6.0015,7.8959,5.6146,0.2202,1.2247,3.2041,0.2202,0.6717,751280,0,850,891,0,14,0,0.7591,0.4580,0.1017,536.8,1935,7501
1127,vehicle,100.000,11.6701,3.9807,7.6894,5.9597,0.0031,1.1837,3.8298,0.2140,0.6543,751280,0,0,0,0,14,0,0.0217,0.0006,0.0725,536.8,1935,7501
1128,vehicle,100.100,10.9481,4.1035,6.8446,5.3545,0.0031,1.1827,3.2072,0.2181,0.6646,751280,0,0,0,0,14,0,0.0112,0.0005,0.0771,536.8,1935,7501
1129,vehicle,100.100,15.4487,6.8969,8.5518,5.6115,0.2662,1.1960,3.2205,0.2171,0.6369,751263,0,1095,1112,0,14,0,1.5068,0.6037,0.1333,536.8,1935,7501
1130,vehicle,100.200,12.3556,5.7361,6.6195,5.7528,0.4239,1.1643,3.2061,0.2202,0.6646,751283,0,849,829,0,14,0,0.9982,0.5727,0.1125,536.8,1935,7501
1131,vehicle,100.300,15.4214,7.1361,8.2853,5.5491,0.2550,1.1581,3.2072,0.2120,0.6420,750342,936,1023,1964,0,14,0,1.5164,0.6605,0.3366,536.8,1935,7501
1132,vehicle,100.300,12.3537,5.5494,6.8043,6.1583,0.2273,1.1694,3.8339,0.2171,0.6318,751278,0,936,0,0,14,0,0.3883,0.3748,0.0858,536.8,1935,7501
1133,vehicle,100.300,12.8128,4.3266,8.4862,5.3002,0.0031,1.1715,3.2215,0.2161,0.6144,751278,0,0,0,0,14,0,0.0257,0.0007,0.1021,536.8,1935,7501
1134,vehicle,100.300,12.6796,6.0252,6.6544,5.7037,0.4311,1.1653,3.2236,0.2161,0.5847,751371,0,1959,1866,0,14,0,1.3203,0.6248,0.1506,536.8,1935,7501
1135,vehicle,100.400,11.3796,4.9553,6.4243,6.2065,0.0031,1.4930,3.8124,0.2171,0.5990,751371,0,0,0,0,14,0,0.0291,0.0009,0.0844,536.8,1935,7501
1136,vehicle,100.500,14.1839,5.6050,8.5789,5.5501,0.2243,1.1940,3.2338,0.2263,0.5898,751379,0,866,858,0,14,0,0.8282,0.5019,0.1482,536.8,1935,7501
1137,vehicle,100.700,13.8133,5.1057,8.7076,6.0826,0.2662,1.2022,3.6905,0.2161,0.6308,751296,0,1072,1155,0,14,0,0.8299,0.4450,0.0889,536.8,1935,7501
1138,vehicle,100.900,14.4704,4.8944,9.5760,5.2204,0.0031,1.1172,3.2000,0.2150,0.6103,751296,0,0,0,0,14,0,0.0267,0.0009,0.1162,536.8,1935,7501
1139,vehicle,101.000,13.7635,6.1377,7.6258,5.4508,0.2038,1.1807,3.1980,0.2140,0.5755,751281,0,823,838,0,14,0,0.9148,0.5787,0.1511,536.8,1935,7501
1140,vehicle,101.200,16.6690,7.8630,8.8060,5.3463,0.1075,1.1581,3.1826,0.2150,0.6093,749633,1609,319,1967,0,14,0,1.5288,0.5777,0.4836,536.8,1935,7501
1141,vehicle,101.300,14.3777,6.1635,8.2142,5.6863,0.5437,1.1049,3.1898,0.2130,0.5519,751136,0,2426,923,0,14,0,1.3498,0.6470,0.1124,536.8,1935,7501
1142,vehicle,101.300,10.9403,4.3650,6.5753,5.9802,0.0031,1.1244,4.0397,0.2150,0.5140,751136,0,0,0,0,14,0,0.0325,0.0004,0.0788,536.8,1935,7501
1143,vehicle,101.300,15.1985,6.2575,8.9410,5.3955,0.2765,1.1336,3.2000,0.2181,0.4936,751230,0,1150,1056,0,14,0,1.1170,0.4754,0.0966,536.8,1935,7501
1144,vehicle,101.500,11.5122,4.2292,7.2830,5.0514,0.0031,1.0660,3.1877,0.2120,0.5069,751230,0,0,0,0,14,0,0.0213,0.0008,0.0775,536.8,1935,7501
1145,vehicle,101.700,11.8763,4.6961,7.1802,5.4282,0.0031,1.4612,3.1642,0.2171,0.5079,751230,0,0,0,0,14,0,0.0290,0.0009,0.1215,536.8,1935,7501
1146,vehicle,101.800,13.5192,5.8653,7.6539,5.0739,0.0031,1.1039,3.1683,0.2150,0.5028,751230,0,0,0,0,14,0,0.0159,0.0009,0.1599,536.8,1935,7501
1147,vehicle,102.000,15.9980,6.7806,9.2174,6.2976,0.6441,1.1028,3.5236,0.2109,0.5100,750910,0,1826,2146,0,14,0,1.4084,0.6713,0.0989,536.8,1935,7501
1148,vehicle,102.200,11.5165,4.4065,7.1100,5.0330,0.0031,1.1049,3.1345,0.2120,0.4987,750910,0,0,0,0,14,0,0.0306,0.0014,0.0956,536.8,1935,7501
1149,vehicle,102.300,17.2938,8.3131,8.9807,5.9597,0.2560,1.1684,3.3915,0.5663,0.4987,750833,69,1023,1100,0,14,0,1.5256,0.5922,0.1600,536.8,1935,7501
1150,vehicle,102.500,14.9633,5.8946,9.0687,5.3402,0.2376,1.1817,3.1160,0.2099,0.5120,750918,0,914,829,0,14,0,0.8217,0.4512,0.1380,536.8,1935,7501
1151,vehicle,102.600,13.8857,6.0843,7.8014,5.2316,0.2243,1.1192,3.1089,0.2089,0.4864,750911,0,872,879,0,14,0,0.8934,0.4912,0.1486,536.8,1935,7501
1152,vehicle,102.800,16.2811,7.7504,8.5307,5.5347,0.5028,1.1356,3.0996,0.2130,0.5007,750998,144,1087,1000,0,14,0,1.5399,0.6441,0.1730,536.8,1935,7501
1153,vehicle,102.900,11.8894,4.6746,7.2148,5.7743,0.0686,1.4438,3.4488,0.2058,0.5243,751142,0,144,0,0,14,0,0.0998,0.3002,0.0827,536.8,1935,7501
1154,vehicle,103.100,11.4689,4.2202,7.2487,5.4303,0.0031,1.0721,3.5676,0.2130,0.4977,751142,0,0,0,0,14,0,0.0236,0.0005,0.0790,536.8,1935,7501
1155,vehicle,103.400,14.0647,5.8215,8.2432,5.2122,0.2427,1.1039,3.0638,0.2109,0.5069,750917,0,983,1208,0,14,0,1.0695,0.4824,0.1163,536.8,1935,7501
1156,vehicle,103.500,14.6918,5.3171,9.3747,5.1988,0.1976,1.0885,3.0976,0.2089,0.5243,750746,0,776,947,0,14,0,1.0766,0.4931,0.1192,536.8,1935,7501
1157,vehicle,103.600,15.1644,6.0553,9.1091,4.9531,0.0031,1.0865,3.0700,0.2058,0.5120,750746,0,0,0,0,14,0,0.0357,0.0013,0.1629,536.8,1935,7501
1158,vehicle,103.700,16.6180,7.3321,9.2859,5.2603,0.2990,1.0947,3.0566,0.2028,0.5253,751000,0,1237,983,0,14,0,1.3975,0.5839,0.1442,536.8,1935,7501
1159,vehicle,103.700,16.4588,7.5153,8.9435,5.1354,0.2058,1.0854,3.0638,0.2079,0.4956,751026,0,835,809,0,14,0,1.4107,0.6322,0.1697,536.8,1935,7501
1160,vehicle,103.800,14.1106,5.1923,8.9183,5.1845,0.2284,1.0895,3.0689,0.2028,0.5120,751050,0,844,820,0,14,0,0.7584,0.4298,0.1426,536.8,1935,7501
1161,vehicle,103.900,11.7587,5.2758,6.4829,6.1338,0.0031,1.6855,3.6495,0.2048,0.5069,751050,0,0,0,0,14,0,0.0126,0.0008,0.1193,536.8,1935,7501
1162,vehicle,103.900,14.3111,5.9890,8.3221,5.4661,0.4680,1.1520,3.0771,0.2058,0.4874,751290,0,2089,1849,0,14,0,1.3876,0.6104,0.1026,536.8,1935,7501
1163,vehicle,104.000,11.8594,5.0514,6.8080,4.9951,0.0031,1.1612,3.0577,0.2028,0.4895,751290,0,0,0,0,14,0,0.0242,0.0007,0.0933,536.8,1935,7501
1164,vehicle,104.200,14.6440,5.9565,8.6875,5.2859,0.2775,1.1561,3.0638,0.2028,0.5048,751312,0,1121,1099,0,14,0,1.1615,0.5062,0.1380,536.8,1935,7501
1165,vehicle,104.300,11.0249,4.5096,6.5153,5.0616,0.0031,1.1971,3.0648,0.1997,0.5222,751312,0,0,0,0,14,0,0.0231,0.0011,0.0951,536.8,1935,7501
1166,vehicle,104.400,13.0613,5.2243,7.8370,6.1624,0.2273,1.4715,3.6424,0.2017,0.5376,751325,0,875,862,0,14,0,0.6504,0.4206,0.0888,536.8,1935,7501
1167,vehicle,104.600,14.1590,5.6927,8.4663,5.3279,0.2683,1.1725,3.0648,0.2048,0.5335,751336,0,1109,1098,0,14,0,0.9481,0.4741,0.0930,536.8,1935,7501
1168,vehicle,104.700,11.7642,3.9711,7.7931,5.1436,0.0031,1.2237,3.0771,0.2028,0.5540,751336,0,0,0,0,14,0,0.0205,0.0004,0.0713,536.8,1935,7501
1169,vehicle,104.800,11.3370,4.6933,6.6437,5.7641,0.0031,1.4572,3.4437,0.2017,0.5745,751336,0,0,0,0,14,0,0.0254,0.0008,0.1097,536.8,1935,7501
1170,vehicle,104.900,13.8909,6.4772,7.4137,5.3555,0.2089,1.2093,3.0781,0.2058,0.5704,750196,1092,831,1971,0,14,0,1.5225,0.5725,0.2996,536.8,1935,7501
1171,vehicle,105.000,14.0088,6.5418,7.4670,6.3580,0.5796,1.2339,3.7120,0.2038,0.5499,751397,229,2687,1486,0,14,0,1.5575,0.6789,0.1400,536.8,1935,7501
1172,vehicle,105.100,11.7026,5.0194,6.6832,5.2429,0.0952,1.2319,3.0863,0.2017,0.5448,751626,0,229,0,0,14,0,0.1694,0.3197,0.1026,536.8,1935,7501
1173,vehicle,105.200,11.0845,4.4020,6.6825,5.1804,0.0031,1.2370,3.0894,0.1997,0.5673,751626,0,0,0,0,14,0,0.0107,0.0005,0.0817,536.8,1935,7501
1174,vehicle,105.200,17.5515,9.1985,8.3530,5.4098,0.0645,1.3937,3.0781,0.1976,0.5939,749804,1038,63,1885,0,14,0,1.6947,0.6234,0.6008,536.8,1935,7501
1175,vehicle,105.500,14.1371,7.5936,6.5435,5.6361,0.2775,1.3537,3.1048,0.2038,0.6195,749400,2243,1151,1555,0,14,0,1.5504,0.6127,0.4773,536.8,1935,7501
1176,vehicle,105.600,17.4502,7.9175,9.5327,5.8604,0.4946,1.3496,3.1007,0.1997,0.6308,751719,0,2319,0,0,14,0,0.9943,0.6797,0.1167,536.8,1935,7501
1177,vehicle,105.700,13.3372,6.2156,7.1216,5.7098,0.3594,1.3169,3.0925,0.2007,0.6554,750860,0,1560,2419,0,14,0,1.3668,0.6412,0.0971,536.8,1935,7501
1178,vehicle,105.800,12.3011,4.5886,7.7125,5.3484,0.0031,1.3128,3.1017,0.2007,0.6482,750860,0,0,0,0,14,0,0.0260,0.0008,0.1007,536.8,1935,7501
1179,vehicle,105.900,15.7437,6.2832,9.4605,5.8419,0.4884,1.3292,3.1027,0.2028,0.6359,751451,11,2239,1648,0,14,0,1.5202,0.6951,0.1071,536.8,1935,7501
1180,vehicle,105.800,13.1287,5.8338,7.2949,5.5757,0.2284,1.3343,3.1140,0.2017,0.6226,751481,0,867,837,0,14,0,0.9209,0.4808,0.1358,536.8,1935,7501
1181,vehicle,105.800,13.9342,7.4536,6.4806,6.1788,0.5868,1.5647,3.1017,0.1987,0.6420,751748,0,1004,737,0,14,0,1.2684,0.6418,0.2031,536.8,1935,7501
1182,vehicle,105.900,13.2964,5.5245,7.7719,5.6607,0.2755,1.3384,3.1058,0.2017,0.6543,751815,0,1137,1070,0,14,0,0.8296,0.4707,0.1136,536.8,1935,7501
1183,vehicle,105.900,13.9856,4.6259,9.3597,5.9658,0.0031,1.3425,3.7171,0.2028,0.6246,751815,0,0,0,0,14,0,0.0243,0.0006,0.0952,536.8,1935,7501
1184,vehicle,105.900,13.0375,3.8243,9.2132,5.3740,0.0031,1.3599,3.1109,0.1997,0.6164,751815,0,0,0,0,14,0,0.0225,0.0006,0.0914,536.8,1935,7501
1185,vehicle,105.800,13.4229,6.8147,6.6082,5.5992,0.2662,1.3384,3.0956,0.2038,0.6134,751823,0,1109,1101,0,14,0,1.3566,0.6086,0.1326,536.8,1935,7501
1186,vehicle,105.900,16.7445,7.3213,9.4232,5.5767,0.2222,1.3425,3.0884,0.2150,0.6236,751817,0,864,870,0,14,0,0.9626,0.5778,0.1418,536.8,1935,7501
1187,vehicle,105.900,11.6866,4.0647,7.6219,5.3699,0.0031,1.3476,3.1078,0.2017,0.6246,751817,0,0,0,0,14,0,0.0206,0.0005,0.0695,536.8,1935,7501
1188,vehicle,106.000,16.3172,7.1149,9.2023,5.6443,0.2673,1.3568,3.0935,0.2068,0.6369,751818,0,1116,1115,0,14,0,1.2882,0.5852,0.1583,536.8,1935,7501
1189,vehicle,106.100,11.5747,5.0411,6.5336,5.3606,0.0031,1.3363,3.0863,0.2017,0.6554,751818,0,0,0,0,14,0,0.0274,0.0009,0.0869,536.8,1935,7501
1190,vehicle,106.200,12.1586,4.9528,7.2058,5.6607,0.2294,1.3691,3.0976,0.2028,0.6789,751822,0,837,833,0,14,0,0.5974,0.3951,0.0919,536.8,1935,7501
1191,vehicle,106.300,12.0453,5.0902,6.9551,5.4374,0.0031,1.3855,3.1007,0.2017,0.6717,751822,0,0,0,0,14,0,0.0149,0.0011,0.1306,536.8,1935,7501
1192,vehicle,106.200,14.1253,7.0616,7.0637,5.5470,0.0973,1.3937,3.0996,0.2017,0.6687,750077,1676,255,2000,0,14,0,1.5293,0.5915,0.5070,536.8,1935,7501
1193,vehicle,106.200,15.4914,6.7826,8.7088,6.7011,0.3727,1.6835,3.6731,0.2017,0.6840,751753,0,1676,0,0,14,0,0.8979,0.4968,0.1245,536.8,1935,7501
1194,vehicle,106.200,12.5276,5.2455,7.2821,5.7457,0.2755,1.4131,3.1017,0.2048,0.6676,751815,0,1135,1073,0,14,0,0.8679,0.4422,0.0909,536.8,1935,7501
1195,vehicle,106.300,12.4043,4.1677,8.2366,5.4845,0.0031,1.4111,3.0996,0.2028,0.6840,751815,0,0,0,0,14,0,0.0231,0.0005,0.0832,536.8,1935,7501
1196,vehicle,106.300,12.6437,6.1054,6.5383,5.7211,0.2263,1.4234,3.0956,0.2068,0.6871,751825,0,874,864,0,14,0,0.7731,0.5503,0.1407,536.8,1935,7501
1197,vehicle,106.300,13.4971,5.4512,8.0459,5.8030,0.2755,1.4438,3.0904,0.1987,0.7107,751837,0,1109,1097,0,14,0,0.9252,0.4512,0.0905,536.8,1935,7501
1198,vehicle,106.400,11.7115,4.4322,7.2793,6.1307,0.0031,1.4305,3.7120,0.2048,0.6984,751837,0,0,0,0,14,0,0.0241,0.0008,0.1071,536.8,1935,7501
1199,vehicle,106.400,14.0180,6.8581,7.1599,5.6863,0.2058,1.4295,3.0976,0.2017,0.6676,751849,0,834,822,0,14,0,1.0856,0.5274,0.1115,536.8,1935,7501
1200,vehicle,106.400,13.0665,6.4236,6.6429,5.8511,0.3441,1.4408,3.0925,0.2028,0.6861,751363,495,1471,1957,0,14,0,1.5341,0.6653,0.1810,536.8,1935,7501
1201,vehicle,106.400,14.2294,6.6760,7.5534,5.7979,0.3338,1.4100,3.0996,0.2007,0.6769,751885,0,1379,857,0,14,0,1.0677,0.5463,0.5226,536.8,1935,7501
1202,vehicle,106.400,13.2261,4.8207,8.4054,5.4426,0.0031,1.3998,3.1068,0.1976,0.6523,751885,0,0,0,0,14,0,0.0271,0.0011,0.1395,536.8,1935,7501
1203,vehicle,106.400,12.1058,5.2207,6.8851,6.4727,0.2662,1.3957,3.9004,0.2017,0.6298,751881,0,1097,1101,0,14,0,0.7733,0.4436,0.0851,536.8,1935,7501
1204,vehicle,106.400,10.8379,3.8751,6.9628,5.4159,0.0031,1.3865,3.0915,0.1997,0.6533,751881,0,0,0,0,14,0,0.0301,0.0006,0.1259,536.8,1935,7501
1205,vehicle,106.500,10.3517,3.6773,6.6744,5.3504,0.0010,1.3701,3.0853,0.2017,0.6205,751881,0,0,0,0,14,0,0.0326,0.0010,0.0980,536.8,1935,7501
1206,vehicle,106.500,12.4890,3.4365,9.0525,5.6095,0.0020,1.3722,3.3321,0.1976,0.6339,751881,0,0,0,0,14,0,0.0101,0.0004,0.0726,536.8,1935,7501
1207,vehicle,106.600,13.4499,5.7421,7.7078,5.7006,0.3860,1.3629,3.0771,0.2007,0.6001,751590,197,1727,2018,0,14,0,1.5118,0.5982,0.1281,536.8,1935,7501
1208,vehicle,106.600,12.3892,4.2107,8.1785,5.3873,0.0768,1.3507,3.0812,0.1987,0.6072,751787,0,197,0,0,14,0,0.1673,0.3068,0.1037,536.8,1935,7501
1209,vehicle,106.600,15.0860,5.5288,9.5572,5.5890,0.2734,1.3619,3.0802,0.2017,0.6021,751864,0,1142,1065,0,14,0,0.9577,0.6249,0.1206,536.8,1935,7501
1210,vehicle,106.700,14.0303,4.8331,9.1972,5.5357,0.2161,1.3681,3.0700,0.1997,0.6083,751865,0,840,839,0,14,0,0.6243,0.4141,0.1107,536.8,1935,7501
1211,vehicle,106.800,15.5080,6.4093,9.0987,5.8819,0.2161,1.3537,3.4488,0.2017,0.5898,751862,0,872,875,0,14,0,1.0151,0.7061,0.1538,536.8,1935,7501
1212,vehicle,106.800,12.0845,5.2459,6.8386,5.7160,0.4178,1.3466,3.0822,0.1966,0.5990,751783,0,1871,1950,0,14,0,1.3926,0.6265,0.1217,536.8,1935,7501
1213,vehicle,106.800,15.1415,4.6189,10.5226,5.8020,0.0010,1.3629,3.2932,0.1997,0.8735,751783,0,0,0,0,14,0,0.0310,0.0007,0.1255,536.8,1935,7501
1214,vehicle,106.800,11.5622,3.5813,7.9809,5.3391,0.0010,1.3773,3.0751,0.2028,0.6124,751783,0,0,0,0,14,0,0.0253,0.0006,0.0766,536.8,1935,7501
1215,vehicle,107.000,11.9415,5.4039,6.5376,5.6310,0.2724,1.3783,3.0720,0.1997,0.6390,751865,0,1146,1064,0,14,0,0.8679,0.4970,0.1135,536.8,1935,7501
1216,vehicle,107.000,13.0242,5.0971,7.9271,6.3898,0.2058,1.6179,3.6475,0.2017,0.6451,751737,0,797,925,0,14,0,0.8202,0.4431,0.1000,536.8,1935,7501
1217,vehicle,107.100,12.0581,3.3169,8.7412,5.3791,0.0010,1.3619,3.0904,0.2028,0.6533,751737,0,0,0,0,14,0,0.0331,0.0008,0.0888,536.8,1935,7501
1218,vehicle,107.100,12.4012,5.3938,7.0074,5.6197,0.2611,1.3578,3.0700,0.2017,0.6584,751664,0,1079,1152,0,14,0,1.3596,0.5654,0.1127,536.8,1935,7501
1219,vehicle,107.200,11.3745,4.8049,6.5696,6.4072,0.2007,1.5985,3.6915,0.1997,0.6461,751642,0,814,836,0,14,0,0.7670,0.4528,0.1548,536.8,1935,7501
1220,vehicle,107.200,12.0210,4.8906,7.1304,5.5962,0.2191,1.3650,3.0761,0.1987,0.6666,751623,0,831,850,0,14,0,0.9625,0.5941,0.1095,536.8,1935,7501
1221,vehicle,107.200,13.7274,4.4831,9.2443,5.3924,0.0010,1.3681,3.0761,0.1987,0.6769,751623,0,0,0,0,14,0,0.0117,0.0006,0.0869,536.8,1935,7501
1222,vehicle,107.300,12.7127,6.0194,6.6933,5.8122,0.4188,1.3609,3.0771,0.2058,0.6697,751637,228,1855,1841,0,14,0,1.5132,0.6943,0.1961,536.8,1935,7501
1223,vehicle,107.300,10.3625,3.7674,6.5951,5.4436,0.0881,1.3568,3.0740,0.1987,0.6543,751865,0,228,0,0,14,0,0.1602,0.3010,0.1051,536.8,1935,7501
1224,vehicle,107.400,11.3363,4.6825,6.6538,5.9546,0.2632,1.3763,3.0792,0.2007,0.9646,751861,0,1102,1106,0,14,0,0.8032,0.4412,0.0836,536.8,1935,7501
1225,vehicle,107.400,11.8762,3.2712,8.6050,5.4231,0.0020,1.3896,3.0720,0.2017,0.6881,751861,0,0,0,0,14,0,0.0246,0.0007,0.0704,536.8,1935,7501
1226,vehicle,107.500,17.4766,5.5451,11.9315,5.8972,0.2181,1.3885,3.3464,0.2007,0.6717,751858,0,867,870,0,14,0,0.9244,0.5536,0.1755,536.8,1935,7501
1227,vehicle,107.400,13.7231,5.3225,8.4006,6.2392,0.4577,1.7746,3.0863,0.1987,0.6502,751775,0,1065,1148,0,14,0,0.9399,0.4739,0.1277,536.8,1935,7501
1228,vehicle,107.400,9.6015,2.8742,6.7273,5.3524,0.0010,1.3261,3.0751,0.2017,0.6769,751775,0,0,0,0,14,0,0.0301,0.0007,0.0889,536.8,1935,7501
1229,vehicle,107.400,10.2781,3.6090,6.6691,5.4006,0.0010,1.3373,3.0863,0.2017,0.7014,751775,0,0,0,0,14,0,0.0275,0.0006,0.0779,536.8,1935,7501
1230,vehicle,107.500,10.7185,4.1837,6.5348,5.8010,0.0010,1.3445,3.4806,0.2048,0.6973,751775,0,0,0,0,14,0,0.0120,0.0005,0.0889,536.8,1935,7501
1231,vehicle,107.500,12.9473,5.9466,7.0007,5.6596,0.2632,1.3425,3.0802,0.2028,0.6984,750090,1762,1087,2772,0,14,0,1.5284,0.6015,0.3451,536.8,1935,7501
1232,vehicle,107.400,12.9595,5.0236,7.9359,5.7805,0.4055,1.3261,3.0822,0.2017,0.6912,751852,0,1762,0,0,14,0,1.0049,0.4729,0.1121,536.8,1935,7501
1233,vehicle,107.400,14.5730,6.2415,8.3315,5.5972,0.2519,1.3097,3.0700,0.2038,0.6902,751763,0,1061,1150,0,14,0,1.2584,0.6267,0.1271,536.8,1935,7501
1234,vehicle,107.400,13.3905,4.3970,8.9935,5.3248,0.0010,1.2974,3.0628,0.2007,0.6892,751763,0,0,0,0,14,0,0.0295,0.0011,0.1550,536.8,1935,7501
1235,vehicle,107.400,13.9067,5.1343,8.7724,5.3238,0.0020,1.2964,3.0822,0.1987,0.6728,751763,0,0,0,0,14,0,0.0435,0.0008,0.1313,536.8,1935,7501
1236,vehicle,107.300,13.4966,4.8214,8.6752,5.2705,0.0010,1.2851,3.0720,0.1976,0.6431,751763,0,0,0,0,14,0,0.0118,0.0007,0.1128,536.8,1935,7501
1237,vehicle,107.300,12.7629,5.0946,7.6683,5.9156,0.4495,1.2626,3.3352,0.2028,0.5939,751860,0,2017,1920,0,14,0,1.3916,0.6095,0.1007,536.8,1935,7501
1238,vehicle,107.400,11.1128,3.7640,7.3488,5.2634,0.0010,1.2882,3.0761,0.2007,0.6236,751860,0,0,0,0,14,0,0.0308,0.0008,0.1059,536.8,1935,7501
1239,vehicle,107.400,12.4881,5.9910,6.4971,5.4426,0.1956,1.3189,3.0577,0.2007,0.5990,750678,1140,767,1949,0,14,0,1.5296,0.5824,0.3511,536.8,1935,7501
1240,vehicle,107.500,12.2519,5.5601,6.6918,6.5495,0.4475,1.3199,3.9066,0.2007,0.6042,751811,0,1974,841,0,14,0,1.3565,0.6059,0.1279,536.8,1935,7501
1241,vehicle,107.500,12.1643,4.6015,7.5628,5.4446,0.2140,1.2769,3.0710,0.1987,0.6144,751786,0,850,875,0,14,0,0.7910,0.4612,0.1507,536.8,1935,7501
1242,vehicle,107.500,14.8137,5.6561,9.1576,5.4815,0.2744,1.2790,3.0577,0.2017,0.5960,751840,0,1139,1085,0,14,0,1.1542,0.5213,0.1211,536.8,1935,7501
1243,vehicle,107.600,3.7173,3.7155,0.0018,5.2316,0.0020,1.2851,3.0802,0.1946,0.5980,751840,0,0,0,0,14,0,0.0307,0.0008,0.1099,536.8,1935,7501
1244,vehicle,107.700,13.8775,5.6595,8.2180,6.2290,0.0215,1.3097,3.5379,0.2007,1.0865,748000,0,0,3840,0,14,0,1.6126,0.6837,0.1215,536.8,1935,7501
1245,vehicle,107.800,15.1855,5.3883,9.7972,5.3955,0.0297,1.3261,3.0812,0.1987,0.6861,742880,0,0,5120,0,14,0,1.5367,0.6078,0.0998,536.8,1935,7501
1246,vehicle,107.900,12.6712,5.5923,7.0789,5.4006,0.0174,1.3445,3.0822,0.2007,0.6851,740448,0,0,2432,0,14,0,1.5360,0.4934,0.0976,536.8,1935,7501
1247,vehicle,107.900,12.3265,5.2416,7.0849,5.4006,0.0543,1.3353,3.0771,0.2007,0.6615,740511,9409,63,0,0,14,0,1.5580,0.3184,0.1414,536.8,1935,7501
1248,vehicle,107.800,14.6395,7.2491,7.3904,5.6709,0.3389,1.3189,3.0771,0.2017,0.6625,741117,9887,1471,865,0,14,0,1.8109,0.5884,0.3355,536.8,1935,7501
1249,vehicle,107.700,13.5188,6.4465,7.0723,6.6488,0.5396,1.6159,3.6444,0.1987,0.5775,742822,9039,2495,790,0,14,0,1.8431,0.7239,0.4753,536.8,1935,7501
1250,vehicle,107.700,16.4973,7.6514,8.8459,5.7487,0.5530,1.2626,3.0607,0.2017,0.5960,744529,7314,2559,852,0,14,0,1.8074,0.6772,0.5887,536.8,1935,7501
1251,vehicle,107.700,15.5224,7.0941,8.4283,6.4788,0.4639,1.2472,3.6628,0.1997,0.8335,745181,6416,2111,1459,0,14,0,1.7794,0.6057,0.9956,536.8,1935,7501
1252,vehicle,107.700,14.8065,6.2093,8.5972,6.0498,0.9216,1.2411,3.0546,0.1987,0.5622,749055,2792,4415,541,0,14,0,1.7206,0.7745,0.5481,536.8,1935,7501
1253,vehicle,107.700,11.9467,5.0604,6.8863,5.7027,0.6072,1.2073,3.0495,0.1987,0.5693,751847,0,2792,0,0,14,0,1.0546,0.5480,0.1066,536.8,1935,7501
1254,vehicle,107.800,12.7097,5.2273,7.4824,5.3883,0.2611,1.2165,3.0628,0.2007,0.5745,751854,0,1098,1091,0,14,0,1.0007,0.5694,0.1522,536.8,1935,7501
1255,vehicle,107.900,10.5358,4.0980,6.4378,5.1784,0.0010,1.2564,3.0740,0.1987,0.5765,751854,0,0,0,0,14,0,0.0321,0.0008,0.0980,536.8,1935,7501
1256,vehicle,108.000,14.3682,5.5387,8.8295,5.8511,0.2140,1.2564,3.5133,0.1997,0.5960,751822,0,844,876,0,14,0,1.0038,0.4737,0.1225,536.8,1935,7501
1257,vehicle,108.000,14.7180,5.5873,9.1307,5.4057,0.2611,1.2268,3.0607,0.1966,0.5878,751762,0,1080,1140,0,14,0,1.1498,0.5599,0.1597,536.8,1935,7501
1258,vehicle,108.000,13.5867,4.2799,9.3068,5.1548,0.0010,1.2247,3.0720,0.1997,0.5837,751762,0,0,0,0,14,0,0.0281,0.0006,0.0980,536.8,1935,7501
1259,vehicle,108.000,13.9504,6.3274,7.6230,5.3371,0.2017,1.2155,3.0720,0.2038,0.5724,751762,0,830,830,0,14,0,1.0470,0.4656,0.1024,536.8,1935,7501
1260,vehicle,108.000,13.2367,6.5491,6.6876,5.3975,0.2847,1.2012,3.0659,0.2048,0.5683,751064,764,1215,1913,0,14,0,1.5284,0.7862,0.2205,536.8,1935,7501
1261,vehicle,108.100,14.8546,5.8257,9.0289,6.5178,0.3881,1.6036,3.4458,0.1976,0.5847,751862,0,1651,853,0,14,0,1.2293,0.5346,0.1465,536.8,1935,7501
1262,vehicle,108.200,12.8700,5.1712,7.6988,5.1794,0.0010,1.2749,3.0669,0.1976,0.5663,751862,0,0,0,0,14,0,0.0293,0.0008,0.1038,536.8,1935,7501
1263,vehicle,108.200,13.1097,4.2873,8.8224,5.4702,0.2601,1.2769,3.0781,0.1997,0.5837,751795,0,1070,1137,0,14,0,0.7881,0.4329,0.0876,536.8,1935,7501
1264,vehicle,108.300,11.4822,4.7983,6.6839,5.2050,0.0010,1.2913,3.0669,0.2017,0.5704,751795,0,0,0,0,14,0,0.0320,0.0006,0.0913,536.8,1935,7501
1265,vehicle,108.300,11.1791,3.3466,7.8325,5.2265,0.0010,1.3015,3.0679,0.1997,0.5837,751795,0,0,0,0,14,0,0.0275,0.0007,0.0918,536.8,1935,7501
1266,vehicle,108.400,9.8472,3.2942,6.5530,5.3023,0.0010,1.3599,3.0761,0.1987,0.5929,751795,0,0,0,0,14,0,0.0094,0.0004,0.0721,536.8,1935,7501
1267,vehicle,108.400,13.0422,6.4198,6.6224,5.4979,0.1495,1.3988,3.0802,0.1966,0.6001,750384,1508,511,1922,0,14,0,1.5200,0.6005,0.4758,536.8,1935,7501
1268,vehicle,108.600,11.3302,4.8359,6.4943,5.6863,0.3441,1.3916,3.0822,0.2028,0.5919,751892,0,1508,0,0,14,0,0.7818,0.4476,0.1375,536.8,1935,7501
1269,vehicle,108.600,13.3963,5.5908,7.8055,6.2474,0.2406,1.4162,3.3219,0.1966,1.0004,751592,0,961,1261,0,14,0,1.0298,0.5432,0.1102,536.8,1935,7501
1270,vehicle,108.700,12.4929,4.4802,8.0127,5.6095,0.2314,1.4049,3.0792,0.2007,0.6205,751601,0,848,839,0,14,0,0.6250,0.4912,0.1051,536.8,1935,7501
1271,vehicle,108.700,11.5605,5.1359,6.4246,5.5706,0.2140,1.4049,3.0740,0.2007,0.6052,751551,0,846,896,0,14,0,0.8980,0.5098,0.1649,536.8,1935,7501
1272,vehicle,108.700,12.8391,5.4512,7.3879,6.7052,0.2939,2.0961,3.4417,0.1987,0.6031,751858,0,1266,959,0,14,0,0.8899,0.5283,0.0972,536.8,1935,7501
1273,vehicle,108.900,12.7454,3.7488,8.9966,5.3914,0.0010,1.4121,3.0833,0.2017,0.6216,751858,0,0,0,0,14,0,0.0312,0.0007,0.0885,536.8,1935,7501
1274,vehicle,109.000,12.7213,4.1492,8.5721,5.4077,0.0010,1.4244,3.0945,0.1976,0.6185,751858,0,0,0,0,14,0,0.0273,0.0008,0.1155,536.8,1935,7501
1275,vehicle,109.200,12.8286,6.3709,6.4577,5.7569,0.2550,1.4920,3.0966,0.1987,0.6431,751766,0,1060,1152,0,14,0,1.2817,0.5423,0.1261,536.8,1935,7501
1276,vehicle,109.400,12.9859,5.1934,7.7925,5.7559,0.2038,1.5135,3.1099,0.2028,0.6533,751658,0,824,932,0,14,0,0.9732,0.4837,0.1445,536.8,1935,7501
1277,vehicle,109.400,11.1023,4.3062,6.7961,5.5521,0.0010,1.5124,3.1017,0.1976,0.6666,751658,0,0,0,0,14,0,0.0309,0.0006,0.0984,536.8,1935,7501
1278,vehicle,109.500,15.0195,6.2639,8.7556,5.8583,0.2724,1.5391,3.0904,0.1956,0.6881,751728,0,1139,1069,0,14,0,1.1106,0.5598,0.1432,536.8,1935,7501
1279,vehicle,109.500,13.1420,5.7758,7.3662,5.7713,0.2028,1.5350,3.0792,0.1987,0.6830,751703,0,811,836,0,14,0,0.8710,0.4543,0.1058,536.8,1935,7501
1280,vehicle,109.600,15.7802,6.3866,9.3936,4.8343,0.2314,1.0312,3.0413,0.2089,0.2499,751690,0,842,855,0,14,0,0.9557,0.6427,0.2049,536.8,1935,7501
1281,vehicle,109.600,16.0499,6.2619,9.7880,4.9828,0.4403,0.9933,3.0177,0.1997,0.2591,751743,0,1992,1939,0,14,0,1.4302,0.6078,0.1040,536.8,1935,7501
1282,vehicle,109.700,10.0567,3.5732,6.4835,6.4983,0.0010,1.7695,3.7243,0.2017,0.7240,751743,0,0,0,0,14,0,0.0279,0.0005,0.0781,536.8,1935,7501
1283,vehicle,109.700,12.3570,3.7037,8.6533,5.6709,0.0010,1.5657,3.1037,0.1997,0.7229,751743,0,0,0,0,14,0,0.0270,0.0006,0.0957,536.8,1935,7501
1284,vehicle,109.700,11.6080,4.8905,6.7175,6.0518,0.2755,1.6302,3.1222,0.2017,0.7455,751820,0,1150,1073,0,14,0,1.0169,0.4949,0.0937,536.8,1935,7501
1285,vehicle,109.600,10.2678,3.8401,6.4277,6.5833,0.0010,1.8688,3.6946,0.2017,0.7424,751820,0,0,0,0,14,0,0.0300,0.0005,0.0733,536.8,1935,7501
1286,vehicle,109.600,14.5695,4.9514,9.6181,6.0047,0.2161,1.6466,3.1109,0.2028,0.7537,751807,0,856,869,0,14,0,0.8571,0.4892,0.1154,536.8,1935,7501
1287,vehicle,109.500,15.0322,5.3796,9.6526,6.6724,0.2642,1.6486,3.3874,0.2017,1.0916,751803,0,1097,1101,0,14,0,1.0809,0.4790,0.1124,536.8,1935,7501
1288,vehicle,109.400,13.0719,3.8525,9.2194,5.7682,0.0010,1.6333,3.1109,0.1987,0.7485,751803,0,0,0,0,14,0,0.0275,0.0008,0.1252,536.8,1935,7501
1289,vehicle,109.200,12.2314,4.0063,8.2251,5.7682,0.0010,1.6394,3.1119,0.1997,0.7373,751803,0,0,0,0,14,0,0.0275,0.0011,0.1530,536.8,1935,7501
1290,vehicle,109.100,10.2009,3.7163,6.4846,6.6406,0.0010,1.6445,3.6045,0.5612,0.7506,751803,0,0,0,0,14,0,0.0102,0.0006,0.0760,536.8,1935,7501
1291,vehicle,109.100,15.8415,6.6517,9.1898,5.8358,0.0635,1.6671,3.0976,0.1997,0.7301,748910,1700,63,2956,0,14,0,1.5519,0.5359,0.4876,536.8,1935,7501
1292,vehicle,109.000,13.0797,6.3467,6.7330,6.2300,0.4526,1.6589,3.0976,0.1987,0.7414,750075,1340,2047,882,0,14,0,1.5761,0.5912,0.4391,536.8,1935,7501
1293,vehicle,109.000,14.1921,6.0944,8.0977,6.3457,0.5652,1.6374,3.1181,0.1997,0.7465,751659,0,2553,969,0,14,0,1.4611,0.6695,0.1019,536.8,1935,7501
1294,vehicle,108.900,13.3550,4.1148,9.2402,5.7672,0.0010,1.6353,3.0996,0.2007,0.7516,751659,0,0,0,0,14,0,0.0324,0.0007,0.1223,536.8,1935,7501
1295,vehicle,108.900,10.3485,3.2794,7.0691,6.3498,0.0010,1.6292,3.7079,0.1966,0.7383,751659,0,0,0,0,14,0,0.0261,0.0006,0.0760,536.8,1935,7501
1296,vehicle,108.800,11.0724,3.7722,7.3002,5.7692,0.0010,1.6271,3.1150,0.1987,0.7485,751659,0,0,0,0,14,0,0.0103,0.0003,0.0731,536.8,1935,7501
1297,vehicle,108.800,13.2755,5.8656,7.4099,6.4532,0.4536,1.6097,3.3536,0.1976,0.7578,751765,0,2021,1915,0,14,0,1.4520,0.7300,0.1003,536.8,1935,7501
1298,vehicle,108.700,10.9650,3.3535,7.6115,6.8198,0.0020,1.9784,3.8298,0.1997,0.7363,751765,0,0,0,0,14,0,0.0238,0.0005,0.0888,536.8,1935,7501
1299,vehicle,108.600,10.0252,3.3737,6.6515,5.6617,0.0020,1.5708,3.1099,0.1987,0.7076,751765,0,0,0,0,14,0,0.0101,0.0004,0.0758,536.8,1935,7501
1300,vehicle,108.500,13.9983,6.0441,7.9542,5.7303,0.0840,1.5759,3.0956,0.1997,0.7025,749181,2585,191,2775,0,14,0,1.5156,0.4964,0.4458,536.8,1935,7501
1302,rotate,108.500,5.9344,5.9052,0.0292,5.8583,0.3912,1.6271,2.8774,0.1833,0.6984,751725,0,1700,0,0,14,0,1.4070,0.5714,0.1342,536.8,1935,7501
1303,rotate,108.500,12.8002,12.7982,0.0020,5.5347,0.0829,1.6579,2.8590,0.1843,0.6769,739360,158,63,12428,0,14,0,7.8595,1.1192,0.0957,536.8,1935,7501
1304,rotate,108.500,5.1503,5.1245,0.0258,6.0088,0.0184,2.1688,2.8744,0.1864,0.6871,736546,0,0,2814,0,14,0,1.3657,0.4909,0.0892,536.8,1935,7501
1305,rotate,108.500,3.8784,3.8515,0.0269,5.4794,0.0010,1.6599,2.8713,0.1833,0.6912,736546,0,0,0,0,14,0,0.0157,0.0010,0.1163,536.8,1935,7501
1306,rotate,108.500,8.1961,2.8941,5.3020,5.4866,0.0020,1.6527,2.8877,0.1853,0.6851,736546,0,0,0,0,14,0,0.0075,0.0006,0.0759,536.8,1935,7501
1307,rotate,108.500,7.1900,2.8550,4.3350,5.4692,0.0010,1.6497,2.8733,0.1833,0.6840,736546,0,0,0,0,14,0,0.0082,0.0004,0.0739,536.8,1935,7501
1308,rotate,108.500,7.6872,4.0146,3.6726,6.2956,0.0020,1.9016,3.4365,0.1864,0.6912,736546,0,0,0,0,14,0,0.0087,0.0011,0.0945,536.8,1935,7501
1309,rotate,108.500,7.9247,2.4941,5.4306,5.4794,0.0010,1.6548,2.8733,0.1874,0.6840,736546,0,0,0,0,14,0,0.0075,0.0007,0.0910,536.8,1935,7501
1310,rotate,108.500,7.7059,4.5792,3.1267,5.4897,0.0092,1.6579,2.8662,0.1925,0.6861,736546,0,0,0,0,14,0,0.0106,0.0010,0.1423,536.8,1935,7501
1311,rotate,108.500,7.3211,3.6119,3.7092,5.4620,0.0010,1.6507,2.8723,0.1874,0.6779,736546,0,0,0,0,14,0,0.0073,0.0005,0.0797,536.8,1935,7501
1312,rotate,108.500,7.6644,3.8344,3.8300,5.4620,0.0010,1.6548,2.8692,0.1884,0.6758,736546,0,0,0,0,14,0,0.0090,0.0008,0.1173,536.8,1935,7501
1313,rotate,108.500,7.6218,3.3096,4.3122,5.9822,0.0010,2.1617,2.8774,0.1894,0.6779,736546,0,0,0,0,14,0,0.0082,0.0011,0.0923,536.8,1935,7501
1314,rotate,108.500,7.5051,3.5653,3.9398,5.4845,0.0010,1.6517,2.8692,0.1935,0.6973,736546,0,0,0,0,14,0,0.0117,0.0015,0.1166,536.8,1935,7501
1315,rotate,108.500,7.8421,3.6897,4.1524,5.4497,0.0010,1.6425,2.8744,0.1905,0.6687,736546,0,0,0,0,14,0,0.0077,0.0006,0.0873,536.8,1935,7501
1316,rotate,108.500,7.4892,2.7106,4.7786,5.4538,0.0020,1.6394,2.8682,0.1946,0.6769,736546,0,0,0,0,14,0,0.0072,0.0005,0.0671,536.8,1935,7501
1317,rotate,108.500,7.4360,3.1721,4.2639,6.0764,0.0010,2.2743,2.8692,0.1905,0.6687,736546,0,0,0,0,14,0,0.0073,0.0006,0.0824,536.8,1935,7501
1318,rotate,108.500,7.6241,3.2461,4.3780,5.4518,0.0010,1.6271,2.8692,0.1946,0.6871,736546,0,0,0,0,14,0,0.0075,0.0006,0.0885,536.8,1935,7501
1319,rotate,108.500,8.5886,3.1171,5.4715,5.4303,0.0010,1.6210,2.8692,0.1946,0.6717,736546,0,0,0,0,14,0,0.0076,0.0005,0.0767,536.8,1935,7501
1320,rotate,108.500,7.2058,3.1741,4.0317,5.4333,0.0010,1.6200,2.8733,0.1956,0.6646,736546,0,0,0,0,14,0,0.0074,0.0006,0.0678,536.8,1935,7501
1321,rotate,108.500,7.6048,2.6837,4.9211,6.0682,0.0010,1.5985,3.1191,0.1894,1.0865,736546,0,0,0,0,14,0,0.0077,0.0010,0.0944,536.8,1935,7501
1322,rotate,108.500,7.6049,2.6927,4.9122,5.4200,0.0010,1.5852,2.8692,0.1925,0.6932,736546,0,0,0,0,14,0,0.0073,0.0006,0.0890,536.8,1935,7501
1323,rotate,108.500,7.8065,3.9173,3.8892,5.3975,0.0010,1.5811,2.8774,0.1925,0.6687,736546,0,0,0,0,14,0,0.0080,0.0006,0.0961,536.8,1935,7501
1324,rotate,108.500,7.5104,3.1816,4.3288,5.3862,0.0010,1.5647,2.8692,0.1935,0.6799,736546,0,0,0,0,14,0,0.0070,0.0007,0.0842,536.8,1935,7501
1325,rotate,108.500,7.2123,3.3698,3.8425,5.3862,0.0010,1.5575,2.8652,0.1946,0.6953,736546,0,0,0,0,14,0,0.0075,0.0004,0.0735,536.8,1935,7501
1326,rotate,108.500,7.3782,3.0465,4.3317,5.6812,0.0010,1.9005,2.8457,0.1874,0.6748,736546,0,0,0,0,14,0,0.0070,0.0006,0.0819,536.8,1935,7501
1327,rotate,108.500,8.1176,2.7400,5.3776,5.3484,0.0010,1.5370,2.8580,0.1956,0.6830,736546,0,0,0,0,14,0,0.0074,0.0006,0.0728,536.8,1935,7501
1328,rotate,108.500,6.9922,3.2246,3.7676,5.3002,0.0020,1.5227,2.8457,0.1884,0.6697,736546,0,0,0,0,14,0,0.0115,0.0012,0.0969,536.8,1935,7501
1329,rotate,108.500,7.3991,2.9992,4.3999,5.3197,0.0010,1.5145,2.8457,0.1956,0.6902,736546,0,0,0,0,14,0,0.0074,0.0007,0.0915,536.8,1935,7501
1330,rotate,108.500,7.0803,3.2608,3.8195,6.1532,0.0010,1.5176,3.6721,0.1987,0.6922,736546,0,0,0,0,14,0,0.0092,0.0007,0.1135,536.8,1935,7501
1331,rotate,108.500,7.7491,3.7265,4.0226,5.2797,0.0010,1.4991,2.8426,0.1853,0.6779,736546,0,0,0,0,14,0,0.0071,0.0006,0.0926,536.8,1935,7501
1332,rotate,108.500,7.8213,3.4006,4.4207,5.2818,0.0010,1.4930,2.8416,0.1853,0.6881,736546,0,0,0,0,14,0,0.0107,0.0010,0.0844,536.8,1935,7501
1333,rotate,108.500,7.4347,3.0947,4.3400,5.2787,0.0010,1.4868,2.8365,0.1935,0.6881,736546,0,0,0,0,14,0,0.0078,0.0006,0.0827,536.8,1935,7501
1334,rotate,108.500,6.8722,4.1325,2.7397,5.2818,0.0010,1.4797,2.8396,0.1864,0.7004,736546,0,0,0,0,14,0,0.0094,0.0008,0.1246,536.8,1935,7501
1335,rotate,108.500,7.2681,3.1931,4.0750,5.6504,0.0010,1.8616,2.8344,0.1894,0.6851,736546,0,0,0,0,14,0,0.0087,0.0007,0.0916,536.8,1935,7501
1336,rotate,108.500,7.7174,2.9129,4.8045,5.2675,0.0010,1.4674,2.8416,0.1915,0.6912,736546,0,0,0,0,14,0,0.0073,0.0005,0.0745,536.8,1935,7501
1337,rotate,108.500,7.6876,3.3075,4.3801,5.2439,0.0010,1.4623,2.8293,0.1915,0.6820,736546,0,0,0,0,14,0,0.0071,0.0006,0.0932,536.8,1935,7501
1338,rotate,108.500,7.5856,5.9752,1.6104,5.2275,0.0010,1.4490,2.8344,0.1874,0.6820,736546,0,0,0,0,14,0,0.0070,0.0004,0.0714,536.8,1935,7501
1339,rotate,108.500,6.8512,3.1550,3.6962,6.0150,0.0010,1.4490,3.6321,0.1915,0.6687,736546,0,0,0,0,14,0,0.0081,0.0007,0.0931,536.8,1935,7501
1340,rotate,108.500,7.5903,3.1940,4.3963,5.2019,0.0010,1.4397,2.8191,0.1884,0.6799,736546,0,0,0,0,14,0,0.0074,0.0006,0.0724,536.8,1935,7501
1341,rotate,108.500,7.7979,3.5102,4.2877,5.2070,0.0020,1.4346,2.8314,0.1843,0.6830,736546,0,0,0,0,14,0,0.0075,0.0005,0.0754,536.8,1935,7501
1342,rotate,108.500,7.1776,2.4808,4.6968,5.1927,0.0010,1.4254,2.8273,0.1843,0.6810,736546,0,0,0,0,14,0,0.0070,0.0006,0.0970,536.8,1935,7501
1343,rotate,108.500,6.8409,3.1317,3.7092,5.1866,0.0010,1.4223,2.8191,0.1853,0.6799,736546,0,0,0,0,14,0,0.0067,0.0006,0.1018,536.8,1935,7501
1344,rotate,108.500,7.2766,3.0548,4.2218,5.5378,0.0010,1.7940,2.8160,0.1812,0.6717,736546,0,0,0,0,14,0,0.0073,0.0007,0.0775,536.8,1935,7501
1345,rotate,108.500,7.9188,3.5937,4.3251,5.1558,0.0020,1.4049,2.8150,0.1864,0.6697,736546,0,0,0,0,14,0,0.0075,0.0006,0.0798,536.8,1935,7501
1346,rotate,108.500,7.1961,2.7215,4.4746,5.1436,0.0010,1.3947,2.8129,0.1833,0.6738,736546,0,0,0,0,14,0,0.0076,0.0005,0.0662,536.8,1935,7501
1347,rotate,108.500,7.2929,3.0187,4.2742,5.0985,0.0010,1.3824,2.8088,0.1823,0.6502,736546,0,0,0,0,14,0,0.0066,0.0011,0.0786,536.8,1935,7501
1348,rotate,108.500,6.8775,3.1314,3.7461,5.7211,0.0010,1.3732,3.4253,0.1843,0.6636,736546,0,0,0,0,14,0,0.0089,0.0008,0.1565,536.8,1935,7501
1349,rotate,108.500,7.3532,2.5611,4.7921,5.0924,0.0010,1.3660,2.7976,0.1823,0.6666,736546,0,0,0,0,14,0,0.0069,0.0007,0.0854,536.8,1935,7501
1350,rotate,108.500,7.5235,4.2046,3.3189,5.0801,0.0010,1.3548,2.8068,0.1843,0.6605,736546,0,0,0,0,14,0,0.0094,0.0007,0.0954,536.8,1935,7501
1351,rotate,108.500,7.0312,3.2536,3.7776,5.0545,0.0020,1.3425,2.8006,0.1853,0.6513,736546,0,0,0,0,14,0,0.0076,0.0011,0.1170,536.8,1935,7501
1352,rotate,108.500,6.9555,3.0848,3.8707,5.0452,0.0010,1.3271,2.8027,0.1864,0.6564,736546,0,0,0,0,14,0,0.0070,0.0006,0.0977,536.8,1935,7501
1353,rotate,108.500,7.0346,2.6815,4.3531,5.9904,0.0020,1.7019,3.1652,0.1874,0.6523,736546,0,0,0,0,14,0,0.0073,0.0005,0.0666,536.8,1935,7501
1354,rotate,108.500,7.3661,3.7983,3.5678,5.0135,0.0010,1.2984,2.7873,0.1853,0.6656,736546,0,0,0,0,14,0,0.0090,0.0009,0.0993,536.8,1935,7501
1355,rotate,108.500,7.6451,3.2816,4.3635,4.9613,0.0010,1.2841,2.7791,0.1843,0.6400,736546,0,0,0,0,14,0,0.0092,0.0008,0.0833,536.8,1935,7501
1356,rotate,108.500,7.2423,3.5073,3.7350,4.9541,0.0010,1.2687,2.7822,0.1853,0.6441,736546,0,0,0,0,14,0,0.0083,0.0007,0.1077,536.8,1935,7501
1357,rotate,108.500,6.6960,3.3550,3.3410,4.9377,0.0020,1.2503,2.7668,0.1843,0.6625,736546,0,0,0,0,14,0,0.0090,0.0012,0.0987,536.8,1935,7501
1358,rotate,108.500,7.2923,3.4961,3.7962,5.4784,0.0010,1.2288,3.1058,0.1833,0.6584,736546,0,0,0,0,14,0,0.0074,0.0006,0.0830,536.8,1935,7501
1359,rotate,108.500,6.5411,3.6363,2.9048,4.8845,0.0010,1.2175,2.7709,0.1833,0.6339,736546,0,0,0,0,14,0,0.0087,0.0009,0.1149,536.8,1935,7501
1360,rotate,108.500,7.7110,2.9082,4.8028,4.8415,0.0010,1.1889,2.7607,0.1843,0.6339,736546,0,0,0,0,14,0,0.0077,0.0005,0.0801,536.8,1935,7501
1361,rotate,108.500,6.5065,2.7856,3.7209,4.8579,0.0010,1.1786,2.7648,0.1853,0.6554,736546,0,0,0,0,14,0,0.0073,0.0005,0.0685,536.8,1935,7501
1362,rotate,108.500,7.1516,2.9022,4.2494,4.8005,0.0010,1.1643,2.7402,0.1823,0.6400,736546,0,0,0,0,14,0,0.0106,0.0010,0.1081,536.8,1935,7501
1363,rotate,108.500,6.8775,3.6501,3.2274,4.7872,0.0020,1.1418,2.7515,0.1853,0.6287,736546,0,0,0,0,14,0,0.0079,0.0006,0.0815,536.8,1935,7501
1364,rotate,108.500,6.4354,3.7748,2.6606,5.7641,0.0010,1.1295,3.7263,0.1833,0.6451,736546,0,0,0,0,14,0,0.0109,0.0007,0.1159,536.8,1935,7501
1365,rotate,108.500,7.1410,3.5859,3.5551,5.3914,0.0010,1.1162,3.3802,0.1864,0.6359,736546,0,0,0,0,14,0,0.0096,0.0010,0.1163,536.8,1935,7501
1366,rotate,108.500,8.0788,3.5519,4.5269,4.7247,0.0010,1.1069,2.7341,0.1843,0.6257,736546,0,0,0,0,14,0,0.0070,0.0005,0.0836,536.8,1935,7501
1367,rotate,108.500,6.6904,2.8526,3.8378,5.0227,0.0020,1.0926,2.7279,0.1915,0.9370,736546,0,0,0,0,14,0,0.0087,0.0005,0.0786,536.8,1935,7501
1368,rotate,108.500,6.8958,3.5818,3.3140,4.7073,0.0010,1.0936,2.7310,0.1812,0.6277,736546,0,0,0,0,14,0,0.0079,0.0007,0.0802,536.8,1935,7501
1369,rotate,108.500,7.0501,3.6382,3.4119,5.0115,0.0010,1.0844,2.7361,0.1802,0.9318,736546,0,0,0,0,14,0,0.0094,0.0013,0.1097,536.8,1935,7501
1370,rotate,108.500,7.0392,3.1946,3.8446,4.7135,0.0020,1.0854,2.7382,0.1843,0.6308,736546,0,0,0,0,14,0,0.0074,0.0006,0.0798,536.8,1935,7501
1371,rotate,108.500,7.0728,3.2264,3.8464,4.6735,0.0020,1.0813,2.7197,0.1853,0.6072,736546,0,0,0,0,14,0,0.0096,0.0008,0.1047,536.8,1935,7501
1372,rotate,108.500,7.1113,3.1739,3.9374,5.5020,0.0010,1.3486,3.2983,0.1782,0.6031,736546,0,0,0,0,14,0,0.0078,0.0007,0.0920,536.8,1935,7501
1373,rotate,108.500,6.3943,2.8531,3.5412,4.6725,0.0010,1.0834,2.7218,0.1812,0.6093,736546,0,0,0,0,14,0,0.0076,0.0004,0.0725,536.8,1935,7501
1374,rotate,108.500,8.1034,3.5430,4.5604,5.3668,0.0020,1.0844,3.0034,0.1812,1.0240,736546,0,0,0,0,14,0,0.0078,0.0004,0.0801,536.8,1935,7501
1375,rotate,108.500,6.2585,3.5525,2.7060,4.6551,0.0020,1.0895,2.7013,0.1792,0.6113,736546,0,0,0,0,14,0,0.0076,0.0007,0.0920,536.8,1935,7501
1376,rotate,108.500,7.2980,3.5215,3.7765,4.6766,0.0010,1.0926,2.7105,0.1802,0.6195,736546,0,0,0,0,14,0,0.0074,0.0005,0.0897,536.8,1935,7501
1377,rotate,108.500,6.5471,2.8080,3.7391,5.1067,0.0010,1.5288,2.7208,0.1833,0.5949,736546,0,0,0,0,14,0,0.0091,0.0008,0.0957,536.8,1935,7501
1378,rotate,108.500,7.0208,3.0840,3.9368,4.6694,0.0010,1.1080,2.6931,0.1833,0.6124,736546,0,0,0,0,14,0,0.0074,0.0006,0.0873,536.8,1935,7501
1379,rotate,108.500,6.6408,2.5077,4.1331,5.1814,0.0010,1.1151,2.7023,0.4096,0.8745,736546,0,0,0,0,14,0,0.0084,0.0007,0.0972,536.8,1935,7501
1380,rotate,108.500,7.1153,2.7310,4.3843,4.6858,0.0010,1.1203,2.7003,0.1833,0.6021,736546,0,0,0,0,14,0,0.0076,0.0006,0.0718,536.8,1935,7501
1381,rotate,108.500,7.0029,3.6974,3.3055,4.7002,0.0010,1.1213,2.7187,0.1823,0.6052,736546,0,0,0,0,14,0,0.0119,0.0010,0.1313,536.8,1935,7501
1382,rotate,108.500,6.8789,3.7102,3.1687,5.0719,0.0010,1.5043,2.6880,0.1843,0.6216,736546,0,0,0,0,14,0,0.0107,0.0009,0.1248,536.8,1935,7501
1383,rotate,108.500,6.7075,3.4061,3.3014,4.6674,0.0010,1.1336,2.6900,0.1823,0.5888,736546,0,0,0,0,14,0,0.0082,0.0007,0.1093,536.8,1935,7501
1384,rotate,108.500,7.7149,3.4961,4.2188,5.2562,0.0010,1.1356,3.2768,0.1812,0.5888,736546,0,0,0,0,14,0,0.0073,0.0005,0.0930,536.8,1935,7501
1385,rotate,108.500,6.5119,3.1679,3.3440,4.7032,0.0010,1.1459,2.6849,0.1812,0.6175,736546,0,0,0,0,14,0,0.0069,0.0006,0.0857,536.8,1935,7501
1386,rotate,108.500,7.3661,3.5890,3.7771,5.5982,0.0102,1.1459,3.1734,0.1843,1.0127,736546,0,0,0,0,14,0,0.0073,0.0005,0.0952,536.8,1935,7501
1387,rotate,108.500,7.0168,3.1742,3.8426,4.7186,0.0010,1.1571,2.6952,0.1823,0.6052,736546,0,0,0,0,14,0,0.0064,0.0011,0.0868,536.8,1935,7501
1388,rotate,108.500,7.3047,4.2414,3.0633,4.7063,0.0010,1.1612,2.6788,0.1782,0.6093,736546,0,0,0,0,14,0,0.0074,0.0005,0.0744,536.8,1935,7501
1389,rotate,108.500,6.7359,2.6139,4.1220,4.7186,0.0010,1.1766,2.6911,0.1792,0.5939,736546,0,0,0,0,14,0,0.0072,0.0005,0.0855,536.8,1935,7501
1390,rotate,108.500,6.3704,2.7201,3.6503,4.7493,0.0010,1.1868,2.6870,0.1792,0.6226,736546,0,0,0,0,14,0,0.0092,0.0008,0.0804,536.8,1935,7501
1391,rotate,108.500,7.1648,2.3372,4.8276,5.5818,0.0010,1.1950,3.3157,0.3891,0.6083,736546,0,0,0,0,14,0,0.0063,0.0005,0.0701,536.8,1935,7501
1392,rotate,108.500,6.9313,2.8564,4.0749,4.7186,0.0020,1.2001,2.6839,0.1772,0.5827,736546,0,0,0,0,14,0,0.0077,0.0006,0.0924,536.8,1935,7501
1393,rotate,108.500,7.1495,3.3248,3.8247,5.0309,0.0010,1.2124,2.9716,0.1772,0.5939,736546,0,0,0,0,14,0,0.0091,0.0011,0.1300,536.8,1935,7501
1394,rotate,108.500,6.9321,3.0724,3.8597,4.7524,0.0020,1.2175,2.6788,0.1792,0.6031,736546,0,0,0,0,14,0,0.0076,0.0007,0.0800,536.8,1935,7501
1395,rotate,108.500,7.1093,2.7109,4.3984,4.7606,0.0010,1.2268,2.6757,0.1772,0.6072,736546,0,0,0,0,14,0,0.0070,0.0005,0.0793,536.8,1935,7501
1396,rotate,108.500,6.4098,3.2203,3.1895,5.3791,0.0020,1.2411,3.2819,0.1782,0.6042,736546,0,0,0,0,14,0,0.0075,0.0006,0.0909,536.8,1935,7501
1397,rotate,108.500,6.5797,3.3123,3.2674,4.8036,0.0010,1.2513,2.6921,0.1731,0.6083,736546,0,0,0,0,14,0,0.0084,0.0006,0.0780,536.8,1935,7501
1398,rotate,108.500,8.0861,3.7606,4.3255,5.4712,0.0020,1.2616,3.3229,0.1864,0.6267,736546,0,0,0,0,14,0,0.0082,0.0008,0.0981,536.8,1935,7501
1399,rotate,108.500,6.6526,3.7257,2.9269,4.8087,0.0010,1.2749,2.6829,0.1761,0.6011,736546,0,0,0,0,14,0,0.0076,0.0010,0.1053,536.8,1935,7501
1400,rotate,108.500,7.1982,4.5135,2.6847,5.0913,0.0010,1.2780,2.6706,0.1741,0.8950,736546,0,0,0,0,14,0,0.0090,0.0008,0.1047,536.8,1935,7501
1401,rotate,108.500,6.6590,3.4853,3.1737,4.8128,0.0010,1.2882,2.6726,0.1751,0.6021,736546,0,0,0,0,14,0,0.0072,0.0006,0.0818,536.8,1935,7501
1402,rotate,108.500,7.1034,3.6382,3.4652,4.8364,0.0010,1.2892,2.6839,0.1772,0.6124,736546,0,0,0,0,14,0,0.0077,0.0007,0.0844,536.8,1935,7501
1403,rotate,108.500,7.3935,3.4888,3.9047,5.4477,0.0010,1.3005,3.2983,0.1833,0.5908,736546,0,0,0,0,14,0,0.0070,0.0007,0.0912,536.8,1935,7501
1404,rotate,108.500,6.8227,3.4382,3.3845,4.8210,0.0020,1.3036,2.6839,0.1751,0.5827,736546,0,0,0,0,14,0,0.0078,0.0006,0.0967,536.8,1935,7501
1405,rotate,108.500,7.4504,3.7983,3.6521,4.8558,0.0010,1.3117,2.6839,0.1772,0.6083,736546,0,0,0,0,14,0,0.0078,0.0007,0.1279,536.8,1935,7501
1406,rotate,108.500,6.6907,3.4176,3.2731,5.2439,0.0010,1.6947,2.6890,0.1772,0.6052,736546,0,0,0,0,14,0,0.0085,0.0008,0.1185,536.8,1935,7501
1407,rotate,108.500,7.1277,4.1167,3.0110,4.8486,0.0010,1.3076,2.6982,0.1761,0.5929,736546,0,0,0,0,14,0,0.0078,0.0009,0.0951,536.8,1935,7501
1408,rotate,108.500,6.8361,3.0491,3.7870,4.8486,0.0010,1.3117,2.6931,0.1731,0.5908,736546,0,0,0,0,14,0,0.0064,0.0006,0.0703,536.8,1935,7501
1409,rotate,108.500,7.7779,3.2492,4.5287,4.8558,0.0020,1.3179,2.6778,0.1772,0.6103,736546,0,0,0,0,14,0,0.0067,0.0006,0.0835,536.8,1935,7501
1410,rotate,108.500,6.8339,3.2946,3.5393,5.9085,0.0010,1.7674,3.2727,0.1772,0.6134,736546,0,0,0,0,14,0,0.0074,0.0006,0.0684,536.8,1935,7501
1411,rotate,108.500,7.2157,3.5916,3.6241,4.8384,0.0020,1.3210,2.6849,0.1782,0.5806,736546,0,0,0,0,14,0,0.0079,0.0006,0.1276,536.8,1935,7501
1412,rotate,108.500,7.4120,4.1722,3.2398,4.8497,0.0010,1.3281,2.6911,0.1720,0.5786,736546,0,0,0,0,14,0,0.0128,0.0007,0.0989,536.8,1935,7501
1413,rotate,108.500,6.8329,3.0493,3.7836,4.8497,0.0010,1.3292,2.6726,0.1731,0.6011,736546,0,0,0,0,14,0,0.0067,0.0003,0.0702,536.8,1935,7501
1414,rotate,108.500,6.8144,2.9595,3.8549,4.8538,0.0020,1.3302,2.6706,0.1741,0.5990,736546,0,0,0,0,14,0,0.0071,0.0005,0.0735,536.8,1935,7501
1415,rotate,108.500,6.5894,2.8397,3.7497,5.4548,0.0010,1.6988,2.9071,0.1761,0.5980,736546,0,0,0,0,14,0,0.0073,0.0008,0.0824,536.8,1935,7501
1416,rotate,108.500,7.3484,3.3775,3.9709,4.8466,0.0010,1.3394,2.6757,0.1741,0.5837,736546,0,0,0,0,14,0,0.0078,0.0007,0.0817,536.8,1935,7501
1417,rotate,108.500,7.1275,3.3866,3.7409,5.7344,0.0010,1.6097,2.6706,0.1741,1.2063,736546,0,0,0,0,14,0,0.0070,0.0004,0.0885,536.8,1935,7501
1418,rotate,108.500,7.4074,3.2190,4.1884,4.8640,0.0010,1.3425,2.6644,0.1741,0.6042,736546,0,0,0,0,14,0,0.0076,0.0007,0.0874,536.8,1935,7501
1419,rotate,108.500,7.2205,3.4015,3.8190,5.1456,0.0010,1.3548,2.9420,0.1772,0.5939,736546,0,0,0,0,14,0,0.0080,0.0008,0.0947,536.8,1935,7501
1420,rotate,108.500,6.7490,3.5811,3.1679,5.1507,0.0010,1.3619,2.6757,0.1751,0.8591,736546,0,0,0,0,14,0,0.0075,0.0006,0.0931,536.8,1935,7501
1421,rotate,108.500,7.2685,5.1488,2.1197,4.8783,0.0010,1.3619,2.6644,0.1741,0.6042,736546,0,0,0,0,14,0,0.0082,0.0008,0.1293,536.8,1935,7501
1422,rotate,108.500,6.9747,4.4419,2.5328,5.6361,0.0010,1.7357,3.0444,0.1720,0.6113,736546,0,0,0,0,14,0,0.0081,0.0006,0.0791,536.8,1935,7501
1423,rotate,108.500,7.4165,2.9071,4.5094,4.8773,0.0010,1.3619,2.6614,0.1772,0.5990,736546,0,0,0,0,14,0,0.0073,0.0004,0.0666,536.8,1935,7501
1424,rotate,108.500,7.1460,3.0326,4.1134,5.8849,0.0010,1.7818,3.2573,0.1761,0.5888,736546,0,0,0,0,14,0,0.0098,0.0010,0.1248,536.8,1935,7501
1425,rotate,108.500,7.2280,2.6596,4.5684,4.8876,0.0010,1.3660,2.6737,0.1751,0.5990,736546,0,0,0,0,14,0,0.0077,0.0006,0.0694,536.8,1935,7501
1426,rotate,108.500,7.6836,3.9944,3.6892,4.9091,0.0010,1.3752,2.6890,0.1741,0.5980,736546,0,0,0,0,14,0,0.0087,0.0008,0.1031,536.8,1935,7501
1427,rotate,108.500,6.6940,2.9848,3.7092,5.3996,0.0010,1.8698,2.6757,0.1741,0.6052,736546,0,0,0,0,14,0,0.0080,0.0008,0.0977,536.8,1935,7501
1428,rotate,108.500,7.1553,2.4603,4.6950,4.9172,0.0010,1.3865,2.6788,0.1731,0.5949,736546,0,0,0,0,14,0,0.0070,0.0004,0.0740,536.8,1935,7501
1429,rotate,108.500,7.4339,3.4474,3.9865,5.7498,0.0010,1.6159,3.2666,0.1731,0.6144,736546,0,0,0,0,14,0,0.0085,0.0006,0.1153,536.8,1935,7501
1430,rotate,108.500,6.7371,3.3215,3.4156,4.9295,0.0010,1.3916,2.6880,0.1761,0.5939,736546,0,0,0,0,14,0,0.0084,0.0008,0.0961,536.8,1935,7501
1431,rotate,108.500,7.7090,2.8013,4.9077,4.9050,0.0010,1.3988,2.6819,0.1731,0.5775,736546,0,0,0,0,14,0,0.0070,0.0007,0.0766,536.8,1935,7501
1432,rotate,108.500,7.2194,3.5820,3.6374,4.9224,0.0020,1.3978,2.6829,0.1731,0.5949,736546,0,0,0,0,14,0,0.0086,0.0006,0.1066,536.8,1935,7501
1433,rotate,108.500,6.5359,3.4765,3.0594,5.3166,0.0010,1.7859,2.6798,0.1884,0.5888,736546,0,0,0,0,14,0,0.0075,0.0006,0.1075,536.8,1935,7501
1434,rotate,108.500,7.0407,4.0951,2.9456,5.3002,0.0010,1.7766,2.6798,0.1741,0.5960,736546,0,0,0,0,14,0,0.0075,0.0008,0.0947,536.8,1935,7501
1435,rotate,108.500,7.9738,4.7121,3.2617,4.9132,0.0010,1.3978,2.6737,0.1700,0.5929,736546,0,0,0,0,14,0,0.0099,0.0009,0.1170,536.8,1935,7501
1436,rotate,108.500,7.0282,3.2546,3.7736,4.9029,0.0010,1.4019,2.6747,0.1741,0.5775,736546,0,0,0,0,14,0,0.0068,0.0005,0.0755,536.8,1935,7501
1437,rotate,108.500,6.9479,3.0929,3.8550,4.9070,0.0010,1.3967,2.6716,0.1751,0.5888,736546,0,0,0,0,14,0,0.0084,0.0008,0.0948,536.8,1935,7501
1438,rotate,108.500,6.8837,3.3451,3.5386,5.9566,0.0010,1.6620,3.4509,0.1731,0.5960,736546,0,0,0,0,14,0,0.0080,0.0008,0.0908,536.8,1935,7501
1439,rotate,108.500,7.0964,3.3901,3.7063,4.9541,0.0010,1.4131,2.6921,0.1772,0.5980,736546,0,0,0,0,14,0,0.0078,0.0007,0.1360,536.8,1935,7501
1440,rotate,108.500,7.6795,3.7363,3.9432,4.9900,0.0010,1.4182,2.7085,0.1751,0.6134,736546,0,0,0,0,14,0,0.0082,0.0008,0.1082,536.8,1935,7501
1441,rotate,108.500,6.6271,3.3786,3.2485,4.9828,0.0020,1.4090,2.7023,0.1741,0.6113,736546,0,0,0,0,14,0,0.0075,0.0006,0.0858,536.8,1935,7501
1442,rotate,108.500,7.5462,4.0189,3.5273,4.9777,0.0010,1.4162,2.6993,0.1761,0.6072,736546,0,0,0,0,14,0,0.0113,0.0012,0.1219,536.8,1935,7501
1443,rotate,108.500,6.2915,3.2066,3.0849,5.5562,0.0010,1.9907,2.7003,0.1772,0.6093,736546,0,0,0,0,14,0,0.0069,0.0005,0.0636,536.8,1935,7501
1444,rotate,108.500,7.6366,2.5376,5.0990,4.9766,0.0010,1.4254,2.7003,0.1751,0.5970,736546,0,0,0,0,14,0,0.0072,0.0006,0.0609,536.8,1935,7501
1445,rotate,108.500,7.6460,2.8284,4.8176,5.0115,0.0010,1.4285,2.6921,0.1751,0.6308,736546,0,0,0,0,14,0,0.0071,0.0006,0.0877,536.8,1935,7501
1446,rotate,108.500,6.7666,3.4511,3.3155,4.9787,0.0010,1.4193,2.7013,0.1731,0.6113,736546,0,0,0,0,14,0,0.0075,0.0006,0.0915,536.8,1935,7501
1447,rotate,108.500,6.5775,2.7741,3.8034,5.8358,0.0010,1.4213,3.1611,0.1751,1.0025,736546,0,0,0,0,14,0,0.0087,0.0007,0.0984,536.8,1935,7501
1448,rotate,108.500,7.3511,3.0870,4.2641,4.9715,0.0010,1.4172,2.6972,0.1761,0.6062,736546,0,0,0,0,14,0,0.0076,0.0007,0.1012,536.8,1935,7501
1449,rotate,108.500,7.6681,3.5817,4.0864,4.9940,0.0010,1.4234,2.6952,0.1772,0.6175,736546,0,0,0,0,14,0,0.0119,0.0009,0.0956,536.8,1935,7501
1450,rotate,108.500,6.8748,3.0949,3.7799,4.9889,0.0010,1.4244,2.6880,0.1741,0.6287,736546,0,0,0,0,14,0,0.0093,0.0006,0.1022,536.8,1935,7501
1452,rotate,108.500,6.7305,3.0116,3.7189,6.0836,0.0020,1.4408,3.4990,0.1751,0.8940,736546,0,0,0,0,14,0,0.0072,0.0007,0.0634,536.8,1935,7501
1453,rotate,108.500,5.2656,5.2637,0.0019,5.0176,0.0010,1.4459,2.6849,0.1731,0.6349,736546,0,0,0,0,14,0,0.0087,0.0007,0.2173,536.8,1935,7501
1454,rotate,108.500,3.8593,3.8350,0.0243,5.0452,0.0010,1.4582,2.6921,0.1761,0.6451,736546,0,0,0,0,14,0,0.0082,0.0008,0.0926,536.8,1935,7501
1455,rotate,108.500,4.2819,4.2593,0.0226,5.0514,0.0010,1.4602,2.6911,0.1751,0.6502,736546,0,0,0,0,14,0,0.0080,0.0006,0.0906,536.8,1935,7501
1456,rotate,108.500,7.3485,3.4034,3.9451,5.0770,0.0020,1.4715,2.6941,0.1761,0.6461,736546,0,0,0,0,14,0,0.0075,0.0007,0.0900,536.8,1935,7501
1457,rotate,108.500,7.5087,3.0888,4.4199,5.0801,0.0010,1.4787,2.6931,0.1731,0.6605,736546,0,0,0,0,14,0,0.0078,0.0007,0.0892,536.8,1935,7501
1458,rotate,108.500,6.6180,3.3140,3.3040,5.1036,0.0010,1.4828,2.6962,0.1751,0.6697,736546,0,0,0,0,14,0,0.0072,0.0009,0.0945,536.8,1935,7501
1459,rotate,108.500,7.0829,3.3310,3.7519,5.3975,0.0010,1.4889,2.7177,0.1751,0.9421,736546,0,0,0,0,14,0,0.0071,0.0006,0.0947,536.8,1935,7501
1460,rotate,108.500,6.9580,3.1958,3.7622,5.1108,0.0010,1.4920,2.6972,0.1751,0.6666,736546,0,0,0,0,14,0,0.0073,0.0005,0.0709,536.8,1935,7501
1461,rotate,108.500,7.4072,3.5384,3.8688,5.1272,0.0010,1.5053,2.6972,0.1751,0.6717,736546,0,0,0,0,14,0,0.0086,0.0009,0.1238,536.8,1935,7501
1462,rotate,108.500,7.8146,3.5454,4.2692,5.1476,0.0010,1.5094,2.7013,0.1782,0.6851,736546,0,0,0,0,14,0,0.0073,0.0007,0.0796,536.8,1935,7501
1463,rotate,108.500,7.2333,3.3309,3.9024,5.1517,0.0020,1.5206,2.7054,0.1751,0.6707,736546,0,0,0,0,14,0,0.0074,0.0006,0.1027,536.8,1935,7501
1464,rotate,108.500,7.0500,3.2349,3.8151,5.7815,0.0010,1.5217,3.3311,0.1782,0.6769,736546,0,0,0,0,14,0,0.0082,0.0009,0.0991,536.8,1935,7501
1465,rotate,108.500,6.8361,3.0674,3.7687,5.1732,0.0010,1.5288,2.7085,0.1782,0.6830,736546,0,0,0,0,14,0,0.0076,0.0007,0.0906,536.8,1935,7501
1466,rotate,108.500,7.6724,3.2857,4.3867,5.1907,0.0020,1.5329,2.7116,0.1792,0.6912,736546,0,0,0,0,14,0,0.0091,0.0011,0.1197,536.8,1935,7501
1467,rotate,108.500,7.4851,3.1123,4.3728,5.1835,0.0010,1.5360,2.7075,0.1782,0.6820,736546,0,0,0,0,14,0,0.0069,0.0007,0.0908,536.8,1935,7501
1468,rotate,108.500,7.0398,3.1749,3.8649,5.4886,0.0010,1.5421,2.7177,0.1802,0.9748,736546,0,0,0,0,14,0,0.0075,0.0006,0.0748,536.8,1935,7501
1469,rotate,108.500,6.8396,3.0657,3.7739,5.1927,0.0020,1.5442,2.7054,0.1751,0.6881,736546,0,0,0,0,14,0,0.0077,0.0006,0.0925,536.8,1935,7501
1470,rotate,108.500,7.4934,3.0132,4.4802,5.2204,0.0010,1.5483,2.7187,0.1792,0.6953,736546,0,0,0,0,14,0,0.0080,0.0013,0.0924,536.8,1935,7501
1471,rotate,108.500,8.1226,2.5928,5.5298,5.2091,0.0010,1.5473,2.7177,0.1782,0.6851,736546,0,0,0,0,14,0,0.0071,0.0007,0.0960,536.8,1935,7501
1472,rotate,108.500,7.1971,3.5811,3.6160,5.2009,0.0010,1.5524,2.7136,0.1782,0.6769,736546,0,0,0,0,14,0,0.0077,0.0006,0.1010,536.8,1935,7501
1473,rotate,108.500,6.8666,3.3915,3.4751,6.2341,0.0010,1.5452,3.7304,0.1833,0.6963,736546,0,0,0,0,14,0,0.0087,0.0009,0.1184,536.8,1935,7501
1474,rotate,108.500,7.4800,3.7985,3.6815,5.2408,0.0010,1.5340,2.7331,0.1782,0.7168,736546,0,0,0,0,14,0,0.0092,0.0009,0.1203,536.8,1935,7501
1475,rotate,108.500,7.9278,3.8850,4.0428,5.2132,0.0010,1.5299,2.7361,0.1782,0.6953,736546,0,0,0,0,14,0,0.0088,0.0007,0.1296,536.8,1935,7501
1476,rotate,108.500,7.0044,3.0563,3.9481,5.2111,0.0010,1.5227,2.7279,0.1802,0.6994,736546,0,0,0,0,14,0,0.0080,0.0011,0.0906,536.8,1935,7501
1477,rotate,108.500,6.9087,3.6927,3.2160,5.4354,0.0010,1.5196,2.7361,0.1812,0.9236,736546,0,0,0,0,14,0,0.0077,0.0005,0.0838,536.8,1935,7501
1478,rotate,108.500,7.3763,3.6754,3.7009,5.2081,0.0010,1.5176,2.7228,0.1812,0.7076,736546,0,0,0,0,14,0,0.0078,0.0008,0.1329,536.8,1935,7501
1479,rotate,108.500,7.7483,4.1634,3.5849,5.1968,0.0010,1.5217,2.7228,0.1802,0.6973,736546,0,0,0,0,14,0,0.0072,0.0007,0.0992,536.8,1935,7501
1480,rotate,108.500,7.2354,3.4457,3.7897,5.2439,0.0010,1.5309,2.7484,0.1792,0.7066,736546,0,0,0,0,14,0,0.0083,0.0007,0.0926,536.8,1935,7501
1481,rotate,108.500,7.3123,3.4659,3.8464,5.2408,0.0020,1.5227,2.7515,0.1802,0.7117,736546,0,0,0,0,14,0,0.0086,0.0007,0.0880,536.8,1935,7501
1482,rotate,108.500,7.2722,3.5612,3.7110,6.3048,0.0020,1.7654,3.5502,0.1812,0.7332,736546,0,0,0,0,14,0,0.0082,0.0006,0.0941,536.8,1935,7501
1483,rotate,108.500,7.3404,3.3127,4.0277,5.2173,0.0010,1.5165,2.7320,0.1792,0.7096,736546,0,0,0,0,14,0,0.0076,0.0008,0.0871,536.8,1927,7501
1484,rotate,108.500,7.9867,3.1774,4.8093,5.2398,0.0010,1.5206,2.7515,0.1823,0.7055,736546,0,0,0,0,14,0,0.0078,0.0009,0.1193,536.8,1927,7501
1485,rotate,108.500,6.9277,4.1252,2.8025,5.2644,0.0010,1.5114,2.7638,0.1792,0.7311,736546,0,0,0,0,14,0,0.0079,0.0006,0.1170,536.8,1927,7501
1486,rotate,108.500,7.3821,4.7573,2.6248,5.2460,0.0010,1.5145,2.7392,0.1823,0.7301,736546,0,0,0,0,14,0,0.0103,0.0008,0.1564,536.8,1927,7501
1487,rotate,108.500,7.2613,2.8891,4.3722,5.5890,0.0010,1.8657,2.7628,0.1843,0.7035,736546,0,0,0,0,14,0,0.0074,0.0004,0.0681,536.8,1927,7501
1488,rotate,108.500,7.4666,3.5110,3.9556,5.2081,0.0010,1.5002,2.7453,0.1812,0.7076,736546,0,0,0,0,14,0,0.0080,0.0008,0.1605,536.8,1927,7501
1489,rotate,108.500,7.3459,3.3735,3.9724,5.2531,0.0010,1.5012,2.7658,0.1823,0.7301,736546,0,0,0,0,14,0,0.0079,0.0007,0.0912,536.8,1927,7501
1490,rotate,108.500,7.2817,2.8515,4.4302,5.2480,0.0020,1.5063,2.7525,0.1823,0.7311,736546,0,0,0,0,14,0,0.0073,0.0005,0.0713,536.8,1927,7501
1491,rotate,108.500,7.2547,3.4334,3.8213,5.2572,0.0010,1.5084,2.7720,0.1833,0.7076,736546,0,0,0,0,14,0,0.0076,0.0005,0.0739,536.8,1927,7501
1492,rotate,108.500,7.0488,3.1100,3.9388,6.2362,0.0010,1.5043,3.3587,0.1843,1.1151,736546,0,0,0,0,14,0,0.0080,0.0007,0.0994,536.8,1927,7501
1493,rotate,108.500,7.5961,3.2011,4.3950,5.2572,0.0010,1.5053,2.7730,0.1823,0.7168,736546,0,0,0,0,14,0,0.0067,0.0009,0.0685,536.8,1927,7501
1494,rotate,108.500,7.8281,3.4846,4.3435,5.2593,0.0010,1.5073,2.7781,0.1802,0.7199,736546,0,0,0,0,14,0,0.0089,0.0009,0.1157,536.8,1927,7501
1495,rotate,108.500,7.5133,3.2168,4.2965,5.2234,0.0010,1.5002,2.7638,0.1812,0.6984,736546,0,0,0,0,14,0,0.0076,0.0008,0.0907,536.8,1927,7501
1496,rotate,108.500,6.8757,3.1308,3.7449,5.8696,0.0010,1.8913,2.7648,0.1812,0.7025,736546,0,0,0,0,14,0,0.0074,0.0007,0.0845,536.8,1927,7501
1497,rotate,108.500,7.1723,3.1818,3.9905,5.2439,0.0010,1.5012,2.7730,0.1782,0.7178,736546,0,0,0,0,14,0,0.0079,0.0007,0.0833,536.8,1927,7501
1498,rotate,108.500,7.7314,3.4823,4.2491,5.2716,0.0010,1.5176,2.7771,0.1833,0.7137,736546,0,0,0,0,14,0,0.0106,0.0007,0.0899,536.8,1927,7501
1499,rotate,108.500,7.2595,3.4752,3.7843,5.2531,0.0010,1.5114,2.7709,0.1843,0.7066,736546,0,0,0,0,14,0,0.0075,0.0007,0.0896,536.8,1927,7501
1500,rotate,108.500,7.2125,3.1521,4.0604,6.1481,0.0010,1.5053,3.0505,0.1853,1.3261,736546,0,0,0,0,14,0,0.0073,0.0005,0.0981,536.8,1927,7501
1501,rotate,108.500,7.4826,2.5454,4.9372,5.2613,0.0010,1.4981,2.7924,0.1812,0.7158,736546,0,0,0,0,14,0,0.0072,0.0005,0.0624,536.8,1927,7501
1502,rotate,108.500,8.0087,3.6927,4.3160,5.2961,0.0010,1.5012,2.7914,0.1823,0.7424,736546,0,0,0,0,14,0,0.0067,0.0005,0.0920,536.8,1927,7501
1503,rotate,108.500,7.1443,2.8770,4.2673,5.2736,0.0010,1.5043,2.7955,0.1833,0.7158,736546,0,0,0,0,14,0,0.0065,0.0011,0.0756,536.8,1927,7501
1504,rotate,108.500,7.6157,3.2885,4.3272,5.5839,0.0010,1.5043,2.8006,0.1843,1.0148,736546,0,0,0,0,14,0,0.0079,0.0007,0.0802,536.8,1927,7501
1505,rotate,108.500,6.7202,3.5249,3.1953,5.2992,0.0010,1.5043,2.8068,0.1812,0.7291,736546,0,0,0,0,14,0,0.0083,0.0006,0.0950,536.8,1927,7501
1506,rotate,108.500,8.2402,3.0830,5.1572,5.3187,0.0010,1.5165,2.7976,0.1823,0.7414,736546,0,0,0,0,14,0,0.0076,0.0007,0.0897,536.8,1927,7501
1507,rotate,108.500,7.3385,3.1216,4.2169,5.2890,0.0010,1.5094,2.8088,0.1843,0.7127,736546,0,0,0,0,14,0,0.0078,0.0006,0.0908,536.8,1927,7501
1508,rotate,108.500,8.1236,2.6738,5.4498,5.2931,0.0010,1.5135,2.8006,0.1833,0.7168,736546,0,0,0,0,14,0,0.0071,0.0006,0.0842,536.8,1927,7501
1509,rotate,108.500,6.7612,3.4906,3.2706,5.9156,0.0020,1.5186,3.4150,0.1853,0.7229,736546,0,0,0,0,14,0,0.0075,0.0008,0.0885,536.8,1927,7501
1510,rotate,108.500,6.9119,3.0436,3.8683,5.3391,0.0010,1.5155,2.8303,0.1853,0.7281,736546,0,0,0,0,14,0,0.0078,0.0008,0.1006,536.8,1927,7501
1511,rotate,108.500,8.1855,3.7817,4.4038,5.3197,0.0010,1.5278,2.8324,0.1874,0.6994,736546,0,0,0,0,14,0,0.0092,0.0008,0.1138,536.8,1927,7501
1512,rotate,108.500,7.0446,3.1724,3.8722,5.3381,0.0010,1.5319,2.8334,0.1853,0.7137,736546,0,0,0,0,14,0,0.0072,0.0007,0.0837,536.8,1927,7501
1513,rotate,108.500,7.6885,3.9364,3.7521,5.6136,0.0020,1.5401,2.8273,0.1864,0.9851,736546,0,0,0,0,14,0,0.0072,0.0009,0.0875,536.8,1927,7501
1514,rotate,108.500,7.3825,3.0011,4.3814,5.3688,0.0010,1.5473,2.8324,0.1864,0.7291,736546,0,0,0,0,14,0,0.0074,0.0007,0.0846,536.8,1927,7501
1515,rotate,108.500,7.6944,3.7803,3.9141,5.3535,0.0020,1.5626,2.8375,0.1874,0.6912,736546,0,0,0,0,14,0,0.0071,0.0007,0.0789,536.8,1927,7501
1516,rotate,108.500,7.3999,2.9814,4.4185,5.3617,0.0010,1.5698,2.8385,0.1864,0.6871,736546,0,0,0,0,14,0,0.0071,0.0006,0.0794,536.8,1927,7501
1517,rotate,108.500,7.5511,2.5151,5.0360,5.4180,0.0020,1.5739,2.8570,0.1894,0.7229,736546,0,0,0,0,14,0,0.0072,0.0008,0.0865,536.8,1927,7501
1518,rotate,108.500,7.4710,3.1719,4.2991,6.4102,0.0010,2.0183,3.4345,0.1823,0.6963,736546,0,0,0,0,14,0,0.0076,0.0006,0.0936,536.8,1927,7501
1519,rotate,108.500,7.5506,3.1261,4.4245,5.3955,0.0010,1.5892,2.8672,0.1853,0.6799,736546,0,0,0,0,14,0,0.0078,0.0006,0.0998,536.8,1927,7501
1520,rotate,108.500,8.1505,3.2674,4.8831,5.4180,0.0010,1.6026,2.8641,0.1853,0.6861,736546,0,0,0,0,14,0,0.0078,0.0007,0.0976,536.8,1927,7501
1521,rotate,108.500,7.4832,3.1573,4.3259,5.4415,0.0020,1.6128,2.8631,0.1853,0.6994,736546,0,0,0,0,14,0,0.0075,0.0006,0.0922,536.8,1927,7501
1522,rotate,108.500,7.5814,3.6987,3.8827,5.9279,0.0010,1.6282,3.3352,0.1894,0.6953,736546,0,0,0,0,14,0,0.0075,0.0008,0.0923,536.8,1927,7501
1523,rotate,108.500,6.9139,3.1765,3.7374,5.4467,0.0020,1.6312,2.8744,0.1874,0.6789,736546,0,0,0,0,14,0,0.0094,0.0009,0.1025,536.8,1927,7501
1524,rotate,108.500,8.3172,3.1600,5.1572,5.4661,0.0010,1.6445,2.8703,0.1812,0.6963,736546,0,0,0,0,14,0,0.0087,0.0014,0.1126,536.8,1927,7501
1525,rotate,108.500,7.4897,3.1519,4.3378,10.1949,0.0010,6.3468,2.8744,0.1853,0.7096,736546,0,0,0,0,14,0,0.0085,0.0007,0.0777,536.8,1927,7501
1526,rotate,108.500,7.6054,3.3394,4.2660,11.5323,0.0010,7.6759,2.8826,0.1864,0.7076,736546,0,0,0,0,14,0,0.0074,0.0007,0.0921,536.8,1927,7501
1527,rotate,108.500,12.0456,3.2843,8.7613,10.2636,0.0010,6.4205,2.8795,0.1853,0.6984,736546,0,0,0,0,14,0,0.0076,0.0007,0.0969,536.8,1927,7501
1528,rotate,108.500,13.4166,3.5824,9.8342,10.2646,0.0010,6.4174,2.8805,0.1864,0.7055,736546,0,0,0,0,14,0,0.0073,0.0006,0.0965,536.8,1927,7501
1529,rotate,108.500,12.7191,3.8060,8.9131,10.7295,0.0010,6.8639,2.8836,0.1853,0.7229,736546,0,0,0,0,14,0,0.0080,0.0006,0.0849,536.8,1927,7501
1530,rotate,108.500,12.6787,3.3668,9.3119,10.3383,0.0020,6.4860,2.8908,0.1833,0.7025,736546,0,0,0,0,14,0,0.0079,0.0009,0.0905,536.8,1927,7501
1531,rotate,108.500,12.5237,3.1419,9.3818,11.0049,0.0010,7.1598,2.8908,0.1874,0.6932,736546,0,0,0,0,14,0,0.0081,0.0007,0.0976,536.8,1927,7501
1532,rotate,108.500,12.1047,3.8808,8.2239,10.3281,0.0020,6.4727,2.8969,0.1864,0.6973,736546,0,0,0,0,14,0,0.0085,0.0005,0.0814,536.8,1927,7501
1533,rotate,108.500,13.4255,3.5951,9.8304,10.3997,0.0010,6.5280,2.8928,0.1843,0.7137,736546,0,0,0,0,14,0,0.0075,0.0008,0.0858,536.8,1927,7501
1534,rotate,108.500,11.8086,3.7195,8.0891,11.8006,0.0010,7.9340,2.8948,0.1864,0.7117,736546,0,0,0,0,14,0,0.0076,0.0008,0.1108,536.8,1927,7501
1535,rotate,108.500,12.5874,2.7406,9.8468,10.3516,0.0010,6.5260,2.8928,0.1853,0.6738,736546,0,0,0,0,14,0,0.0072,0.0005,0.0651,536.8,1927,7501
1536,rotate,108.500,13.8371,3.1533,10.6838,11.8497,0.0010,6.9622,3.1724,0.5386,1.1028,736546,0,0,0,0,14,0,0.0076,0.0005,0.0747,536.8,1927,7501
1537,rotate,108.500,12.5450,3.4484,9.0966,10.3926,0.0010,6.5260,2.8969,0.1843,0.7055,736546,0,0,0,0,14,0,0.0086,0.0009,0.0937,536.8,1927,7501
1538,rotate,108.500,13.7429,3.5982,10.1447,10.3711,0.0020,6.5096,2.8877,0.1853,0.7086,736546,0,0,0,0,14,0,0.0089,0.0006,0.0866,536.8,1927,7501
1539,rotate,108.500,12.1327,2.5216,9.6111,11.2804,0.0041,7.4301,2.9082,0.1853,0.6789,736546,0,0,0,0,14,0,0.0075,0.0004,0.0730,536.8,1927,7501
1540,rotate,108.500,12.3356,2.9043,9.4313,10.3465,0.0010,6.4870,2.8897,0.1853,0.7055,736546,0,0,0,0,14,0,0.0071,0.0006,0.0610,536.8,1927,7501
1542,ascent,108.500,12.2169,2.7733,9.4436,12.7580,0.0010,7.3974,4.1820,0.2652,0.8325,736546,0,0,0,0,14,0,0.0070,0.0005,0.0692,536.8,1927,7501
1543,ascent,108.535,4.1420,4.1399,0.0021,7.3605,0.0020,2.0111,4.1902,0.2662,0.8172,736546,0,0,0,0,14,0,0.0251,0.0006,0.1004,536.8,1927,7501
1544,ascent,108.570,2.9323,2.9058,0.0265,7.3748,0.0010,2.0060,4.1851,0.2724,0.8376,736546,0,0,0,0,14,0,0.0228,0.0009,0.1025,536.8,1927,7501
1545,ascent,108.606,8.0616,3.0501,5.0115,7.6257,0.0010,1.9917,4.4513,0.2662,0.8417,736546,0,0,0,0,14,0,0.0304,0.0009,0.0865,536.8,1927,7501
1546,ascent,108.643,9.7129,2.6107,7.1022,7.3656,0.0010,1.9814,4.1984,0.2673,0.8438,736546,0,0,0,0,14,0,0.0254,0.0008,0.1068,536.8,1927,7501
1547,ascent,108.680,9.6142,4.0185,5.5957,7.3370,0.0010,1.9661,4.1953,0.2683,0.8335,736546,0,0,0,0,14,0,0.0286,0.0005,0.0806,536.8,1927,7501
1548,ascent,108.719,9.9007,3.2093,6.6914,7.3503,0.0010,1.9528,4.2025,0.2662,0.8550,736546,0,0,0,0,14,0,0.0286,0.0007,0.1163,536.8,1927,7501
1549,ascent,108.758,9.2539,3.8184,5.4355,7.9677,0.0010,2.1914,4.5691,0.2765,0.8520,736546,0,0,0,0,14,0,0.0292,0.0006,0.1199,536.8,1927,7501
1550,ascent,108.798,9.6769,3.1714,6.5055,7.2817,0.0010,1.9169,4.1789,0.2652,0.8407,736546,0,0,0,0,14,0,0.0276,0.0005,0.0852,536.8,1927,7501
1551,ascent,108.838,10.4106,3.8288,6.5818,7.2704,0.0010,1.9077,4.1902,0.2693,0.8284,736546,0,0,0,0,14,0,0.0209,0.0008,0.1045,536.8,1927,7501
1552,ascent,108.880,9.3535,3.2814,6.0721,7.8766,0.0010,1.8831,4.4472,0.2673,1.2042,736546,0,0,0,0,14,0,0.0273,0.0007,0.0944,536.8,1927,7501
1553,ascent,108.922,9.4881,2.9289,6.5592,7.2499,0.0010,1.8831,4.1810,0.2642,0.8428,736546,0,0,0,0,14,0,0.0261,0.0007,0.1016,536.8,1927,7501
1554,ascent,108.965,10.3339,3.4347,6.8992,7.2192,0.0010,1.8647,4.1810,0.2673,0.8315,736546,0,0,0,0,14,0,0.0298,0.0007,0.0939,536.8,1927,7501
1555,ascent,109.010,9.2849,2.7798,6.5051,7.2172,0.0010,1.8534,4.1923,0.2632,0.8325,736546,0,0,0,0,14,0,0.0253,0.0008,0.0988,536.8,1927,7501
1556,ascent,109.055,9.3688,3.3496,6.0192,7.8275,0.0010,2.2333,4.1882,0.2673,0.8520,736546,0,0,0,0,14,0,0.0223,0.0007,0.1029,536.8,1927,7501
1557,ascent,109.101,9.3185,3.1770,6.1415,7.2131,0.0010,1.8401,4.1830,0.2621,0.8468,736546,0,0,0,0,14,0,0.0258,0.0007,0.0875,536.8,1927,7501
1558,ascent,109.147,10.0607,3.2569,6.8038,7.2243,0.0020,1.8309,4.1933,0.2683,0.8571,736546,0,0,0,0,14,0,0.0383,0.0039,0.1142,536.8,1927,7501
1559,ascent,109.195,9.6100,2.8892,6.7208,8.3046,0.0020,1.8145,4.6490,0.2703,1.4828,736546,0,0,0,0,14,0,0.0256,0.0009,0.0745,536.8,1927,7501
1560,ascent,109.244,9.3008,3.4020,5.8988,7.1721,0.0010,1.8053,4.1912,0.2673,0.8335,736546,0,0,0,0,14,0,0.0257,0.0007,0.1079,536.8,1927,7501
1561,ascent,109.294,10.5953,2.8655,7.7298,7.1619,0.0010,1.7981,4.1923,0.2652,0.8315,736546,0,0,0,0,14,0,0.0322,0.0007,0.0888,536.8,1927,7501
1562,ascent,109.345,9.7768,3.6060,6.1708,7.1598,0.0010,1.7859,4.1841,0.2632,0.8479,736546,0,0,0,0,14,0,0.0280,0.0007,0.0969,536.8,1927,7501
1563,ascent,109.397,9.2083,3.3007,5.9076,7.6687,0.0020,2.3153,4.1830,0.2662,0.8233,736546,0,0,0,0,14,0,0.0298,0.0005,0.0942,536.8,1927,7501
1564,ascent,109.449,9.8096,3.5191,6.2905,7.1424,0.0010,1.7654,4.1851,0.2693,0.8479,736546,0,0,0,0,14,0,0.0288,0.0009,0.0895,536.8,1927,7501
1565,ascent,109.503,9.7375,3.1770,6.5605,7.1301,0.0010,1.7746,4.1748,0.2693,0.8387,736546,0,0,0,0,14,0,0.0317,0.0010,0.0929,536.8,1927,7501
1566,ascent,109.558,9.0296,3.0613,5.9683,7.9903,0.0010,1.7377,4.4401,0.2703,1.4674,736546,0,0,0,0,14,0,0.0303,0.0007,0.0988,536.8,1927,7501
1567,ascent,109.615,9.5709,3.5964,5.9745,7.0789,0.0010,1.7326,4.1841,0.2632,0.8253,736546,0,0,0,0,14,0,0.0274,0.0007,0.0980,536.8,1927,7501
1568,ascent,109.672,10.0221,4.4672,5.5549,7.0666,0.0010,1.7193,4.1748,0.2673,0.8305,736546,0,0,0,0,14,0,0.0306,0.0006,0.0929,536.8,1927,7501
1569,ascent,109.731,9.4109,2.7742,6.6367,7.0871,0.0020,1.7111,4.1861,0.2662,0.8489,736546,0,0,0,0,14,0,0.0282,0.0007,0.0948,536.8,1927,7501
1570,ascent,109.790,9.0427,4.1532,4.8895,7.7414,0.0010,2.3818,4.1748,0.2683,0.8366,736546,0,0,0,0,14,0,0.0275,0.0005,0.1209,536.8,1927,7501
1571,ascent,109.851,9.3052,3.5971,5.7081,7.0277,0.0010,1.6896,4.1748,0.2673,0.8233,736546,0,0,0,0,14,0,0.0238,0.0005,0.0962,536.8,1927,7501
1572,ascent,109.913,10.1155,3.0150,7.1005,6.7328,0.0010,1.3558,4.1800,0.2724,0.8509,736546,0,0,0,0,14,0,0.0270,0.0006,0.0820,536.8,1927,7501
1573,ascent,109.977,9.0731,3.1671,5.9060,7.7896,0.0010,1.3414,4.6469,0.2693,1.4531,736546,0,0,0,0,14,0,0.0271,0.0006,0.0802,536.8,1927,7501
1574,ascent,110.041,9.2353,3.7864,5.4489,6.7113,0.0010,1.3404,4.1779,0.2683,0.8458,736546,0,0,0,0,14,0,0.0273,0.0009,0.0926,536.8,1927,7501
1575,ascent,110.107,9.6183,4.1326,5.4857,6.6888,0.0020,1.3322,4.1789,0.2642,0.8335,736546,0,0,0,0,14,0,0.0313,0.0008,0.1024,536.8,1927,7501
1576,ascent,110.175,9.0428,3.3928,5.6500,6.7123,0.0010,1.3332,4.1851,0.2662,0.8520,736546,0,0,0,0,14,0,0.0256,0.0007,0.0892,536.8,1927,7501
1577,ascent,110.244,8.5804,2.5696,6.0108,7.7916,0.0020,1.8371,4.7493,0.2703,0.8540,736546,0,0,0,0,14,0,0.0292,0.0009,0.0904,536.8,1927,7501
1578,ascent,110.314,8.9390,3.0001,5.9389,6.6980,0.0010,1.3199,4.1861,0.2652,0.8479,736546,0,0,0,0,14,0,0.0254,0.0010,0.0854,536.8,1927,7501
1579,ascent,110.385,10.0397,4.0055,6.0342,6.6693,0.0010,1.3148,4.1871,0.2693,0.8253,736546,0,0,0,0,14,0,0.0269,0.0008,0.1237,536.8,1927,7501
1580,ascent,110.458,8.7216,3.2828,5.4388,6.9315,0.0010,1.3056,4.1923,0.2683,1.0865,736546,0,0,0,0,14,0,0.0271,0.0010,0.0941,536.8,1927,7501
1581,ascent,110.533,9.2320,2.8093,6.4227,6.9898,0.0010,1.6148,4.1841,0.2693,0.8479,736546,0,0,0,0,14,0,0.0272,0.0006,0.1275,536.8,1927,7501
1582,ascent,110.609,8.9877,3.3170,5.6707,6.6775,0.0020,1.2923,4.1912,0.2683,0.8509,736546,0,0,0,0,14,0,0.0259,0.0010,0.0959,536.8,1927,7501
1583,ascent,110.687,9.4633,3.3199,6.1434,6.6488,0.0020,1.2902,4.1861,0.2652,0.8305,736546,0,0,0,0,14,0,0.0272,0.0006,0.0933,536.8,1927,7501
1584,ascent,110.766,8.8335,3.6370,5.1965,7.1465,0.0010,1.2831,4.4298,0.4874,0.8673,736546,0,0,0,0,14,0,0.0285,0.0007,0.0902,536.8,1927,7501
1585,ascent,110.847,8.8098,3.4168,5.3930,6.6693,0.0010,1.2790,4.1861,0.2652,0.8591,736546,0,0,0,0,14,0,0.0274,0.0006,0.0935,536.8,1927,7501
1586,ascent,110.929,9.8940,3.8236,6.0704,6.6683,0.0010,1.2769,4.2025,0.2683,0.8417,736546,0,0,0,0,14,0,0.0315,0.0007,0.1090,536.8,1927,7501
1587,ascent,111.013,8.7061,3.6279,5.0782,6.6253,0.0020,1.2605,4.1953,0.2642,0.8305,736546,0,0,0,0,14,0,0.0321,0.0012,0.1247,536.8,1927,7501
1588,ascent,111.099,9.1299,3.2535,5.8764,7.6790,0.0010,1.7295,4.7739,0.2673,0.8305,736546,0,0,0,0,14,0,0.0270,0.0007,0.1107,536.8,1927,7501
1589,ascent,111.187,8.5439,3.5454,4.9985,6.6488,0.0010,1.2503,4.1953,0.2693,0.8540,736546,0,0,0,0,14,0,0.0295,0.0005,0.1000,536.8,1927,7501
1590,ascent,111.276,9.6833,3.3936,6.2897,6.6529,0.0010,1.2524,4.1994,0.2703,0.8520,736546,0,0,0,0,14,0,0.0271,0.0008,0.0849,536.8,1927,7501
1591,ascent,111.367,8.9309,2.7907,6.1402,6.8157,0.0010,1.2431,4.1851,0.2673,1.0465,736546,0,0,0,0,14,0,0.0283,0.0006,0.0806,536.8,1927,7501
1592,ascent,111.460,8.6873,3.3138,5.3735,6.6079,0.0020,1.2401,4.1892,0.2683,0.8305,736546,0,0,0,0,14,0,0.0259,0.0007,0.0963,536.8,1927,7501
1593,ascent,111.555,9.4041,2.5648,6.8393,6.6243,0.0010,1.2390,4.1964,0.2673,0.8479,736546,0,0,0,0,14,0,0.0255,0.0008,0.0928,536.8,1927,7501
1594,ascent,111.652,8.8794,3.5725,5.3069,6.6079,0.0010,1.2298,4.1902,0.2683,0.8438,736546,0,0,0,0,14,0,0.0269,0.0006,0.0940,536.8,1927,7501
1595,ascent,111.751,8.5321,3.0130,5.5191,7.4209,0.0051,1.2298,4.6520,0.2662,1.1940,736546,0,0,0,0,14,0,0.0264,0.0007,0.0960,536.8,1927,7501
1596,ascent,111.852,9.1807,3.2169,5.9638,6.6058,0.0020,1.2227,4.1953,0.2714,0.8417,736546,0,0,0,0,14,0,0.0266,0.0007,0.0988,536.8,1927,7501
1597,ascent,111.955,9.1038,3.9542,5.1496,6.6089,0.0010,1.2247,4.1943,0.2662,0.8489,736546,0,0,0,0,14,0,0.0317,0.0012,0.1138,536.8,1927,7501
1598,ascent,112.060,9.0147,3.6258,5.3889,6.6058,0.0010,1.2196,4.1943,0.2683,0.8438,736546,0,0,0,0,14,0,0.0252,0.0007,0.0958,536.8,1927,7501
1599,ascent,112.167,8.5472,3.6755,4.8717,7.3861,0.0010,1.2196,5.0166,0.2662,0.8090,736546,0,0,0,0,14,0,0.0289,0.0008,0.1004,536.8,1927,7501
1600,ascent,112.276,8.8325,3.3681,5.4644,6.6171,0.0010,1.2175,4.1974,0.2683,0.8602,736546,0,0,0,0,14,0,0.0251,0.0008,0.0697,536.8,1927,7501
1601,ascent,112.388,9.4893,3.4271,6.0622,6.7820,0.0072,1.3783,4.1964,0.2673,0.8602,736546,0,0,0,0,14,0,0.0299,0.0008,0.1618,536.8,1927,7501
1602,ascent,112.502,8.7492,2.7741,5.9751,6.7891,0.0020,1.3793,4.1994,0.2683,0.8622,736546,0,0,0,0,14,0,0.0274,0.0008,0.0808,536.8,1927,7501
1603,ascent,112.618,8.9836,3.6026,5.3810,7.7978,0.0010,1.8391,4.7636,0.2703,0.8448,736546,0,0,0,0,14,0,0.0315,0.0005,0.1539,536.8,1927,7501
1604,ascent,112.736,9.0636,2.8940,6.1696,6.7656,0.0010,1.3752,4.1964,0.2662,0.8417,736546,0,0,0,0,14,0,0.0297,0.0006,0.0999,536.8,1927,7501
1605,ascent,112.857,9.6458,3.7013,5.9445,6.7850,0.0010,1.3732,4.2015,0.2673,0.8571,736546,0,0,0,0,14,0,0.0262,0.0006,0.0889,536.8,1927,7501
1606,ascent,112.981,8.5276,3.4411,5.0865,7.0226,0.0010,1.3711,4.4657,0.2673,0.8448,736546,0,0,0,0,14,0,0.0278,0.0005,0.0944,536.8,1927,7501
1607,ascent,113.106,8.8253,3.4911,5.3342,6.7348,0.0010,1.3773,4.1974,0.2662,0.8202,736546,0,0,0,0,14,0,0.0297,0.0008,0.1080,536.8,1927,7501
1608,ascent,113.235,9.8143,2.7569,7.0574,6.7758,0.0010,1.3681,4.2179,0.2765,0.8397,736546,0,0,0,0,14,0,0.0251,0.0008,0.1166,536.8,1927,7501
1609,ascent,113.366,9.1095,3.6611,5.4484,6.7932,0.0020,1.3711,4.2168,0.2652,0.8602,736546,0,0,0,0,14,0,0.0245,0.0008,0.1141,536.8,1927,7501
1610,ascent,113.500,8.7544,3.8311,4.9233,7.3964,0.0010,1.3629,4.8230,0.2734,0.8622,736546,0,0,0,0,14,0,0.0317,0.0007,0.1202,536.8,1927,7501
1611,ascent,113.636,8.8521,3.2847,5.5674,6.7543,0.0010,1.3650,4.2138,0.2652,0.8305,736546,0,0,0,0,14,0,0.0268,0.0006,0.0914,536.8,1927,7501
1612,ascent,113.776,9.0731,4.2076,4.8655,6.7604,0.0010,1.3660,4.2107,0.2693,0.8366,736546,0,0,0,0,14,0,0.0266,0.0007,0.0965,536.8,1927,7501
1613,ascent,113.918,9.1205,3.5477,5.5728,6.7809,0.0010,1.3629,4.2086,0.2683,0.8622,736546,0,0,0,0,14,0,0.0294,0.0007,0.0956,536.8,1927,7501
1614,ascent,114.063,9.0144,2.9858,6.0286,7.1455,0.0010,1.3640,4.5670,0.2724,0.8622,736546,0,0,0,0,14,0,0.0271,0.0007,0.0859,536.8,1927,7501
1615,ascent,114.211,9.1458,3.8284,5.3174,6.7430,0.0010,1.3619,4.2179,0.2673,0.8212,736546,0,0,0,0,14,0,0.0253,0.0008,0.0997,536.8,1927,7501
1616,ascent,114.362,8.9801,2.9072,6.0729,6.7574,0.0010,1.3629,4.2117,0.2642,0.8438,736546,0,0,0,0,14,0,0.0290,0.0009,0.1087,536.8,1927,7501
1617,ascent,114.516,9.0145,3.4548,5.5597,7.3083,0.0010,1.3691,4.4462,0.2693,1.1438,736546,0,0,0,0,14,0,0.0278,0.0006,0.0798,536.8,1927,7501
1618,ascent,114.673,8.6762,3.0885,5.5877,6.7758,0.0010,1.3640,4.2199,0.2632,0.8530,736546,0,0,0,0,14,0,0.0289,0.0007,0.0891,536.8,1927,7501
1619,ascent,114.833,9.8593,3.6595,6.1998,6.7543,0.0010,1.3548,4.2199,0.2662,0.8387,736546,0,0,0,0,14,0,0.0282,0.0009,0.0992,536.8,1927,7501
1620,ascent,114.997,9.1560,3.1781,5.9779,6.7686,0.0010,1.3578,4.2179,0.2642,0.8520,736546,0,0,0,0,14,0,0.0260,0.0006,0.0886,536.8,1927,7501
1621,ascent,115.164,8.7894,2.9944,5.7950,7.4158,0.0010,1.3629,4.4769,0.6339,0.8632,736546,0,0,0,0,14,0,0.0320,0.0008,0.1157,536.8,1927,7501
1622,ascent,115.334,8.9640,2.5594,6.4046,6.7799,0.0010,1.3588,4.2148,0.2683,0.8622,736546,0,0,0,0,14,0,0.0240,0.0008,0.0872,536.8,1927,7501
1623,ascent,115.508,9.3375,4.2733,5.0642,6.7492,0.0010,1.3599,4.2107,0.2662,0.8387,736546,0,0,0,0,14,0,0.0304,0.0011,0.0846,536.8,1927,7501
1624,ascent,115.686,8.9593,3.1457,5.8136,6.7809,0.0010,1.3660,4.2086,0.2673,0.8591,736546,0,0,0,0,14,0,0.0275,0.0006,0.0872,536.8,1927,7501
1625,ascent,115.867,8.4615,3.1699,5.2916,7.4097,0.0010,1.9968,4.2035,0.2662,0.8684,736546,0,0,0,0,14,0,0.0261,0.0006,0.0826,536.8,1927,7501
1626,ascent,116.051,9.3665,3.3234,6.0431,6.7850,0.0010,1.3660,4.2035,0.2683,0.8724,736546,0,0,0,0,14,0,0.0288,0.0007,0.0873,536.8,1927,7501
1627,ascent,116.240,9.5931,3.5700,6.0231,6.7584,0.0010,1.3711,4.1984,0.2662,0.8438,736546,0,0,0,0,14,0,0.0282,0.0007,0.0868,536.8,1927,7501
1628,ascent,116.432,8.4296,3.6343,4.7953,7.0574,0.0010,1.3722,4.1974,0.2683,1.1459,736546,0,0,0,0,14,0,0.0275,0.0008,0.1062,536.8,1927,7501
1629,ascent,116.628,9.2976,2.8563,6.4413,6.7717,0.0010,1.3752,4.1882,0.2683,0.8663,736546,0,0,0,0,14,0,0.0274,0.0009,0.2359,536.8,1927,7501
1630,ascent,116.829,9.4479,3.5354,5.9125,6.7901,0.0010,1.3711,4.1912,0.2673,0.8868,736546,0,0,0,0,14,0,0.0277,0.0004,0.0742,536.8,1927,7501
1631,ascent,117.033,8.8288,2.3452,6.4836,6.7574,0.0010,1.3701,4.1902,0.2673,0.8499,736546,0,0,0,0,14,0,0.0280,0.0006,0.0753,536.8,1927,7501
1632,ascent,117.242,9.1333,3.5715,5.5618,7.9565,0.0010,1.3773,5.0022,0.6154,0.8878,736546,0,0,0,0,14,0,0.0265,0.0013,0.1339,536.8,1927,7501
1633,ascent,117.454,9.0073,3.0607,5.9466,6.7850,0.0010,1.3763,4.1810,0.2724,0.8765,736546,0,0,0,0,14,0,0.0298,0.0006,0.0896,536.8,1927,7501
1634,ascent,117.671,9.9545,3.7712,6.1833,7.3656,0.0020,1.3855,4.7473,0.2662,0.8868,736546,0,0,0,0,14,0,0.0279,0.0008,0.1125,536.8,1927,7501
1635,ascent,117.893,8.7486,3.1713,5.5773,6.7553,0.0010,1.3865,4.1759,0.2621,0.8520,736546,0,0,0,0,14,0,0.0278,0.0006,0.0871,536.8,1927,7501
1636,ascent,118.119,9.6643,3.6990,5.9653,7.3779,0.0010,1.9835,4.1800,0.2683,0.8663,736546,0,0,0,0,14,0,0.0317,0.0006,0.0843,536.8,1927,7501
1637,ascent,118.349,9.0846,3.4206,5.6640,6.7727,0.0020,1.3834,4.1728,0.2683,0.8745,736546,0,0,0,0,14,0,0.0272,0.0010,0.0930,536.8,1927,7501
1638,ascent,118.585,9.3181,3.3032,6.0149,6.8106,0.0010,1.3896,4.1841,0.2693,0.8929,736546,0,0,0,0,14,0,0.0291,0.0008,0.1101,536.8,1927,7501
1639,ascent,118.825,8.8613,3.8974,4.9639,6.7635,0.0010,1.3926,4.1800,0.2642,0.8489,736546,0,0,0,0,14,0,0.0295,0.0007,0.1152,536.8,1927,7501
1640,ascent,119.070,9.1982,3.2806,5.9176,7.3974,0.0010,2.0050,4.1871,0.2662,0.8653,736546,0,0,0,0,14,0,0.0274,0.0007,0.0920,536.8,1927,7501
1641,ascent,119.320,9.0907,2.8689,6.2218,6.8086,0.0010,1.3998,4.1851,0.2652,0.8786,736546,0,0,0,0,14,0,0.0295,0.0007,0.0889,536.8,1927,7501
1642,ascent,119.575,9.5347,2.8116,6.7231,7.6452,0.0010,1.3998,4.7882,0.4803,0.8980,736546,0,0,0,0,14,0,0.0263,0.0013,0.1054,536.8,1927,7501
1643,ascent,119.835,8.7693,3.4746,5.2947,7.6206,0.0010,1.4049,5.0033,0.2703,0.8643,736546,0,0,0,0,14,0,0.0300,0.0004,0.0818,536.8,1927,7501
1644,ascent,120.101,9.3091,4.3233,4.9858,6.8311,0.0031,1.4100,4.1800,0.2714,0.8940,736546,0,0,0,0,14,0,0.0227,0.0009,0.1321,536.8,1927,7501
1645,ascent,120.372,9.9900,3.8223,6.1677,6.8209,0.0010,1.4080,4.1851,0.2693,0.8858,736546,0,0,0,0,14,0,0.0255,0.0007,0.1344,536.8,1927,7501
1646,ascent,120.648,8.5672,2.6696,5.8976,7.0820,0.0010,1.4090,4.1769,0.2652,1.1561,736546,0,0,0,0,14,0,0.0259,0.0006,0.1042,536.8,1927,7501
1647,ascent,120.930,8.8867,3.5929,5.2938,6.8106,0.0010,1.4121,4.1882,0.2662,0.8643,736546,0,0,0,0,14,0,0.0251,0.0005,0.0941,536.8,1927,7501
1648,ascent,121.218,9.7594,3.4651,6.2943,6.8403,0.0010,1.4193,4.1841,0.2662,0.8909,736546,0,0,0,0,14,0,0.0259,0.0006,0.0953,536.8,1927,7501
1649,ascent,121.512,9.0335,3.5693,5.4642,6.8567,0.0061,1.4193,4.1841,0.2642,0.9103,736546,0,0,0,0,14,0,0.0268,0.0008,0.0871,536.8,1927,7501
1650,ascent,121.812,8.7970,3.2372,5.5598,7.6913,0.0010,1.4223,4.6449,0.2693,1.2759,736546,0,0,0,0,14,0,0.0267,0.0013,0.0991,536.8,1927,7501
1651,ascent,122.117,9.0843,3.1625,5.9218,6.8291,0.0010,1.4264,4.1789,0.2693,0.8806,736546,0,0,0,0,14,0,0.0252,0.0008,0.0868,536.8,1927,7501
1652,ascent,122.429,10.1709,4.0311,6.1398,6.8577,0.0010,1.4264,4.1810,0.2693,0.9052,736546,0,0,0,0,14,0,0.0266,0.0006,0.0978,536.8,1927,7501
1653,ascent,122.748,8.4773,2.9648,5.5125,6.8680,0.0010,1.4305,4.1759,0.2673,0.9196,736546,0,0,0,0,14,0,0.0266,0.0012,0.0889,536.8,1927,7501
1654,ascent,123.073,9.2596,3.3341,5.9255,7.7097,0.0010,1.9005,4.5373,0.2693,0.9247,736546,0,0,0,0,14,0,0.0247,0.0009,0.1264,536.8,1927,7501
1655,ascent,123.404,9.0583,2.8594,6.1989,6.8372,0.0010,1.4356,4.1759,0.2693,0.8776,736546,0,0,0,0,14,0,0.0273,0.0006,0.0984,536.8,1927,7501
1656,ascent,123.743,9.2773,3.8047,5.4726,6.8792,0.0020,1.4397,4.1748,0.2683,0.9216,736546,0,0,0,0,14,0,0.0229,0.0008,0.1244,536.8,1927,7501
1657,ascent,124.088,9.0216,3.2444,5.7772,6.8884,0.0082,1.4397,4.1697,0.2703,0.9277,736546,0,0,0,0,14,0,0.0290,0.0005,0.0914,536.8,1927,7501
1658,ascent,124.440,9.1351,3.7209,5.4142,7.5254,0.0010,1.7091,4.5332,0.2652,0.9431,736546,0,0,0,0,14,0,0.0284,0.0008,0.0874,536.8,1927,7501
1659,ascent,124.799,8.8806,3.7393,5.1413,6.8577,0.0020,1.4500,4.1626,0.2683,0.9011,736546,0,0,0,0,14,0,0.0230,0.0008,0.1062,536.8,1927,7501
1660,ascent,125.166,9.9873,4.0290,5.9583,6.9038,0.0020,1.4551,4.1697,0.2662,0.9329,736546,0,0,0,0,14,0,0.0282,0.0006,0.1029,536.8,1927,7501
1661,ascent,125.540,9.0302,3.5538,5.4764,7.7373,0.0010,1.4572,4.9981,0.2662,0.9390,736546,0,0,0,0,14,0,0.0258,0.0007,0.1175,536.8,1927,7501
1662,ascent,125.922,8.8275,3.3994,5.4281,6.9274,0.0010,1.4592,4.1646,0.2703,0.9564,736546,0,0,0,0,14,0,0.0283,0.0009,0.1047,536.8,1927,7501
1663,ascent,126.312,10.0548,4.1583,5.8965,6.8751,0.0010,1.4612,4.1554,0.2683,0.9083,736546,0,0,0,0,14,0,0.0295,0.0004,0.0916,536.8,1927,7501
1664,ascent,126.709,8.6128,3.1041,5.5087,6.8997,0.0010,1.4653,4.1544,0.2673,0.9329,736546,0,0,0,0,14,0,0.0285,0.0009,0.0836,536.8,1927,7501
1665,ascent,127.115,8.9636,3.5986,5.3650,7.3042,0.0010,1.8422,4.1544,0.2642,0.9636,736546,0,0,0,0,14,0,0.0247,0.0006,0.0718,536.8,1927,7501
1666,ascent,127.529,9.1510,3.5390,5.6120,6.9253,0.0010,1.4735,4.1533,0.2693,0.9554,736546,0,0,0,0,14,0,0.0234,0.0006,0.0778,536.8,1927,7501
1667,ascent,127.951,9.4697,3.0172,6.4525,6.8936,0.0010,1.4756,4.1492,0.2652,0.9247,736546,0,0,0,0,14,0,0.0272,0.0008,0.0888,536.8,1927,7501
1668,ascent,128.382,9.4282,3.3814,6.0468,7.5684,0.0010,1.4797,4.4083,0.2673,1.3332,736546,0,0,0,0,14,0,0.0259,0.0007,0.0875,536.8,1927,7501
1669,ascent,128.822,8.4185,3.5144,4.9041,6.9315,0.0010,1.4787,4.1452,0.2673,0.9656,736546,0,0,0,0,14,0,0.0286,0.0009,0.1100,536.8,1927,7501
1670,ascent,129.270,9.7132,3.1498,6.5634,6.9315,0.0010,1.4838,4.1431,0.2632,0.9656,736546,0,0,0,0,14,0,0.0298,0.0005,0.0863,536.8,1927,7501
1671,ascent,129.728,9.2262,2.7037,6.5225,6.9018,0.0010,1.4868,4.1349,0.2673,0.9339,736546,0,0,0,0,14,0,0.0296,0.0007,0.0957,536.8,1927,7501
1672,ascent,130.195,8.9516,3.6152,5.3364,7.7670,0.0010,1.4920,4.9828,0.2662,0.9513,736546,0,0,0,0,14,0,0.0295,0.0007,0.0954,536.8,1927,7501
1673,ascent,130.672,8.8684,3.9853,4.8831,6.9376,0.0010,1.4920,4.1329,0.2662,0.9718,736546,0,0,0,0,14,0,0.0289,0.0008,0.1240,536.8,1927,7501
1674,ascent,131.158,10.1391,4.2024,5.9367,6.9366,0.0010,1.4971,4.1226,0.2703,0.9718,736546,0,0,0,0,14,0,0.0260,0.0013,0.1130,536.8,1927,7501
1675,ascent,131.654,8.7911,5.4973,3.2938,6.8915,0.0020,1.4981,4.1134,0.2642,0.9411,736546,0,0,0,0,14,0,0.0293,0.0007,0.0912,536.8,1927,7501
1676,ascent,132.161,9.0042,3.0514,5.9528,7.9688,0.0010,1.9845,4.6899,0.2673,0.9523,736546,0,0,0,0,14,0,0.0312,0.0008,0.0909,536.8,1927,7501
1677,ascent,132.677,8.9914,3.2510,5.7404,6.9519,0.0010,1.5073,4.1298,0.2652,0.9697,736546,0,0,0,0,14,0,0.0251,0.0007,0.0917,536.8,1927,7501
1678,ascent,133.205,9.9047,3.9953,5.9094,6.9427,0.0010,1.5094,4.1134,0.2693,0.9759,736546,0,0,0,0,14,0,0.0241,0.0006,0.1391,536.8,1927,7501
1679,ascent,133.743,9.0790,3.6139,5.4651,7.5448,0.0010,1.5145,4.7319,0.2652,0.9544,736546,0,0,0,0,14,0,0.0286,0.0007,0.1100,536.8,1927,7501
1680,ascent,134.291,9.1657,3.2642,5.9015,6.9110,0.0010,1.5155,4.0899,0.2673,0.9636,736546,0,0,0,0,14,0,0.0267,0.0007,0.0917,536.8,1927,7501
1681,ascent,134.852,9.7595,3.5575,6.2020,6.9192,0.0010,1.5206,4.0878,0.2673,0.9687,736546,0,0,0,0,14,0,0.0194,0.0005,0.0919,536.8,1927,7501
1682,ascent,135.423,8.9143,3.4153,5.4990,6.9192,0.0020,1.5258,4.0632,0.2683,0.9851,736546,0,0,0,0,14,0,0.0279,0.0008,0.0946,536.8,1927,7501
1683,ascent,136.006,9.0188,2.4531,6.5657,7.7251,0.0010,1.7910,4.6316,0.2673,0.9605,736546,0,0,0,0,14,0,0.0254,0.0007,0.0807,536.8,1927,7501
1684,ascent,136.601,8.7611,3.0420,5.7191,6.8874,0.0010,1.5319,4.0458,0.2652,0.9656,736546,0,0,0,0,14,0,0.0258,0.0007,0.1165,536.8,1927,7501
1685,ascent,137.208,9.9752,3.5085,6.4667,6.8741,0.0010,1.5370,4.0233,0.2673,0.9708,736546,0,0,0,0,14,0,0.0290,0.0009,0.0975,536.8,1927,7501
1686,ascent,137.828,8.7766,3.3242,5.4524,7.1516,0.0010,1.5483,3.9946,0.2683,1.2667,736546,0,0,0,0,14,0,0.0218,0.0006,0.0929,536.8,1927,7501
1687,ascent,138.460,9.0540,3.0427,6.0113,6.8229,0.0020,1.5462,3.9762,0.2724,0.9533,736546,0,0,0,0,14,0,0.0259,0.0009,0.0945,536.8,1927,7501
1688,ascent,139.105,9.5562,2.9554,6.6008,6.6396,0.0010,1.3773,3.9537,0.2693,0.9585,736546,0,0,0,0,14,0,0.0260,0.0006,0.0710,536.8,1927,7501
1689,ascent,139.763,8.8586,3.3319,5.5267,6.6550,0.0010,1.3752,3.9414,0.2785,0.9851,736546,0,0,0,0,14,0,0.0263,0.0007,0.0983,536.8,1927,7501
1690,ascent,140.435,8.6403,3.1897,5.4506,7.4516,0.0010,1.3804,4.3602,0.2693,1.3660,736546,0,0,0,0,14,0,0.0274,0.0007,0.1023,536.8,1927,7501
1692,ascent,141.819,9.2129,3.7300,5.4829,6.5628,0.0010,1.3875,3.8779,0.2662,0.9554,736546,0,0,0,0,14,0,0.0273,0.0007,0.1006,536.8,1927,7501
1693,ascent,142.533,3.5151,3.5128,0.0023,6.5782,0.0010,1.3947,3.8584,0.2662,0.9800,736546,0,0,0,0,14,0,0.0301,0.0006,0.1059,536.8,1927,7501
1694,ascent,143.261,3.5694,3.5447,0.0247,6.5239,0.0010,1.3957,3.8205,0.2662,0.9677,736546,0,0,0,0,14,0,0.0450,0.0010,0.1605,536.8,1927,7501
1695,ascent,144.004,6.3266,3.5828,2.7438,6.5393,0.0020,1.4008,3.8164,0.2703,0.9708,736546,0,0,0,0,14,0,0.0330,0.0006,0.0841,536.8,1927,7501
1696,ascent,144.761,8.6058,3.7153,4.8905,7.1322,0.0010,2.0183,3.8093,0.2683,0.9574,736546,0,0,0,0,14,0,0.0244,0.0007,0.0933,536.8,1927,7501
1697,ascent,145.535,9.1261,3.6361,5.4900,6.4717,0.0010,1.4070,3.7755,0.2621,0.9523,736546,0,0,0,0,14,0,0.0265,0.0010,0.1074,536.8,1927,7501
1698,ascent,146.324,8.6670,3.2825,5.3845,6.5106,0.0010,1.4131,3.7745,0.2662,0.9810,736546,0,0,0,0,14,0,0.0281,0.0007,0.0836,536.8,1927,7501
1699,ascent,147.129,8.5370,3.4188,5.1182,6.7451,0.0010,1.4172,3.7540,0.2642,1.2349,736546,0,0,0,0,14,0,0.0297,0.0006,0.0954,536.8,1927,7501
1700,ascent,147.951,8.8173,3.2968,5.5205,6.4573,0.0010,1.4182,3.7427,0.2683,0.9482,736546,0,0,0,0,14,0,0.0239,0.0007,0.0644,536.8,1927,7501
1701,ascent,148.789,9.0331,3.5968,5.4363,6.4655,0.0010,1.4213,3.7335,0.2632,0.9687,736546,0,0,0,0,14,0,0.0294,0.0008,0.1044,536.8,1927,7501
1702,ascent,149.645,8.6154,3.2848,5.3306,6.4430,0.0010,1.4285,3.7181,0.2683,0.9523,736546,0,0,0,0,14,0,0.0280,0.0007,0.0854,536.8,1927,7501
1703,ascent,150.518,8.5423,2.4857,6.0566,6.4113,0.0010,1.4285,3.7007,0.2632,0.9390,736546,0,0,0,0,14,0,0.0263,0.0006,0.0899,536.8,1927,7501
1704,ascent,151.408,8.5180,3.1781,5.3399,6.4154,0.0010,1.4377,3.6782,0.2642,0.9564,736546,0,0,0,0,14,0,0.0305,0.0007,0.0899,536.8,1927,7501
1705,ascent,152.317,9.0356,3.4133,5.6223,6.3877,0.0010,1.4316,3.6557,0.2703,0.9431,736546,0,0,0,0,14,0,0.0283,0.0007,0.0897,536.8,1927,7501
1706,ascent,153.244,8.5842,3.2016,5.3826,6.3795,0.0010,1.4346,3.6547,0.2714,0.9390,736546,0,0,0,0,14,0,0.0250,0.0008,0.1023,536.8,1927,7501
1707,ascent,154.191,8.4730,2.5836,5.8894,7.6349,0.0010,1.6374,4.4605,0.2673,1.1919,736546,0,0,0,0,14,0,0.0264,0.0010,0.1062,536.8,1927,7501
1708,ascent,155.156,8.6508,3.1306,5.5202,6.5239,0.0010,1.6425,3.6209,0.2673,0.9206,736546,0,0,0,0,14,0,0.0265,0.0013,0.0863,536.8,1927,7501
1709,ascent,156.141,9.2306,4.3341,4.8965,6.4973,0.0010,1.6404,3.5912,0.2632,0.9226,736546,0,0,0,0,14,0,0.0269,0.0006,0.1152,536.8,1927,7501
1710,ascent,157.147,8.9324,3.0169,5.9155,6.4707,0.0010,1.6404,3.5625,0.2703,0.9226,736546,0,0,0,0,14,0,0.0637,0.0011,0.0705,536.8,1927,7501
1711,ascent,158.172,7.9980,2.8290,5.1690,7.0656,0.0010,1.6374,4.1789,0.2621,0.9073,736546,0,0,0,0,14,0,0.0303,0.0007,0.0969,536.8,1927,7501
1712,ascent,159.219,9.0666,3.1324,5.9342,6.4266,0.0020,1.6364,3.5287,0.2693,0.9114,736546,0,0,0,0,14,0,0.0266,0.0006,0.1040,536.8,1927,7501
1713,ascent,160.287,8.8254,3.9374,4.8880,6.4123,0.0010,1.6384,3.4918,0.2703,0.9318,736546,0,0,0,0,14,0,0.0257,0.0009,0.1175,536.8,1927,7501
1714,ascent,161.377,8.3283,2.9267,5.4016,6.3631,0.0010,1.6333,3.4867,0.2693,0.8991,736546,0,0,0,0,14,0,0.0282,0.0007,0.1208,536.8,1927,7501
1715,ascent,162.488,8.5768,2.5651,6.0117,6.9530,0.0020,2.2671,3.4427,0.2683,0.8970,736546,0,0,0,0,14,0,0.0242,0.0007,0.0701,536.8,1927,7501
1716,ascent,163.623,8.3810,3.4994,4.8816,6.2956,0.0010,1.6394,3.4222,0.2662,0.8940,736546,0,0,0,0,14,0,0.0535,0.0006,0.0906,536.8,1927,7501
1717,ascent,164.781,8.8231,3.5842,5.2389,6.2618,0.0020,1.6364,3.3669,0.2673,0.9144,736546,0,0,0,0,14,0,0.0323,0.0010,0.1168,536.8,1927,7501
1718,ascent,165.962,8.6767,2.7479,5.9288,6.1778,0.0010,1.6384,3.2799,0.2652,0.9196,736546,0,0,0,0,14,0,0.0285,0.0010,0.0798,536.8,1927,7501
1719,ascent,167.167,7.9988,3.6873,4.3115,7.1291,0.0010,1.8995,3.7663,0.2662,0.8960,736546,0,0,0,0,14,0,0.0235,0.0006,0.0751,536.8,1927,7501
1720,ascent,168.397,8.5738,3.4002,5.1736,5.9873,0.0061,1.6384,3.1201,0.2673,0.8817,736546,0,0,0,0,14,0,0.0253,0.0011,0.0979,536.8,1927,7501
1721,ascent,169.652,8.9159,3.4991,5.4168,5.9668,0.0020,1.6384,3.0781,0.2683,0.8940,736546,0,0,0,0,14,0,0.0252,0.0007,0.1159,536.8,1927,7501
1722,ascent,170.933,8.2817,3.2958,4.9859,5.9075,0.0010,1.6404,3.0413,0.2662,0.8858,736546,0,0,0,0,14,0,0.0283,0.0008,0.0950,536.8,1927,7501
1723,ascent,172.239,7.8066,3.5013,4.3053,6.6499,0.0010,1.6404,3.7939,0.2652,0.8755,736546,0,0,0,0,14,0,0.0295,0.0008,0.1011,536.8,1927,7501
1724,ascent,173.572,8.2365,2.9160,5.3205,5.7682,0.0010,1.6404,2.9051,0.2693,0.8735,736546,0,0,0,0,14,0,0.0263,0.0006,0.0751,536.8,1927,7501
1725,ascent,174.933,7.9301,3.2071,4.7230,5.6801,0.0010,1.6353,2.8324,0.2591,0.8786,736546,0,0,0,0,14,0,0.0312,0.0009,0.0920,536.8,1927,7501
1726,ascent,176.321,7.9364,2.8168,5.1196,5.6177,0.0010,1.6323,2.7689,0.2714,0.8714,736546,0,0,0,0,14,0,0.0257,0.0010,0.0874,536.8,1927,7501
1727,ascent,177.737,7.4716,3.2640,4.2076,6.3560,0.0010,1.6302,3.5338,0.2673,0.8458,736546,0,0,0,0,14,0,0.0286,0.0008,0.0950,536.8,1927,7501
1728,ascent,179.182,7.5764,3.2330,4.3434,5.4692,0.0010,1.6404,2.6327,0.2683,0.8530,736546,0,0,0,0,14,0,0.0276,0.0007,0.0957,536.8,1927,7501
1729,ascent,180.657,8.4086,3.4390,4.9696,5.3637,0.0010,1.6210,2.5610,0.2683,0.8335,736546,0,0,0,0,14,0,0.0237,0.0007,0.0937,536.8,1927,7501
1730,ascent,182.162,7.7851,2.7936,4.9915,5.2941,0.0010,1.6148,2.4760,0.2683,0.8499,736546,0,0,0,0,14,0,0.0254,0.0007,0.0772,536.8,1927,7501
1731,ascent,183.697,7.4118,3.6347,3.7771,5.1907,0.0010,1.6108,2.3962,0.2703,0.8346,736546,0,0,0,0,14,0,0.0265,0.0009,0.1160,536.8,1927,7501
1732,ascent,185.264,7.4228,3.0175,4.4053,5.0678,0.0010,1.5974,2.3050,0.2642,0.8274,736546,0,0,0,0,14,0,0.0284,0.0009,0.1116,536.8,1927,7501
1733,ascent,186.862,6.9757,3.5469,3.4288,4.9951,0.0010,1.5862,2.2282,0.2662,0.8346,736546,0,0,0,0,14,0,0.0269,0.0007,0.0966,536.8,1927,7501
1734,ascent,188.493,7.4329,3.0968,4.3361,4.8998,0.0010,1.5831,2.1514,0.2693,0.8212,736546,0,0,0,0,14,0,0.0267,0.0008,0.0998,536.8,1927,7501
1735,ascent,190.158,7.1524,3.1668,3.9856,4.8251,0.0010,1.5626,2.0808,0.2703,0.8325,736546,0,0,0,0,14,0,0.0284,0.0011,0.1008,536.8,1927,7501
1736,ascent,191.856,6.8834,3.1574,3.7260,5.3873,0.0020,1.5575,2.2825,0.2662,1.2012,736546,0,0,0,0,14,0,0.0260,0.0007,0.0948,536.8,1927,7501
1737,ascent,193.589,7.1280,3.3710,3.7570,4.6572,0.0010,1.5483,1.9548,0.2642,0.8161,736546,0,0,0,0,14,0,0.0245,0.0014,0.1174,536.8,1927,7501
1738,ascent,195.357,7.6559,3.9197,3.7362,4.5865,0.0020,1.5411,1.9077,0.2673,0.7956,736546,0,0,0,0,14,0,0.0292,0.0008,0.1280,536.8,1927,7501
1739,ascent,197.161,6.8621,2.5226,4.3395,4.5466,0.0010,1.5514,1.8606,0.2673,0.7885,736546,0,0,0,0,14,0,0.0262,0.0005,0.0760,536.8,1927,7501
1740,ascent,199.002,6.7746,3.4892,3.2854,4.5251,0.0010,1.5493,1.8463,0.2714,0.7834,736546,0,0,0,0,14,0,0.0292,0.0008,0.1001,536.8,1927,7501
1741,ascent,200.881,6.3919,3.0455,3.3464,5.3658,0.0010,1.5503,2.0808,0.2724,1.3824,736546,0,0,0,0,14,0,0.0303,0.0012,0.0963,536.8,1927,7501
1742,ascent,202.797,7.2254,3.4610,3.7644,4.5046,0.0010,1.5493,1.8248,0.2683,0.7875,736546,0,0,0,0,14,0,0.0267,0.0007,0.0936,536.8,1927,7501
1743,ascent,204.753,6.7622,4.0084,2.7538,4.4974,0.0010,1.5524,1.8278,0.2683,0.7700,736546,0,0,0,0,14,0,0.0270,0.0008,0.1466,536.8,1927,7501
1744,ascent,206.749,6.5468,3.3513,3.1955,4.5036,0.0010,1.5514,1.8330,0.2693,0.7700,736546,0,0,0,0,14,0,0.0286,0.0006,0.0964,536.8,1927,7501
1745,ascent,208.785,6.5786,2.6216,3.9570,4.5117,0.0010,1.5503,1.8268,0.2714,0.7823,736546,0,0,0,0,14,0,0.0283,0.0007,0.1088,536.8,1927,7501
1746,ascent,210.863,6.1318,2.9485,3.1833,4.5322,0.0010,1.5606,1.8463,0.2703,0.7762,736546,0,0,0,0,14,0,0.0320,0.0007,0.0979,536.8,1927,7501
1747,ascent,212.983,7.3128,3.0948,4.2180,4.4943,0.0020,1.5555,1.8299,0.2673,0.7670,736546,0,0,0,0,14,0,0.0259,0.0008,0.0852,536.8,1927,7501
1748,ascent,215.146,5.7462,3.5984,2.1478,5.3555,0.0010,2.0572,2.1862,0.2683,0.7639,736546,0,0,0,0,14,0,0.0344,0.0007,0.0964,536.8,1927,7501
1749,ascent,217.354,6.8745,3.4091,3.4654,4.5158,0.0020,1.5749,1.8330,0.2683,0.7639,736546,0,0,0,0,14,0,0.0293,0.0007,0.0904,536.8,1927,7501
1750,ascent,219.606,7.2796,4.7004,2.5792,4.5404,0.0092,1.5800,1.8330,0.2693,0.7752,736546,0,0,0,0,14,0,0.0274,0.0007,0.1255,536.8,1927,7501
1751,ascent,221.904,6.0141,3.8439,2.1702,5.6525,0.0010,1.8678,2.3982,0.2642,1.0424,736546,0,0,0,0,14,0,0.0238,0.0006,0.1210,536.8,1927,7501
1752,ascent,224.249,7.6266,3.5711,4.0555,4.5394,0.0020,1.6067,1.8340,0.2673,0.7547,736546,0,0,0,0,14,0,0.0252,0.0012,0.1540,536.8,1927,7501
1753,ascent,226.642,7.0546,4.7855,2.2691,4.5496,0.0010,1.6097,1.8309,0.2703,0.7639,736546,0,0,0,0,14,0,0.0252,0.0008,0.1377,536.8,1927,7501
1754,ascent,229.084,6.0205,3.8200,2.2005,4.5609,0.0010,1.6261,1.8156,0.2642,0.7752,736546,0,0,0,0,14,0,0.0289,0.0007,0.1006,536.8,1927,7501
1755,ascent,231.575,6.8898,3.6418,3.2480,4.5507,0.0010,1.6353,1.8135,0.2673,0.7608,736546,0,0,0,0,14,0,0.0275,0.0011,0.0829,536.8,1927,7501
1756,ascent,234.117,6.6823,3.3909,3.2914,5.0053,0.0010,1.6466,2.2600,0.2662,0.7588,736546,0,0,0,0,14,0,0.0224,0.0009,0.1019,536.8,1927,7501
1757,ascent,236.711,6.9273,3.2088,3.7185,4.5742,0.0020,1.6609,1.8053,0.2734,0.7588,736546,0,0,0,0,14,0,0.0299,0.0009,0.0881,536.8,1927,7501
1758,ascent,239.357,6.8242,3.9235,2.9007,4.5998,0.0010,1.6814,1.8084,0.2703,0.7660,736546,0,0,0,0,14,0,0.0278,0.0008,0.1245,536.8,1927,7501
1759,ascent,242.058,6.6981,2.9400,3.7581,4.5947,0.0010,1.6927,1.8043,0.2683,0.7547,736546,0,0,0,0,14,0,0.0282,0.0007,0.0890,536.8,1927,7501
1760,ascent,244.814,5.7031,5.6360,0.0671,4.5804,0.0010,1.6876,1.8033,0.2632,0.7475,736546,0,0,0,0,14,0,0.0287,0.0007,0.0951,536.8,1927,7501
1761,ascent,247.626,7.5208,3.2418,4.2790,5.4262,0.0010,2.1740,2.1606,0.2693,0.7465,736546,0,0,0,0,14,0,0.0281,0.0004,0.0797,536.8,1927,7501
1762,ascent,250.495,6.0841,6.0483,0.0358,4.6264,0.0225,1.6916,1.8012,0.2693,0.7629,732450,0,0,4096,0,14,0,1.5268,0.5777,0.0978,536.8,1927,7501
1763,ascent,253.422,7.3007,6.3613,0.9394,4.5988,0.0215,1.6835,1.8104,0.2642,0.7404,728610,0,0,3840,0,14,0,1.5211,0.8504,0.1204,536.8,1927,7501
1764,ascent,256.409,6.9984,5.3601,1.6383,4.5906,0.0164,1.6824,1.7961,0.2662,0.7526,727578,0,0,1032,0,14,0,0.9286,0.4276,0.1151,536.8,1927,7501
1765,ascent,259.457,6.4950,3.8410,2.6540,4.5507,0.0010,1.6732,1.7961,0.2652,0.7383,727578,0,0,0,0,14,0,0.0304,0.0007,0.0970,536.8,1927,7501
1766,ascent,262.567,6.4427,3.2395,3.2032,5.3791,0.0010,2.1432,2.1606,0.2683,0.7291,727578,0,0,0,0,14,0,0.0305,0.0007,0.0946,536.8,1927,7501
1767,ascent,265.741,7.2665,3.5531,3.7134,4.5138,0.0010,1.6486,1.7971,0.2673,0.7250,727578,0,0,0,0,14,0,0.0278,0.0007,0.1818,536.8,1927,7501
1768,ascent,268.979,6.3739,6.3327,0.0412,4.5066,0.0205,1.6343,1.7971,0.2642,0.7158,723738,0,0,3840,0,14,0,1.5529,0.6730,0.1173,536.8,1927,7501
1769,ascent,272.283,7.4334,5.3538,2.0796,4.5025,0.0246,1.6220,1.7930,0.2683,0.7178,718618,0,0,5120,0,14,0,1.5995,0.7701,0.1367,536.8,1927,7501
1770,ascent,275.655,5.4338,5.3675,0.0663,4.4902,0.0256,1.6118,1.7951,0.2673,0.7137,718267,0,0,351,0,14,0,0.6680,0.3533,0.1511,536.8,1927,7501
1771,ascent,279.095,6.6685,5.1530,1.5155,4.9439,0.0215,1.5954,1.7971,0.2662,1.1909,712891,0,0,5376,0,14,0,1.5171,0.5698,0.0992,536.8,1927,7501
1772,ascent,282.605,6.0365,5.9543,0.0822,4.4698,0.0512,1.5862,1.8012,0.2652,0.6963,711823,4743,63,1131,0,14,0,1.5100,0.4711,0.1190,536.8,1927,7501
1773,ascent,286.187,7.2435,7.2049,0.0386,4.7544,0.3226,1.5811,1.8033,0.2683,0.6912,711118,2888,1855,2560,0,14,0,1.6710,0.8538,0.5429,536.8,1927,7501
1774,ascent,289.841,7.1184,5.5562,1.5622,4.7596,0.3523,1.5729,1.8043,0.2673,0.6892,710563,841,2047,2602,0,14,0,1.6154,0.6832,0.2153,536.8,1927,7501
1775,ascent,293.570,7.1320,4.9747,2.1573,4.5742,0.1710,1.5698,1.8094,0.2662,0.6820,708588,0,841,2816,0,14,0,1.3116,0.6617,0.0979,536.8,1927,7501
1776,ascent,297.376,6.6330,4.9679,1.6651,5.0371,0.0225,2.1965,1.8074,0.2652,0.6748,703957,0,0,4631,0,14,0,1.5136,0.5718,0.0920,536.8,1927,7501
1777,ascent,301.258,6.1425,6.1087,0.0338,4.4104,0.0246,1.5565,1.8084,0.2652,0.6840,698887,0,0,5070,0,14,0,1.5937,0.5424,0.1084,536.8,1927,7501
1778,ascent,305.220,7.7874,5.0755,2.7119,4.4165,0.0205,1.5565,1.8104,0.2693,0.6861,694968,0,0,3919,0,14,0,1.5029,0.5836,0.1294,536.8,1927,7501
1779,ascent,309.262,6.0756,4.5026,1.5730,4.4165,0.0195,1.5555,1.8115,0.2673,0.6892,690906,0,0,4062,0,14,0,1.2593,0.4775,0.0890,536.8,1927,7501
1780,ascent,313.387,6.4135,4.8182,1.5953,4.3960,0.0184,1.5555,1.8135,0.2693,0.6717,687777,0,0,3129,0,13,1,1.2510,0.5057,0.1061,536.8,1927,7501
1781,ascent,317.596,6.2178,3.0669,3.1509,5.2224,0.0010,2.0316,2.1832,0.2683,0.6707,687777,0,0,0,0,13,1,0.0248,0.0009,0.0707,536.8,1927,7501
1782,ascent,321.891,5.8673,2.6517,3.2156,4.3868,0.0010,1.5534,1.8145,0.2683,0.6779,687777,0,0,0,0,13,1,0.0612,0.0063,0.3026,536.8,1927,7501
1783,ascent,326.273,7.5888,3.3539,4.2349,4.3735,0.0020,1.5575,1.8156,0.2642,0.6625,687777,0,0,0,0,13,1,0.0294,0.0010,0.0974,536.8,1927,7501
1784,ascent,330.744,6.3207,2.5749,3.7458,4.3796,0.0010,1.5616,1.8156,0.2703,0.6584,687777,0,0,0,0,13,1,0.0247,0.0009,0.0922,536.8,1927,7501
1785,ascent,335.307,5.8393,3.6054,2.2339,4.3643,0.0010,1.5606,1.8156,0.2662,0.6533,687777,0,0,0,0,13,1,0.0357,0.0012,0.1198,536.8,1927,7501
1786,ascent,339.962,6.2056,3.2063,2.9993,4.8466,0.0010,1.5657,2.2753,0.2673,0.6656,687777,0,0,0,0,13,1,0.0234,0.0007,0.1094,536.8,1927,7501
1787,ascent,344.712,6.4285,2.6690,3.7595,4.3878,0.0072,1.5647,1.8299,0.2642,0.6543,687777,0,0,0,0,13,1,0.0286,0.0007,0.0792,536.8,1927,7501
1788,ascent,349.559,6.8774,3.6524,3.2250,4.3694,0.0010,1.5729,1.8135,0.2662,0.6451,687777,0,0,0,0,13,1,0.0311,0.0008,0.0989,536.8,1927,7501
1789,ascent,354.505,6.3541,3.2235,3.1306,4.3725,0.0010,1.5729,1.8094,0.2652,0.6513,687777,0,0,0,0,13,1,0.0268,0.0007,0.1099,536.8,1927,7501
1790,ascent,359.552,6.6014,3.0928,3.5086,4.3725,0.0010,1.5811,1.8125,0.2621,0.6482,687777,0,0,0,0,13,1,0.0396,0.0010,0.0867,536.8,1927,7501
1791,ascent,364.701,5.7399,5.7014,0.0385,4.3930,0.0205,1.5790,1.8094,0.2693,0.6472,683681,0,0,4096,0,13,1,1.5765,0.6496,0.1243,536.8,1927,7501
1792,ascent,369.955,6.3502,4.8531,1.4971,4.7944,0.0236,1.9763,1.8074,0.2673,0.6482,678305,0,0,5376,0,13,1,1.5707,0.5037,0.0822,536.8,1927,7501
1793,ascent,375.317,6.1710,4.6764,1.4946,4.4175,0.0154,1.5933,1.8043,0.2673,0.6666,677086,0,0,1219,0,13,1,0.9488,0.4154,0.1683,536.8,1927,7501
1794,ascent,380.787,6.6938,3.0767,3.6171,4.4196,0.0020,1.6067,1.8063,0.2673,0.6646,677086,0,0,0,0,13,1,0.0254,0.0005,0.0831,536.8,1927,7501
1795,ascent,386.369,6.4145,3.3661,3.0484,4.4206,0.0010,1.6138,1.8022,0.2673,0.6625,677086,0,0,0,0,13,1,0.0232,0.0006,0.0809,536.8,1927,7501
1796,ascent,392.065,6.7816,3.1172,3.6644,4.4145,0.0010,1.6189,1.8022,0.2642,0.6554,677086,0,0,0,0,13,1,0.0244,0.0006,0.0887,536.8,1927,7501
1797,ascent,397.877,5.9358,2.7415,3.1943,5.2439,0.0020,2.2292,2.0142,0.2652,0.6605,677086,0,0,0,0,13,1,0.0280,0.0007,0.1079,536.8,1927,7501
1798,ascent,403.807,6.5855,3.3432,3.2423,4.4268,0.0010,1.6282,1.8104,0.2652,0.6533,677086,0,0,0,0,13,1,0.0232,0.0006,0.0831,536.8,1927,7501
1799,ascent,409.858,7.1609,3.9282,3.2327,4.4155,0.0010,1.6271,1.8074,0.2673,0.6451,677086,0,0,0,0,13,1,0.0251,0.0006,0.0926,536.8,1927,7501
1800,ascent,416.032,6.3134,4.7710,1.5424,4.4390,0.0236,1.6241,1.8002,0.2662,0.6502,670942,0,0,6144,0,13,1,1.5444,0.5108,0.0832,536.8,1927,7501
1801,ascent,422.332,5.8727,4.3941,1.4786,4.4278,0.0195,1.6271,1.7920,0.2673,0.6472,667404,0,0,3538,0,13,1,1.4198,0.5095,0.0898,536.8,1927,7501
1802,ascent,428.760,6.5400,2.9163,3.6237,5.0289,0.0010,2.2497,1.7930,0.2632,0.6472,667404,0,0,0,0,13,1,0.0253,0.0011,0.0794,536.8,1927,7501
1803,ascent,435.320,6.2653,3.3795,2.8858,4.3796,0.0010,1.6148,1.7900,0.2693,0.6318,667404,0,0,0,0,13,1,0.0233,0.0006,0.0795,536.8,1927,7501
1804,ascent,442.013,7.3096,5.2725,2.0371,4.3981,0.0205,1.6220,1.7900,0.2662,0.6267,663052,0,0,4352,0,13,1,1.5367,0.4911,0.1019,536.8,1927,7501
1805,ascent,448.842,5.9993,3.9735,2.0258,4.3981,0.0195,1.6087,1.8063,0.2683,0.6216,660083,0,0,2969,0,13,1,0.9833,0.3838,0.0705,536.8,1927,7501
1806,ascent,455.811,6.5167,3.3889,3.1278,4.3571,0.0010,1.5933,1.7910,0.2693,0.6298,660083,0,0,0,0,13,1,0.0696,0.0006,0.0817,536.8,1927,7501
1807,ascent,462.921,6.0184,4.6132,1.4052,5.1896,0.0225,1.8422,2.3736,0.2662,0.6144,655475,0,0,4608,0,13,1,1.5412,0.4914,0.1013,536.8,1927,7501
1808,ascent,470.176,6.4414,3.7552,2.6862,4.3530,0.0174,1.5831,1.7951,0.2632,0.6277,653001,0,0,2474,0,13,1,1.1515,0.4127,0.0942,536.8,1927,7501
1809,ascent,477.580,6.7059,5.2681,1.4378,4.3663,0.0215,1.5821,1.8022,0.2652,0.6236,648137,0,0,4864,0,13,1,1.5607,0.5569,0.1281,536.8,1927,7501
1810,ascent,485.134,6.5386,3.4607,3.0779,4.3295,0.0164,1.5647,1.8002,0.2693,0.6093,647380,0,0,757,0,13,1,0.5730,0.3109,0.0898,536.8,1927,7501
1811,ascent,492.841,5.9571,5.9258,0.0313,4.3203,0.0236,1.5555,1.8002,0.2703,0.5990,643028,0,0,4352,0,13,1,1.5584,0.5075,0.1074,536.8,1927,7501
1812,ascent,500.706,5.5106,5.4865,0.0241,4.5373,0.0205,1.5340,2.0460,0.2683,0.6042,639161,0,0,3867,0,13,1,1.5259,0.4901,0.0926,536.8,1927,7501
1813,ascent,508.732,6.7673,4.7766,1.9907,4.2783,0.0205,1.5299,1.8012,0.2673,0.5908,634824,0,0,4337,0,13,1,1.5669,0.4761,0.0903,536.8,1927,7501
1814,ascent,516.920,7.1331,5.6292,1.5039,4.2875,0.0215,1.5360,1.8043,0.2703,0.5929,630746,0,0,4078,0,13,1,1.5736,0.6284,0.0957,536.8,1927,7501
1815,ascent,525.276,5.2085,5.1789,0.0296,4.2793,0.0195,1.5268,1.8043,0.2714,0.5939,626859,0,0,3887,0,12,2,1.5711,0.5173,0.1027,536.8,1927,7501
1816,ascent,533.801,7.3387,2.8951,4.4436,4.2506,0.0010,1.5247,1.8043,0.2683,0.5908,626859,0,0,0,0,12,2,0.0286,0.0011,0.0778,536.8,1927,7501
1817,ascent,542.501,5.8239,2.7991,3.0248,4.2476,0.0010,1.5247,1.8022,0.2642,0.5888,626859,0,0,0,0,12,2,0.0223,0.0006,0.0711,536.8,1927,7501
1818,ascent,551.377,5.7229,2.6879,3.0350,4.6326,0.0020,1.9016,1.8053,0.2703,0.5919,626859,0,0,0,0,12,2,0.0240,0.0006,0.1225,536.8,1927,7501
1819,ascent,560.435,6.5196,2.5663,3.9533,4.2445,0.0010,1.5217,1.8063,0.2652,0.5827,626859,0,0,0,0,12,2,0.0229,0.0006,0.0765,536.8,1927,7501
1820,ascent,569.677,6.7178,3.0650,3.6528,4.2424,0.0010,1.5227,1.8012,0.2734,0.5775,626859,0,0,0,0,12,2,0.0239,0.0006,0.0804,536.8,1927,7501
1821,ascent,579.107,6.2013,3.1938,3.0075,4.2465,0.0010,1.5176,1.8043,0.2734,0.5857,626859,0,0,0,0,12,2,0.0228,0.0006,0.0786,536.8,1927,7501
1822,ascent,588.730,5.8219,3.2355,2.5864,4.2383,0.0010,1.5206,1.8033,0.2642,0.5847,626859,0,0,0,0,12,2,0.0301,0.0012,0.1193,536.8,1927,7501
1823,ascent,598.548,6.0068,2.3112,3.6956,4.7094,0.0010,1.5186,2.2682,0.2693,0.5857,626859,0,0,0,0,12,2,0.0234,0.0005,0.0760,536.8,1927,7501
1824,ascent,608.567,6.4366,3.4521,2.9845,4.2271,0.0010,1.5186,1.8033,0.2652,0.5704,626859,0,0,0,0,12,2,0.0277,0.0008,0.0938,536.8,1927,7501
1825,ascent,618.789,6.2418,3.5138,2.7280,4.2271,0.0010,1.5176,1.8063,0.2642,0.5755,626859,0,0,0,0,12,2,0.0282,0.0008,0.0949,536.8,1927,7501
1826,ascent,629.220,6.2176,6.1833,0.0343,4.5619,0.3267,1.5176,1.8033,0.2693,0.5806,628778,3766,1919,0,0,12,2,1.5259,0.4503,0.4487,536.8,1927,7501
1827,ascent,639.863,6.2196,6.1922,0.0274,4.7575,0.5243,1.5186,1.8012,0.2662,0.5796,631977,567,3199,0,0,12,2,1.6319,0.7372,0.2510,536.8,1927,7501
1828,ascent,650.724,6.4173,3.6815,2.7358,4.3796,0.1260,1.5329,1.8125,0.2652,0.5775,632544,0,567,0,0,12,2,0.3637,0.3034,0.1022,536.8,1927,7501
1829,ascent,661.805,7.3273,5.2271,2.1002,4.2568,0.0256,1.5299,1.8002,0.2683,0.5714,628192,0,0,4352,0,12,2,1.5862,0.5980,0.1083,536.8,1927,7501
1830,ascent,673.112,5.5866,5.5500,0.0366,4.6541,0.0297,1.5340,2.1862,0.2693,0.5714,623072,0,0,5120,0,12,2,1.6218,0.5883,0.0914,536.8,1927,7501
1831,ascent,684.650,6.5248,3.7336,2.7912,4.5251,0.0154,1.8084,1.7992,0.2662,0.5745,622976,0,0,96,0,12,2,0.1760,0.2506,0.0914,536.8,1927,7501
1832,ascent,696.423,7.0311,3.6480,3.3831,4.2435,0.0010,1.5401,1.7961,0.2632,0.5755,622976,0,0,0,0,12,2,0.0268,0.0005,0.1086,536.8,1927,7501
1833,ascent,708.435,6.5392,3.4517,3.0875,4.5824,0.0020,1.5421,1.7930,0.2693,0.9093,622976,0,0,0,0,12,2,0.0278,0.0008,0.0937,536.8,1927,7501
1834,ascent,720.692,6.2041,3.3603,2.8438,4.7329,0.0010,2.0337,1.7900,0.2683,0.5724,622976,0,0,0,0,12,2,0.0311,0.0007,0.1071,536.8,1927,7501
1835,ascent,733.199,6.7732,4.5725,2.2007,4.2220,0.0010,1.5401,1.7859,0.2673,0.5601,622976,0,0,0,0,12,2,0.0257,0.0008,0.1422,536.8,1927,7501
1836,ascent,745.961,6.5096,6.4676,0.0420,4.8988,0.0317,2.1893,1.7838,0.2662,0.5612,617344,0,0,5632,0,12,2,1.5515,0.6473,0.0954,536.8,1927,7501
1837,ascent,758.983,6.1883,6.1604,0.0279,4.2312,0.0236,1.5380,1.7807,0.2642,0.5632,613738,0,0,3606,0,12,2,1.5103,0.5564,0.1050,536.8,1927,7501
1838,ascent,772.270,6.2601,3.4604,2.7997,4.2189,0.0010,1.5380,1.7818,0.2724,0.5612,613738,0,0,0,0,12,2,0.0353,0.0006,0.0962,536.8,1927,7501
1839,ascent,785.828,6.1189,3.0056,3.1133,4.1851,0.0020,1.5247,1.7787,0.2693,0.5478,613738,0,0,0,0,12,2,0.0287,0.0007,0.1030,536.8,1927,7501
1840,ascent,799.662,6.1585,6.1255,0.0330,4.2179,0.0287,1.5401,1.7777,0.2683,0.5345,608618,0,0,5120,0,12,2,1.5594,0.6441,0.1241,536.8,1927,7501
1842,ascent,828.181,6.3067,3.0691,3.2376,4.1431,0.0010,1.5135,1.7746,0.2693,0.5233,605602,0,0,0,0,12,2,0.0301,0.0012,0.0881,536.8,1927,7501
1843,ascent,842.878,5.7955,5.7936,0.0019,3.9496,0.0266,1.2974,1.7797,0.2652,0.5181,601250,0,0,4352,0,12,2,1.5151,0.6432,0.1237,536.8,1927,7501
1844,ascent,857.874,5.4219,5.3974,0.0245,4.5865,0.0246,1.5596,2.1514,0.2652,0.5243,597764,0,0,3486,0,12,2,1.5146,0.6437,0.1611,536.8,1927,7501
1845,ascent,873.176,5.4671,5.4400,0.0271,3.9393,0.0236,1.2943,1.7818,0.2673,0.5100,594180,0,0,3584,0,12,2,1.5692,0.6583,0.1298,536.8,1927,7501
1846,ascent,888.789,5.3218,5.2984,0.0234,3.9332,0.0256,1.2820,1.7828,0.2662,0.5151,589019,0,0,5161,0,12,2,1.5485,0.5660,0.0887,536.8,1927,7501
1847,ascent,904.721,4.6579,4.6351,0.0228,4.2680,0.0256,1.6261,1.7879,0.2632,0.4966,584473,0,0,4546,0,12,2,1.2726,0.4702,0.0838,536.8,1927,7501
1848,ascent,920.977,5.9030,5.8773,0.0257,3.8799,0.0215,1.2524,1.7859,0.2693,0.4874,580513,0,0,3960,0,12,2,1.5115,0.5328,0.0950,536.8,1927,7501
1849,ascent,937.565,5.7817,5.7565,0.0252,4.1820,0.0215,1.2524,1.7889,0.2662,0.7905,576114,0,0,4399,0,12,2,1.5318,0.6539,0.1129,536.8,1927,7501
1850,ascent,954.490,4.0691,4.0428,0.0263,3.8881,0.0164,1.2554,1.7889,0.2765,0.4905,575354,0,0,760,0,11,3,0.3429,0.2726,0.1018,536.8,1927,7501
1851,ascent,971.760,6.7222,3.9463,2.7759,3.8564,0.0010,1.2575,1.7869,0.2673,0.4833,575354,0,0,0,0,11,3,0.0262,0.0004,0.0812,536.8,1927,7501
1852,ascent,989.382,5.8456,2.6295,3.2161,4.3325,0.0010,1.2595,2.0255,0.4987,0.4874,575354,0,0,0,0,11,3,0.0266,0.0006,0.0694,536.8,1927,7501
1853,ascent,1007.363,5.4868,2.9302,2.5566,3.8707,0.0010,1.2657,1.7889,0.2724,0.4803,575354,0,0,0,0,11,3,0.0247,0.0009,0.0985,536.8,1927,7501
1854,ascent,1025.711,6.5952,3.1444,3.4508,3.8605,0.0010,1.2595,1.7869,0.2652,0.4844,575354,0,0,0,0,11,3,0.0317,0.0010,0.1116,536.8,1927,7501
1855,ascent,1044.432,5.9508,2.7051,3.2457,4.7043,0.0010,1.2626,2.0337,0.6164,0.7270,575354,0,0,0,0,11,3,0.0270,0.0006,0.0980,536.8,1927,7501
1856,ascent,1063.534,5.7156,3.8718,1.8438,3.8646,0.0010,1.2616,1.7869,0.2714,0.4823,575354,0,0,0,0,11,3,0.0410,0.0011,0.1016,536.8,1927,7501
1857,ascent,1083.026,5.9906,3.7917,2.1989,3.8543,0.0010,1.2616,1.7848,0.2683,0.4772,575354,0,0,0,0,11,3,0.0281,0.0006,0.0916,536.8,1927,7501
1858,ascent,1102.915,6.0232,2.2122,3.8110,4.9121,0.0010,1.7521,2.3562,0.2652,0.4762,575354,0,0,0,0,11,3,0.0266,0.0006,0.0968,536.8,1927,7501
1859,ascent,1123.209,5.5764,2.7340,2.8424,3.8461,0.0010,1.2626,1.7848,0.2652,0.4710,575354,0,0,0,0,11,3,0.0240,0.0005,0.0699,536.8,1927,7501
1860,ascent,1143.917,6.7954,3.4240,3.3714,3.8758,0.0072,1.2657,1.7859,0.2734,0.4823,575354,0,0,0,0,11,3,0.0313,0.0008,0.1109,536.8,1927,7501
1861,ascent,1165.046,5.5557,5.5153,0.0404,4.5138,0.0225,1.2687,2.0480,0.6298,0.4823,570746,0,0,4608,0,11,3,1.5085,0.4826,0.0936,536.8,1927,7501
1862,ascent,1186.606,5.7744,5.7479,0.0265,3.8861,0.0215,1.2698,1.7848,0.2673,0.4813,566906,0,0,3840,0,11,3,1.5772,0.6434,0.1368,536.8,1927,7501
1863,ascent,1208.605,5.8539,5.8121,0.0418,3.9260,0.0532,1.2749,1.7828,0.2714,0.4813,565430,5057,63,1539,0,11,3,1.5622,0.3856,0.0933,536.8,1927,7501
1864,ascent,1231.052,5.6905,5.6684,0.0221,4.7217,0.6277,1.5063,1.7807,0.2714,0.4700,569269,2904,3839,0,0,11,3,1.6883,0.6843,0.3492,536.8,1927,7501
1865,ascent,1253.957,5.5159,5.4934,0.0225,4.3684,0.4874,1.2841,1.7807,0.2673,0.4864,572173,0,2904,0,0,11,3,0.9620,0.7013,0.1638,536.8,1927,7501
1866,ascent,1277.328,8.1690,2.5747,5.5943,4.7278,0.0010,1.5677,2.3521,0.2662,0.4813,572173,0,0,0,0,11,3,0.0252,0.0004,0.0780,536.8,1927,7501
1867,ascent,1301.176,6.5609,6.5199,0.0410,3.8902,0.0215,1.2902,1.7746,0.2683,0.4741,567821,0,0,4352,0,11,3,1.5913,0.6023,0.1563,536.8,1927,7501
1868,ascent,1325.509,6.1813,6.1552,0.0261,3.8932,0.0205,1.2943,1.7746,0.2642,0.4803,564039,0,0,3782,0,11,3,1.5141,0.5807,0.0924,536.8,1927,7501
1869,ascent,1350.338,6.0948,3.0573,3.0375,3.8707,0.0010,1.2933,1.7725,0.2632,0.4792,564039,0,0,0,0,11,3,0.0275,0.0007,0.1001,536.8,1927,7501
1870,ascent,1375.673,5.7518,3.0029,2.7489,3.8758,0.0010,1.2943,1.7664,0.2693,0.4844,564039,0,0,0,0,11,3,0.0261,0.0005,0.0726,536.8,1927,7501
1871,ascent,1401.524,5.7012,5.6657,0.0355,3.8963,0.0236,1.3117,1.7633,0.2683,0.4680,559431,0,0,4608,0,11,3,1.5361,0.6272,0.1035,536.8,1927,7501
1872,ascent,1427.901,5.6207,4.1712,1.4495,4.2547,0.0205,1.6845,1.7623,0.2642,0.4618,556252,0,0,3179,0,11,3,1.0937,0.4442,0.0950,536.8,1927,7501
1873,ascent,1454.817,6.2789,3.9394,2.3395,3.8523,0.0010,1.2984,1.7582,0.2683,0.4659,556252,0,0,0,0,11,3,0.0537,0.0007,0.1190,536.8,1927,7501
1874,ascent,1482.280,6.1611,6.1133,0.0478,4.3500,0.0256,1.3005,1.9907,0.2683,0.7045,551644,0,0,4608,0,11,3,1.5248,0.5580,0.1390,536.8,1927,7501
1875,ascent,1510.303,5.7541,4.1608,1.5933,4.0991,0.0195,1.2841,1.7541,0.2642,0.7168,548861,0,0,2783,0,11,3,1.2985,0.4779,0.1116,536.8,1927,7501
1876,ascent,1538.897,6.0130,5.9748,0.0382,3.8441,0.0215,1.2810,1.7541,0.2673,0.4567,544253,0,0,4608,0,11,3,1.5569,0.5289,0.0945,536.8,1927,7501
1877,ascent,1568.073,5.8724,5.8495,0.0229,4.8835,0.0195,1.2554,2.8273,0.2683,0.4526,540493,0,0,3760,0,11,3,1.5397,0.6907,0.2930,536.8,1927,7501
1878,ascent,1597.844,6.3853,4.5331,1.8522,3.7724,0.0215,1.2278,1.7531,0.2693,0.4403,536421,0,0,4072,0,11,3,1.1031,0.4728,0.0890,536.8,1927,7501
1879,ascent,1628.222,6.4338,4.9631,1.4707,3.7530,0.0215,1.2206,1.7541,0.2642,0.4321,532762,0,0,3659,0,11,3,1.1931,0.5364,0.0977,536.8,1927,7501
1880,ascent,1659.218,5.5917,5.5575,0.0342,4.5271,0.0205,1.9722,1.7562,0.2734,0.4444,528778,0,0,3984,0,11,3,1.3048,0.6652,0.1212,536.8,1927,7501
1881,ascent,1690.846,5.6541,3.7954,1.8587,3.7304,0.0154,1.2042,1.7551,0.2662,0.4270,526794,0,0,1984,0,10,4,0.5493,0.3081,0.0833,536.8,1927,7501
1882,ascent,1723.118,6.1593,3.0769,3.0824,3.7100,0.0010,1.2022,1.7582,0.2693,0.4188,526794,0,0,0,0,10,4,0.0266,0.0010,0.1020,536.8,1927,7501
1883,ascent,1756.047,5.4138,5.3787,0.0351,4.3725,0.0461,1.8166,1.7603,0.2662,0.4209,526857,10177,63,0,0,11,4,1.5661,0.2435,0.1159,536.8,1927,7501
1884,ascent,1789.648,7.6685,7.6417,0.0268,4.2547,0.5530,1.2001,1.7633,0.2683,0.4106,530440,9078,3583,0,0,11,4,1.8528,0.8703,0.2062,536.8,1927,7501
1885,ascent,1823.933,6.1991,6.1704,0.0287,5.0248,0.6830,1.2012,2.3900,0.2775,0.4086,534983,4535,4543,0,0,11,4,1.7929,0.8119,0.1222,536.8,1927,7501
1886,ascent,1858.916,6.0057,5.9790,0.0267,4.3725,0.6451,1.2052,1.7633,0.2652,0.4311,539334,184,4351,0,0,11,4,1.6541,0.7275,0.1378,536.8,1927,7501
1887,ascent,1894.612,6.2307,4.6378,1.5929,3.7806,0.0635,1.2073,1.7623,0.2662,0.4209,539518,0,184,0,0,11,4,0.1372,0.2492,0.1491,536.8,1927,7501
1888,ascent,1931.036,6.5639,4.9571,1.6068,4.3121,0.2140,1.5821,1.7623,0.2703,0.4209,540541,7030,1023,0,0,11,4,1.5237,0.3442,0.1251,536.8,1927,7501
1889,ascent,1968.202,6.6684,6.6322,0.0362,4.6879,0.9452,1.2114,1.7623,0.2703,0.4362,544892,2679,4351,0,0,11,4,1.7285,0.8753,0.5610,536.8,1927,7501
1890,ascent,2006.124,6.1844,6.1526,0.0318,4.5824,0.4608,1.2114,1.7633,0.2703,0.8141,547571,0,2679,0,0,11,4,1.3562,0.5541,0.1482,536.8,1927,7501
1891,ascent,2044.820,6.1717,2.7904,3.3813,3.7448,0.0020,1.2145,1.7603,0.2673,0.4403,547571,0,0,0,0,11,4,0.0262,0.0006,0.0715,536.8,1927,7501
1892,ascent,2084.303,7.1765,7.1159,0.0606,3.7458,0.0010,1.2165,1.7633,0.2673,0.4362,547571,0,0,0,0,11,4,0.0248,0.0011,0.1444,536.8,1927,7501
1893,ascent,2124.591,5.3839,3.6090,1.7749,4.3244,0.0010,1.2186,2.3368,0.2673,0.4383,547571,0,0,0,0,11,4,0.0241,0.0007,0.1074,536.8,1927,7501
1894,ascent,2165.700,5.8677,4.1169,1.7508,3.7468,0.0020,1.2196,1.7613,0.2662,0.4383,547571,0,0,0,0,11,4,0.0315,0.0009,0.1087,536.8,1927,7501
1895,ascent,2207.647,6.2948,4.0723,2.2225,3.7468,0.0010,1.2196,1.7613,0.2693,0.4352,547571,0,0,0,0,11,4,0.0384,0.0011,0.1086,536.8,1927,7501
1896,ascent,2250.448,5.5040,3.4543,2.0497,4.1052,0.0010,1.2206,2.1248,0.2673,0.4321,547571,0,0,0,0,11,4,0.0235,0.0007,0.1002,536.8,1927,7501
1897,ascent,2294.121,5.8831,3.6274,2.2557,3.7417,0.0010,1.2165,1.7592,0.2683,0.4362,547571,0,0,0,0,11,4,0.0245,0.0005,0.1220,536.8,1927,7501
1898,ascent,2338.684,5.9858,5.9299,0.0559,3.7714,0.0236,1.2237,1.7592,0.2673,0.4372,543219,0,0,4352,0,11,4,1.5607,0.5942,0.1240,536.8,1927,7501
1899,ascent,2384.154,5.8017,5.7714,0.0303,4.7319,0.0338,1.4776,2.2333,0.4956,0.4332,538611,0,0,4608,0,11,4,1.6037,0.7528,0.1331,536.8,1927,7501
1900,ascent,2430.551,5.6165,3.7580,1.8585,3.7458,0.0164,1.2196,1.7572,0.2652,0.4291,538326,0,0,285,0,11,4,0.3651,0.2604,0.1064,536.8,1927,7501
1901,ascent,2477.894,6.2671,3.5711,2.6960,3.7315,0.0010,1.2165,1.7572,0.2693,0.4280,538326,0,0,0,0,11,4,0.0292,0.0007,0.0917,536.8,1927,7501
1902,ascent,2526.200,5.5495,3.3812,2.1683,3.7304,0.0010,1.2186,1.7562,0.2683,0.4280,538326,0,0,0,0,11,4,0.0262,0.0006,0.0906,536.8,1927,7501
1903,ascent,2575.491,5.2116,3.1016,2.1100,3.7304,0.0010,1.2206,1.7521,0.2683,0.4291,538326,0,0,0,0,11,4,0.0258,0.0007,0.0850,536.8,1927,7501
1904,ascent,2625.787,5.0358,5.0005,0.0353,3.7581,0.0297,1.2308,1.7521,0.2642,0.4219,531414,0,0,6912,0,11,4,1.5399,0.5571,0.0914,536.8,1927,7501
1905,ascent,2677.106,6.5603,4.2369,2.3234,4.3397,0.0174,1.4694,2.1023,0.2662,0.4219,529596,0,0,1818,0,11,4,0.7328,0.3165,0.0702,536.8,1927,7501
1906,ascent,2729.472,5.0916,3.5032,1.5884,3.7151,0.0010,1.2247,1.7469,0.2662,0.4198,529596,0,0,0,0,11,4,0.0391,0.0019,0.1642,536.8,1927,7501
1907,ascent,2782.904,6.7108,3.4808,3.2300,3.7140,0.0010,1.2216,1.7418,0.2703,0.4209,529596,0,0,0,0,11,4,0.0251,0.0007,0.1024,536.8,1927,7501
1908,ascent,2837.425,5.3893,5.3386,0.0507,3.7294,0.0256,1.2288,1.7418,0.2652,0.4096,522428,0,0,7168,0,11,4,1.5333,0.8211,0.0933,536.8,1927,7501
1909,ascent,2893.057,5.4146,5.3928,0.0218,3.8205,0.1260,1.2186,1.7388,0.2642,0.4157,521814,1916,639,1253,0,11,4,1.5214,0.4742,0.3239,536.8,1927,7501
1910,ascent,2949.822,5.2619,5.2386,0.0233,4.0049,0.3164,1.2073,1.7398,0.2621,0.4178,519378,0,1916,4352,0,11,4,1.4866,0.5612,0.0801,536.8,1927,7501
1911,ascent,3007.743,5.8386,3.3897,2.4489,4.0520,0.0154,1.5667,1.7398,0.2693,0.4004,518537,0,0,841,0,11,4,0.5295,0.2768,0.0985,536.8,1927,7501
1912,ascent,3066.845,6.4247,4.9702,1.4545,3.6884,0.0205,1.1971,1.7398,0.2662,0.4024,514441,0,0,4096,0,11,4,1.5602,0.6100,0.1330,536.8,1927,7501
1913,ascent,3127.150,5.9588,5.9215,0.0373,3.6649,0.0205,1.1827,1.7388,0.2652,0.3973,509787,0,0,4654,0,11,4,1.5217,0.4506,0.1431,536.8,1927,7501
1914,ascent,3188.685,5.7027,4.1601,1.5426,3.6383,0.0195,1.1561,1.7449,0.2683,0.3912,505811,0,0,3976,0,11,4,1.2550,0.3943,0.0736,536.8,1927,7501
1915,ascent,3251.473,5.3635,5.3314,0.0321,3.6403,0.0317,1.1489,1.7428,0.2693,0.3891,502054,0,0,3757,0,11,4,1.1805,0.4375,0.1051,536.8,1927,7501
1916,ascent,3315.540,5.4978,3.9942,1.5036,3.6086,0.0184,1.1346,1.7408,0.2703,0.3850,497977,0,0,4077,0,11,4,1.2489,0.4534,0.0832,536.8,1927,7501
1917,ascent,3380.912,5.0374,5.0074,0.0300,4.4186,0.0164,1.1325,2.3347,0.4833,0.3922,495673,0,0,2304,0,10,5,0.7136,0.3117,0.0823,536.8,1927,7501
1918,ascent,3447.616,5.5740,3.4991,2.0749,3.5850,0.0010,1.1346,1.7398,0.2673,0.3799,495673,0,0,0,0,10,5,0.0280,0.0005,0.0904,536.8,1927,7501
1919,ascent,3515.679,6.5191,3.9269,2.5922,3.5840,0.0010,1.1315,1.7428,0.2662,0.3789,495673,0,0,0,0,10,5,0.0271,0.0005,0.1087,536.8,1927,7501
1920,ascent,3585.129,5.2312,2.6608,2.5704,3.5901,0.0020,1.1325,1.7459,0.2683,0.3789,495673,0,0,0,0,10,5,0.0218,0.0005,0.0944,536.8,1927,7501
1921,ascent,3655.994,5.5230,3.3234,2.1996,3.5860,0.0010,1.1366,1.7459,0.2632,0.3809,495673,0,0,0,0,10,5,0.0268,0.0006,0.1279,536.8,1927,7501
1922,ascent,3728.303,5.1866,3.6630,1.5236,3.5973,0.0020,1.1366,1.7572,0.2652,0.3768,495673,0,0,0,0,10,5,0.0253,0.0007,0.0913,536.8,1927,7501
1923,ascent,3802.084,5.1510,3.0744,2.0766,3.9547,0.0010,1.1459,1.7439,0.2693,0.3768,495673,0,0,0,0,10,5,0.0232,0.0006,0.0791,536.8,1927,7501
1924,ascent,3877.369,5.7481,2.8650,2.8831,3.5912,0.0010,1.1459,1.7428,0.2662,0.3748,495673,0,0,0,0,10,5,0.0220,0.0004,0.0759,536.8,1927,7501
1925,ascent,3954.188,5.7457,3.0731,2.6726,3.6076,0.0020,1.1438,1.7469,0.2683,0.3820,495673,0,0,0,0,10,5,0.0247,0.0006,0.0822,536.8,1927,7501
1926,ascent,4032.571,5.6107,3.0225,2.5882,3.5983,0.0010,1.1469,1.7459,0.2693,0.3748,495673,0,0,0,0,10,5,0.0234,0.0006,0.0812,536.8,1927,7501
1927,ascent,4112.552,5.5944,3.5194,2.0750,3.5973,0.0010,1.1500,1.7439,0.2652,0.3768,495673,0,0,0,0,10,5,0.0235,0.0007,0.0860,536.8,1927,7501
1928,ascent,4194.162,5.1585,3.1296,2.0289,3.5973,0.0010,1.1540,1.7428,0.2652,0.3738,495673,0,0,0,0,10,5,0.0248,0.0005,0.0729,536.8,1927,7501
1929,ascent,4277.435,5.4268,5.3964,0.0304,4.0673,0.4526,1.1540,1.7449,0.2703,0.3768,498683,0,3010,0,0,10,5,1.2727,0.4578,0.0937,536.8,1927,7501
1930,ascent,4362.404,5.3457,3.8425,1.5032,3.6127,0.0020,1.1561,1.7439,0.2724,0.3779,498683,0,0,0,0,10,5,0.0279,0.0009,0.0903,536.8,1927,7501
1931,ascent,4449.104,6.9955,3.3728,3.6227,3.6024,0.0010,1.1571,1.7428,0.2642,0.3758,498683,0,0,0,0,10,5,0.0250,0.0006,0.0850,536.8,1927,7501
1932,ascent,4537.571,5.7395,3.0679,2.6716,3.6065,0.0010,1.1571,1.7408,0.2683,0.3758,498683,0,0,0,0,10,5,0.0240,0.0006,0.0818,536.8,1927,7501
1933,ascent,4627.840,5.3470,3.1960,2.1510,3.6055,0.0020,1.1540,1.7439,0.2673,0.3779,498683,0,0,0,0,10,5,0.0303,0.0008,0.0980,536.8,1927,7501
1934,ascent,4719.948,6.0405,6.0078,0.0327,3.8738,0.0256,1.1602,1.7428,0.2673,0.6175,493563,0,0,5120,0,10,5,1.5476,0.4369,0.1079,536.8,1927,7501
1935,ascent,4813.933,5.2643,5.2389,0.0254,3.6301,0.0246,1.1581,1.7428,0.2662,0.3748,489467,0,0,4096,0,10,5,1.5515,0.4405,0.0952,536.8,1927,7501
1936,ascent,4909.833,4.4554,4.4252,0.0302,3.6065,0.0154,1.1612,1.7398,0.2662,0.3635,489382,0,0,85,0,10,5,0.2228,0.2302,0.1306,536.8,1927,7501
1937,ascent,5007.686,6.5657,2.9179,3.6478,3.9834,0.0020,1.5544,1.7388,0.2642,0.3656,489382,0,0,0,0,10,5,0.0233,0.0005,0.0645,536.8,1927,7501
1938,ascent,5107.533,5.2211,2.0912,3.1299,3.9936,0.0010,1.5616,1.7367,0.2642,0.3727,489382,0,0,0,0,10,5,0.0246,0.0011,0.0840,536.8,1927,7501
1939,ascent,5209.414,6.0467,2.9462,3.1005,3.9660,0.0010,1.5319,1.7388,0.2703,0.3645,489382,0,0,0,0,10,5,0.0237,0.0005,0.0788,536.8,1927,7501
1940,ascent,5313.370,5.5550,5.5219,0.0331,4.1421,0.0215,1.6927,1.7336,0.2662,0.3697,484774,0,0,4608,0,10,5,1.5740,0.5835,0.1147,536.8,1927,7501
1941,ascent,5419.445,5.3824,5.3583,0.0241,4.5025,0.0205,2.0490,1.7357,0.2683,0.3686,480678,0,0,4096,0,10,5,1.6527,0.5756,0.0977,536.8,1927,7501
1942,ascent,5527.681,6.6250,3.8674,2.7576,4.0888,0.0164,1.6497,1.7326,0.2673,0.3645,480044,0,0,634,0,10,5,0.4808,0.2730,0.0955,536.8,1927,7501
1943,ascent,5638.121,5.6950,5.6551,0.0399,4.1083,0.0215,1.6609,1.7316,0.2703,0.3645,474924,0,0,5120,0,10,5,1.5371,0.5605,0.1150,536.8,1927,7501
1944,ascent,5750.812,6.6212,3.9863,2.6349,4.0724,0.0164,1.6445,1.7285,0.2662,0.3584,473562,0,0,1362,0,10,5,0.7832,0.2987,0.1195,536.8,1927,7501
1945,ascent,5865.799,5.2901,5.2350,0.0551,4.0653,0.0215,1.6210,1.7428,0.2652,0.3543,468382,0,0,5180,0,10,5,1.3093,0.6325,0.1088,536.8,1927,7501
1946,ascent,5983.128,6.2652,2.9582,3.3070,4.2588,0.0010,1.5923,1.7326,0.5181,0.3553,468382,0,0,0,0,10,5,0.0312,0.0005,0.0814,536.8,1927,7501
1947,ascent,6102.848,6.2165,6.1808,0.0357,4.0735,0.0205,1.6486,1.7285,0.2673,0.3451,463774,0,0,4608,0,10,5,1.5613,0.7940,0.0962,536.8,1927,7501
1948,ascent,6225.007,6.5323,6.5100,0.0223,3.9567,0.0236,1.5268,1.7306,0.2693,0.3430,460149,0,0,3625,0,10,5,1.5795,0.6064,0.1007,536.8,1927,7501
1949,ascent,6349.654,5.1916,5.1709,0.0207,3.8861,0.0522,1.4336,1.7316,0.2673,0.3420,457201,3582,63,3011,0,10,5,1.5772,0.4358,0.3488,536.8,1927,7501
1950,ascent,6476.842,5.8256,5.8044,0.0212,3.8932,0.1833,1.3097,1.7336,0.2683,0.3379,455993,2559,1023,2231,0,10,5,1.6480,0.7319,0.5242,536.8,1927,7501
1951,ascent,6606.620,5.4213,5.3996,0.0217,4.4810,0.3707,1.2667,1.9630,0.2683,0.5509,454598,192,2367,3762,0,10,5,1.6015,0.7710,0.1344,536.8,1927,7501
1952,ascent,6739.042,5.8325,4.2906,1.5419,3.7059,0.0707,1.2493,1.7367,0.2632,0.3267,451480,0,192,3310,0,9,6,1.0577,0.4838,0.1107,536.8,1927,7501
1953,ascent,6874.162,7.2903,5.2172,2.0731,3.6454,0.0174,1.2227,1.7367,0.2673,0.3287,448317,0,0,3163,0,9,6,1.2301,0.5364,0.1251,536.8,1927,7501
1954,ascent,7012.035,5.4546,2.7712,2.6834,3.6178,0.0020,1.2237,1.7377,0.2652,0.3277,448317,0,0,0,0,9,6,0.0286,0.0011,0.1034,536.8,1927,7501
1955,ascent,7152.717,5.3702,3.2361,2.1341,3.6147,0.0010,1.2206,1.7367,0.2673,0.3277,448317,0,0,0,0,9,6,0.0279,0.0010,0.0896,536.8,1927,7501
1956,ascent,7296.265,5.5693,2.8223,2.7470,3.6188,0.0072,1.2216,1.7357,0.2693,0.3246,448317,0,0,0,0,9,6,0.0260,0.0007,0.1207,536.8,1927,7501
1957,ascent,7442.738,5.2911,2.6620,2.6291,3.8748,0.0010,1.2216,1.7377,0.2673,0.5868,448317,0,0,0,0,9,6,0.0279,0.0009,0.0747,536.8,1927,7501
1958,ascent,7592.194,5.3442,3.2037,2.1405,3.6096,0.0010,1.2196,1.7377,0.2621,0.3277,448317,0,0,0,0,9,6,0.0260,0.0006,0.0900,536.8,1927,7501
1959,ascent,7744.696,5.8614,3.4189,2.4425,3.6055,0.0010,1.2155,1.7388,0.2642,0.3246,448317,0,0,0,0,9,6,0.0403,0.0008,0.1235,536.8,1927,7501
1960,ascent,7900.304,5.8809,5.8436,0.0373,3.6424,0.0266,1.2165,1.7377,0.2683,0.3308,443453,0,0,4864,0,9,6,1.5411,0.6316,0.1197,536.8,1927,7501
1961,ascent,8059.083,5.6553,5.6310,0.0243,3.6383,0.0338,1.2083,1.7367,0.2642,0.3328,439101,0,0,4352,0,9,6,1.5474,0.4774,0.1082,536.8,1927,7501
1962,ascent,8221.097,4.4483,4.4227,0.0256,3.6239,0.0154,1.2114,1.7377,0.2673,0.3308,438881,0,0,220,0,9,6,0.3166,0.2280,0.0969,536.8,1927,7501
1963,ascent,8386.411,5.4363,3.3582,2.0781,3.6024,0.0020,1.2073,1.7388,0.2652,0.3297,438881,0,0,0,0,9,6,0.0272,0.0006,0.0943,536.8,1927,7501
1964,ascent,8555.094,5.4344,3.2922,2.1422,4.1708,0.0010,1.7787,1.7357,0.2632,0.3308,438881,0,0,0,0,9,6,0.0255,0.0012,0.1199,536.8,1927,7501
1965,ascent,8727.213,6.3467,6.3114,0.0353,3.8451,0.2355,1.1940,1.7480,0.2683,0.3369,440288,2895,1407,0,0,9,6,1.5515,0.5219,0.4106,536.8,1927,7501
1966,ascent,8902.838,6.1320,6.1112,0.0208,3.8513,0.2642,1.1848,1.7357,0.2673,0.3348,436959,1360,1535,4864,0,9,6,1.6230,1.0011,0.3115,536.8,1927,7501
1967,ascent,9082.042,5.9726,5.9481,0.0245,3.8236,0.2376,1.1807,1.7357,0.2683,0.3410,435759,0,1360,2560,0,9,6,1.5441,0.6363,0.1479,536.8,1927,7501
1968,ascent,9264.896,5.2455,3.6819,1.5636,3.5953,0.0154,1.1756,1.7357,0.2642,0.3441,435424,0,0,335,0,9,6,0.2644,0.2005,0.0675,536.8,1927,7501
1969,ascent,9451.476,5.2295,3.1913,2.0382,3.8062,0.0020,1.1633,1.7347,0.5038,0.3420,435424,0,0,0,0,9,6,0.0294,0.0009,0.0975,536.8,1927,7501
1970,ascent,9641.857,6.4136,6.3780,0.0356,3.6260,0.0276,1.2001,1.7326,0.2662,0.3400,430304,0,0,5120,0,9,6,1.5365,0.7150,0.1144,536.8,1927,7501
1971,ascent,9836.117,4.9350,4.9045,0.0305,3.5922,0.0174,1.1817,1.7316,0.2642,0.3389,428176,0,0,2128,0,9,6,1.1565,0.4818,0.1292,536.8,1927,7501
1972,ascent,10034.335,5.6533,3.5150,2.1383,3.5686,0.0010,1.1735,1.7316,0.2673,0.3359,428176,0,0,0,0,9,6,0.0277,0.0007,0.1031,536.8,1927,7501
1973,ascent,10236.591,6.4794,6.4403,0.0391,3.6014,0.0276,1.1766,1.7285,0.2673,0.3389,422800,0,0,5376,0,9,6,1.5675,0.6144,0.1128,536.8,1927,7501
1974,ascent,10442.967,4.9607,4.9301,0.0306,3.5584,0.0164,1.1510,1.7254,0.2693,0.3338,421390,0,0,1410,0,9,6,0.6932,0.3410,0.0958,536.8,1927,7501
1975,ascent,10653.548,5.7044,5.6787,0.0257,3.5543,0.0307,1.1315,1.7336,0.2662,0.3297,416270,0,0,5120,0,9,6,1.5781,0.6468,0.1658,536.8,1927,7501
1976,ascent,10868.419,6.5458,6.5236,0.0222,4.1574,0.0256,1.3855,2.0849,0.2693,0.3297,411761,0,0,4509,0,9,6,1.5603,0.6256,0.0886,536.8,1927,7501
1977,ascent,11087.668,6.2564,6.2303,0.0261,3.5144,0.0215,1.1069,1.7213,0.2673,0.3359,408433,0,0,3328,0,9,6,1.5809,0.4262,0.1156,536.8,1927,7501
1978,ascent,11311.384,5.2063,5.1403,0.0660,3.4929,0.0215,1.0957,1.7213,0.2683,0.3277,403633,0,0,4800,0,9,6,1.5337,0.5561,0.0989,536.8,1927,7501
1979,ascent,11539.657,6.2791,6.2540,0.0251,3.4785,0.0266,1.0732,1.7224,0.2714,0.3267,400211,0,0,3422,0,9,6,1.5399,0.5866,0.1349,536.8,1927,7501
1980,ascent,11772.581,5.3311,5.3031,0.0280,3.4386,0.0205,1.0568,1.7203,0.2632,0.3205,394888,0,0,5323,0,9,6,1.5714,0.6226,0.1263,536.8,1927,7501
1981,ascent,12010.251,4.7826,4.7641,0.0185,3.4642,0.0553,1.0476,1.7224,0.2662,0.3133,389733,2497,63,5218,0,8,7,1.5334,0.4399,0.0832,536.8,1927,7501
1982,ascent,12252.763,5.1390,5.1163,0.0227,4.1646,0.7721,1.0281,1.7203,0.2652,0.3185,394896,0,5163,0,0,8,7,1.4817,0.5798,0.0866,536.8,1927,7501
1983,ascent,12500.215,3.0966,3.0649,0.0317,3.9598,0.0010,1.0148,2.0736,0.4987,0.3133,394896,0,0,0,0,8,7,0.0255,0.0008,0.0717,536.8,1927,7501
1984,ascent,12752.709,5.8756,2.6823,3.1933,3.3516,0.0010,0.9974,1.7265,0.2642,0.3041,394896,0,0,0,0,8,7,0.0104,0.0005,0.0646,536.8,1927,7501
1985,ascent,13010.347,5.7594,5.7199,0.0395,3.3792,0.0297,0.9851,1.7295,0.2683,0.3072,390544,0,0,4352,0,8,7,1.5222,0.4724,0.0967,536.8,1927,7501
1986,ascent,13273.233,4.9498,4.9299,0.0199,3.3577,0.0215,0.9769,1.7398,0.2632,0.2970,386960,0,0,3584,0,8,7,1.5673,0.3906,0.0872,536.8,1927,7501
1987,ascent,13541.476,5.4416,2.9849,2.4567,3.3444,0.0164,0.9646,1.7408,0.2673,0.2970,386775,0,0,185,0,8,7,0.2128,0.1649,0.0741,536.8,1927,7501
1988,ascent,13815.184,5.2883,2.7148,2.5735,3.6977,0.0010,1.3404,1.7336,0.2693,0.2949,386775,0,0,0,0,8,7,0.0250,0.0007,0.0937,536.8,1927,7501
1989,ascent,14094.468,5.6828,5.6543,0.0285,3.4007,0.0266,1.0127,1.7357,0.2683,0.2970,380631,0,0,6144,0,8,7,1.6159,0.8813,0.0988,536.8,1927,7501
1990,ascent,14379.441,4.7915,3.3822,1.4093,3.3710,0.0154,0.9984,1.7326,0.2673,0.2980,380224,0,0,407,0,8,7,0.6384,0.1866,0.0674,536.8,1927,7501
1992,ascent,14966.925,5.1936,3.2255,1.9681,3.3434,0.0010,0.9871,1.7316,0.2693,0.2959,380224,0,0,0,0,8,7,0.0248,0.0007,0.0820,536.8,1927,7501
1993,ascent,15269.674,5.0867,5.0849,0.0018,3.3597,0.0246,0.9769,1.7326,0.2632,0.3021,373582,0,0,6642,0,8,7,1.4208,0.5523,0.0908,536.8,1927,7501
1994,ascent,15578.590,5.8050,5.7836,0.0214,3.3321,0.0010,0.9697,1.7347,0.2642,0.3011,373582,0,0,0,0,8,7,0.0541,0.0006,0.0787,536.8,1927,7501
1995,ascent,15893.800,3.0148,2.9791,0.0357,3.3249,0.0010,0.9605,1.7347,0.2683,0.3021,373582,0,0,0,0,8,7,0.0255,0.0029,0.0852,536.8,1927,7501
1996,ascent,16215.432,2.9691,2.9418,0.0273,3.3178,0.0020,0.9452,1.7439,0.2662,0.3021,373582,0,0,0,0,8,7,0.0099,0.0005,0.0674,536.8,1927,7501
1997,ascent,16543.617,4.7315,3.3307,1.4008,3.7908,0.0020,0.9677,2.1914,0.2673,0.3031,373582,0,0,0,0,8,7,0.0099,0.0006,0.0807,536.8,1927,7501
1998,ascent,16878.488,4.5522,4.5271,0.0251,3.3516,0.0225,0.9574,1.7316,0.2703,0.3041,367694,0,0,5888,0,8,7,1.5783,0.4665,0.0796,536.8,1927,7501
1999,ascent,17220.181,5.6181,5.5960,0.0221,3.3751,0.0317,0.9708,1.7306,0.2683,0.3082,361740,0,0,5954,0,8,7,1.5220,0.5311,0.1856,536.8,1927,7501
2000,ascent,17568.836,5.7432,4.3417,1.4015,3.3894,0.0563,0.9667,1.7295,0.2683,0.3103,358680,3777,63,3123,0,8,7,1.5474,0.3380,0.0794,536.8,1927,7501
2001,ascent,17924.594,5.7597,5.7317,0.0280,3.7376,0.4004,0.9615,1.7306,0.2652,0.3082,357975,3628,2623,3328,0,8,7,1.6306,0.5713,0.3559,536.8,1927,7501
2002,ascent,18287.600,5.5517,5.5291,0.0226,3.6946,0.3717,0.9626,1.7275,0.2683,0.3031,356850,1261,2367,3492,0,8,7,1.6247,0.8802,0.2791,536.8,1927,7501
2003,ascent,18658.001,5.7304,5.7092,0.0212,3.8001,0.2130,0.9626,1.9722,0.2683,0.3256,354109,0,1261,4002,0,7,8,1.2891,0.6661,0.1904,536.8,1927,7501
2004,ascent,19035.949,6.1954,6.1703,0.0251,3.3577,0.0195,0.9656,1.7254,0.2662,0.3236,349447,0,0,4662,0,7,8,1.5182,0.6117,0.1133,536.8,1927,7501
2005,ascent,19421.597,5.2790,5.2533,0.0257,3.3413,0.0154,0.9677,1.7234,0.2632,0.3185,347657,0,0,1790,0,7,8,0.5333,0.2651,0.0922,536.8,1927,7501
2006,ascent,19815.101,5.3687,3.1819,2.1868,3.3331,0.0010,0.9646,1.7213,0.2703,0.3205,347657,0,0,0,0,7,8,0.0304,0.0008,0.0932,536.8,1927,7501
2007,ascent,20216.623,4.7882,2.6406,2.1476,3.3178,0.0010,0.9605,1.7193,0.2652,0.3154,347657,0,0,0,0,7,8,0.0099,0.0009,0.0965,536.8,1927,7501
2008,ascent,20626.325,6.1860,6.1448,0.0412,3.3679,0.0297,0.9667,1.7162,0.2693,0.3205,342281,0,0,5376,0,7,8,1.5600,0.6369,0.1213,536.8,1927,7501
2009,ascent,21044.374,4.7649,4.7372,0.0277,3.3423,0.0195,0.9656,1.7132,0.2673,0.3205,339968,0,0,2313,0,7,8,1.0882,0.3821,0.1223,536.8,1927,7501
2010,ascent,21470.939,5.7630,5.7366,0.0264,3.4826,0.1782,0.9523,1.7111,0.2683,0.3185,340991,6453,1023,0,0,7,8,1.5123,0.2974,0.1252,536.8,1927,7501
2011,ascent,21906.196,6.5431,6.5176,0.0255,3.8349,0.5304,0.9503,1.7101,0.2714,0.3133,344574,2870,3583,0,0,7,8,1.7347,0.7675,0.3925,536.8,1927,7501
2012,ascent,22350.320,6.0308,6.0062,0.0246,3.7816,0.4352,0.9503,1.7254,0.2703,0.3308,347444,0,2870,0,0,7,8,1.2036,0.5537,0.1181,536.8,1927,7501
2014,ascent,23265.896,7.3825,7.3551,0.0274,3.3229,0.0338,0.9226,1.7193,0.2714,0.3031,341812,0,0,5632,0,7,8,1.5668,0.7649,0.1158,536.8,1927,7501
2015,ascent,23737.722,6.6209,6.5958,0.0251,3.7417,0.0215,0.8929,1.7213,0.4844,0.5519,340001,0,0,1811,0,7,8,0.8949,0.3212,0.1158,536.8,1927,7501
2016,ascent,24219.160,6.9279,6.9047,0.0232,3.2717,0.0481,0.8765,1.7285,0.2703,0.2898,340064,9409,63,0,0,8,8,1.5651,0.2140,0.1147,536.8,1927,7501
2017,ascent,24710.406,6.2907,6.2649,0.0258,3.6342,0.4096,0.8602,1.7193,0.2703,0.2970,342623,10184,2559,0,0,8,8,1.8181,0.4614,0.0961,536.8,1927,7501
2018,ascent,25211.661,7.0018,6.9794,0.0224,3.4376,0.2212,0.8530,1.7183,0.2765,0.2918,341086,8905,1279,2816,0,8,8,1.8304,0.6926,0.0933,536.8,1927,7501
2019,ascent,25723.128,7.1324,7.1014,0.0310,3.5011,0.3133,0.8376,1.7213,0.2673,0.2836,340334,6986,1919,2671,0,8,8,1.8064,0.6479,0.1488,536.8,1927,7501
2020,ascent,26245.015,7.0308,7.0034,0.0274,3.5256,0.3379,0.8387,1.7265,0.2693,0.2775,342637,4683,2303,0,0,8,8,1.7496,0.5654,0.1517,536.8,1927,7501
2021,ascent,26777.535,7.7571,7.7261,0.0310,3.4396,0.2673,0.8294,1.7265,0.2693,0.2714,342572,2956,1727,1792,0,8,8,1.6917,0.6177,0.3721,536.8,1927,7501
2022,ascent,27320.903,6.8944,6.8728,0.0216,3.4058,0.2386,0.8172,1.7275,0.2734,0.2734,341483,1485,1471,2560,0,8,8,1.6117,0.5691,0.2916,536.8,1927,7501
2024,ascent,28441.077,4.8984,4.8740,0.0244,3.2236,0.0625,0.8141,1.7347,0.2683,0.2632,338912,0,142,2304,0,8,8,0.9913,0.3091,0.1195,536.8,1927,7501
2025,ascent,29018.337,6.8681,6.8430,0.0251,3.6362,0.0276,0.8090,1.9702,0.4895,0.2642,335328,0,0,3584,0,8,8,1.5398,0.4198,0.1092,536.8,1927,7501
2026,ascent,29607.359,6.5398,6.5145,0.0253,3.1795,0.0215,0.8120,1.7316,0.2662,0.2703,332452,0,0,2876,0,8,8,1.5730,0.4849,0.1205,536.8,1927,7501
2027,ascent,30208.380,6.3700,6.3458,0.0242,3.2082,0.0563,0.8090,1.7295,0.2693,0.2714,329910,4801,63,2605,0,8,8,1.5586,0.3731,0.1123,536.8,1927,7501
2028,ascent,30821.646,6.6764,6.6528,0.0236,3.4703,0.3072,0.8192,1.7306,0.2734,0.2673,329973,6525,1855,1792,0,8,8,1.6710,0.4746,0.1161,536.8,1927,7501
2029,ascent,31447.406,7.0035,6.9824,0.0211,3.5471,0.3850,0.8090,1.7306,0.2724,0.2693,327823,4094,2431,4581,0,8,8,1.7186,0.6960,0.3894,536.8,1927,7501
2030,ascent,32085.916,5.9632,5.9420,0.0212,3.9987,0.3768,0.8131,1.9579,0.2683,0.5079,325760,1791,2303,4366,0,7,9,1.6368,0.6776,0.2388,536.8,1927,7501
2031,ascent,32737.433,7.3593,7.3385,0.0208,3.3608,0.1987,0.8141,1.7316,0.2683,0.2703,324363,640,1151,2548,0,7,9,1.5824,0.6203,0.2222,536.8,1927,7501
2032,ascent,33402.224,6.7873,6.7632,0.0241,3.4867,0.3113,0.8161,1.7428,0.2673,0.2703,324159,449,1983,2187,0,7,9,1.5329,0.6466,0.1145,536.8,1927,7501
2033,ascent,34080.559,5.7218,5.6948,0.0270,3.3618,0.2028,0.8090,1.7326,0.2693,0.2714,325493,0,1334,0,0,7,9,0.6945,0.2905,0.1135,536.8,1927,7501
2035,ascent,35478.971,5.7396,5.7195,0.0201,3.1560,0.0031,0.8079,1.7265,0.2693,0.2714,325493,0,0,0,0,7,9,0.0132,0.0007,0.0923,536.8,1927,7501
2036,ascent,36199.616,7.5378,7.5118,0.0260,4.1687,0.0328,1.3251,2.1883,0.2724,0.2744,320117,0,0,5376,0,7,9,1.5605,0.5180,0.1119,536.8,1927,7501
2037,ascent,36934.942,5.0308,5.0061,0.0247,3.1990,0.0236,0.8407,1.7213,0.2724,0.2693,317625,0,0,2492,0,7,9,0.9251,0.3088,0.0950,536.8,1927,7501
2038,ascent,37685.250,4.0199,4.0020,0.0179,3.1764,0.0031,0.8356,1.7193,0.2714,0.2693,317625,0,0,0,0,7,9,0.0295,0.0007,0.0810,536.8,1927,7501
2039,ascent,38450.844,3.6097,3.5893,0.0204,3.7509,0.0031,1.2032,1.9313,0.2724,0.2642,317625,0,0,0,0,7,9,0.0286,0.0007,0.0778,536.8,1927,7501
2040,ascent,39232.036,4.4165,4.3960,0.0205,3.2000,0.0031,0.8448,1.7244,0.2724,0.2765,317625,0,0,0,0,7,9,0.0275,0.0008,0.0745,536.8,1927,7501
2041,ascent,40029.143,4.9375,4.9092,0.0283,3.1990,0.0031,0.8561,1.7213,0.2693,0.2724,317625,0,0,0,0,7,9,0.0262,0.0007,0.0952,536.8,1927,7501
2042,ascent,40842.490,5.9831,5.9614,0.0217,3.4560,0.0410,0.8346,1.9569,0.2662,0.2826,312249,0,0,5376,0,7,9,1.5641,0.6212,0.0925,536.8,1927,7501
2043,ascent,41672.407,6.9198,6.8987,0.0211,3.6229,0.4536,0.8376,1.7142,0.2662,0.2806,314270,0,3145,1124,0,7,9,1.4074,0.5090,0.0925,536.8,1927,7501
2044,ascent,42519.232,5.2624,5.2369,0.0255,3.1590,0.0031,0.8305,1.7142,0.2673,0.2724,314270,0,0,0,0,7,9,0.0307,0.0007,0.1020,536.8,1927,7501
2045,ascent,43383.310,4.2115,4.1881,0.0234,3.1293,0.0031,0.8141,1.7029,0.2632,0.2683,314270,0,0,0,0,7,9,0.0251,0.0009,0.0897,536.8,1927,7501
2046,ascent,44264.992,4.3448,4.3206,0.0242,3.1150,0.0031,0.7987,1.7039,0.2714,0.2683,314270,0,0,0,0,7,9,0.0282,0.0008,0.0883,536.8,1927,7501
2047,ascent,45164.637,6.2193,6.1944,0.0249,3.1601,0.0348,0.7936,1.7050,0.2714,0.2652,308254,0,0,6016,0,7,9,1.2685,0.4802,0.0877,536.8,1927,7501
2048,ascent,46082.610,3.7796,3.7582,0.0214,3.1324,0.0031,0.8018,1.7111,0.2673,0.2673,308254,0,0,0,0,7,9,0.0525,0.0008,0.0766,536.8,1927,7501
2049,ascent,47019.285,6.5559,6.5018,0.0541,3.5779,0.0031,0.7936,2.1729,0.2693,0.2611,308254,0,0,0,0,7,9,0.0278,0.0006,0.0850,536.8,1927,7501
2050,ascent,47975.044,7.2024,7.1530,0.0494,3.0976,0.0276,0.7700,1.6988,0.2724,0.2550,303951,0,0,4303,0,7,9,1.5692,0.5072,0.0979,536.8,1927,7501
2052,ascent,49945.373,6.6160,6.5915,0.0245,3.0710,0.0338,0.7434,1.6937,0.2673,0.2447,299087,0,0,4864,0,7,9,1.5516,0.4618,0.0889,536.8,1927,7501
2053,ascent,50960.745,7.8307,7.8032,0.0275,3.0454,0.0276,0.7240,1.6988,0.2693,0.2427,295759,0,0,3328,0,7,9,1.5698,0.4796,0.1258,536.8,1927,7501
2054,ascent,51996.804,6.6986,6.6705,0.0281,3.0157,0.0225,0.7137,1.7039,0.2652,0.2365,292486,0,0,3273,0,7,9,1.5374,0.4671,0.1165,536.8,1927,7501
2055,ascent,53053.970,7.2911,7.2529,0.0382,3.0085,0.0225,0.6984,1.7039,0.2734,0.2355,289620,0,0,2866,0,7,9,1.5902,0.5429,0.1434,536.8,1927,7501
2056,ascent,54132.675,7.2711,7.2393,0.0318,3.0177,0.0543,0.6851,1.7060,0.2673,0.2294,286269,1217,63,3414,0,7,9,1.5503,0.4706,0.1006,536.8,1927,7501
2057,ascent,55233.356,7.0914,7.0614,0.0300,3.1539,0.1864,0.6738,1.7203,0.2662,0.2284,286652,2725,1151,768,0,7,9,1.6021,0.6965,0.5039,536.8,1927,7501
2058,ascent,56356.461,6.4917,6.4700,0.0217,3.3004,0.3215,0.6871,1.7060,0.2683,0.2335,285335,550,2175,3492,0,7,9,1.6090,0.6085,0.1603,536.8,1927,7501
2059,ascent,57502.448,6.1419,6.1185,0.0234,3.3280,0.1106,0.6840,1.9712,0.2662,0.2181,282953,0,550,2932,0,7,9,1.1829,0.4567,0.0933,536.8,1927,7501
2060,ascent,58671.782,7.6491,7.6203,0.0288,2.9921,0.0246,0.6810,1.7132,0.2724,0.2263,279095,0,0,3858,0,7,9,1.1642,0.4138,0.1548,536.8,1927,7501
2061,ascent,59864.940,5.2226,5.1946,0.0280,2.9850,0.0184,0.6871,1.7111,0.2673,0.2253,278858,0,0,237,0,6,10,0.1569,0.1387,0.1363,536.8,1927,7501
2062,ascent,61082.406,5.0299,5.0057,0.0242,2.9901,0.0031,0.6861,1.7213,0.2703,0.2294,278858,0,0,0,0,6,10,0.0296,0.0006,0.0897,536.8,1927,7501
2063,ascent,62324.675,5.0209,4.9963,0.0246,2.9880,0.0031,0.6892,1.7193,0.2744,0.2273,278858,0,0,0,0,6,10,0.0267,0.0006,0.0910,536.8,1927,7501
2064,ascent,63592.254,3.7746,3.7524,0.0222,3.0024,0.0031,0.6830,1.7295,0.2734,0.2355,278858,0,0,0,0,6,10,0.0269,0.0006,0.0847,536.8,1927,7501
2066,ascent,66205.411,7.3791,7.3535,0.0256,3.0280,0.0266,0.7035,1.7234,0.2642,0.2355,275018,0,0,3840,0,6,10,1.5598,0.6145,0.1538,536.8,1927,7501
2067,ascent,67552.052,6.8306,6.7930,0.0376,3.0464,0.0328,0.7117,1.7193,0.2673,0.2406,271178,0,0,3840,0,6,10,1.5316,0.4530,0.1131,536.8,1927,7501
2068,ascent,68926.129,6.6814,6.6599,0.0215,3.6045,0.5765,0.7096,1.7224,0.2683,0.2417,275398,130,4415,195,0,6,10,1.5167,0.5337,0.1041,536.8,1927,7501
2069,ascent,70328.201,4.1448,4.1194,0.0254,3.0771,0.0532,0.7137,1.7203,0.2673,0.2417,275528,0,130,0,0,6,10,0.1154,0.1315,0.0894,536.8,1927,7501
2070,ascent,71758.837,4.4917,4.4720,0.0197,3.0259,0.0031,0.7148,1.7132,0.2703,0.2417,275528,0,0,0,0,6,10,0.0309,0.0012,0.0985,536.8,1927,7501
2071,ascent,73218.620,4.5545,4.5298,0.0247,4.0622,0.0031,0.9359,2.2876,0.2734,0.4823,275528,0,0,0,0,6,10,0.0424,0.0007,0.0966,536.8,1927,7501
2072,ascent,74708.143,4.8505,4.8277,0.0228,3.0331,0.0031,0.7127,1.7152,0.2693,0.2499,275528,0,0,0,0,6,10,0.0268,0.0008,0.0794,536.8,1927,7501
2073,ascent,76228.013,4.6127,4.5913,0.0214,3.0710,0.0041,0.7485,1.7193,0.2683,0.2488,275528,0,0,0,0,6,10,0.0329,0.0011,0.1100,536.8,1927,7501
2074,ascent,77778.847,5.7392,5.7101,0.0291,3.0945,0.0389,0.7414,1.7193,0.2703,0.2499,268416,0,0,7112,0,6,10,1.5053,0.5945,0.0879,536.8,1927,7501
2075,ascent,79361.277,4.1574,4.1372,0.0202,3.0618,0.0031,0.7506,1.7132,0.2652,0.2519,268416,0,0,0,0,6,10,0.0322,0.0008,0.1165,536.8,1927,7501
2076,ascent,80975.946,5.1142,3.5084,1.6058,3.0659,0.0031,0.7475,1.7162,0.2734,0.2499,268416,0,0,0,0,6,10,0.0258,0.0007,0.0878,536.8,1927,7501
2077,ascent,82623.511,4.2034,4.1542,0.0492,3.0505,0.0031,0.7363,1.7080,0.2662,0.2550,268416,0,0,0,0,6,10,0.0283,0.0006,0.0978,536.8,1927,7501
2078,ascent,84304.642,5.7859,2.9551,2.8308,3.4509,0.0010,0.7076,2.1494,0.2765,0.2447,268416,0,0,0,0,6,10,0.0241,0.0011,0.0750,536.8,1927,7501
2079,ascent,86020.023,6.8372,6.7887,0.0485,3.0925,0.0369,0.7485,1.7101,0.2703,0.2519,263552,0,0,4864,0,6,10,1.5667,0.5875,0.1491,536.8,1927,7501
2080,ascent,87770.352,5.8250,5.8030,0.0220,3.3403,0.2826,0.7383,1.7029,0.2724,0.2580,264585,3674,1983,950,0,6,10,1.5125,0.3991,0.3649,536.8,1927,7501
2081,ascent,89556.341,6.6875,6.6661,0.0214,3.5144,0.4833,0.7311,1.7019,0.2714,0.2499,268259,0,3674,0,0,6,10,1.5405,0.4988,0.1257,536.8,1927,7501
2083,ascent,93238.219,4.5816,4.5593,0.0223,3.0085,0.0031,0.7086,1.6988,0.2703,0.2499,264115,0,0,0,0,6,10,0.0318,0.0007,0.0905,536.8,1927,7501
2084,ascent,95135.606,7.5899,7.5667,0.0232,3.2358,0.0338,0.9093,1.6978,0.2703,0.2417,259251,0,0,4864,0,6,10,1.5590,0.5771,0.1682,536.8,1927,7501
2085,ascent,97071.649,6.1972,6.1725,0.0247,3.0269,0.0328,0.7045,1.6978,0.2693,0.2396,253070,0,0,6181,0,6,10,1.5216,0.4814,0.0868,536.8,1927,7501
2086,ascent,99047.135,5.3304,5.3077,0.0227,2.9829,0.0215,0.6871,1.6988,0.2683,0.2273,250155,0,0,2915,0,6,10,0.7535,0.2347,0.1066,536.8,1927,7501
2087,ascent,101062.869,5.9747,5.9522,0.0225,2.9686,0.0225,0.6687,1.7060,0.2673,0.2202,246675,0,0,3480,0,6,10,1.0707,0.3166,0.0842,536.8,1927,7501
2088,ascent,103119.669,4.0968,4.0696,0.0272,2.9092,0.0041,0.6349,1.7029,0.2714,0.2171,246675,0,0,0,0,6,10,0.0124,0.0007,0.0884,536.8,1927,7501
2089,ascent,105218.373,4.5627,4.5313,0.0314,2.9102,0.0031,0.6308,1.7091,0.2724,0.2120,246675,0,0,0,0,6,10,0.0107,0.0008,0.1242,536.8,1927,7501
2091,ascent,109544.924,5.4342,5.4115,0.0227,2.8969,0.0031,0.6103,1.7203,0.2703,0.2130,246675,0,0,0,0,6,10,0.2934,0.0006,0.1190,536.8,1927,7501
2092,ascent,111774.531,6.4200,6.4000,0.0200,2.9256,0.0348,0.6011,1.7224,0.2755,0.2109,239507,0,0,7168,0,6,10,1.5952,0.5900,0.0969,536.8,1927,7501
2093,ascent,114049.562,5.9765,5.9545,0.0220,2.9286,0.0532,0.5970,1.7213,0.2724,0.2028,236355,6348,63,3215,0,5,11,1.5908,0.4451,0.0911,536.8,1927,7501
2094,ascent,116370.943,6.5347,6.5095,0.0252,3.3925,0.5018,0.6164,1.7193,0.2673,0.2079,239246,2573,3775,884,0,5,11,1.7290,0.6358,0.3431,536.8,1927,7501
2095,ascent,118739.618,4.5328,4.5115,0.0213,3.2492,0.3492,0.6205,1.7193,0.2724,0.2099,241819,0,2573,0,0,5,11,0.8187,0.3364,0.0950,536.8,1927,7501
2096,ascent,121156.551,4.4090,4.3890,0.0200,3.4529,0.0031,1.1837,1.7224,0.2662,0.2109,241819,0,0,0,0,5,11,0.0292,0.0008,0.1099,536.8,1927,7501
2097,ascent,123622.724,4.7511,4.7222,0.0289,2.8908,0.0031,0.6185,1.7254,0.2662,0.2058,241819,0,0,0,0,5,11,0.0298,0.0012,0.1128,536.8,1927,7501
2098,ascent,126139.142,6.7452,6.7163,0.0289,2.9614,0.0379,0.6359,1.7275,0.2744,0.2089,234395,0,0,7424,0,5,11,1.5889,0.6458,0.0913,536.8,1927,7501
2099,ascent,128706.826,4.7611,4.7339,0.0272,2.9450,0.0195,0.6410,1.7254,0.2703,0.2120,234337,0,0,58,0,5,11,0.1177,0.1134,0.0922,536.8,1927,7501
2100,ascent,131326.823,4.5804,4.5583,0.0221,2.9225,0.0031,0.6380,1.7234,0.2693,0.2130,234337,0,0,0,0,5,11,0.0286,0.0006,0.0914,536.8,1927,7501
2102,ascent,136728.037,5.5167,5.4944,0.0223,3.9967,0.4393,0.6502,2.3491,0.2703,0.2171,237600,4615,3263,0,0,5,11,1.5107,0.3641,0.0922,536.8,1927,7501
2103,ascent,139511.452,7.3336,7.2880,0.0456,3.5523,0.6042,0.6615,1.7234,0.2683,0.2181,242215,0,4615,0,0,5,11,1.4196,0.6594,0.1063,536.8,1927,7501
2105,ascent,145249.558,5.9274,5.9071,0.0203,2.9962,0.0471,0.6543,1.7224,0.2714,0.2273,242278,9153,63,0,0,6,11,1.5883,0.1536,0.1318,536.8,1927,7501
2106,ascent,148206.584,6.8126,6.7840,0.0286,3.3526,0.3932,0.6595,1.7183,0.2714,0.2253,242021,10050,2815,3072,0,6,11,1.7995,0.6054,0.0951,536.8,1927,7501
2107,ascent,151223.853,6.5522,6.5299,0.0223,3.4345,0.4577,0.6707,1.7234,0.2703,0.2345,241929,6531,3519,3611,0,6,11,1.8318,0.7828,0.0999,536.8,1927,7501
2108,ascent,154302.594,7.4766,7.4511,0.0255,4.1011,0.7557,1.0291,1.7285,0.2693,0.2406,245960,2500,4031,0,0,6,11,1.7149,0.7542,0.3666,536.8,1927,7501
2109,ascent,157444.059,5.1230,5.1018,0.0212,3.3464,0.3174,0.7188,1.7183,0.2724,0.2417,248460,0,2500,0,0,6,11,0.9892,0.4058,0.0928,536.8,1927,7501
2110,ascent,160649.526,4.8041,4.7850,0.0191,3.0269,0.0031,0.7209,1.7111,0.2673,0.2488,248460,0,0,0,0,6,11,0.0335,0.0009,0.0936,536.8,1927,7501
2111,ascent,163920.298,6.9099,6.8890,0.0209,3.0300,0.0287,0.6840,1.7183,0.2673,0.2499,243084,0,0,5376,0,6,11,1.5212,0.7898,0.1064,536.8,1927,7501
2112,ascent,167257.707,4.4861,4.4612,0.0249,3.0740,0.0287,0.7229,1.7132,0.2755,0.2519,243001,0,0,83,0,6,11,0.1497,0.1269,0.0855,536.8,1927,7501
2114,ascent,174137.891,4.8775,4.8548,0.0227,3.3823,0.0041,0.6953,2.0777,0.2662,0.2642,243001,0,0,0,0,6,11,0.0260,0.0010,0.0983,536.8,1927,7501
2115,ascent,177683.465,7.0175,6.9917,0.0258,3.0863,0.0348,0.7342,1.7060,0.2693,0.2591,237748,0,0,5253,0,6,11,1.4507,0.6013,0.1101,536.8,1927,7501
2116,ascent,181301.273,5.7582,5.7343,0.0239,3.3946,0.3328,0.7373,1.7101,0.2734,0.2591,240375,0,2627,0,0,6,11,1.2363,0.3659,0.1213,536.8,1927,7501
2117,ascent,184992.788,4.7833,4.7586,0.0247,3.0003,0.0031,0.6892,1.7070,0.2683,0.2580,240375,0,0,0,0,6,11,0.0236,0.0007,0.0953,536.8,1927,7501
2118,ascent,188759.511,5.0348,5.0158,0.0190,3.0321,0.0266,0.6922,1.7039,0.2734,0.2570,235801,0,0,4574,0,6,11,1.0078,0.3366,0.0800,536.8,1927,7501
2119,ascent,192602.975,4.1897,4.1688,0.0209,2.9870,0.0031,0.6851,1.7019,0.2662,0.2540,235801,0,0,0,0,6,11,0.0383,0.0008,0.0891,536.8,1927,7501
2120,ascent,196524.742,4.5897,4.5703,0.0194,4.0049,0.0256,1.1295,2.0439,0.4792,0.2437,232407,0,0,3394,0,6,11,0.8082,0.2498,0.0763,536.8,1927,7501
2121,ascent,200526.408,4.8690,4.8446,0.0244,2.9952,0.0031,0.6892,1.7132,0.2683,0.2406,232407,0,0,0,0,6,11,0.0431,0.0011,0.1737,536.8,1927,7501
2123,ascent,208775.982,6.0820,6.0587,0.0233,2.9686,0.0338,0.6564,1.7050,0.2724,0.2222,223890,0,0,4807,0,6,11,1.5370,0.4766,0.1080,536.8,1927,7501
2124,ascent,213027.245,7.0874,7.0580,0.0294,2.9409,0.0348,0.6246,1.7152,0.2693,0.2212,219026,0,0,4864,0,6,11,1.5339,0.4844,0.1118,536.8,1927,7501
2125,ascent,217365.120,5.1856,5.1598,0.0258,2.9297,0.0205,0.6144,1.7193,0.2724,0.2191,217996,0,0,1030,0,6,11,0.6899,0.1896,0.0986,536.8,1927,7501
2126,ascent,221791.372,4.0631,4.0385,0.0246,3.3741,0.0031,0.6216,2.1832,0.2683,0.2140,217996,0,0,0,0,6,11,0.0104,0.0006,0.0825,536.8,1927,7501
2127,ascent,226307.801,5.1590,5.1338,0.0252,2.8979,0.0031,0.6072,1.7213,0.2785,0.2109,217996,0,0,0,0,6,11,0.0135,0.0007,0.1136,536.8,1927,7501
2128,ascent,230916.244,4.2292,4.2048,0.0244,2.8989,0.0031,0.6113,1.7306,0.2642,0.2079,217996,0,0,0,0,6,11,0.0096,0.0011,0.1078,536.8,1927,7501
2129,ascent,235618.576,4.7351,4.7124,0.0227,2.8979,0.0031,0.6083,1.7265,0.2714,0.2058,217996,0,0,0,0,6,11,0.0110,0.0006,0.0653,536.8,1927,7501
2130,ascent,240416.709,4.7603,4.7348,0.0255,2.9450,0.0031,0.6513,1.7306,0.2683,0.2079,217996,0,0,0,0,6,11,0.0140,0.0006,0.1036,536.8,1927,7501
2131,ascent,245312.596,4.2360,4.2131,0.0229,2.9194,0.0031,0.6410,1.7213,0.2703,0.2068,217996,0,0,0,0,6,11,0.0106,0.0006,0.1016,536.8,1927,7501
2132,ascent,250308.228,4.2918,4.2673,0.0245,2.9297,0.0031,0.6513,1.7244,0.2693,0.2068,217996,0,0,0,0,6,11,0.0100,0.0007,0.0885,536.8,1927,7501
2133,ascent,255405.637,4.1896,4.1674,0.0222,3.6352,0.0031,0.6298,2.2098,0.5007,0.2161,217996,0,0,0,0,6,11,0.0104,0.0007,0.0802,536.8,1927,7501
2134,ascent,260606.897,4.4102,4.3899,0.0203,2.9512,0.0031,0.6625,1.7275,0.2683,0.2089,217996,0,0,0,0,6,11,0.0099,0.0004,0.0632,536.8,1927,7501
2135,ascent,265914.123,4.9651,4.9386,0.0265,2.9450,0.0031,0.6574,1.7275,0.2683,0.2079,217996,0,0,0,0,6,11,0.0118,0.0005,0.0740,536.8,1927,7501
2136,ascent,271329.474,5.4372,3.8401,1.5971,2.9307,0.0031,0.6451,1.7265,0.2693,0.2089,217996,0,0,0,0,6,11,0.0096,0.0005,0.0623,536.8,1927,7501
2137,ascent,276855.153,5.8432,5.7994,0.0438,2.9286,0.0031,0.6441,1.7275,0.2683,0.2099,217996,0,0,0,0,6,11,0.0156,0.0010,0.1808,536.8,1927,7501
2139,ascent,288246.533,6.4810,6.4586,0.0224,2.9665,0.0317,0.6400,1.7203,0.2714,0.2181,209142,0,0,6752,0,5,12,1.5397,0.4925,0.1098,536.8,1927,7501
2140,ascent,294116.868,7.5872,7.5591,0.0281,3.7949,0.0338,1.1192,2.0849,0.2662,0.2130,204790,0,0,4352,0,5,12,1.5722,0.5255,0.1327,536.8,1927,7501
2141,ascent,300106.800,5.6790,5.6541,0.0249,3.0003,0.0563,0.6513,1.7224,0.2703,0.2181,202115,4289,63,2738,0,5,12,1.5674,0.3672,0.1023,536.8,1927,7501
2142,orbit_settle,300108.500,7.2366,7.2152,0.0214,3.4877,0.5407,0.6502,1.7244,0.2693,0.2150,206530,2845,4415,0,0,5,12,1.6489,0.5849,0.3239,536.8,1927,7501
2143,orbit_settle,300108.500,4.5049,4.4746,0.0303,3.3014,0.3686,0.6482,1.7193,0.2652,0.2181,209375,0,2845,0,0,5,12,0.8746,0.3734,0.0869,536.8,1927,7501
2144,orbit_settle,300108.500,3.9328,3.9155,0.0173,2.9348,0.0031,0.6451,1.7234,0.2683,0.2181,209375,0,0,0,0,5,12,0.0081,0.0005,0.0625,536.8,1927,7501
2145,orbit_settle,300108.500,3.9004,3.8783,0.0221,3.5430,0.0031,0.6482,1.9763,0.6103,0.2191,209375,0,0,0,0,5,12,0.0089,0.0011,0.0897,536.8,1927,7501
2146,orbit_settle,300108.500,5.8691,4.0029,1.8662,2.9399,0.0031,0.6472,1.7183,0.2734,0.2212,209375,0,0,0,0,5,12,0.0073,0.0007,0.0827,536.8,1927,7501
2147,orbit,300108.500,5.6159,4.0330,1.5829,2.9471,0.0031,0.6461,1.7295,0.2683,0.2222,209375,0,0,0,0,5,12,0.0077,0.0007,0.0903,536.8,1927,7501
2148,orbit,300108.500,5.3610,3.9171,1.4439,2.9409,0.0031,0.6482,1.7193,0.2693,0.2171,209375,0,0,0,0,5,12,0.0070,0.0004,0.0721,536.8,1927,7501
2149,orbit,300108.500,4.9810,3.3340,1.6470,2.9368,0.0031,0.6482,1.7162,0.2703,0.2161,209375,0,0,0,0,5,12,0.0070,0.0005,0.0764,536.8,1927,7501
2150,orbit,300108.500,4.9287,3.9243,1.0044,2.9409,0.0020,0.6461,1.7203,0.2673,0.2202,209375,0,0,0,0,5,12,0.0073,0.0007,0.0768,536.8,1927,7501
2151,orbit,300108.500,5.4312,3.8352,1.5960,2.9389,0.0031,0.6451,1.7265,0.2724,0.2150,209375,0,0,0,0,5,12,0.0065,0.0005,0.0678,536.8,1927,7501
2152,orbit,300108.500,4.9010,3.2938,1.6072,2.9368,0.0031,0.6461,1.7172,0.2683,0.2171,209375,0,0,0,0,5,12,0.0071,0.0006,0.0833,536.8,1927,7501
2153,orbit,300108.500,6.1463,3.3256,2.8207,2.9123,0.0010,0.6431,1.7080,0.2734,0.2140,209375,0,0,0,0,5,12,0.0071,0.0004,0.0800,536.8,1927,7501
2154,orbit,300108.500,4.9582,2.8189,2.1393,2.9041,0.0010,0.6431,1.7091,0.2662,0.2109,209375,0,0,0,0,5,12,0.0071,0.0005,0.0639,536.8,1927,7501
2155,orbit,300108.500,4.8228,3.3328,1.4900,2.9532,0.0031,0.6502,1.7295,0.2652,0.2222,209375,0,0,0,0,5,12,0.0075,0.0006,0.0626,536.8,1927,7501
2156,orbit,300108.500,4.7119,4.6801,0.0318,2.9583,0.0041,0.6502,1.7336,0.2714,0.2140,209375,0,0,0,0,5,12,0.0076,0.0006,0.0949,536.8,1927,7501
2157,orbit,300108.500,5.2363,3.0885,2.1478,2.9481,0.0031,0.6472,1.7254,0.2683,0.2181,209375,0,0,0,0,5,12,0.0071,0.0006,0.0867,536.8,1927,7501
2158,orbit,300108.500,4.7459,4.7125,0.0334,3.5471,0.0031,0.9011,2.0767,0.2703,0.2191,209375,0,0,0,0,5,12,0.0086,0.0008,0.0946,536.8,1927,7501
2159,orbit,300108.500,5.8339,4.1081,1.7258,2.9594,0.0031,0.6605,1.7244,0.2683,0.2191,209375,0,0,0,0,5,12,0.0077,0.0008,0.0847,536.8,1927,7501
2160,orbit,300108.500,5.9017,4.2444,1.6573,2.9512,0.0031,0.6502,1.7203,0.2703,0.2140,209375,0,0,0,0,5,12,0.0068,0.0006,0.0724,536.8,1927,7501
2161,orbit,300108.500,4.4481,3.5673,0.8808,2.9614,0.0031,0.6451,1.7336,0.2744,0.2191,209375,0,0,0,0,5,12,0.0076,0.0007,0.0831,536.8,1927,7501
2162,orbit,300108.500,4.8440,4.8103,0.0337,2.9460,0.0031,0.6523,1.7183,0.2703,0.2191,209375,0,0,0,0,5,12,0.0077,0.0007,0.0815,536.8,1927,7501
2163,orbit,300108.500,5.5874,3.4685,2.1189,2.9440,0.0031,0.6513,1.7203,0.2683,0.2171,209375,0,0,0,0,5,12,0.0063,0.0008,0.0592,536.8,1927,7501
2164,orbit,300108.500,5.4172,3.8380,1.5792,3.1754,0.0031,0.6502,1.9538,0.2693,0.2130,209375,0,0,0,0,5,12,0.0075,0.0007,0.0776,536.8,1927,7501
2165,orbit,300108.500,4.5204,4.4883,0.0321,2.9420,0.0031,0.6472,1.7193,0.2662,0.2212,209375,0,0,0,0,5,12,0.0075,0.0007,0.0814,536.8,1927,7501
2166,orbit,300108.500,6.6386,4.3811,2.2575,2.9235,0.0031,0.6441,1.7162,0.2652,0.2120,209375,0,0,0,0,5,12,0.0076,0.0007,0.0813,536.8,1927,7501
2167,orbit,300108.500,5.2491,3.6557,1.5934,2.9440,0.0031,0.6461,1.7203,0.2714,0.2171,209375,0,0,0,0,5,12,0.0071,0.0007,0.0851,536.8,1927,7501
2168,orbit,300108.500,4.2245,4.1923,0.0322,2.9338,0.0031,0.6482,1.7213,0.2652,0.2171,209375,0,0,0,0,5,12,0.0074,0.0007,0.0794,536.8,1927,7501
2169,orbit,300108.500,5.7151,4.1545,1.5606,2.9440,0.0031,0.6502,1.7193,0.2693,0.2202,209375,0,0,0,0,5,12,0.0072,0.0010,0.0663,536.8,1927,7501
2170,orbit,300108.500,5.1567,3.6846,1.4721,2.9430,0.0031,0.6472,1.7224,0.2693,0.2150,209375,0,0,0,0,5,12,0.0069,0.0005,0.0772,536.8,1927,7501
2171,orbit,300108.500,4.7651,3.3312,1.4339,3.5564,0.0031,0.6492,1.9681,0.2755,0.5775,209375,0,0,0,0,5,12,0.0066,0.0005,0.0585,536.8,1927,7501
2172,orbit,300108.500,5.8715,4.1321,1.7394,2.9501,0.0031,0.6523,1.7213,0.2714,0.2191,209375,0,0,0,0,5,12,0.0089,0.0010,0.1268,536.8,1927,7501
2173,orbit,300108.500,5.5002,4.0391,1.4611,2.9471,0.0031,0.6513,1.7265,0.2683,0.2150,209375,0,0,0,0,5,12,0.0089,0.0005,0.0732,536.8,1927,7501
2174,orbit,300108.500,5.1844,3.6401,1.5443,2.9512,0.0031,0.6513,1.7265,0.2703,0.2171,209375,0,0,0,0,5,12,0.0067,0.0006,0.0974,536.8,1927,7501
2175,orbit,300108.500,4.5969,4.5573,0.0396,2.9409,0.0031,0.6472,1.7203,0.2662,0.2191,209375,0,0,0,0,5,12,0.0067,0.0004,0.0722,536.8,1927,7501
2176,orbit,300108.500,5.5021,5.4761,0.0260,2.9491,0.0031,0.6482,1.7254,0.2734,0.2130,209375,0,0,0,0,5,12,0.0083,0.0006,0.1036,536.8,1927,7501
2177,orbit,300108.500,4.6730,4.6481,0.0249,3.3894,0.0031,0.6461,2.1780,0.2693,0.2150,209375,0,0,0,0,5,12,0.0080,0.0007,0.0913,536.8,1927,7501
2178,orbit,300108.500,6.0058,4.1980,1.8078,2.9420,0.0031,0.6451,1.7213,0.2714,0.2202,209375,0,0,0,0,5,12,0.0077,0.0007,0.1005,536.8,1927,7501
2179,orbit,300108.500,5.8882,4.2513,1.6369,2.9430,0.0031,0.6492,1.7193,0.2662,0.2202,209375,0,0,0,0,5,12,0.0088,0.0007,0.1087,536.8,1927,7501
2180,orbit,300108.500,5.2256,3.5917,1.6339,2.9358,0.0031,0.6461,1.7193,0.2673,0.2150,209375,0,0,0,0,5,12,0.0076,0.0006,0.0815,536.8,1927,7501
2181,orbit,300108.500,5.0212,4.9877,0.0335,2.9399,0.0031,0.6492,1.7193,0.2673,0.2171,209375,0,0,0,0,5,12,0.0074,0.0007,0.0841,536.8,1927,7501
2182,orbit,300108.500,5.2453,3.6821,1.5632,2.9440,0.0031,0.6492,1.7234,0.2703,0.2150,209375,0,0,0,0,5,12,0.0072,0.0007,0.0769,536.8,1927,7501
2183,orbit,300108.500,4.9152,3.2556,1.6596,3.3659,0.0010,0.6420,1.9405,0.4946,0.2140,209375,0,0,0,0,5,12,0.0074,0.0006,0.0838,536.8,1927,7501
2184,orbit,300108.500,4.8998,2.7014,2.1984,2.9041,0.0010,0.6420,1.7091,0.2662,0.2120,209375,0,0,0,0,5,12,0.0068,0.0006,0.0618,536.8,1927,7501
2185,orbit,300108.500,6.0118,3.3895,2.6223,2.9061,0.0010,0.6410,1.7080,0.2703,0.2130,209375,0,0,0,0,5,12,0.0072,0.0007,0.1043,536.8,1927,7501
2186,orbit,300108.500,5.0896,3.5144,1.5752,2.9471,0.0031,0.6502,1.7193,0.2673,0.2222,209375,0,0,0,0,5,12,0.0073,0.0006,0.0793,536.8,1927,7501
2187,orbit,300108.500,4.9104,3.4068,1.5036,2.9532,0.0031,0.6513,1.7326,0.2693,0.2202,209375,0,0,0,0,5,12,0.0074,0.0007,0.0816,536.8,1927,7501
2188,orbit,300108.500,4.2645,4.2215,0.0430,2.9409,0.0031,0.6441,1.7336,0.2683,0.2140,209375,0,0,0,0,5,12,0.0066,0.0005,0.0622,536.8,1927,7501
2189,orbit,300108.500,5.6688,3.5868,2.0820,2.9460,0.0031,0.6492,1.7224,0.2703,0.2161,209375,0,0,0,0,5,12,0.0077,0.0006,0.0622,536.8,1927,7501
2190,orbit,300108.500,5.6001,4.0018,1.5983,3.7714,0.0031,1.1141,2.0849,0.2673,0.2161,209375,0,0,0,0,5,12,0.0077,0.0007,0.0837,536.8,1927,7501
2191,orbit,300108.500,4.8693,4.8376,0.0317,2.9420,0.0031,0.6492,1.7203,0.2703,0.2222,209375,0,0,0,0,5,12,0.0081,0.0008,0.1111,536.8,1927,7501
2192,orbit,300108.500,6.0986,3.9626,2.1360,2.9450,0.0031,0.6482,1.7224,0.2683,0.2181,209375,0,0,0,0,5,12,0.0097,0.0007,0.0961,536.8,1927,7501
2193,orbit,300108.500,4.2854,4.2502,0.0352,2.9583,0.0051,0.6502,1.7234,0.2724,0.2222,209375,0,0,0,0,5,12,0.0075,0.0008,0.0812,536.8,1927,7501
2194,orbit,300108.500,5.8661,3.7223,2.1438,2.9460,0.0031,0.6502,1.7203,0.2755,0.2202,209375,0,0,0,0,5,12,0.0068,0.0010,0.0920,536.8,1927,7501
2195,orbit,300108.500,4.5234,4.4948,0.0286,2.9491,0.0031,0.6533,1.7234,0.2683,0.2181,209375,0,0,0,0,5,12,0.0070,0.0004,0.0612,536.8,1927,7501
2196,orbit,300108.500,5.7857,4.1995,1.5862,3.5666,0.0031,0.6492,1.9712,0.2724,0.5837,209375,0,0,0,0,5,12,0.0070,0.0005,0.0753,536.8,1927,7501
2197,orbit,300108.500,4.8190,4.7880,0.0310,2.9460,0.0031,0.6502,1.7295,0.2693,0.2171,209375,0,0,0,0,5,12,0.0074,0.0008,0.0801,536.8,1927,7501
2198,orbit,300108.500,6.0718,4.6060,1.4658,2.9358,0.0031,0.6461,1.7162,0.2693,0.2171,209375,0,0,0,0,5,12,0.0085,0.0009,0.0937,536.8,1927,7501
2199,orbit,300108.500,5.2463,3.6392,1.6071,2.9512,0.0031,0.6492,1.7213,0.2703,0.2294,209375,0,0,0,0,5,12,0.0072,0.0007,0.0784,536.8,1927,7501
2200,orbit,300108.500,4.3098,4.2777,0.0321,2.9460,0.0031,0.6482,1.7244,0.2714,0.2130,209375,0,0,0,0,5,12,0.0077,0.0006,0.0791,536.8,1927,7501
2201,orbit,300108.500,5.7369,2.9195,2.8174,2.9327,0.0031,0.6461,1.7183,0.2683,0.2191,209375,0,0,0,0,5,12,0.0075,0.0005,0.0677,536.8,1927,7501
2202,orbit,300108.500,5.4542,3.8353,1.6189,2.9655,0.0031,0.6482,1.7234,0.2744,0.2273,209375,0,0,0,0,5,12,0.0074,0.0007,0.0776,536.8,1927,7501
2203,orbit,300108.500,4.2859,4.2547,0.0312,3.5615,0.0031,0.6492,2.3429,0.2683,0.2202,209375,0,0,0,0,5,12,0.0073,0.0006,0.0749,536.8,1927,7501
2204,orbit,300108.500,5.9858,4.3765,1.6093,2.9542,0.0031,0.6502,1.7316,0.2734,0.2191,209375,0,0,0,0,5,12,0.0094,0.0008,0.0942,536.8,1927,7501
2206,orbit,300108.500,6.0238,3.8896,2.1342,2.9348,0.0031,0.6451,1.7183,0.2703,0.2130,209375,0,0,0,0,5,12,0.0077,0.0006,0.0825,536.8,1927,7501
2207,audit,300108.500,4.7780,4.7755,0.0025,2.9471,0.0031,0.6554,1.7254,0.2714,0.2161,209375,0,0,0,0,5,12,0.0098,0.0009,0.1277,536.8,1927,7501
2208,orbit_limb,300108.500,4.7086,4.7068,0.0018,1.5862,0.0031,0.4874,0.7557,0.0942,0.1597,209375,0,0,0,0,5,12,0.0084,0.0004,0.0788,536.8,1927,7501
2209,descent,300106.800,4.7534,4.7513,0.0021,2.9286,0.0031,0.6441,1.7091,0.2703,0.2181,209375,0,0,0,0,5,12,0.0237,0.0005,0.1190,536.8,1927,7501
2210,descent,294116.868,4.8793,4.8773,0.0020,2.9389,0.0031,0.6533,1.7142,0.2755,0.2150,209375,0,0,0,0,5,12,0.0223,0.0008,0.0822,536.8,1927,7501
2211,descent,288246.533,3.7054,3.6814,0.0240,2.9123,0.0031,0.6369,1.7111,0.2662,0.2089,209375,0,0,0,0,5,12,0.0287,0.0010,0.1047,536.8,1927,7501
2213,descent,276855.153,5.7590,5.7296,0.0294,2.9450,0.0502,0.6246,1.7101,0.2662,0.2099,209438,13761,63,0,0,6,11,1.5626,0.1330,0.1034,536.8,1927,7501
2214,descent,271329.474,7.4625,7.4396,0.0229,3.3649,0.4741,0.6267,1.7111,0.2662,0.2048,212253,20418,2815,0,0,6,11,1.9429,0.3661,0.0960,536.8,1927,7501
2215,descent,265914.123,7.2768,7.2502,0.0266,3.2993,0.3953,0.6369,1.7091,0.2693,0.2038,214556,26575,2303,0,0,6,11,2.1624,0.3562,0.1113,536.8,1927,7501
2216,descent,260606.897,7.2281,7.2028,0.0253,3.2973,0.3799,0.6380,1.7162,0.2703,0.2099,216795,36112,2239,0,0,6,11,2.3512,0.3650,0.0936,536.8,1927,7501
2217,descent,255405.637,8.6051,8.5819,0.0232,4.6152,1.7336,0.6062,1.7111,0.2683,0.2181,225562,29267,8767,0,0,6,11,2.6403,1.5588,0.1983,536.8,1927,7501
2218,descent,250308.228,7.9516,7.9233,0.0283,3.7652,0.8540,0.6339,1.7152,0.2673,0.2109,230937,23892,5375,0,0,6,11,2.4436,0.8529,0.1178,536.8,1927,7501
2219,descent,245312.596,7.7135,7.6878,0.0257,3.4488,0.5601,0.6195,1.7172,0.2693,0.2079,234456,26507,3519,0,0,6,11,2.2620,0.5343,0.1194,536.8,1927,7501
2220,descent,240416.709,7.8531,7.8254,0.0277,3.8339,0.9298,0.6431,1.7162,0.2673,0.2028,240407,20556,5951,0,0,6,11,2.3585,0.9737,0.1812,536.8,1927,7501
2221,descent,235618.576,8.0149,7.9902,0.0247,4.7176,1.2810,0.6052,2.2753,0.2693,0.2099,245526,15437,5119,0,0,6,11,2.1642,0.6824,0.0935,536.8,1927,7501
2222,descent,230916.244,7.4881,7.4244,0.0637,3.5502,0.6717,0.6062,1.7193,0.2683,0.2079,249685,11278,4159,0,0,6,11,2.0171,0.7955,0.1292,536.8,1927,7501
2223,descent,226307.801,7.9720,7.9267,0.0453,3.6874,0.8151,0.6001,1.7172,0.2642,0.2089,254804,6159,5119,0,0,6,11,1.8671,0.7370,0.8038,536.8,1927,7501
2225,descent,217365.120,5.3828,5.3578,0.0250,3.2399,0.3461,0.6144,1.7091,0.2683,0.2191,256402,721,1983,3840,0,6,11,1.6053,0.5089,0.1871,536.8,1935,7501
2227,descent,208775.982,4.8279,4.8017,0.0262,3.2317,0.2970,0.6636,1.7009,0.2652,0.2212,258431,0,1528,0,0,7,10,0.7265,0.2801,0.0959,536.8,1935,7501
2228,descent,204609.601,6.8903,6.8695,0.0208,3.3341,0.4055,0.6523,1.6957,0.2632,0.2365,260670,60,2239,0,0,7,10,1.5251,0.4283,0.1333,536.8,1935,7501
2229,descent,200526.408,6.9889,6.9637,0.0252,3.3618,0.3953,0.6820,1.6998,0.2673,0.2345,262845,23,2175,0,0,7,10,1.5232,0.4103,0.1396,536.8,1935,7501
2230,descent,196524.742,5.8627,5.8407,0.0220,3.3526,0.4157,0.6615,1.6886,0.2693,0.2406,265212,4039,2367,0,0,7,10,1.5116,0.3414,0.2318,536.8,1935,7501
2232,descent,188759.511,6.4160,6.3894,0.0266,3.5533,0.5693,0.6871,1.6968,0.2662,0.2499,272570,956,3327,0,0,7,10,1.6481,0.4834,0.2425,536.8,1935,7501
2233,descent,184992.788,6.5367,6.5157,0.0210,3.5369,0.5693,0.6758,1.6968,0.2662,0.2529,275769,1370,3199,0,0,7,10,1.5435,0.4053,0.3306,536.8,1935,7501
2234,descent,181301.273,4.6344,4.6138,0.0206,3.2707,0.2529,0.7219,1.6978,0.2652,0.2529,277139,0,1370,0,0,7,10,0.6744,0.2708,0.0958,536.8,1935,7501
2235,descent,177683.465,4.9735,4.9558,0.0177,3.6219,0.5878,0.7260,1.7091,0.2693,0.2550,280445,0,3306,0,0,7,10,1.0972,0.3831,0.0801,536.8,1935,7501
2236,descent,174137.891,3.4987,3.4776,0.0211,2.9829,0.0031,0.6851,1.6968,0.2642,0.2550,280445,0,0,0,0,7,10,0.0266,0.0005,0.0678,536.8,1935,7501
2237,descent,170663.109,4.8431,4.8231,0.0200,3.3884,0.0348,0.6984,2.0531,0.2703,0.2519,276943,0,0,3502,0,7,10,1.0030,0.2825,0.0792,536.8,1935,7501
2238,descent,167257.707,6.7550,6.7348,0.0202,3.4212,0.3963,0.7178,1.7101,0.2673,0.2540,279118,2279,2175,0,0,7,10,1.5128,0.4442,0.6835,536.8,1935,7501
2239,descent,163920.298,7.2018,7.1779,0.0239,3.3956,0.4137,0.6769,1.7080,0.2703,0.2488,281397,0,2279,0,0,7,10,1.1108,0.3839,0.1027,536.8,1935,7501
2240,descent,160649.526,4.3420,4.3181,0.0239,3.0208,0.0031,0.7148,1.7080,0.2703,0.2447,281397,0,0,0,0,7,10,0.0273,0.0010,0.0910,536.8,1935,7501
2241,descent,157444.059,4.5786,4.5535,0.0251,3.0116,0.0031,0.7127,1.7132,0.2673,0.2396,281397,0,0,0,0,7,10,0.0242,0.0004,0.0719,536.8,1935,7501
2242,descent,154302.594,5.7689,5.7453,0.0236,3.3556,0.4055,0.6523,1.7193,0.2662,0.2314,283636,2869,2239,0,0,7,10,1.5086,0.3996,0.4207,536.8,1935,7501
2243,descent,151223.853,5.2951,5.2721,0.0230,4.0663,0.5171,0.8980,2.0797,0.2662,0.2273,286505,0,2869,0,0,7,10,1.3068,0.4346,0.1006,536.8,1935,7501
2244,descent,148206.584,4.8415,4.8185,0.0230,2.9399,0.0031,0.6513,1.7172,0.2662,0.2324,286505,0,0,0,0,7,10,0.0302,0.0010,0.1407,536.8,1935,7501
2245,descent,145249.558,4.6328,3.0640,1.5688,2.9368,0.0031,0.6472,1.7142,0.2703,0.2232,286505,0,0,0,0,7,10,0.0265,0.0009,0.0774,536.8,1935,7501
2246,descent,142351.574,4.2698,4.2399,0.0299,2.9276,0.0041,0.6513,1.7132,0.2662,0.2222,286505,0,0,0,0,7,10,0.0262,0.0007,0.0857,536.8,1935,7501
2247,descent,139511.452,6.6779,6.6572,0.0207,3.7612,0.8182,0.6554,1.7183,0.2683,0.2202,291176,617,4671,0,0,7,10,1.5070,0.8856,0.3165,536.8,1935,7501
2248,descent,136728.037,5.7013,5.6781,0.0232,3.0802,0.1526,0.6420,1.7111,0.2847,0.2130,289233,0,617,2560,0,6,10,1.2940,0.3536,0.0992,536.8,1935,7501
2249,descent,134000.198,5.3051,5.2813,0.0238,3.1508,0.0236,0.6246,1.9528,0.2714,0.2109,284881,0,0,4352,0,6,10,1.5278,0.4180,0.0990,536.8,1935,7501
2250,descent,131326.823,6.4545,6.4324,0.0221,2.9450,0.0307,0.6308,1.7172,0.2714,0.2161,280017,0,0,4864,0,6,10,1.5642,0.6662,0.1098,536.8,1935,7501
2251,descent,128706.826,5.0595,5.0397,0.0198,2.9358,0.0256,0.6349,1.7172,0.2673,0.2140,276477,0,0,3540,0,6,10,1.1713,0.3452,0.1194,536.8,1935,7501
2252,descent,126139.142,3.3019,3.2824,0.0195,2.9092,0.0031,0.6328,1.7162,0.2662,0.2109,276477,0,0,0,0,6,10,0.0301,0.0007,0.0763,536.8,1935,7501
2253,descent,123622.724,3.9318,3.9094,0.0224,2.8897,0.0031,0.6093,1.7193,0.2683,0.2120,276477,0,0,0,0,6,10,0.0263,0.0007,0.0897,536.8,1935,7501
2254,descent,121156.551,4.9332,3.3589,1.5743,2.9051,0.0031,0.6246,1.7152,0.2714,0.2099,276477,0,0,0,0,6,10,0.0249,0.0004,0.0827,536.8,1935,7501
2255,descent,118739.618,5.9533,5.9205,0.0328,3.2256,0.3359,0.6226,1.7172,0.2652,0.2068,278268,4657,1791,0,0,6,10,1.5276,0.3170,0.1030,536.8,1935,7501
2256,descent,116370.943,6.3261,6.3012,0.0249,4.3735,0.9216,0.6144,2.2825,0.2673,0.2079,282107,818,3839,0,0,6,10,1.6734,0.6014,0.2095,536.8,1935,7501
2257,descent,114049.562,6.4055,6.3697,0.0358,3.0392,0.1751,0.5980,1.7121,0.2703,0.2038,282925,0,818,0,0,6,10,0.4392,0.2279,0.1147,536.8,1935,7501
2258,descent,111774.531,5.6152,5.5917,0.0235,3.3444,0.4680,0.6031,1.7132,0.2724,0.2038,285676,5165,2751,0,0,6,10,1.5161,0.3816,0.0867,536.8,1935,7501
2259,descent,109544.924,7.1065,7.0793,0.0272,3.7949,0.9196,0.6052,1.7091,0.2714,0.2079,291179,704,5503,0,0,7,9,1.6833,0.6687,0.2649,536.8,1935,7501
2261,descent,105218.373,6.1021,6.0796,0.0225,3.2993,0.4219,0.6154,1.7019,0.2683,0.2171,296584,0,2249,0,0,7,9,1.1774,0.3656,0.1072,536.8,1935,7501
2262,descent,103119.669,7.2879,7.2682,0.0197,3.5389,0.0635,0.8714,2.0470,0.2673,0.2181,293319,2062,63,3328,0,7,9,1.6368,0.5664,0.5283,536.8,1935,7501
2263,descent,101062.869,5.8721,5.8460,0.0261,3.3290,0.3963,0.6676,1.6947,0.2652,0.2263,291541,0,2062,3840,0,7,9,1.5563,0.5592,0.0917,536.8,1935,7501
2264,descent,99047.135,5.9149,5.8896,0.0253,3.2389,0.2959,0.6789,1.6927,0.2683,0.2222,291659,575,1471,1353,0,7,9,1.5204,0.3837,0.1640,536.8,1935,7501
2265,descent,97071.649,6.1304,6.0981,0.0323,3.7489,0.7731,0.7025,1.6957,0.2683,0.2345,296009,0,4350,0,0,7,9,1.3455,0.4949,0.0848,536.8,1935,7501
2266,descent,95135.606,3.6547,3.6301,0.0246,2.9665,0.0031,0.6861,1.6947,0.2662,0.2376,296009,0,0,0,0,7,9,0.0273,0.0006,0.0834,536.8,1935,7501
2267,descent,93238.219,6.3545,6.3353,0.0192,3.8922,0.4352,0.7086,2.1637,0.2632,0.2447,298312,1146,2303,0,0,7,9,1.5286,0.4052,0.3288,536.8,1935,7501
2268,descent,91378.716,5.3727,5.3496,0.0231,3.2215,0.2335,0.7035,1.7019,0.2662,0.2386,299458,0,1146,0,0,7,9,0.6935,0.3019,0.1352,536.8,1935,7501
2270,descent,87770.352,6.7098,6.6895,0.0203,3.7560,0.7168,0.7281,1.7142,0.2693,0.2458,304512,6745,4031,0,0,7,9,1.7088,0.4817,0.3366,536.8,1935,7501
2271,descent,86020.023,6.9072,6.8838,0.0234,3.7970,0.7506,0.7475,1.6998,0.2652,0.2509,308735,2522,4223,0,0,7,9,1.7301,0.5829,0.4874,536.8,1935,7501
2272,descent,84304.642,4.5029,4.4827,0.0202,3.4929,0.4751,0.7137,1.7111,0.2683,0.2427,311257,0,2522,0,0,7,9,0.8776,0.4239,0.0877,536.8,1935,7501
2273,descent,82623.511,3.8859,3.8683,0.0176,3.6526,0.0031,0.9718,2.0808,0.2703,0.2550,311257,0,0,0,0,7,9,0.0244,0.0007,0.0826,536.8,1935,7501
2274,descent,80975.946,4.7464,4.7264,0.0200,3.0587,0.0041,0.7516,1.7091,0.2652,0.2570,311257,0,0,0,0,7,9,0.0109,0.0007,0.0766,536.8,1935,7501
2276,descent,77778.847,7.0933,7.0681,0.0252,3.2993,0.2580,0.7383,1.7111,0.2714,0.2437,305943,3949,1279,2304,0,7,9,1.6732,0.5939,0.6336,536.8,1935,7501
2277,descent,76228.013,6.6372,6.6120,0.0252,3.6454,0.6062,0.7414,1.7101,0.2673,0.2396,309126,622,3327,144,0,7,9,1.6391,0.5970,0.2275,536.8,1935,7501
2278,descent,74708.143,4.2102,4.1895,0.0207,3.1621,0.1495,0.7076,1.7172,0.2703,0.2447,309748,0,622,0,0,7,9,0.3504,0.1966,0.1024,536.8,1935,7501
2279,descent,73218.620,5.9770,5.9596,0.0174,4.5107,0.9544,0.7086,2.2620,0.2683,0.2437,313651,1550,3903,0,0,7,9,1.5110,0.4503,0.2446,536.8,1935,7501
2280,descent,71758.837,5.4812,5.4527,0.0285,3.3300,0.3072,0.7127,1.7132,0.2703,0.2437,315201,0,1550,0,0,7,9,0.5749,0.2877,0.0904,536.8,1935,7501
2281,descent,70328.201,3.8993,3.8778,0.0215,3.0147,0.0031,0.7137,1.7152,0.2683,0.2386,315201,0,0,0,0,7,9,0.0257,0.0006,0.0876,536.8,1935,7501
2282,descent,68926.129,3.8527,3.8322,0.0205,3.0085,0.0031,0.7076,1.7101,0.2683,0.2478,315201,0,0,0,0,7,9,0.0266,0.0007,0.0709,536.8,1935,7501
2283,descent,67552.052,5.5810,3.4968,2.0842,2.9983,0.0031,0.7066,1.7070,0.2662,0.2345,315201,0,0,0,0,7,9,0.0233,0.0007,0.0661,536.8,1935,7501
2284,descent,66205.411,4.5392,4.4957,0.0435,3.0126,0.0041,0.7055,1.7162,0.2703,0.2365,315201,0,0,0,0,7,9,0.0252,0.0007,0.0851,536.8,1935,7501
2285,descent,64885.657,5.2144,5.1915,0.0229,3.2440,0.0031,0.6984,1.7152,0.5192,0.2355,315201,0,0,0,0,7,9,0.0254,0.0007,0.0862,536.8,1935,7501
2286,descent,63592.254,6.8914,6.8670,0.0244,3.0003,0.0236,0.6830,1.7162,0.2683,0.2294,310593,0,0,4608,0,7,9,1.5797,0.5657,0.1148,536.8,1935,7501
2287,descent,62324.675,5.6991,5.6773,0.0218,3.1857,0.2099,0.6973,1.7121,0.2632,0.2314,310701,5636,959,851,0,7,9,1.5113,0.3541,0.1125,536.8,1935,7501
2288,descent,61082.406,6.5963,6.5729,0.0234,3.7233,0.7229,0.6932,1.7183,0.2734,0.2335,314668,1669,3967,0,0,7,9,1.6963,0.5480,0.3599,536.8,1935,7501
2289,descent,59864.940,4.9918,4.9672,0.0246,3.3341,0.3492,0.6943,1.7080,0.2693,0.2304,316452,0,1784,0,0,8,8,0.5946,0.2654,0.0751,536.8,1935,7501
2290,descent,58671.782,5.5582,5.5374,0.0208,3.5287,0.5304,0.6922,1.7132,0.2816,0.2294,319273,0,2821,0,0,8,8,1.1627,0.3905,0.0826,536.8,1935,7501
2291,descent,57502.448,5.5998,5.5770,0.0228,3.4580,0.4710,0.6902,1.7152,0.2714,0.2273,321752,0,2479,0,0,8,8,1.1487,0.3843,0.1011,536.8,1935,7501
2292,descent,56356.461,5.7309,5.7083,0.0226,3.7837,0.8090,0.6881,1.7203,0.2642,0.2284,324101,0,2349,0,0,8,8,0.9363,0.5360,0.1467,536.8,1935,7501
2293,descent,55233.356,5.5661,5.5393,0.0268,3.3853,0.4219,0.6810,1.7080,0.2714,0.2294,326306,0,2205,0,0,8,8,0.8942,0.4123,0.1413,536.8,1935,7501
2294,descent,54132.675,4.8524,4.8327,0.0197,3.3956,0.4035,0.6881,1.7121,0.2714,0.2386,328428,0,2122,0,0,8,8,0.7298,0.3688,0.0778,536.8,1935,7501
2295,descent,53053.970,4.0458,4.0250,0.0208,2.9747,0.0031,0.7035,1.6998,0.2632,0.2335,328428,0,0,0,0,8,8,0.0256,0.0006,0.0656,536.8,1935,7501
2296,descent,51996.804,5.6483,5.6285,0.0198,3.7304,0.7168,0.7107,1.7080,0.2673,0.2447,332347,0,3919,0,0,8,8,1.3107,0.4787,0.0912,536.8,1935,7501
2297,descent,50960.745,4.6302,2.5353,2.0949,3.2481,0.0010,0.7219,1.9364,0.2683,0.2519,332347,0,0,0,0,8,8,0.0252,0.0006,0.0645,536.8,1935,7501
2298,descent,49945.373,6.2533,4.5015,1.7518,3.5635,0.5489,0.7475,1.6896,0.2662,0.2406,335290,641,2943,0,0,8,8,1.5141,0.4177,0.2138,536.8,1935,7501
2299,descent,48950.274,5.9269,5.8873,0.0396,3.2154,0.1587,0.7578,1.7121,0.2673,0.2488,333371,0,641,2560,0,8,8,1.2540,0.3942,0.0942,536.8,1935,7501
2300,descent,47975.044,4.4357,4.4153,0.0204,3.1140,0.0215,0.7844,1.7080,0.2673,0.2540,331224,0,0,2147,0,8,8,0.6940,0.2523,0.0795,536.8,1935,7501
2301,descent,47019.285,7.0128,6.9893,0.0235,3.5205,0.4065,0.7977,1.7009,0.2734,0.2601,333335,2651,2111,0,0,8,8,1.5206,0.3829,0.4966,536.8,1935,7501
2302,descent,46082.610,6.1134,6.0931,0.0203,3.7243,0.6113,0.8028,1.7039,0.2662,0.2611,336598,6900,3263,0,0,8,8,1.6066,0.4333,0.3784,536.8,1935,7501
2303,descent,45164.637,5.9247,5.9041,0.0206,4.8169,1.0742,1.0496,2.0756,0.2734,0.2642,342549,949,5951,0,0,8,8,1.7254,0.7138,0.2263,536.8,1935,7501
2304,descent,44264.992,5.2055,5.1839,0.0216,3.3198,0.2079,0.7956,1.7060,0.2662,0.2693,343498,0,949,0,0,8,8,0.3484,0.2217,0.0750,536.8,1935,7501
2305,descent,43383.310,6.5476,6.5198,0.0278,3.4836,0.3502,0.8049,1.7091,0.2703,0.2673,345289,3610,1791,0,0,8,8,1.5145,0.3575,0.5467,536.8,1935,7501
2306,descent,42519.232,5.5181,5.4975,0.0206,4.1062,0.6738,0.8305,1.9640,0.2703,0.2857,348899,0,3610,0,0,8,8,1.0707,0.4750,0.0772,536.8,1935,7501
2307,descent,41672.407,5.3055,5.2812,0.0243,3.1980,0.0031,0.8428,1.7224,0.2703,0.2796,348899,0,0,0,0,8,8,0.0311,0.0010,0.1043,536.8,1935,7501
2308,descent,40842.490,5.8133,4.1883,1.6250,3.1764,0.0031,0.8294,1.7183,0.2683,0.2765,348899,0,0,0,0,8,8,0.0284,0.0006,0.1206,536.8,1935,7501
2309,descent,40029.143,5.0263,3.4348,1.5915,4.4462,0.0041,1.2001,2.6235,0.2662,0.2703,348899,0,0,0,0,8,8,0.0274,0.0007,0.1083,536.8,1935,7501
2310,descent,39232.036,5.5569,5.5220,0.0349,3.1949,0.0031,0.8387,1.7244,0.2734,0.2785,348899,0,0,0,0,8,8,0.0280,0.0007,0.0913,536.8,1935,7501
2311,descent,38450.844,7.2030,7.1716,0.0314,3.7038,0.4997,0.8428,1.7306,0.2724,0.2755,351522,3805,2623,0,0,8,8,1.5118,0.5011,0.5839,536.8,1935,7501
2312,descent,37685.250,7.0829,7.0572,0.0257,3.9035,0.7096,0.8376,1.7316,0.2693,0.2724,355327,0,3805,0,0,8,8,1.5557,0.6599,0.1315,536.8,1935,7501
2313,descent,36934.942,6.5732,6.5424,0.0308,3.2133,0.0256,0.8387,1.7326,0.2662,0.2755,351487,0,0,3840,0,8,8,1.5948,0.5439,0.1161,536.8,1935,7501
2314,descent,36199.616,5.0459,5.0182,0.0277,3.2276,0.0195,0.8448,1.7347,0.2734,0.2796,351335,0,0,152,0,8,8,0.2686,0.2087,0.1338,536.8,1935,7501
2315,descent,35478.971,4.6426,4.6168,0.0258,3.5410,0.0031,0.8120,2.1002,0.2683,0.2836,351335,0,0,0,0,8,8,0.0305,0.0007,0.0944,536.8,1927,7501
2317,descent,34080.559,6.7021,6.6752,0.0269,3.6434,0.4669,0.8151,1.7357,0.2693,0.2796,353702,548,2367,0,0,9,7,1.5274,0.4601,0.2328,536.8,1927,7501
2318,descent,33402.224,9.4682,9.4421,0.0261,3.6393,0.4557,0.8161,1.7439,0.2683,0.2785,356005,1122,2303,0,0,9,7,1.5543,0.4345,0.3222,536.8,1927,7501
2319,descent,32737.433,6.6760,6.6519,0.0241,3.7417,0.5745,0.8151,1.7285,0.2673,0.2775,359012,808,3007,0,0,9,7,1.5558,0.5785,0.2614,536.8,1927,7501
2320,descent,32085.916,7.0510,7.0234,0.0276,3.8052,0.3717,0.8192,1.9855,0.2693,0.2734,360867,4311,1855,0,0,9,7,1.5348,0.3523,0.3985,536.8,1927,7501
2321,descent,31447.406,7.4392,7.4095,0.0297,3.5584,0.3860,0.8212,1.7326,0.2652,0.2755,362786,8204,1919,0,0,9,7,1.6503,0.3930,0.0948,536.8,1927,7501
2322,descent,30821.646,9.5824,9.5536,0.0288,3.6291,0.4526,0.8151,1.7357,0.2693,0.2755,365089,6509,2303,0,0,9,7,1.8440,0.7733,1.4767,536.8,1927,7501
2323,descent,30208.380,7.5035,7.4718,0.0317,3.5645,0.3850,0.8172,1.7398,0.2714,0.2755,367008,9048,1919,0,0,9,7,1.7278,0.4564,0.6753,536.8,1927,7501
2324,descent,29607.359,8.3192,8.2933,0.0259,3.9752,0.5530,1.0445,1.7449,0.2703,0.2816,369887,6169,2879,0,0,9,7,1.8026,0.5772,1.0958,536.8,1927,7501
2325,descent,29018.337,8.3188,8.2782,0.0406,3.6260,0.4352,0.8192,1.7398,0.2724,0.2816,372126,7943,2239,0,0,9,7,1.7119,0.6858,0.7783,536.8,1927,7501
2326,descent,28441.077,9.1581,9.1292,0.0289,3.9526,0.7547,0.8243,1.7418,0.2714,0.2755,375005,5064,2879,0,0,9,7,1.7656,0.5974,0.9956,536.8,1927,7501
2327,descent,27875.342,8.9253,8.8924,0.0329,3.4662,0.2806,0.8212,1.7388,0.2683,0.2847,374044,3721,1343,2304,0,9,7,1.6882,0.6942,0.8918,536.8,1927,7501
2328,descent,27320.903,9.1915,9.1527,0.0388,3.9772,0.3195,0.8274,2.2057,0.2703,0.2785,374759,5258,1535,820,0,9,7,1.6392,0.4624,0.4697,536.8,1927,7501
2329,descent,26777.535,7.3682,7.3392,0.0290,3.2717,0.0829,0.8397,1.7295,0.2714,0.2816,375014,7051,255,0,0,9,7,1.7410,0.2571,0.5328,536.8,1927,7501
2330,descent,26245.015,7.6715,7.6495,0.0220,3.9977,0.7844,0.8509,1.7367,0.2693,0.2867,379173,3058,4159,0,0,9,7,1.7682,0.6574,0.5774,536.8,1927,7501
2331,descent,25723.128,7.2021,7.1794,0.0227,3.7868,0.5868,0.8448,1.7306,0.2673,0.2908,382231,0,3058,0,0,9,7,1.5702,0.6323,0.1244,536.8,1927,7501
2332,descent,25211.661,6.0305,6.0023,0.0282,3.4724,0.2652,0.8561,1.7254,0.2683,0.2939,383510,4613,1279,0,0,9,7,1.5268,0.3230,0.1177,536.8,1927,7501
2334,descent,24219.160,5.9765,5.9362,0.0403,3.2471,0.0031,0.8847,1.7275,0.2673,0.3011,388123,0,0,0,0,9,7,0.0300,0.0009,0.1200,536.8,1927,7501
2336,descent,23265.896,4.3154,4.2891,0.0263,3.2922,0.0031,0.9185,1.7275,0.2714,0.3092,388123,0,0,0,0,9,7,0.0324,0.0005,0.0867,536.8,1927,7501
2337,descent,22803.492,7.7404,7.7204,0.0200,3.3454,0.0236,0.9452,1.7285,0.2693,0.3133,383771,0,0,4352,0,8,7,1.5813,0.5924,0.1605,536.8,1927,7501
2338,descent,22350.320,6.9514,6.9218,0.0296,3.3720,0.0225,0.9533,1.7377,0.2714,0.3195,380187,0,0,3584,0,8,7,1.5629,0.5064,0.1243,536.8,1927,7501
2339,descent,21906.196,6.6411,6.6121,0.0290,4.2650,0.0215,1.4858,2.1064,0.2683,0.3154,377627,0,0,2560,0,9,6,1.5527,0.4626,0.1665,536.8,1927,7501
2340,descent,21470.939,7.2489,7.1964,0.0525,3.3884,0.0225,0.9687,1.7336,0.2724,0.3215,374555,0,0,3072,0,9,6,1.5761,0.5168,0.1206,536.8,1927,7501
2341,descent,21044.374,7.0448,7.0175,0.0273,3.4243,0.0594,0.9800,1.7285,0.2642,0.3287,373731,5313,63,887,0,9,6,1.5576,0.3279,0.1181,536.8,1927,7501
2342,descent,20626.325,7.8542,7.8185,0.0357,3.7140,0.3215,0.9851,1.7377,0.2683,0.3205,375266,8770,1535,0,0,9,6,1.6897,0.4069,0.1360,536.8,1927,7501
2343,descent,20216.623,8.4011,8.3663,0.0348,3.6516,0.2714,0.9718,1.7326,0.2673,0.3267,376545,13163,1279,0,0,9,6,1.8023,0.3627,0.1303,536.8,1927,7501
2344,descent,19815.101,7.1477,7.1219,0.0258,3.6772,0.2703,0.9851,1.7398,0.2714,0.3277,377824,17158,1279,0,0,9,6,1.9509,0.4330,0.1306,536.8,1927,7501
2345,descent,19421.597,6.9178,6.8936,0.0242,3.9332,0.5222,0.9871,1.7490,0.2703,0.3256,379935,23231,2623,512,0,9,6,2.0462,0.4621,0.0925,536.8,1927,7501
2346,descent,19035.949,6.5315,6.5069,0.0246,3.7530,0.3482,0.9851,1.7428,0.2693,0.3246,377438,21632,1599,4096,0,9,6,2.2383,0.7680,0.1150,536.8,1927,7501
2348,descent,18287.600,6.2863,6.2605,0.0258,3.7396,0.3328,0.9820,1.7469,0.2683,0.3256,377493,26256,1599,0,0,9,6,2.1112,0.4223,0.1225,536.8,1927,7501
2349,descent,17924.594,6.4627,6.4416,0.0211,3.8410,0.4178,0.9810,1.7500,0.2734,0.3348,379540,33316,2047,0,0,9,6,2.3361,0.4066,0.0923,536.8,1927,7501
2350,descent,17568.836,7.2474,7.2250,0.0224,4.4360,1.0598,0.9728,1.7347,0.2673,0.3297,385107,33996,5567,0,0,9,6,2.5662,0.8248,0.1033,536.8,1927,7501
2351,descent,17220.181,6.9788,6.9574,0.0214,5.3760,1.5421,0.9779,1.9661,0.4864,0.3297,393362,25741,8255,0,0,9,6,2.6918,1.1845,0.1076,536.8,1927,7501
2352,descent,16878.488,6.8276,6.8067,0.0209,4.4913,1.1172,0.9800,1.7347,0.2693,0.3287,399313,19790,5951,0,0,9,6,2.3204,0.9076,0.6683,536.8,1927,7501
2353,descent,16543.617,6.9203,6.9010,0.0193,4.2486,0.8724,0.9830,1.7347,0.2652,0.3318,403856,15247,4543,0,0,9,6,2.1383,0.8760,0.7951,536.8,1927,7501
2355,descent,15893.800,7.9557,7.9292,0.0265,4.2138,0.8909,0.9431,1.7388,0.2621,0.3174,412942,12826,4671,0,0,9,6,2.0665,0.7441,1.0118,536.8,1927,7501
2356,descent,15578.590,8.9490,8.9226,0.0264,4.7114,0.5560,1.4111,2.0910,0.2703,0.3195,415693,13866,2751,0,0,10,5,1.9285,0.5898,1.2382,536.8,1927,7501
2357,descent,15269.674,7.9971,7.9647,0.0324,3.6506,0.3133,0.9482,1.7367,0.2662,0.3236,417164,17468,1471,0,0,10,5,1.9595,0.4204,1.1433,536.8,1927,7501
2358,descent,14966.925,7.9402,7.9113,0.0289,3.6598,0.3205,0.9523,1.7408,0.2642,0.3205,417867,20634,1471,768,0,10,5,2.0722,0.5461,1.1059,536.8,1927,7501
2359,descent,14670.221,7.9409,7.9091,0.0318,3.6762,0.3389,0.9533,1.7377,0.2693,0.3154,415562,19099,1535,3840,0,10,5,2.1831,0.7667,1.0993,536.8,1927,7501
2360,descent,14379.441,7.5152,7.5134,0.0018,3.5686,0.2314,0.9605,1.7398,0.2632,0.3113,413449,18140,959,3072,0,10,5,2.1388,0.7497,1.0625,536.8,1927,7501
2361,descent,14094.468,6.8348,6.8122,0.0226,3.7868,0.4352,0.9656,1.7418,0.2642,0.3174,415321,24049,2111,239,0,8,7,2.0820,0.5160,0.5295,536.8,1927,7501
2362,descent,13815.184,7.0980,7.0693,0.0287,3.8574,0.2785,0.9728,1.9610,0.2662,0.3174,414661,20613,1279,1939,0,8,7,2.2774,0.6356,0.5298,536.8,1927,7501
2363,descent,13541.476,7.1056,7.0843,0.0213,3.8031,0.4393,0.9789,1.7408,0.2632,0.3205,413993,18209,1023,1691,0,10,5,2.1780,0.6059,0.5268,536.8,1927,7501
2364,descent,13273.233,6.6136,6.5881,0.0255,3.9680,0.5857,0.9902,1.7377,0.2703,0.3215,413049,13009,2879,3823,0,10,5,2.0838,0.7075,0.4310,536.8,1927,7501
2366,descent,12752.709,5.7216,5.6993,0.0223,3.8840,0.4741,1.0158,1.7336,0.2714,0.3267,410775,7859,2303,3072,0,10,5,1.8347,0.6904,0.5125,536.8,1927,7501
2368,descent,12252.763,5.8783,5.8559,0.0224,4.0509,0.6216,1.0445,1.7306,0.2642,0.3297,408305,4256,1343,3328,0,11,4,1.6997,0.6010,0.5369,536.8,1927,7501
2369,descent,12010.251,6.6559,6.6290,0.0269,3.7437,0.2826,1.0619,1.7265,0.2673,0.3451,408112,2913,1343,1536,0,11,4,1.6523,0.4874,0.4664,536.8,1927,7501
2370,descent,11772.581,5.6775,5.6488,0.0287,3.7632,0.2908,1.0680,1.7275,0.2683,0.3482,407407,1570,1343,2048,0,11,4,1.6127,0.6241,0.4593,536.8,1927,7501
2371,descent,11539.657,6.6687,6.6448,0.0239,3.7550,0.2652,1.0875,1.7275,0.2683,0.3451,406382,291,1279,2304,0,11,4,1.5711,0.5702,0.2251,536.8,1927,7501
2372,descent,11311.384,4.1183,4.0961,0.0222,3.6086,0.1024,1.1008,1.7285,0.2662,0.3523,403345,0,291,3328,0,11,4,1.0423,0.4526,0.0979,536.8,1927,7501
2373,descent,11087.668,5.2220,5.2033,0.0187,3.9936,0.0246,1.1069,2.1811,0.2662,0.3543,398225,0,0,5120,0,11,4,1.5270,0.4973,0.0953,536.8,1927,7501
2374,descent,10868.419,6.3920,6.3633,0.0287,3.5451,0.0215,1.1100,1.7306,0.2683,0.3553,394129,0,0,4096,0,11,4,1.5751,0.6161,0.1496,536.8,1927,7501
2376,descent,10442.967,5.5114,5.4921,0.0193,3.5891,0.0276,1.1325,1.7357,0.2673,0.3645,385169,0,0,5632,0,12,3,1.5551,0.5678,0.1068,536.8,1927,7501
2377,descent,10236.591,6.1147,6.0924,0.0223,3.5932,0.0236,1.1397,1.7367,0.2683,0.3635,380817,0,0,4352,0,13,2,1.5404,0.7269,0.1019,536.8,1927,7501
2378,descent,10034.335,4.8323,4.8114,0.0209,3.7130,0.0215,1.2513,1.7398,0.2642,0.3799,376824,0,0,3993,0,13,2,1.5528,0.5156,0.0982,536.8,1927,7501
2380,descent,9641.857,6.4656,6.4436,0.0220,3.7233,0.0256,1.2554,1.7388,0.2673,0.3789,367608,0,0,3328,0,14,1,1.5233,0.5534,0.1455,536.8,1927,7501
2381,descent,9451.476,6.8249,6.7846,0.0403,3.7284,0.0195,1.2564,1.7418,0.2683,0.3860,364792,0,0,2816,0,14,1,1.6652,0.4828,0.1265,536.8,1927,7501
2382,descent,9264.896,5.5952,5.5648,0.0304,3.7652,0.0563,1.2585,1.7418,0.2662,0.3881,364346,7361,63,509,0,15,0,1.5549,0.2623,0.1094,536.8,1927,7501
2383,descent,9082.042,6.1738,6.1475,0.0263,4.1093,0.3983,1.2564,1.7459,0.2652,0.3850,366265,12866,1919,0,0,15,0,1.7546,0.3971,0.1193,536.8,1927,7501
2384,descent,8902.838,5.9570,5.9279,0.0291,4.3479,0.2427,1.6353,1.7541,0.2673,0.3901,367352,18947,1087,0,0,15,0,1.9285,0.3746,0.1340,536.8,1927,7501
2385,descent,8727.213,6.2321,6.2105,0.0216,4.9050,0.3461,1.7326,2.1156,0.2652,0.3881,369015,22916,1663,0,0,15,0,2.1034,0.4020,0.1315,536.8,1927,7501
2386,descent,8555.094,6.3080,6.2862,0.0218,4.2813,0.5642,1.2524,1.7428,0.2703,0.3942,371830,29290,2815,0,0,15,0,2.2356,0.4858,0.1185,536.8,1927,7501
2387,descent,8386.411,6.2345,6.2155,0.0190,5.0964,0.7885,1.3691,1.9866,0.4977,0.3942,375925,39019,4095,0,0,15,0,2.4351,0.5223,0.1361,536.8,1927,7501
2388,descent,8221.097,6.6777,6.6556,0.0221,4.2762,0.4413,1.3783,1.7449,0.2652,0.3881,378164,45740,2239,0,0,15,0,2.7449,0.4132,0.0930,536.8,1927,7501
2389,descent,8059.083,6.1851,6.1581,0.0270,4.9162,0.7875,1.3957,1.7428,0.5304,0.3994,382259,57005,4095,0,0,15,0,2.9496,0.5578,0.0928,536.8,1927,7501
2390,descent,7900.304,7.4863,7.4658,0.0205,4.4943,0.5683,1.4531,1.7459,0.2693,0.3983,385138,71788,2879,0,0,15,0,3.3030,0.5984,0.1334,536.8,1927,7501
2391,descent,7744.696,7.9344,7.9052,0.0292,4.9285,0.9329,1.5227,1.7459,0.2765,0.3912,389937,86800,4799,0,0,15,0,3.7649,0.6693,0.0941,536.8,1927,7501
2393,descent,7442.738,8.2496,8.2157,0.0339,5.0033,0.9533,1.5852,1.7439,0.2652,0.3942,399599,121057,4927,0,0,15,0,4.0190,0.6799,0.0982,536.8,1927,7501
2394,descent,7296.265,9.8323,9.8015,0.0308,4.6019,0.5530,1.5749,1.7428,0.2652,0.3953,401966,131365,2623,256,0,15,0,4.0171,0.7040,0.2106,536.8,1927,7501
2395,descent,7152.717,9.2125,9.1894,0.0231,5.0371,0.9615,1.6128,1.7428,0.2632,0.3953,400453,131814,4671,6184,0,15,0,4.0218,1.2863,0.1461,536.8,1927,7501
2396,descent,7012.035,8.0924,8.0678,0.0246,4.8548,0.7895,1.6046,1.7418,0.2662,0.3932,404484,146663,4031,0,0,15,0,4.0229,0.6508,0.1086,536.8,1927,7501
2397,descent,6874.162,8.2696,8.2432,0.0264,4.8087,0.7168,1.6251,1.7428,0.2652,0.3983,407939,159554,3455,0,0,15,0,4.0171,0.6945,0.1162,536.8,1927,7501
2398,descent,6739.042,8.8706,8.8473,0.0233,4.8712,0.7404,1.6517,1.7418,0.2693,0.4065,411458,177670,3519,0,0,15,0,4.0171,0.7775,0.1461,536.8,1927,7501
2399,descent,6606.620,8.7201,8.6953,0.0248,4.8927,0.7393,1.6824,1.7388,0.2693,0.4014,414977,190798,3519,0,0,15,0,4.0203,0.6500,0.1176,536.8,1927,7501
2400,descent,6476.842,8.4259,8.3999,0.0260,4.6756,0.5151,1.6876,1.7388,0.2642,0.4086,417344,204031,2367,0,0,14,0,4.0143,0.5843,0.1670,536.8,1927,7501
2401,descent,6349.654,8.5872,8.5620,0.0252,5.2111,0.7834,1.7316,1.7357,0.2652,0.6349,421055,217146,3711,0,0,14,0,4.0088,0.6593,0.1030,536.8,1927,7501
2402,descent,6225.007,7.9687,7.9475,0.0212,4.8343,0.5724,1.7848,1.7326,0.2683,0.4157,423742,231726,2687,0,0,14,0,4.0243,0.7124,0.1452,536.8,1927,7501
2403,descent,6102.848,8.3431,8.3210,0.0221,5.2531,0.9308,1.8360,1.7336,0.2683,0.4229,428221,248495,4479,0,0,15,0,4.0326,0.7577,0.1425,536.8,1927,7501
2404,descent,5983.128,8.8308,8.8050,0.0258,5.8378,0.8489,2.4965,1.7367,0.2652,0.4291,431036,258558,2815,0,0,15,0,4.0129,0.6844,0.1324,536.8,1927,7501
2405,descent,5865.799,8.2833,8.2610,0.0223,5.4313,0.9523,1.9599,1.7459,0.2693,0.4413,435579,271167,4543,0,0,15,0,4.0131,0.7395,0.1062,536.8,1927,7501
2406,descent,5750.812,8.7149,8.6934,0.0215,5.4036,0.8735,2.0204,1.7336,0.2703,0.4444,439738,282368,4159,0,0,15,0,4.0181,0.8953,0.1361,536.8,1927,7501
2408,descent,5527.681,8.1619,8.1387,0.0232,5.2838,0.6707,2.0920,1.7377,0.2673,0.4536,441264,277261,3135,2952,0,14,0,4.0346,1.0450,0.1015,536.8,1927,7501
2409,descent,5419.445,8.2264,8.2079,0.0185,6.0785,0.9564,2.1391,2.2047,0.2621,0.4536,444600,259077,4543,1207,0,14,0,4.0228,0.7621,0.0912,536.8,1927,7501
2410,descent,5313.370,7.5909,7.5681,0.0228,5.4845,0.6400,2.3112,1.7388,0.2632,0.4669,446000,237197,3071,1671,0,14,0,4.0463,0.7806,0.0960,536.8,1927,7501
2411,descent,5209.414,8.2328,8.2032,0.0296,6.5147,0.9841,2.7208,1.7439,0.2662,0.7373,450362,242561,4799,437,0,13,0,4.0261,0.7705,0.0974,536.8,1927,7501
2412,descent,5107.533,8.5745,8.5525,0.0220,6.2331,0.5478,3.1508,1.7428,0.2703,0.4588,450830,225197,2559,2091,0,13,0,4.0241,0.6878,0.0969,536.8,1927,7501
2413,descent,5007.686,8.7406,8.7147,0.0259,7.9002,0.7014,4.4288,1.9681,0.2673,0.4669,452572,211935,3327,1585,0,12,0,4.0156,0.6851,0.1417,536.8,1927,7501
2415,descent,4813.933,8.0879,8.0587,0.0292,4.8343,0.9656,1.3117,1.7531,0.2693,0.4680,456164,193208,4671,1991,0,11,4,4.0152,0.9179,0.1009,536.8,1927,7501
2416,descent,4719.948,9.2231,9.1979,0.0252,4.7852,0.9083,1.3189,1.7510,0.2652,0.4741,455005,188266,4415,5574,0,11,4,4.0253,1.0658,0.0959,536.8,1927,7501
2417,descent,4627.840,8.4680,8.4423,0.0257,5.1937,0.8540,1.3158,2.2221,0.2683,0.4690,455919,175320,4159,3245,0,11,4,4.0300,0.9513,0.1757,536.8,1927,7501
2418,descent,4537.571,8.8827,8.8553,0.0274,4.4585,0.5775,1.3189,1.7510,0.2693,0.4762,456346,166957,2687,2260,0,11,4,4.0313,0.8779,0.2014,536.8,1927,7501
2419,descent,4449.104,9.3788,9.3517,0.0271,5.5818,0.8233,1.3568,2.3685,0.2673,0.6994,455752,152191,4031,4625,0,11,4,4.0148,1.0807,0.1486,536.8,1927,7501
2420,descent,4362.404,8.6250,8.5944,0.0306,4.4913,0.6001,1.3353,1.7521,0.2673,0.4680,456480,144295,2879,2151,0,11,4,4.0214,0.7913,0.0990,536.8,1927,7501
2421,descent,4277.435,9.7647,9.7410,0.0237,5.4364,0.9052,1.6015,2.1187,0.2683,0.4721,457607,139678,4479,3352,0,11,4,4.0147,1.0700,0.1025,536.8,1927,7501
2422,descent,4194.162,9.6176,9.5771,0.0405,4.7155,0.8151,1.3609,1.7521,0.2652,0.4516,457303,131022,4095,4399,0,11,4,4.0215,0.9621,0.0970,536.8,1927,7501
2423,descent,4112.552,9.3015,9.2777,0.0238,4.7944,0.9482,1.3189,1.7531,0.2662,0.4301,455367,119902,4607,6543,0,11,4,4.0138,1.5030,0.1116,536.8,1927,7501
2424,descent,4032.571,9.0491,9.0225,0.0266,4.7985,0.9636,1.3117,1.7521,0.2693,0.4332,453504,109221,4735,6598,0,11,4,4.0262,1.1852,0.1007,536.8,1927,7501
2425,descent,3954.188,8.8979,8.8736,0.0243,4.9695,0.5407,1.5544,2.1135,0.2632,0.4291,449668,101281,2687,6523,0,11,4,4.0242,1.3452,0.1291,536.8,1927,7501
2426,descent,3877.369,8.4304,8.3944,0.0360,4.7503,0.9697,1.2646,1.7541,0.2652,0.4301,450570,93842,4799,3897,0,11,4,4.0299,1.0756,0.1096,536.8,1927,7501
2427,descent,3802.084,9.7911,9.7623,0.0288,4.8189,1.0332,1.2667,1.7510,0.2683,0.4342,450348,88688,3391,3613,0,11,4,4.0306,1.0047,0.1532,536.8,1927,7501
2428,descent,3728.303,8.7755,8.7476,0.0279,5.3187,0.9400,1.2636,2.0040,0.2673,0.7752,447614,80926,4735,7469,0,11,4,4.0170,1.2101,0.1018,536.8,1927,7501
2429,descent,3655.994,8.3965,8.3728,0.0237,4.5056,0.7014,1.2790,1.7521,0.2683,0.4372,445663,75453,3391,5342,0,11,4,4.0095,1.0533,0.1348,536.8,1927,7501
2430,descent,3585.129,7.9612,7.9389,0.0223,4.9787,0.9185,1.2831,2.0050,0.2673,0.4372,445688,69284,4607,4582,0,11,4,3.8839,1.0441,0.0999,536.8,1927,7501
2431,descent,3515.679,8.0692,8.0460,0.0232,4.4810,0.6636,1.2902,1.7541,0.2693,0.4342,445465,65155,3199,3422,0,11,4,3.6784,0.8682,0.1123,536.8,1927,7501
2433,descent,3380.912,7.5823,7.5545,0.0278,4.2742,0.4454,1.3005,1.7480,0.2662,0.4475,441098,55954,2111,3377,0,11,4,3.3878,0.9797,0.1391,536.8,1927,7501
2434,descent,3315.540,8.0306,8.0061,0.0245,4.9674,0.5632,1.3056,1.7541,0.2652,1.0158,441317,52663,2751,2532,0,11,4,3.2773,0.9345,0.1491,536.8,1927,7501
2435,descent,3251.473,7.1557,7.1260,0.0297,4.2732,0.4352,1.3036,1.7459,0.2662,0.4588,443210,65935,2047,154,0,11,4,3.1638,0.5146,0.0981,536.8,1927,7501
2436,descent,3188.685,7.9016,7.8794,0.0222,5.0401,1.1909,1.3107,1.7469,0.2662,0.4618,445668,65673,6079,3621,0,11,4,3.5769,1.1323,0.0974,536.8,1927,7501
2437,descent,3127.150,9.5433,9.5202,0.0231,6.4563,2.6081,1.3189,1.7439,0.2662,0.4557,456291,55050,10623,0,0,11,4,3.5833,1.7570,0.1714,536.8,1927,7501
2438,descent,3066.845,7.6034,7.5489,0.0545,5.3309,1.4705,1.3210,1.7439,0.2652,0.4639,463906,47435,7615,0,0,11,4,3.2365,1.2197,0.1305,536.8,1927,7501
2439,descent,3007.743,7.5674,7.5467,0.0207,5.1241,1.2493,1.3363,1.7449,0.2652,0.4649,470177,44333,6271,0,0,12,3,3.0150,1.1422,0.2532,536.8,1927,7501
2440,descent,2949.822,7.3530,7.3310,0.0220,5.7262,1.6036,1.3281,1.9937,0.2642,0.4731,478368,40002,8191,0,0,12,3,2.9095,1.1484,0.2504,536.8,1927,7501
2441,descent,2893.057,8.7156,8.6934,0.0222,5.2101,1.3251,1.3271,1.7439,0.2693,0.4813,485087,36885,6719,0,0,12,3,2.7672,0.9043,1.2303,536.8,1927,7501
2443,descent,2782.904,9.2472,9.2241,0.0231,4.7084,0.8028,1.3373,1.7469,0.2652,0.4915,496413,32064,3967,0,0,12,3,2.5648,0.8280,1.8483,536.8,1927,7501
2445,descent,2677.106,7.5331,7.5075,0.0256,4.7063,0.7926,1.3271,1.7531,0.2662,0.5018,504923,29232,2687,0,0,12,3,2.3492,0.5365,0.9068,536.8,1927,7501
2447,descent,2575.491,6.5296,6.5003,0.0293,4.4052,0.4915,1.3158,1.7572,0.2693,0.5069,511833,27323,2303,0,0,12,3,2.3048,0.6420,0.8837,536.8,1927,7501
2448,descent,2526.200,8.4171,8.3934,0.0237,5.0934,1.1694,1.3210,1.7633,0.2693,0.5059,517592,21564,5759,0,0,12,3,2.3839,1.0946,0.8532,536.8,1927,7501
2449,descent,2477.894,7.6791,7.6558,0.0233,5.5603,1.6353,1.3128,1.7613,0.2673,0.5192,523095,16061,5503,0,0,12,3,2.1857,1.1338,0.9787,536.8,1927,7501
2450,descent,2430.551,7.1811,7.1560,0.0251,4.8497,0.9308,1.3056,1.7623,0.2642,0.5202,527638,17870,4543,0,0,12,3,2.0190,0.8507,0.9708,536.8,1927,7501
2451,descent,2384.154,6.8823,6.8597,0.0226,5.2982,1.3537,1.3271,1.7644,0.2662,0.5212,534421,11087,6783,0,0,12,3,2.0774,0.9182,0.7380,536.8,1927,7501
2452,descent,2338.684,6.5998,6.5763,0.0235,5.0770,1.1581,1.3025,1.7654,0.2642,0.5212,540372,5136,5951,0,0,12,3,1.8713,0.8539,0.8241,536.8,1927,7501
2453,descent,2294.121,5.8206,5.7982,0.0224,5.6945,1.2544,1.8115,1.7695,0.2673,0.5274,545491,17,5119,0,0,12,3,1.6746,0.9228,0.1107,536.8,1927,7501
2454,descent,2250.448,6.3371,6.3124,0.0247,4.3203,0.4506,1.2329,1.7695,0.2693,0.5325,547602,3794,2111,0,0,12,3,1.6331,0.6124,0.1696,536.8,1927,7501
2455,descent,2207.647,9.1957,9.1658,0.0299,4.4093,0.5499,1.2319,1.7684,0.2662,0.5294,550225,1947,2623,0,0,12,3,1.6743,1.0984,0.9048,536.8,1927,7501
2456,descent,2165.700,6.2050,6.1781,0.0269,4.1318,0.2826,1.2319,1.7695,0.2632,0.5192,548368,732,1215,3072,0,12,3,1.5753,0.6444,0.2638,536.8,1927,7501
2457,descent,2124.591,5.4024,3.1641,2.2383,4.0581,0.1884,1.2339,1.7695,0.2673,0.5356,549087,0,732,13,0,12,3,0.3313,0.2747,0.0786,536.8,1927,7501
2458,descent,2084.303,6.2874,3.6336,2.6538,4.4493,0.0010,1.5913,1.9855,0.2642,0.5417,549087,0,0,0,0,12,3,0.0267,0.0009,0.1079,536.8,1927,7501
2459,descent,2044.820,5.7577,2.5095,3.2482,3.8830,0.0010,1.2401,1.7705,0.2703,0.5356,549087,0,0,0,0,12,3,0.0262,0.0006,0.1016,536.8,1927,7501
2460,descent,2006.124,6.7676,3.6197,3.1479,3.8994,0.0010,1.2462,1.7746,0.2724,0.5386,549087,0,0,0,0,12,3,0.0245,0.0009,0.0947,536.8,1927,7501
2461,descent,1968.202,5.1918,4.3051,0.8867,4.1943,0.2847,1.2472,1.7818,0.2683,0.5478,550366,6297,1279,0,0,12,3,1.5179,0.3560,0.1368,536.8,1927,7501
2462,descent,1931.036,6.5901,6.5548,0.0353,4.6234,0.7148,1.2472,1.7695,0.2662,0.5601,553821,2842,3455,0,0,12,3,1.7212,0.7076,0.5480,536.8,1927,7501
2463,descent,1894.612,5.6574,4.0755,1.5819,5.3064,0.5929,1.4674,2.3644,0.2662,0.5489,556663,0,2842,0,0,12,3,0.9656,0.4894,0.0890,536.8,1927,7501
2464,descent,1858.916,7.2349,3.3351,3.8998,3.9025,0.0010,1.2513,1.7725,0.2591,0.5530,556663,0,0,0,0,12,3,0.0293,0.0008,0.1008,536.8,1927,7501
2465,descent,1823.933,7.1266,2.8749,4.2517,3.9055,0.0020,1.2534,1.7705,0.2683,0.5489,556663,0,0,0,0,12,3,0.0278,0.0008,0.2113,536.8,1927,7501
2466,descent,1789.648,5.9183,3.3364,2.5819,3.9168,0.0020,1.2513,1.7695,0.2703,0.5581,556663,0,0,0,0,12,3,0.0270,0.0005,0.0711,536.8,1927,7501
2467,descent,1756.047,5.3711,3.7957,1.5754,3.9229,0.0010,1.2575,1.7715,0.2673,0.5601,556663,0,0,0,0,12,3,0.0281,0.0008,0.0976,536.8,1927,7501
2468,descent,1723.118,5.8184,3.1485,2.6699,3.9363,0.0010,1.2575,1.7705,0.2765,0.5652,556663,0,0,0,0,12,3,0.0279,0.0008,0.1019,536.8,1927,7501
2469,descent,1690.846,5.7368,3.5972,2.1396,4.1841,0.0010,1.2595,2.0193,0.2662,0.5724,556663,0,0,0,0,12,3,0.0276,0.0008,0.0952,536.8,1927,7501
2470,descent,1659.218,6.9972,6.9600,0.0372,3.9967,0.0604,1.2646,1.7664,0.2632,0.5775,553910,2036,63,2816,0,12,2,1.6185,0.6476,0.4534,536.8,1927,7501
2471,descent,1628.222,5.6335,5.5949,0.0386,4.2168,0.2632,1.2708,1.7736,0.2693,0.5755,552693,949,1087,2304,0,12,2,1.5815,0.6059,0.1002,536.8,1927,7501
2472,descent,1597.844,4.8870,4.8603,0.0267,4.1738,0.2324,1.2749,1.7613,0.2652,0.5755,549802,0,949,3840,0,12,2,1.2783,0.5475,0.0919,536.8,1927,7501
2473,descent,1568.073,6.5778,5.0126,1.5652,4.0049,0.0205,1.2902,1.7623,0.2693,0.5960,545962,0,0,3840,0,12,2,1.6079,0.5544,0.1112,536.8,1927,7501
2474,descent,1538.897,6.1875,6.1502,0.0373,4.0458,0.0604,1.2974,1.7592,0.2662,0.5908,544880,2753,63,1145,0,12,2,1.5659,0.5192,0.1970,536.8,1927,7501
2475,descent,1510.303,5.6412,5.6164,0.0248,4.6746,0.6717,1.3056,1.7623,0.2673,0.6011,546287,7911,1407,0,0,12,2,1.5999,0.3651,0.1137,536.8,1927,7501
2476,descent,1482.280,6.0907,6.0598,0.0309,4.2680,0.2560,1.3138,1.7592,0.2703,0.6021,547374,13292,1087,0,0,12,2,1.7672,0.4073,0.1372,536.8,1927,7501
2477,descent,1454.817,7.1798,5.7052,1.4746,4.4052,0.3799,1.3189,1.7613,0.2683,0.6113,549101,16856,1727,0,0,12,2,1.9294,0.4755,0.0982,536.8,1927,7501
2478,descent,1427.901,6.4462,6.4002,0.0460,4.8169,0.7547,1.3292,1.7664,0.2734,0.6246,552684,18558,3583,0,0,12,2,2.0446,0.6816,0.1027,536.8,1927,7501
2479,descent,1401.524,6.1678,6.1453,0.0225,6.1102,1.2288,1.5739,2.3603,0.2632,0.6164,558571,12671,5887,0,0,12,2,2.1025,0.9388,0.0972,536.8,1927,7501
2480,descent,1375.673,7.7326,5.5357,2.1969,4.8988,0.8274,1.3363,1.7746,0.2662,0.6257,562474,8768,3903,0,0,12,2,1.9297,0.7972,0.1247,536.8,1927,7501
2481,descent,1350.338,8.4620,5.2132,3.2488,4.5281,0.4321,1.3425,1.7746,0.2642,0.6461,564393,13518,1919,0,0,12,2,1.7988,0.4927,0.1188,536.8,1927,7501
2482,descent,1325.509,7.3335,5.1549,2.1786,5.4006,1.3005,1.3373,1.7766,0.2673,0.6523,570600,7311,6207,0,0,12,2,1.9359,0.8639,0.1000,536.8,1927,7501
2483,descent,1301.176,6.9731,6.7234,0.2497,5.1169,1.0394,1.3322,1.7797,0.2683,0.6318,575527,2384,4927,0,0,12,2,1.7420,0.7695,0.4041,536.8,1927,7501
2484,descent,1277.328,8.1351,4.7502,3.3849,5.2439,0.5140,1.6067,2.1463,0.2714,0.6400,577911,0,2384,0,0,12,2,1.1082,0.2957,0.1335,536.8,1927,7501
2485,descent,1253.957,8.0391,7.9791,0.0600,4.3110,0.2017,1.3312,1.7879,0.2673,0.6533,578742,6001,831,0,0,12,2,1.5306,0.4382,0.1760,536.8,1927,7501
2486,descent,1231.052,6.6399,6.6116,0.0283,5.0862,0.9738,1.3312,1.7900,0.2683,0.6523,583285,1458,4543,0,0,12,2,1.7173,0.7930,0.3238,536.8,1927,7501
2487,descent,1208.605,8.4285,8.3894,0.0391,4.4462,0.3492,1.3281,1.7930,0.2642,0.6410,584743,0,1458,0,0,12,2,1.2971,0.6237,0.1524,536.8,1927,7501
2488,descent,1186.606,5.5615,4.0228,1.5387,4.0940,0.0010,1.3199,1.7961,0.2632,0.6472,584743,0,0,0,0,12,2,0.0350,0.0005,0.1023,536.8,1927,7501
2489,descent,1165.046,6.9942,3.5457,3.4485,4.9797,0.0010,1.5923,1.7951,0.6144,0.9052,584743,0,0,0,0,12,2,0.0298,0.0008,0.1045,536.8,1927,7501
2490,descent,1143.917,6.2793,3.6684,2.6109,4.1001,0.0020,1.3148,1.7951,0.2703,0.6492,584743,0,0,0,0,12,2,0.0249,0.0007,0.1092,536.8,1927,7501
2491,descent,1123.209,6.2586,4.1339,2.1247,4.0899,0.0010,1.3138,1.7951,0.2652,0.6492,584743,0,0,0,0,12,2,0.0288,0.0006,0.0898,536.8,1927,7501
2492,descent,1102.915,6.0145,3.5286,2.4859,4.0899,0.0010,1.3076,1.7971,0.2652,0.6492,584743,0,0,0,0,12,2,0.0272,0.0006,0.0953,536.8,1927,7501
2493,descent,1083.026,5.7735,5.7141,0.0594,4.5373,0.4342,1.3087,1.7981,0.2693,0.6564,586662,6324,1919,0,0,12,2,1.5095,0.4130,0.0948,536.8,1927,7501
2494,descent,1063.534,6.3920,6.3682,0.0238,5.8737,1.2104,1.3097,2.3593,0.2632,0.6605,592357,629,5695,0,0,12,2,1.7130,0.8257,0.2235,536.8,1927,7501
2495,descent,1044.432,6.8354,4.2987,2.5367,4.2906,0.1823,1.3076,1.8012,0.2683,0.6615,592986,0,629,0,0,12,2,0.3759,0.3153,0.1211,536.8,1927,7501
2496,descent,1025.711,8.7113,4.8992,3.8121,4.1114,0.0020,1.3015,1.8002,0.2662,0.6728,592986,0,0,0,0,12,2,0.0294,0.0009,0.0968,536.8,1927,7501
2497,descent,1007.363,6.3450,4.1314,2.2136,4.1114,0.0010,1.3025,1.7992,0.2683,0.6717,592986,0,0,0,0,12,2,0.0372,0.0008,0.1081,536.8,1927,7501
2498,descent,989.382,6.0194,3.5195,2.4999,4.1032,0.0020,1.2964,1.8022,0.2673,0.6697,592986,0,0,0,0,12,2,0.0302,0.0008,0.0857,536.8,1927,7501
2499,descent,971.760,6.6324,3.1893,3.4431,4.6858,0.0010,1.8749,1.8094,0.2673,0.6676,592986,0,0,0,0,12,2,0.0262,0.0007,0.0748,536.8,1927,7501
2500,descent,954.490,6.0208,5.9518,0.0690,4.1175,0.0010,1.2954,1.8115,0.2703,0.6687,592986,0,0,0,0,12,2,0.0471,0.0010,0.1726,536.8,1927,7501
2501,descent,937.565,6.2625,4.6879,1.5746,4.1062,0.0010,1.2882,1.8094,0.2683,0.6697,592986,0,0,0,0,12,2,0.0245,0.0009,0.0989,536.8,1927,7501
2502,descent,920.977,7.1527,4.2881,2.8646,4.1236,0.0010,1.3015,1.8043,0.2693,0.6779,592986,0,0,0,0,12,2,0.0307,0.0007,0.0881,536.8,1927,7501
2503,descent,904.721,5.2129,3.6676,1.5453,4.1257,0.0010,1.2913,1.8084,0.2673,0.6881,592986,0,0,0,0,12,2,0.0226,0.0008,0.1065,536.8,1927,7501
2504,descent,888.789,5.3969,5.3626,0.0343,5.2593,0.0338,1.2923,2.2856,0.2693,1.3087,587354,0,0,5632,0,12,2,1.5449,0.5255,0.1155,536.8,1927,7501
2505,descent,873.176,6.8669,4.8598,2.0071,4.1871,0.0625,1.2954,1.8053,0.2683,0.6902,584948,2497,63,2469,0,13,1,1.5697,0.5274,0.1153,536.8,1927,7501
2506,descent,857.874,5.9893,5.9428,0.0465,4.4605,0.3246,1.3015,1.8043,0.2632,0.6984,586355,6348,1407,0,0,13,1,1.6126,0.4597,0.1317,536.8,1927,7501
2507,descent,842.878,6.6151,6.5899,0.0252,4.8640,0.7301,1.3046,1.7981,0.2652,0.6953,589810,6643,3455,0,0,13,1,1.7163,0.6231,0.1015,536.8,1927,7501
2509,descent,813.777,7.7434,7.6982,0.0452,5.3197,0.7803,1.6978,1.7940,0.2642,0.7107,594736,8477,2495,0,0,13,1,1.7722,0.5858,0.1654,536.8,1927,7501
2510,descent,799.662,6.2892,6.2866,0.0026,5.1036,0.9380,1.3312,1.7889,0.2652,0.7117,599215,3998,4479,0,0,13,1,1.7782,0.7753,0.6290,536.8,1927,7501
2511,descent,785.828,5.7637,5.7381,0.0256,5.5613,0.3011,1.5852,2.0122,0.6134,0.9800,598878,2287,1279,1616,0,12,2,1.6475,0.5939,0.1371,536.8,1927,7501
2512,descent,772.270,6.4578,6.4354,0.0224,4.4954,0.3011,1.3455,1.7859,0.2662,0.7281,597973,632,1279,2184,0,12,2,1.6150,0.7307,0.2168,536.8,1927,7501
2513,descent,758.983,5.8046,5.7750,0.0296,4.3899,0.1556,1.3548,1.7889,0.2642,0.7567,596301,0,519,2191,0,13,1,1.1614,0.4669,0.1631,536.8,1927,7501
2514,descent,745.961,6.1437,6.1140,0.0297,4.2557,0.0205,1.3609,1.7879,0.2703,0.7506,592973,0,0,3328,0,13,1,1.5394,0.5975,0.1691,536.8,1927,7501
2515,descent,733.199,5.6166,5.5880,0.0286,4.2588,0.0184,1.3619,1.7900,0.2693,0.7506,591437,0,0,1536,0,13,1,1.5780,0.3450,0.1223,536.8,1927,7501
2516,descent,720.692,5.1185,5.0924,0.0261,4.8579,0.0174,1.6056,2.1514,0.2652,0.7496,588877,0,0,2560,0,13,1,1.5239,0.4944,0.1290,536.8,1927,7501
2517,descent,708.435,6.8716,5.1755,1.6961,4.2783,0.0205,1.3732,1.7951,0.2642,0.7567,584885,0,0,3992,0,13,1,1.5404,0.5759,0.0996,536.8,1927,7501
2518,descent,696.423,6.6104,4.9065,1.7039,4.3131,0.0287,1.3763,1.8002,0.2683,0.7711,579765,0,0,5120,0,13,1,1.5331,0.6086,0.1009,536.8,1927,7501
2519,descent,684.650,5.8587,5.8067,0.0520,4.3008,0.0225,1.3752,1.7961,0.2652,0.7741,576181,0,0,3584,0,13,1,1.5618,0.5979,0.1221,536.8,1927,7501
2520,descent,673.112,7.9113,5.5897,2.3216,4.2957,0.0246,1.3722,1.7981,0.2703,0.7608,572853,0,0,3328,0,13,1,1.5967,0.5787,0.1164,536.8,1927,7501
2521,descent,661.805,6.9185,6.8690,0.0495,4.7882,0.0236,1.3783,1.8012,0.4864,1.0322,570734,0,0,2119,0,13,1,1.7528,0.5811,0.1247,536.8,1927,7501
2522,descent,650.724,6.5999,6.5699,0.0300,4.3622,0.0645,1.3773,1.8063,0.2683,0.7782,570797,9665,63,0,0,13,1,1.5836,0.2889,0.1023,536.8,1927,7501
2523,descent,639.863,7.7643,7.7394,0.0249,4.5537,0.2693,1.3670,1.8022,0.2673,0.7813,571884,14466,1087,0,0,13,1,2.6388,0.6275,0.1308,536.8,1927,7501
2524,descent,629.220,6.9540,6.9266,0.0274,4.6070,0.3277,1.3619,1.8053,0.2693,0.7752,573291,19203,1407,0,0,13,1,1.9892,0.5117,0.1368,536.8,1927,7501
2525,descent,618.789,6.5649,6.5345,0.0304,4.6295,0.3512,1.3619,1.8063,0.2642,0.7813,574826,25357,1535,0,0,13,1,2.1130,0.4580,0.1302,536.8,1927,7501
2527,descent,598.548,8.9861,8.9593,0.0268,4.6060,0.2959,1.3548,1.8330,0.2703,0.7885,577960,38908,1279,0,0,13,1,2.5680,0.4585,0.1255,536.8,1927,7501
2528,descent,588.730,9.6236,9.5943,0.0293,5.0596,0.7342,1.3568,1.8442,0.2683,0.7875,581415,49032,3455,0,0,13,1,2.7274,0.6020,0.1040,536.8,1927,7501
2529,descent,579.107,8.1821,8.1490,0.0331,4.9275,0.6103,1.3517,1.8432,0.2683,0.7885,584230,52917,2815,0,0,13,1,3.0581,0.6535,0.1302,536.8,1927,7501
2530,descent,569.677,8.8751,8.8491,0.0260,5.5788,1.2513,1.3568,1.8381,0.2662,0.7977,590245,46902,6015,0,0,13,1,3.1887,1.2898,0.1137,536.8,1927,7501
2531,descent,560.435,9.3208,9.2939,0.0269,5.6842,1.3691,1.3507,1.8330,0.2693,0.7916,596772,40375,6527,0,0,13,1,2.9979,1.1351,0.1441,536.8,1927,7501
2532,descent,551.377,7.2467,7.2243,0.0224,5.9699,1.6691,1.3455,1.8278,0.2673,0.7895,604771,32376,7999,0,0,13,1,2.7814,1.2153,0.1171,536.8,1927,7501
2533,descent,542.501,6.5746,6.5553,0.0193,5.4292,1.1039,1.3517,1.8268,0.2703,0.8059,610018,27129,5247,0,0,13,1,2.5422,0.9363,0.0973,536.8,1927,7501
2534,descent,533.801,7.3366,7.3126,0.0240,6.6918,1.5165,1.8432,2.1780,0.2662,0.8172,617313,19834,7295,0,0,13,1,2.3775,1.1259,0.1036,536.8,1927,7501
2535,descent,525.276,8.1464,8.1085,0.0379,4.8763,0.5663,1.3507,1.8196,0.2642,0.8079,619936,17211,2623,0,0,13,1,2.1737,1.1545,0.1752,536.8,1927,7501
2536,descent,516.920,6.8218,6.7903,0.0315,5.3535,1.0394,1.3476,1.8207,0.2673,0.8090,624863,12284,4927,0,0,13,1,2.0817,0.7943,0.5600,536.8,1927,7501
2537,descent,508.732,6.8504,6.8280,0.0224,5.5316,1.2073,1.3507,1.8207,0.2673,0.8151,630622,6525,5759,0,0,13,1,1.8950,0.8706,0.4256,536.8,1927,7501
2538,descent,500.706,8.0458,6.5599,1.4859,6.2853,1.1090,1.8319,2.1873,0.2652,0.8243,635933,1214,5311,0,0,13,1,1.7276,0.8379,0.2955,536.8,1927,7501
2539,descent,492.841,8.2543,4.3527,3.9016,4.6346,0.3041,1.3507,1.8176,0.2673,0.8274,637147,0,1214,0,0,13,1,0.6310,0.3722,0.1101,536.8,1927,7501
2540,descent,485.134,9.0546,6.2402,2.8144,4.7022,0.3738,1.3527,1.8156,0.2662,0.8253,638810,2664,1663,0,0,14,0,1.5324,0.4891,0.5796,536.8,1927,7501
2541,descent,477.580,7.1830,7.1316,0.0514,4.4605,0.1157,1.3619,1.8156,0.2673,0.8325,639193,5353,383,0,0,14,0,1.6671,0.3385,0.1568,536.8,1927,7501
2542,descent,470.176,5.7156,5.6835,0.0321,4.8794,0.5407,1.3578,1.8104,0.2652,0.8356,641688,7430,2495,0,0,14,0,1.6786,0.5271,0.1165,536.8,1927,7501
2543,descent,462.921,6.7615,6.7387,0.0228,6.0529,1.3158,1.7449,1.8094,0.2673,0.8468,645655,6889,3967,0,0,14,0,1.7546,0.6844,0.0990,536.8,1927,7501
2544,descent,455.811,7.4175,5.7008,1.7167,5.0299,0.6646,1.3681,1.8053,0.2621,0.8612,648790,6963,3135,0,0,14,0,1.7441,0.5977,0.1089,536.8,1927,7501
2545,descent,448.842,7.7745,5.6478,2.1267,5.0934,0.7199,1.3732,1.8043,0.2703,0.8561,652181,3572,3391,0,0,14,0,1.7510,0.6451,0.5254,536.8,1927,7501
2546,descent,442.013,7.8078,5.0385,2.7693,4.7565,0.3830,1.3793,1.8002,0.2673,0.8581,653908,7647,1727,0,0,14,0,1.6343,0.4737,0.1318,536.8,1927,7501
2547,descent,435.320,7.0749,5.8087,1.2662,6.1460,1.1448,1.3814,2.0521,0.6257,0.8714,659347,2208,5439,0,0,14,0,1.7488,0.8471,0.4116,536.8,1927,7501
2548,descent,428.760,7.0953,5.4947,1.6006,4.6899,0.2990,1.3885,1.7981,0.2662,0.8704,660114,5977,1279,512,0,14,0,1.5892,0.4593,0.1148,536.8,1927,7501
2549,descent,422.332,8.6031,6.3709,2.2322,4.7483,0.3348,1.3978,1.7971,0.2662,0.8817,658961,4570,1407,2560,0,14,0,1.7003,0.7083,0.1406,536.8,1927,7501
2550,descent,416.032,8.1365,8.0953,0.0412,4.8671,0.4383,1.4070,1.7951,0.2683,0.8888,657808,2651,1919,3072,0,14,0,1.6667,0.6861,0.4503,536.8,1927,7501
2551,descent,409.858,6.0128,5.9641,0.0487,4.9592,0.5212,1.4100,1.7971,0.2662,0.8950,659586,5148,2367,589,0,14,0,1.5971,0.6047,0.0978,536.8,1927,7501
2552,descent,403.807,7.3245,7.2993,0.0252,6.5014,0.9933,1.8954,2.3716,0.2683,0.9073,664321,1930,4735,0,0,14,0,1.6804,0.7838,0.3834,536.8,1927,7501
2553,descent,397.877,7.8605,7.8241,0.0364,4.6275,0.1792,1.4162,1.8033,0.2621,0.9021,665024,1227,703,0,0,14,0,1.6121,0.1769,0.4026,536.8,1927,7501
2554,descent,392.065,8.0894,4.3937,3.6957,4.7503,0.2806,1.4182,1.8084,0.2652,0.9093,666251,0,1227,0,0,14,0,0.5634,0.1617,0.1169,536.8,1927,7501
2555,descent,386.369,6.5662,3.7105,2.8557,4.4749,0.0010,1.4213,1.8186,0.2703,0.8980,666251,0,0,0,0,14,0,0.0289,0.0007,0.1005,536.8,1927,7501
2556,descent,380.787,6.6670,6.6292,0.0378,4.6848,0.1935,1.4244,1.8278,0.2652,0.9062,667018,7118,767,0,0,14,0,1.5325,0.3548,0.1170,536.8,1927,7501
2557,descent,375.317,7.2963,7.2743,0.0220,5.9781,1.4664,1.4193,1.8422,0.2703,0.9093,672393,1743,5375,0,0,14,0,1.7411,0.8836,0.3753,536.8,1927,7501
2558,descent,369.955,6.4985,4.2744,2.2241,4.9152,0.3953,1.4193,1.8401,0.2652,0.9185,674136,0,1743,0,0,14,0,0.7657,0.5556,0.1429,536.8,1927,7501
2559,descent,364.701,8.3460,4.5225,3.8235,4.7473,0.0010,1.4182,1.8432,0.2683,1.1500,674136,0,0,0,0,14,0,0.0327,0.0004,0.0860,536.8,1927,7501
2560,descent,359.552,7.0773,3.8162,3.2611,4.5117,0.0010,1.4203,1.8422,0.2693,0.9103,674136,0,0,0,0,14,0,0.0307,0.0010,0.1277,536.8,1927,7501
2561,descent,354.505,7.2328,4.0388,3.1940,5.5982,0.0010,2.5016,1.8442,0.2662,0.9165,674136,0,0,0,0,14,0,0.0265,0.0008,0.1019,536.8,1927,7501
2562,descent,349.559,6.4506,4.1178,2.3328,4.5332,0.0010,1.4203,1.8473,0.2673,0.9298,674136,0,0,0,0,14,0,0.0276,0.0006,0.1175,536.8,1927,7501
2563,descent,344.712,7.4537,3.3560,4.0977,5.0872,0.0020,1.4152,2.4156,0.2693,0.9165,674136,0,0,0,0,14,0,0.0289,0.0007,0.0874,536.8,1927,7501
2564,descent,339.962,5.6493,5.6092,0.0401,4.5373,0.0010,1.4234,1.8483,0.2703,0.9288,674136,0,0,0,0,14,0,0.0343,0.0012,0.1476,536.8,1927,7501
2565,descent,335.307,7.3286,4.1447,3.1839,4.5322,0.0010,1.4193,1.8432,0.2683,0.9318,674136,0,0,0,0,14,0,0.0290,0.0007,0.1179,536.8,1927,7501
2566,descent,330.744,6.7317,4.7035,2.0282,5.3760,0.2181,1.6742,2.2129,0.2642,0.9390,675031,7271,895,0,0,14,0,1.5113,0.3571,0.1049,536.8,1927,7501
2567,descent,326.273,7.4856,7.4503,0.0353,5.3586,0.8223,1.4162,1.8432,0.2765,0.9308,678934,3368,3903,0,0,14,0,1.7555,1.0555,0.8045,536.8,1927,7501
2568,descent,321.891,6.2006,6.1712,0.0294,5.2439,0.7148,1.4152,1.8412,0.2673,0.9400,682302,0,3368,0,0,14,0,1.5472,0.5946,0.1134,536.8,1927,7501
2569,descent,317.596,8.3993,2.4066,5.9927,4.5271,0.0010,1.4172,1.8381,0.2642,0.9380,682302,0,0,0,0,14,0,0.0284,0.0010,0.1087,536.8,1927,7501
2570,descent,313.387,7.9758,3.8242,4.1516,4.5373,0.0010,1.4141,1.8360,0.2652,0.9554,682302,0,0,0,0,14,0,0.0283,0.0007,0.1184,536.8,1927,7501
2571,descent,309.262,6.7077,2.8773,3.8304,4.9070,0.0010,1.7879,1.8371,0.2662,0.9462,682302,0,0,0,0,14,0,0.0288,0.0011,0.0898,536.8,1927,7501
2572,descent,305.220,6.8613,3.8779,2.9834,4.5281,0.0010,1.4172,1.8350,0.2662,0.9400,682302,0,0,0,0,14,0,0.0285,0.0004,0.0811,536.8,1927,7501
2573,descent,301.258,6.1648,2.9187,3.2461,4.5507,0.0020,1.4182,1.8319,0.2632,0.9677,682302,0,0,0,0,14,0,0.0322,0.0009,0.0811,536.8,1927,7501
2574,descent,297.376,6.8088,3.4141,3.3947,4.5394,0.0010,1.4162,1.8309,0.2642,0.9615,682302,0,0,0,0,14,0,0.0299,0.0006,0.1195,536.8,1927,7501
2575,descent,293.570,6.7254,3.8321,2.8933,5.1302,0.0010,2.0040,1.8289,0.2632,0.9677,682302,0,0,0,0,14,0,0.0290,0.0009,0.1299,536.8,1927,7501
2576,descent,289.841,7.1362,3.5401,3.5961,4.8067,0.0020,1.6732,1.8278,0.2683,0.9667,682302,0,0,0,0,14,0,0.0280,0.0008,0.1263,536.8,1927,7501
2577,descent,286.187,6.5816,6.5088,0.0728,4.5588,0.0010,1.4182,1.8278,0.2673,0.9800,682302,0,0,0,0,14,0,0.0300,0.0010,0.1342,536.8,1927,7501
2578,descent,282.605,6.7360,3.7527,2.9833,4.5670,0.0020,1.4131,1.8350,0.2652,0.9841,682302,0,0,0,0,14,0,0.0283,0.0008,0.1278,536.8,1927,7501
2579,descent,279.095,7.6318,4.9411,2.6907,4.5691,0.0082,1.4244,1.8248,0.2611,0.9820,682302,0,0,0,0,14,0,0.0268,0.0007,0.1215,536.8,1927,7501
2580,descent,275.655,5.9469,4.8822,1.0647,4.8394,0.0010,1.4254,1.8237,0.2621,1.2575,682302,0,0,0,0,14,0,0.0309,0.0015,0.1225,536.8,1927,7501
2581,descent,272.283,6.7836,3.9251,2.8585,4.5804,0.0020,1.4285,1.8237,0.2673,0.9912,682302,0,0,0,0,14,0,0.0220,0.0005,0.0737,536.8,1927,7501
2582,descent,268.979,7.0590,4.7187,2.3403,4.5896,0.0020,1.4367,1.8217,0.2673,0.9943,682302,0,0,0,0,14,0,0.0273,0.0011,0.1435,536.8,1927,7501
2583,descent,265.741,6.8494,2.9388,3.9106,4.6121,0.0010,1.4459,1.8268,0.2714,0.9984,682302,0,0,0,0,14,0,0.0269,0.0006,0.0872,536.8,1927,7501
2584,descent,262.567,6.5408,3.9277,2.6131,4.6305,0.0010,1.4582,1.8278,0.2673,1.0076,682302,0,0,0,0,14,0,0.0258,0.0007,0.1099,536.8,1927,7501
2585,descent,259.457,6.9190,3.0482,3.8708,5.3309,0.0010,1.4633,2.0951,0.2714,1.4305,682302,0,0,0,0,14,0,0.0341,0.0009,0.0897,536.8,1927,7501
2586,descent,256.409,6.8758,3.3510,3.5248,4.6930,0.0010,1.4715,1.8524,0.2652,1.0353,682302,0,0,0,0,14,0,0.0275,0.0011,0.0966,536.8,1927,7501
2587,descent,253.422,6.3017,6.2446,0.0571,4.7063,0.0010,1.4776,1.8647,0.2673,1.0281,682302,0,0,0,0,14,0,0.0319,0.0009,0.1436,536.8,1927,7501
2588,descent,250.495,7.8550,3.0244,4.8306,4.7094,0.0010,1.4838,1.8698,0.2642,1.0260,682302,0,0,0,0,14,0,0.0257,0.0006,0.0813,536.8,1927,7501
2589,descent,247.626,6.1886,3.4370,2.7516,4.7514,0.0010,1.4920,1.8852,0.2652,1.0404,682302,0,0,0,0,14,0,0.0257,0.0007,0.0999,536.8,1927,7501
2590,descent,244.814,7.5329,2.8060,4.7269,5.8583,0.0010,1.4920,2.3583,0.2683,1.6732,682302,0,0,0,0,14,0,0.0278,0.0006,0.0694,536.8,1927,7501
2591,descent,242.058,7.0290,6.9408,0.0882,4.7677,0.0010,1.4961,1.8975,0.2652,1.0404,682302,0,0,0,0,14,0,0.0279,0.0014,0.1143,536.8,1927,7501
2592,descent,239.357,6.8309,4.0958,2.7351,4.7698,0.0010,1.4991,1.9026,0.2621,1.0373,682302,0,0,0,0,14,0,0.0240,0.0006,0.0815,536.8,1927,7501
2593,descent,236.711,6.4768,2.5799,3.8969,4.7985,0.0010,1.4848,1.9159,0.2693,1.0619,682302,0,0,0,0,14,0,0.0285,0.0007,0.1206,536.8,1927,7501
2594,descent,234.117,7.1490,3.2807,3.8683,4.8189,0.0010,1.4776,1.9364,0.2652,1.0701,682302,0,0,0,0,14,0,0.0335,0.0012,0.1209,536.8,1927,7501
2595,descent,231.575,6.6441,4.4338,2.2103,5.3914,0.0010,2.0736,1.9415,0.2662,1.0435,682302,0,0,0,0,14,0,0.0296,0.0012,0.2305,536.8,1927,7501
2596,descent,229.084,7.0741,2.6876,4.3865,4.8046,0.0010,1.4612,1.9589,0.2601,1.0547,682302,0,0,0,0,14,0,0.0241,0.0005,0.0701,536.8,1927,7501
2597,descent,226.642,7.3711,3.2125,4.1586,4.8384,0.0010,1.4469,1.9722,0.2652,1.0854,682302,0,0,0,0,14,0,0.0217,0.0008,0.1091,536.8,1927,7501
2598,descent,224.249,6.9423,2.7017,4.2406,4.8169,0.0010,1.4408,1.9599,0.2632,1.0854,682302,0,0,0,0,14,0,0.0311,0.0008,0.1069,536.8,1927,7501
2599,descent,221.904,6.8842,3.5540,3.3302,4.8108,0.0010,1.4346,1.9702,0.2652,1.0701,682302,0,0,0,0,14,0,0.0499,0.0015,0.1557,536.8,1927,7501
2600,descent,219.606,6.8808,2.9792,3.9016,5.4211,0.0010,1.8125,1.9671,0.2693,1.0732,682302,0,0,0,0,14,0,0.0237,0.0008,0.0987,536.8,1927,7501
2601,descent,217.354,6.9264,2.9047,4.0217,4.8108,0.0010,1.4213,1.9630,0.2693,1.0875,682302,0,0,0,0,14,0,0.0248,0.0007,0.1009,536.8,1927,7501
2602,descent,215.146,7.6371,3.3036,4.3335,4.7882,0.0010,1.4152,1.9640,0.2632,1.0772,682302,0,0,0,0,14,0,0.0224,0.0006,0.1497,536.8,1927,7501
2603,descent,212.983,7.0564,3.7597,3.2967,4.7923,0.0010,1.4172,1.9528,0.2703,1.0854,682302,0,0,0,0,14,0,0.0306,0.0007,0.0908,536.8,1927,7501
2604,descent,210.863,6.6183,3.3702,3.2481,5.3371,0.0010,1.4203,1.9487,0.2703,1.6282,682302,0,0,0,0,14,0,0.0259,0.0007,0.0915,536.8,1927,7501
2605,descent,208.785,7.0310,3.4883,3.5427,4.8118,0.0010,1.4234,1.9517,0.2683,1.1018,682302,0,0,0,0,14,0,0.0269,0.0008,0.0956,536.8,1927,7501
2606,descent,206.749,7.9237,3.9948,3.9289,4.8067,0.0020,1.4213,1.9517,0.2714,1.0916,682302,0,0,0,0,14,0,0.0318,0.0010,0.1359,536.8,1927,7501
2607,descent,204.753,6.2852,5.3656,0.9196,4.8056,0.0010,1.4223,1.9466,0.2693,1.0977,682302,0,0,0,0,14,0,0.0333,0.0009,0.1492,536.8,1927,7501
2608,descent,202.797,7.3190,4.9908,2.3282,4.8036,0.0010,1.4305,1.9364,0.2662,1.1039,682302,0,0,0,0,14,0,0.0261,0.0008,0.1160,536.8,1927,7501
2609,descent,200.881,6.9472,3.9313,3.0159,5.5972,0.0010,1.4346,2.3644,0.6195,1.1090,682302,0,0,0,0,14,0,0.0254,0.0007,0.1252,536.8,1927,7501
2610,descent,199.002,6.8168,3.5677,3.2491,4.8210,0.0010,1.4336,1.9261,0.2642,1.1284,682302,0,0,0,0,14,0,0.0247,0.0005,0.0785,536.8,1927,7501
2611,descent,197.161,7.8587,3.1917,4.6670,4.8292,0.0010,1.4397,1.9313,0.2652,1.1244,682302,0,0,0,0,14,0,0.0288,0.0007,0.0912,536.8,1927,7501
2612,descent,195.357,6.6630,3.2424,3.4206,4.8333,0.0020,1.4387,1.9415,0.2693,1.1162,682302,0,0,0,0,14,0,0.0238,0.0006,0.1026,536.8,1927,7501
2613,descent,193.589,7.6201,3.1823,4.4378,4.8538,0.0010,1.4469,1.9436,0.2673,1.1264,682302,0,0,0,0,14,0,0.0371,0.0008,0.0943,536.8,1927,7501
2614,descent,191.856,5.9773,2.8810,3.0963,5.2941,0.0010,1.8371,1.9712,0.2642,1.1530,682302,0,0,0,0,14,0,0.0262,0.0009,0.1229,536.8,1927,7501
2615,descent,190.158,7.0686,3.1921,3.8765,4.9388,0.0010,1.4572,1.9958,0.2714,1.1459,682302,0,0,0,0,14,0,0.0242,0.0006,0.0895,536.8,1927,7501
2616,descent,188.493,7.6963,2.8784,4.8179,4.9582,0.0010,1.4643,2.0111,0.2652,1.1489,682302,0,0,0,0,14,0,0.0332,0.0009,0.1067,536.8,1927,7501
2617,descent,186.862,6.8996,3.8502,3.0494,5.0248,0.0010,1.4746,2.0582,0.2683,1.1540,682302,0,0,0,0,14,0,0.0268,0.0007,0.1194,536.8,1927,7501
2618,descent,185.264,7.4813,3.5507,3.9306,5.3668,0.0020,1.4899,2.1125,0.2703,1.4244,682302,0,0,0,0,14,0,0.0275,0.0007,0.0899,536.8,1927,7501
2619,descent,183.697,6.9142,2.9819,3.9323,5.1579,0.0010,1.4889,2.1668,0.2632,1.1633,682302,0,0,0,0,14,0,0.0287,0.0007,0.0802,536.8,1927,7501
2620,descent,182.162,8.0696,4.0489,4.0207,5.2460,0.0020,1.5012,2.2333,0.2703,1.1725,682302,0,0,0,0,14,0,0.0264,0.0009,0.0866,536.8,1927,7501
2621,descent,180.657,7.4296,2.8675,4.5621,5.3125,0.0010,1.5022,2.2989,0.2652,1.1776,682302,0,0,0,0,14,0,0.0272,0.0005,0.0704,536.8,1927,7501
2622,descent,179.182,6.9811,3.6202,3.3609,5.4374,0.0010,1.5124,2.3880,0.2693,1.1991,682302,0,0,0,0,14,0,0.0290,0.0014,0.1408,536.8,1927,7501
2623,descent,177.737,7.3886,3.6422,3.7464,6.1573,0.0010,1.5186,3.1017,0.2652,1.2042,682302,0,0,0,0,14,0,0.0285,0.0007,0.0748,536.8,1927,7501
2624,descent,176.321,7.5508,2.8848,4.6660,5.6218,0.0010,1.5227,2.5600,0.2662,1.2073,682302,0,0,0,0,14,0,0.0253,0.0006,0.0898,536.8,1927,7501
2625,descent,174.933,8.1984,2.7062,5.4922,5.7313,0.0010,1.5288,2.6409,0.2703,1.2227,682302,0,0,0,0,14,0,0.0251,0.0004,0.0834,536.8,1927,7501
2626,descent,173.572,7.7733,2.8020,4.9713,5.8245,0.0010,1.5360,2.7341,0.2632,1.2247,682302,0,0,0,0,14,0,0.0261,0.0005,0.0778,536.8,1927,7501
2627,descent,172.239,7.8637,4.4856,3.3781,6.9233,0.0010,1.5391,3.6127,0.4782,1.2247,682302,0,0,0,0,14,0,0.0282,0.0009,0.0921,536.8,1927,7501
2628,descent,170.933,7.9760,3.8279,4.1481,5.9986,0.0072,1.5452,2.8713,0.2703,1.2360,682302,0,0,0,0,14,0,0.0253,0.0006,0.1189,536.8,1927,7501
2629,descent,169.652,8.6497,4.2626,4.3871,6.0785,0.0010,1.5473,2.9440,0.2683,1.2493,682302,0,0,0,0,14,0,0.0244,0.0009,0.1703,536.8,1927,7501
2630,descent,168.397,8.3552,2.7992,5.5560,6.1532,0.0010,1.5473,3.0177,0.2703,1.2493,682302,0,0,0,0,14,0,0.0242,0.0009,0.0697,536.8,1927,7501
2631,descent,167.167,8.4132,2.7703,5.6429,7.3011,0.0010,2.0255,3.6833,0.2683,1.2575,682302,0,0,0,0,14,0,0.0293,0.0008,0.1113,536.8,1927,7501
2632,descent,165.962,8.2056,4.1658,4.0398,6.2996,0.0010,1.5462,3.1785,0.2693,1.2401,682302,0,0,0,0,14,0,0.0260,0.0012,0.1121,536.8,1927,7501
2633,descent,164.781,9.1571,3.2900,5.8671,6.3939,0.0010,1.5462,3.2502,0.2673,1.2605,682302,0,0,0,0,14,0,0.0257,0.0031,0.0901,536.8,1927,7501
2634,descent,163.623,8.7396,3.0791,5.6605,6.4010,0.0010,1.5473,3.2553,0.2632,1.2698,682302,0,0,0,0,14,0,0.0297,0.0007,0.1006,536.8,1927,7501
2635,descent,162.488,7.9902,3.1544,4.8358,7.2786,0.0020,1.7971,3.6516,0.2662,1.2534,682302,0,0,0,0,14,0,0.0297,0.0007,0.1075,536.8,1927,7501
2636,descent,161.377,9.1671,3.8359,5.3312,6.4829,0.0010,1.5452,3.3239,0.2683,1.2759,682302,0,0,0,0,14,0,0.0300,0.0006,0.0988,536.8,1927,7501
2637,descent,160.287,8.7373,4.2778,4.4595,6.5055,0.0010,1.5503,3.3536,0.2642,1.2718,682302,0,0,0,0,14,0,0.0284,0.0008,0.1214,536.8,1927,7501
2638,descent,159.219,8.9315,3.3074,5.6241,6.8792,0.0010,1.5565,3.3925,0.2642,1.5954,682302,0,0,0,0,14,0,0.0223,0.0007,0.1018,536.8,1927,7501
2639,descent,158.172,8.5509,2.6185,5.9324,6.5925,0.0010,1.5565,3.4150,0.2673,1.2831,682302,0,0,0,0,14,0,0.0338,0.0006,0.1063,536.8,1927,7501
2640,descent,157.147,8.9159,2.9329,5.9830,6.6099,0.0010,1.5596,3.4294,0.2611,1.2923,682302,0,0,0,0,14,0,0.0294,0.0007,0.0897,536.8,1927,7501
2641,descent,156.141,8.8577,2.9493,5.9084,6.6632,0.0010,1.5585,3.4611,0.2683,1.3056,682302,0,0,0,0,14,0,0.0274,0.0012,0.0957,536.8,1927,7501
2642,descent,155.156,8.8063,3.5052,5.3011,7.1721,0.0010,1.5636,3.4744,0.2673,1.7992,682302,0,0,0,0,14,0,0.0310,0.0008,0.1355,536.8,1927,7501
2643,descent,154.191,8.9032,7.0643,1.8389,6.7379,0.0225,1.5606,3.5123,0.2673,1.3076,679230,0,0,3072,0,14,0,1.5379,0.5499,0.0975,536.8,1927,7501
2644,descent,153.244,9.8144,8.2021,1.6123,6.7717,0.0195,1.5667,3.5174,0.2703,1.3302,676704,0,0,2526,0,14,0,1.4729,0.4972,0.0952,536.8,1927,7501
2645,descent,152.317,9.0703,3.5563,5.5140,6.7891,0.0010,1.5647,3.5461,0.2683,1.3414,676704,0,0,0,0,14,0,0.0289,0.0007,0.0815,536.8,1927,7501
2646,descent,151.408,8.4536,3.0817,5.3719,7.8592,0.0010,1.8063,4.3776,0.2673,1.3373,676704,0,0,0,0,14,0,0.0246,0.0004,0.0741,536.8,1927,7501
2647,descent,150.518,9.1575,3.7436,5.4139,6.8198,0.0010,1.5688,3.5758,0.2673,1.3363,676704,0,0,0,0,14,0,0.0252,0.0007,0.0900,536.8,1927,7501
2648,descent,149.645,9.6684,3.2579,6.4105,6.8332,0.0010,1.5708,3.5942,0.2632,1.3373,676704,0,0,0,0,14,0,0.0323,0.0008,0.1110,536.8,1927,7501
2649,descent,148.789,8.8737,3.4150,5.4587,6.8721,0.0010,1.5770,3.6209,0.2642,1.3404,676704,0,0,0,0,14,0,0.0300,0.0008,0.1255,536.8,1927,7501
2650,descent,147.951,9.2892,3.1227,6.1665,6.9192,0.0010,1.5729,3.6526,0.2714,1.3527,676704,0,0,0,0,14,0,0.0264,0.0010,0.1087,536.8,1927,7501
2651,descent,147.129,9.3939,3.7841,5.6098,6.9396,0.0010,1.5759,3.6792,0.2662,1.3486,676704,0,0,0,0,14,0,0.0272,0.0007,0.0911,536.8,1927,7501
2652,descent,146.324,9.6234,3.7515,5.8719,6.9642,0.0010,1.5739,3.7130,0.2673,1.3404,676704,0,0,0,0,14,0,0.0253,0.0008,0.0904,536.8,1927,7501
2653,descent,145.535,8.7044,3.2341,5.4703,7.8070,0.0010,1.5770,4.1769,0.6134,1.3732,676704,0,0,0,0,14,0,0.0293,0.0006,0.1039,536.8,1927,7501
2654,descent,144.761,9.1194,2.6771,6.4423,7.0246,0.0020,1.5780,3.7335,0.2611,1.3804,676704,0,0,0,0,14,0,0.0244,0.0005,0.0693,536.8,1927,7501
2655,descent,144.004,10.3748,4.3503,6.0245,7.0502,0.0010,1.5811,3.7786,0.2652,1.3558,676704,0,0,0,0,14,0,0.0333,0.0008,0.1701,536.8,1927,7501
2656,descent,143.261,8.5071,3.0517,5.4554,7.0492,0.0010,1.5872,3.7775,0.2632,1.3507,676704,0,0,0,0,14,0,0.0281,0.0010,0.0949,536.8,1927,7501
2657,descent,142.533,9.8710,3.2763,6.5947,7.7046,0.0010,1.9538,3.8072,0.2734,1.3732,676704,0,0,0,0,14,0,0.0530,0.0008,0.2476,536.8,1927,7501
2659,descent,141.120,9.6252,4.6394,4.9858,7.1301,0.0010,1.5892,3.8533,0.2662,1.3527,676704,0,0,0,0,14,0,0.0372,0.0006,0.1331,536.8,1927,7501
2660,descent,140.435,3.7857,3.7833,0.0024,7.1649,0.0010,1.5903,3.8851,0.2662,1.3548,676704,0,0,0,0,14,0,0.0289,0.0008,0.1248,536.8,1927,7501
2661,descent,139.763,3.5893,3.5598,0.0295,7.2274,0.0010,1.5923,3.9127,0.2693,1.3814,676704,0,0,0,0,14,0,0.0267,0.0009,0.1198,536.8,1927,7501
2662,descent,139.105,6.6818,3.4544,3.2274,8.1203,0.0010,2.0879,4.3182,0.2662,1.3783,676704,0,0,0,0,14,0,0.0291,0.0008,0.1061,536.8,1927,7501
2663,descent,138.460,9.6631,3.4740,6.1891,7.2448,0.0010,1.5913,3.9690,0.2662,1.3517,676704,0,0,0,0,14,0,0.0247,0.0008,0.0782,536.8,1927,7501
2664,descent,137.828,10.0343,2.9043,7.1300,7.2858,0.0010,1.5923,3.9916,0.2652,1.3681,676704,0,0,0,0,14,0,0.0247,0.0005,0.0895,536.8,1927,7501
2665,descent,137.208,9.8228,3.2776,6.5452,7.6124,0.0010,1.5964,4.0090,0.2673,1.6681,676704,0,0,0,0,14,0,0.0277,0.0009,0.0954,536.8,1927,7501
2666,descent,136.601,9.1524,2.6036,6.5488,7.3574,0.0020,1.5933,4.0335,0.2703,1.3906,676704,0,0,0,0,14,0,0.0271,0.0012,0.1187,536.8,1927,7501
2667,descent,136.006,10.0210,4.5952,5.4258,7.3411,0.0020,1.5985,4.0499,0.2683,1.3527,676704,0,0,0,0,14,0,0.0328,0.0009,0.1674,536.8,1927,7501
2668,descent,135.423,9.5939,3.6257,5.9682,7.3667,0.0010,1.5954,4.0684,0.2673,1.3650,676704,0,0,0,0,14,0,0.0265,0.0008,0.1105,536.8,1927,7501
2669,descent,134.852,9.8864,3.2457,6.6407,8.2708,0.0072,1.5964,4.9531,0.2662,1.3793,676704,0,0,0,0,14,0,0.0354,0.0009,0.1031,536.8,1927,7501
2670,descent,134.291,9.3554,3.1464,6.2090,7.4220,0.0010,1.5954,4.1073,0.2652,1.3834,676704,0,0,0,0,14,0,0.0275,0.0008,0.0947,536.8,1927,7501
2671,descent,133.743,9.9941,3.4920,6.5021,7.3902,0.0010,1.5985,4.1185,0.2673,1.3353,676704,0,0,0,0,14,0,0.0246,0.0008,0.0951,536.8,1927,7501
2672,descent,133.205,9.6759,4.0259,5.6500,8.0435,0.0010,1.5974,4.7544,0.2714,1.3507,676704,0,0,0,0,14,0,0.0301,0.0007,0.1268,536.8,1927,7501
2673,descent,132.677,9.9762,3.3280,6.6482,7.4486,0.0010,1.5974,4.1380,0.2734,1.3691,676704,0,0,0,0,14,0,0.0307,0.0007,0.1026,536.8,1927,7501
2674,descent,132.161,9.9837,3.9007,6.0830,7.7097,0.0010,1.5995,4.1277,0.2703,1.3967,676704,0,0,0,0,14,0,0.0402,0.0006,0.1640,536.8,1927,7501
2675,descent,131.654,9.8222,2.9323,6.8899,8.3640,0.0010,1.5985,4.5148,0.2703,1.9087,676704,0,0,0,0,14,0,0.0310,0.0007,0.0903,536.8,1927,7501
2676,descent,131.158,9.5229,2.7204,6.8025,7.4353,0.0010,1.5964,4.1585,0.2693,1.3435,676704,0,0,0,0,14,0,0.0329,0.0010,0.1143,536.8,1927,7501
2677,descent,130.672,10.5610,3.3799,7.1811,7.8469,0.0020,1.5985,4.5251,0.2652,1.3865,676704,0,0,0,0,14,0,0.0250,0.0011,0.0850,536.8,1927,7501
2678,descent,130.195,9.5213,2.8555,6.6658,7.4813,0.0010,1.6036,4.1544,0.2642,1.3916,676704,0,0,0,0,14,0,0.0273,0.0007,0.1028,536.8,1927,7501
2679,descent,129.728,10.0007,3.6149,6.3858,8.5166,0.0010,2.0736,4.7729,0.2673,1.3312,676704,0,0,0,0,14,0,0.0319,0.0008,0.1109,536.8,1927,7501
2680,descent,129.270,9.8230,3.2033,6.6197,7.4875,0.0092,1.6179,4.1656,0.2652,1.3640,676704,0,0,0,0,14,0,0.0291,0.0006,0.0853,536.8,1927,7501
2681,descent,128.822,10.7203,3.6882,7.0321,7.4752,0.0010,1.6056,4.1626,0.2621,1.3732,676704,0,0,0,0,14,0,0.0312,0.0005,0.0950,536.8,1927,7501
2682,descent,128.382,9.5363,3.1044,6.4319,8.3743,0.0010,1.6077,4.6541,0.2642,1.7777,676704,0,0,0,0,14,0,0.0277,0.0007,0.0854,536.8,1927,7501
2683,descent,127.951,9.5241,4.0053,5.5188,7.4803,0.0082,1.6179,4.1912,0.2693,1.3251,676704,0,0,0,0,14,0,0.0271,0.0006,0.1269,536.8,1927,7501
2684,descent,127.529,10.5688,3.7820,6.7868,7.4762,0.0010,1.6087,4.1800,0.2662,1.3394,676704,0,0,0,0,14,0,0.0294,0.0008,0.1349,536.8,1927,7501
2685,descent,127.115,9.7939,3.3309,6.4630,8.4224,0.0010,1.6128,4.4646,0.6124,1.6609,676704,0,0,0,0,14,0,0.0269,0.0011,0.1310,536.8,1927,7501
2686,descent,126.709,9.6288,2.8196,6.8092,7.5162,0.0010,1.6200,4.1902,0.2703,1.3660,676704,0,0,0,0,14,0,0.0304,0.0008,0.0935,536.8,1927,7501
2687,descent,126.312,18.4953,5.3115,13.1838,8.6364,0.0010,1.6200,4.6653,0.2673,2.0122,676704,0,0,0,0,14,0,0.0274,0.0013,0.1234,536.8,1927,7501
2688,descent,125.922,7.9581,7.9033,0.0548,7.5028,0.0010,1.6220,4.2097,0.2693,1.3312,676704,0,0,0,0,14,0,0.0296,0.0010,0.1342,536.8,1927,7501
2689,descent,125.540,5.7922,5.7625,0.0297,8.5678,0.0010,2.0869,4.7892,0.2642,1.3588,676704,0,0,0,0,14,0,0.0209,0.0007,0.1120,536.8,1927,7501
2690,descent,125.166,11.2038,11.1723,0.0315,7.5182,0.0010,1.6251,4.2117,0.2683,1.3363,676704,0,0,0,0,14,0,0.0265,0.0007,0.1289,536.8,1927,7501
2691,descent,124.799,8.0558,4.3617,3.6941,7.4916,0.0020,1.6271,4.2230,0.2652,1.3056,676704,0,0,0,0,14,0,0.0233,0.0009,0.1181,536.8,1927,7501
2693,descent,124.088,9.5430,4.8301,4.7129,7.5653,0.0031,1.6404,4.2301,0.2673,1.3435,676704,0,0,0,0,14,0,0.0272,0.0010,0.1210,536.8,1927,7501
2694,descent,123.743,27.4952,27.4445,0.0507,7.5694,0.0031,1.6384,4.2342,0.2632,1.3537,676704,0,0,0,0,14,0,0.0852,0.0008,0.1566,536.8,1927,7501
2695,descent,123.404,17.7013,17.6677,0.0336,7.5346,0.0031,1.6497,4.2404,0.2673,1.2923,676704,0,0,0,0,14,0,0.0234,0.0006,0.1205,536.8,1927,7501
2696,descent,123.073,5.9615,5.9297,0.0318,7.5459,0.0031,1.6507,4.2322,0.2673,1.3138,676704,0,0,0,0,14,0,0.1005,0.0011,0.1169,536.8,1927,7501
2697,descent,122.748,4.3257,4.2949,0.0308,7.5776,0.0031,1.6497,4.2363,0.2744,1.3353,676704,0,0,0,0,14,0,0.0201,0.0006,0.1046,536.8,1927,7501
2698,descent,122.429,19.9137,19.8878,0.0259,8.1428,0.0031,1.9999,4.4657,0.2683,1.3251,676704,0,0,0,0,14,0,0.0305,0.0008,0.1222,536.8,1927,7501
2699,descent,122.117,5.2671,5.2374,0.0297,7.5162,0.0031,1.6497,4.2516,0.2662,1.2677,676704,0,0,0,0,14,0,0.0267,0.0006,0.1106,536.8,1927,7501
2700,descent,121.812,7.2990,7.2708,0.0282,7.5674,0.0031,1.6517,4.2598,0.2734,1.2964,676704,0,0,0,0,14,0,0.0292,0.0005,0.1341,536.8,1927,7501
2701,descent,121.512,7.2850,7.2556,0.0294,7.5827,0.0031,1.6620,4.2496,0.2775,1.3179,676704,0,0,0,0,14,0,0.0316,0.0007,0.1394,536.8,1927,7501
2702,descent,121.218,8.6007,8.5662,0.0345,8.7675,0.0031,1.6609,4.7258,0.2714,2.0255,676704,0,0,0,0,14,0,0.0293,0.0007,0.1267,536.8,1927,7501
2704,descent,120.648,15.5690,8.9654,6.6036,8.4685,0.0031,1.6691,4.7237,0.2693,1.7295,676704,0,0,0,0,14,0,0.0242,0.0008,0.1230,536.8,1927,7501
2705,descent,120.372,17.3406,17.2937,0.0469,7.5796,0.0031,1.6701,4.2752,0.2703,1.2790,676704,0,0,0,0,14,0,0.0322,0.0008,0.1191,536.8,1927,7501
2706,descent,120.101,5.0186,4.9890,0.0296,7.5858,0.0031,1.6814,4.2639,0.2673,1.2974,676704,0,0,0,0,14,0,0.0331,0.0010,0.1505,536.8,1927,7501
2707,descent,119.835,8.4509,8.4250,0.0259,8.1398,0.0031,1.6896,4.2680,0.2693,1.8360,676704,0,0,0,0,14,0,0.0275,0.0009,0.1146,536.8,1927,7501
2708,descent,119.575,7.0372,7.0014,0.0358,7.5930,0.0031,1.6865,4.2803,0.2693,1.2749,676704,0,0,0,0,14,0,0.0238,0.0010,0.1201,536.8,1927,7501
2710,descent,119.070,12.0406,6.1410,5.8996,7.6227,0.0031,1.6927,4.2701,0.2714,1.3036,676704,0,0,0,0,14,0,0.0294,0.0008,0.1145,536.8,1927,7501
2711,descent,118.825,16.9105,16.8598,0.0507,7.8858,0.0031,1.7039,4.2793,0.2703,1.5483,676704,0,0,0,0,14,0,0.0266,0.0008,0.1265,536.8,1927,7501
2712,descent,118.585,8.0471,8.0123,0.0348,7.5991,0.0041,1.7039,4.2762,0.2693,1.2616,676704,0,0,0,0,14,0,0.0296,0.0007,0.1348,536.8,1927,7501
2713,descent,118.349,5.4214,5.3943,0.0271,7.6339,0.0031,1.7121,4.2783,0.2714,1.2943,676704,0,0,0,0,14,0,0.0217,0.0008,0.1484,536.8,1927,7501
2714,descent,118.119,9.5787,9.5510,0.0277,8.6948,0.0031,1.7244,5.1302,0.4813,1.2831,676704,0,0,0,0,14,0,0.0259,0.0007,0.1168,536.8,1927,7501
2715,descent,117.893,7.7736,5.7162,2.0574,7.6308,0.0031,1.7316,4.2998,0.2673,1.2483,676704,0,0,0,0,14,0,0.0292,0.0010,0.1261,536.8,1927,7501
2716,descent,117.671,18.5799,5.2962,13.2837,7.6554,0.0031,1.7428,4.2967,0.2755,1.2534,676704,0,0,0,0,14,0,0.0248,0.0007,0.1091,536.8,1927,7501
2718,descent,117.242,6.8282,6.7985,0.0297,7.6892,0.0031,1.7469,4.3028,0.2693,1.2872,676704,0,0,0,0,14,0,0.0288,0.0015,0.1272,536.8,1927,7501
2719,descent,117.033,22.3951,22.3093,0.0858,7.6728,0.0031,1.7541,4.3264,0.2673,1.2493,676704,0,0,0,0,14,0,0.0295,0.0007,0.1213,536.8,1927,7501
2720,descent,116.829,9.9778,9.9413,0.0365,7.6800,0.0031,1.7664,4.3069,0.2693,1.2544,676704,0,0,0,0,14,0,0.0273,0.0007,0.1261,536.8,1927,7501
2721,descent,116.628,3.7848,3.7576,0.0272,7.9258,0.0031,1.7633,4.3100,0.5089,1.2667,676704,0,0,0,0,14,0,0.0310,0.0007,0.0838,536.8,1927,7501
2722,descent,116.432,6.8351,3.3223,3.5128,7.6739,0.0031,1.7684,4.2834,0.2703,1.2698,676704,0,0,0,0,14,0,0.0261,0.0007,0.0870,536.8,1927,7501
2723,descent,116.240,11.1437,4.1107,7.0330,8.1930,0.0031,1.7766,4.2947,0.2652,1.7797,676704,0,0,0,0,14,0,0.0303,0.0008,0.0904,536.8,1927,7501
2724,descent,116.051,10.6429,3.6529,6.9900,7.8725,0.0041,1.7746,4.2865,0.2652,1.2534,676704,0,0,0,0,14,0,0.0261,0.0008,0.1107,536.8,1927,7501
2726,descent,115.686,22.1496,22.1148,0.0348,8.1705,0.0031,1.7715,4.2650,0.4844,1.5677,676704,0,0,0,0,14,0,0.0314,0.0011,0.1470,536.8,1927,7501
2727,descent,115.508,11.7061,11.6681,0.0380,7.5868,0.0031,1.7695,4.2506,0.2693,1.2175,676704,0,0,0,0,14,0,0.0376,0.0016,0.1529,536.8,1927,7501
2728,descent,115.334,4.1435,4.1116,0.0319,7.9176,0.0031,1.7705,4.2568,0.2621,1.5421,676704,0,0,0,0,14,0,0.0285,0.0004,0.0818,536.8,1927,7501
2729,descent,115.164,6.8916,3.5273,3.3643,7.5807,0.0031,1.7603,4.2373,0.2662,1.2339,676704,0,0,0,0,14,0,0.0267,0.0007,0.0711,536.8,1927,7501
2730,descent,114.997,10.9243,4.7079,6.2164,7.5653,0.0031,1.7695,4.2168,0.2642,1.2390,676704,0,0,0,0,14,0,0.0298,0.0006,0.1024,536.8,1927,7501
2731,descent,114.833,9.9067,4.1301,5.7766,7.5121,0.0031,1.7633,4.2117,0.2632,1.1919,676704,0,0,0,0,14,0,0.0274,0.0008,0.1048,536.8,1927,7501
2732,descent,114.673,9.7952,3.6814,6.1138,8.1439,0.0031,2.3849,4.2045,0.2611,1.2145,676704,0,0,0,0,14,0,0.0236,0.0007,0.1023,536.8,1927,7501
2733,descent,114.516,9.9399,3.2110,6.7289,7.5182,0.0020,1.7664,4.1933,0.2611,1.2298,676704,0,0,0,0,14,0,0.0278,0.0008,0.1010,536.8,1927,7501
2734,descent,114.362,10.6324,3.4990,7.1334,7.5080,0.0010,1.7572,4.1841,0.2621,1.2339,676704,0,0,0,0,14,0,0.0271,0.0007,0.0990,536.8,1927,7501
2735,descent,114.211,9.4583,3.5069,5.9514,8.0650,0.0010,1.7592,4.7770,0.2632,1.1950,676704,0,0,0,0,14,0,0.0309,0.0012,0.1165,536.8,1927,7501
2736,descent,114.063,9.8612,4.2994,5.5618,7.4742,0.0031,1.7644,4.1585,0.2642,1.2032,676704,0,0,0,0,14,0,0.0264,0.0008,0.1192,536.8,1927,7501
2737,descent,113.918,10.2805,4.1221,6.1584,7.4578,0.0031,1.7613,4.1523,0.2632,1.1971,676704,0,0,0,0,14,0,0.0346,0.0006,0.1545,536.8,1927,7501
2738,descent,113.776,9.4512,3.5228,5.9284,7.9432,0.0031,1.7684,4.1533,0.2591,1.6855,676704,0,0,0,0,14,0,0.0267,0.0012,0.1046,536.8,1927,7501
2739,descent,113.636,10.1562,3.5640,6.5922,7.4035,0.0031,1.7664,4.1339,0.2652,1.1622,676704,0,0,0,0,14,0,0.0308,0.0014,0.1256,536.8,1927,7501
2740,descent,113.500,10.7250,5.0615,5.6635,7.4148,0.0031,1.7592,4.1155,0.2601,1.1950,676704,0,0,0,0,14,0,0.0303,0.0006,0.1041,536.8,1927,7501
2741,descent,113.366,9.6600,4.7248,4.9352,7.4066,0.0031,1.7664,4.1052,0.2601,1.1950,676704,0,0,0,0,14,0,0.0277,0.0011,0.1309,536.8,1927,7501
2742,descent,113.235,9.5058,4.2967,5.2091,8.2432,0.0031,2.2395,4.4728,0.2601,1.1868,676704,0,0,0,0,14,0,0.0328,0.0006,0.1122,536.8,1927,7501
2743,descent,113.106,9.8403,3.8046,6.0357,7.3533,0.0031,1.7623,4.1114,0.2560,1.1428,676704,0,0,0,0,14,0,0.0277,0.0012,0.0847,536.8,1927,7501
2744,descent,112.981,10.7904,3.9790,6.8114,7.3390,0.0031,1.7674,4.0745,0.2621,1.1581,676704,0,0,0,0,14,0,0.0298,0.0004,0.0860,536.8,1927,7501
2745,descent,112.857,9.6768,4.4553,5.2215,7.9862,0.0031,1.7787,4.3295,0.6072,1.1899,676704,0,0,0,0,14,0,0.0308,0.0008,0.1135,536.8,1927,7501
2746,descent,112.736,10.0151,3.8141,6.2010,7.3503,0.0031,1.7715,4.0663,0.2580,1.1704,676704,0,0,0,0,14,0,0.0293,0.0008,0.0902,536.8,1927,7501
2747,descent,112.618,10.1423,4.4545,5.6878,7.2755,0.0031,1.7705,4.0550,0.2601,1.1141,676704,0,0,0,0,14,0,0.0241,0.0006,0.1148,536.8,1927,7501
2748,descent,112.502,9.4345,3.8943,5.5402,7.3155,0.0031,1.7736,4.0489,0.2591,1.1551,676704,0,0,0,0,14,0,0.0301,0.0008,0.1179,536.8,1927,7501
2749,descent,112.388,9.9375,4.2842,5.6533,7.3370,0.0031,1.7766,4.0561,0.2611,1.1612,676704,0,0,0,0,14,0,0.0314,0.0007,0.1088,536.8,1927,7501
2750,descent,112.276,10.3149,4.0893,6.2256,8.1183,0.0031,1.7787,4.4861,0.6195,1.1571,676704,0,0,0,0,14,0,0.0258,0.0012,0.0741,536.8,1927,7501
2751,descent,112.167,9.5293,2.9796,6.5497,7.2243,0.0010,1.7705,4.0131,0.2519,1.1182,676704,0,0,0,0,14,0,0.0304,0.0006,0.0945,536.8,1927,7501
2752,descent,112.060,10.7109,3.9556,6.7553,7.2120,0.0010,1.7736,3.9772,0.2488,1.1418,676704,0,0,0,0,14,0,0.0284,0.0009,0.1000,536.8,1927,7501
2753,descent,111.955,9.3455,4.0240,5.3215,7.3196,0.0031,1.8586,3.9813,0.2540,1.1489,676704,0,0,0,0,14,0,0.0277,0.0007,0.1353,536.8,1927,7501
2754,descent,111.852,9.4805,3.9311,5.5494,7.6861,0.0041,1.8596,3.9834,0.2601,1.1479,676704,0,0,0,0,14,0,0.0288,0.0007,0.0917,536.8,1927,7501
2755,descent,111.751,10.0365,3.2024,6.8341,7.3011,0.0031,1.8606,3.9782,0.2478,1.1315,676704,0,0,0,0,14,0,0.0289,0.0008,0.1077,536.8,1927,7501
2756,descent,111.652,9.8844,4.4914,5.3930,7.2970,0.0031,1.8514,3.9700,0.2570,1.1346,676704,0,0,0,0,14,0,0.0243,0.0006,0.0787,536.8,1927,7501
2757,descent,111.555,9.6645,3.6702,5.9943,8.1971,0.0031,1.8545,4.4257,0.2509,1.5811,676704,0,0,0,0,14,0,0.0261,0.0008,0.0866,536.8,1927,7501
2758,descent,111.460,10.0630,3.4808,6.5822,7.2571,0.0031,1.8504,3.9373,0.2488,1.1418,676704,0,0,0,0,14,0,0.0292,0.0006,0.0988,536.8,1927,7501
2759,descent,111.367,10.3932,4.7864,5.6068,7.2315,0.0031,1.8463,3.9465,0.2488,1.1039,676704,0,0,0,0,14,0,0.0246,0.0009,0.1230,536.8,1927,7501
2760,descent,111.276,9.7989,4.6334,5.1655,7.7701,0.0031,1.8463,3.9240,0.4782,1.4377,676704,0,0,0,0,14,0,0.0301,0.0008,0.1023,536.8,1927,7501
2761,descent,111.187,9.4422,4.9779,4.4643,7.1977,0.0031,1.8463,3.9076,0.2478,1.1162,676704,0,0,0,0,14,0,0.0283,0.0008,0.1224,536.8,1927,7501
2762,descent,111.099,10.2031,4.8555,5.3476,7.1741,0.0031,1.8371,3.8953,0.2499,1.1182,676704,0,0,0,0,14,0,0.0283,0.0006,0.0807,536.8,1927,7501
2763,descent,111.013,10.1413,4.3285,5.8128,7.1352,0.0031,1.8381,3.8984,0.2458,1.0732,676704,0,0,0,0,14,0,0.0395,0.0006,0.1003,536.8,1927,7501
2764,descent,110.929,9.1076,4.7820,4.3256,7.7773,0.0031,2.2180,3.8902,0.2458,1.1233,676704,0,0,0,0,14,0,0.0263,0.0012,0.1068,536.8,1927,7501
2765,descent,110.847,9.8088,4.0641,5.7447,7.1670,0.0031,1.8299,3.8779,0.2529,1.1203,676704,0,0,0,0,14,0,0.0268,0.0007,0.0939,536.8,1927,7501
2766,descent,110.766,10.3376,4.2832,6.0544,7.1537,0.0031,1.8207,3.8636,0.2478,1.1377,676704,0,0,0,0,14,0,0.0276,0.0006,0.0996,536.8,1927,7501
2767,descent,110.687,8.8719,4.2129,4.6590,7.6790,0.0031,1.8176,4.4544,0.2427,1.0824,676704,0,0,0,0,14,0,0.0265,0.0005,0.0857,536.8,1927,7501
2768,descent,110.609,9.7738,3.1937,6.5801,7.0666,0.0020,1.8094,3.8390,0.2427,1.1039,676704,0,0,0,0,14,0,0.0268,0.0008,0.0793,536.8,1927,7501
2769,descent,110.533,9.7576,2.7465,7.0111,7.0410,0.0010,1.8074,3.8246,0.2468,1.0906,676704,0,0,0,0,14,0,0.0268,0.0008,0.1119,536.8,1927,7501
2770,descent,110.458,9.8214,2.6401,7.1813,7.0656,0.0010,1.8053,3.8339,0.2437,1.1131,676704,0,0,0,0,14,0,0.0388,0.0007,0.0796,536.8,1927,7501
2771,descent,110.385,9.1485,3.6448,5.5037,7.4394,0.0031,2.2426,3.8164,0.2427,1.0588,676704,0,0,0,0,14,0,0.0265,0.0007,0.1279,536.8,1927,7501
2772,descent,110.314,9.7285,4.6499,5.0786,7.7158,0.0031,1.8022,4.5240,0.2468,1.0660,676704,0,0,0,0,14,0,0.0246,0.0004,0.0734,536.8,1927,7501
2773,descent,110.244,9.2756,4.0098,5.2658,7.0124,0.0031,1.8002,3.8062,0.2406,1.0824,676704,0,0,0,0,14,0,0.0272,0.0009,0.0998,536.8,1927,7501
2774,descent,110.175,10.8555,3.9248,6.9307,7.7015,0.0031,1.7971,4.0509,0.2458,1.5237,676704,0,0,0,0,14,0,0.0287,0.0011,0.0916,536.8,1927,7501
2775,descent,110.107,9.1768,4.2796,4.8972,6.9407,0.0031,1.7920,3.7888,0.2417,1.0353,676704,0,0,0,0,14,0,0.0236,0.0006,0.0731,536.8,1927,7501
2776,descent,110.041,10.1278,4.4309,5.6969,6.9714,0.0031,1.7920,3.7734,0.2406,1.0813,676704,0,0,0,0,14,0,0.0267,0.0007,0.0823,536.8,1927,7501
2777,descent,109.977,9.1711,4.0601,5.1110,6.9530,0.0031,1.7869,3.7519,0.2478,1.0813,676704,0,0,0,0,14,0,0.0299,0.0006,0.1384,536.8,1927,7501
2778,descent,109.913,9.1426,4.5499,4.5927,7.3349,0.0031,2.1934,3.7458,0.2365,1.0762,676704,0,0,0,0,14,0,0.0303,0.0010,0.1038,536.8,1927,7501
2779,descent,109.851,9.9526,4.6812,5.2714,6.8823,0.0031,1.7818,3.7458,0.2396,1.0301,676704,0,0,0,0,14,0,0.0260,0.0013,0.1157,536.8,1927,7501
2780,descent,109.790,9.2666,4.8967,4.3699,6.9130,0.0031,1.7869,3.7458,0.2406,1.0568,676704,0,0,0,0,14,0,0.0249,0.0008,0.1321,536.8,1927,7501
2781,descent,109.731,9.1516,4.1616,4.9900,6.8710,0.0031,1.7746,3.7233,0.2396,1.0588,676704,0,0,0,0,14,0,0.0261,0.0008,0.1093,536.8,1927,7501
2782,descent,109.672,9.4057,4.5342,4.8715,6.8833,0.0031,1.7725,3.7028,0.2345,1.0895,676704,0,0,0,0,14,0,0.0291,0.0005,0.0753,536.8,1927,7501
2783,descent,109.615,9.1102,4.2132,4.8970,7.4988,0.0041,2.4300,3.6987,0.2427,1.0414,676704,0,0,0,0,14,0,0.0262,0.0006,0.1500,536.8,1927,7501
2784,descent,109.558,9.5391,5.9013,3.6378,6.8403,0.0031,1.7654,3.6946,0.2365,1.0588,676704,0,0,0,0,14,0,0.0257,0.0009,0.1217,536.8,1927,7501
2785,descent,109.503,10.0447,6.0597,3.9850,7.7271,0.0031,2.6225,3.6946,0.2376,1.0875,676704,0,0,0,0,14,0,0.0415,0.0010,0.1315,536.8,1927,7501
2786,descent,109.449,9.6109,5.6371,3.9738,6.8270,0.0031,1.7633,3.6772,0.2365,1.0701,676704,0,0,0,0,14,0,0.0279,0.0008,0.1516,536.8,1927,7501
2787,descent,109.397,10.5050,3.6955,6.8095,6.7400,0.0010,1.7521,3.6536,0.2314,1.0353,676704,0,0,0,0,14,0,0.0304,0.0010,0.1520,536.8,1927,7501
2788,descent,109.345,9.0767,4.3467,4.7300,7.6739,0.0010,1.7551,4.1257,0.2376,1.4848,676704,0,0,0,0,14,0,0.0257,0.0006,0.0837,536.8,1927,7501
2789,descent,109.294,8.9791,3.7419,5.2372,6.8035,0.0031,1.7664,3.6649,0.2396,1.0476,676704,0,0,0,0,14,0,0.0274,0.0006,0.0831,536.8,1927,7501
2790,descent,109.244,9.2510,4.2511,4.9999,6.7686,0.0031,1.7633,3.6465,0.2365,1.0383,676704,0,0,0,0,14,0,0.0324,0.0011,0.1185,536.8,1927,7501
2791,descent,109.195,9.3789,3.9236,5.4553,6.7471,0.0031,1.7541,3.6372,0.2324,1.0383,676704,0,0,0,0,14,0,0.0292,0.0008,0.0928,536.8,1927,7501
2792,descent,109.147,8.9288,3.5306,5.3982,7.6698,0.0031,1.7500,4.0868,0.2365,1.5114,676704,0,0,0,0,14,0,0.0258,0.0007,0.0849,536.8,1927,7501
2793,descent,109.101,8.9775,4.4166,4.5609,6.7369,0.0031,1.7469,3.6188,0.2355,1.0506,676704,0,0,0,0,14,0,0.0274,0.0004,0.0690,536.8,1927,7501
2794,descent,109.055,10.0527,4.4635,5.5892,6.7000,0.0031,1.7469,3.6106,0.2376,1.0240,676704,0,0,0,0,14,0,0.0340,0.0006,0.1313,536.8,1927,7501
2795,descent,109.010,9.3099,4.4599,4.8500,7.1711,0.0031,1.7480,3.5922,0.2284,1.5247,676704,0,0,0,0,14,0,0.0262,0.0008,0.1142,536.8,1927,7501
2796,descent,108.965,9.1422,4.1139,5.0283,6.6642,0.0031,1.7418,3.5809,0.2314,1.0250,676704,0,0,0,0,14,0,0.0288,0.0014,0.0980,536.8,1927,7501
2797,descent,108.922,9.7882,4.2085,5.5797,6.6918,0.0031,1.7490,3.5840,0.2263,1.0527,676704,0,0,0,0,14,0,0.0246,0.0005,0.0726,536.8,1927,7501
2798,descent,108.880,8.5968,3.6355,4.9613,6.6365,0.0031,1.7398,3.5604,0.2304,1.0260,676704,0,0,0,0,14,0,0.0268,0.0009,0.0913,536.8,1927,7501
2799,descent,108.838,8.9801,3.9813,4.9988,7.4680,0.0031,1.7428,4.4001,0.2335,1.0076,676704,0,0,0,0,14,0,0.0262,0.0006,0.1014,536.8,1927,7501
2800,descent,108.798,9.2964,3.7119,5.5845,6.6089,0.0031,1.7398,3.5348,0.2273,1.0291,676704,0,0,0,0,14,0,0.0277,0.0009,0.1002,536.8,1927,7501
2801,descent,108.758,9.8874,4.4202,5.4672,6.6191,0.0031,1.7439,3.5564,0.2294,1.0107,676704,0,0,0,0,14,0,0.0271,0.0007,0.0897,536.8,1927,7501
2802,descent,108.719,8.6685,3.7540,4.9145,6.6017,0.0031,1.7367,3.5461,0.2284,1.0138,676704,0,0,0,0,14,0,0.0303,0.0006,0.1078,536.8,1927,7501
2803,descent,108.680,9.0873,4.0966,4.9907,6.9048,0.0031,1.7367,3.5236,0.2304,0.9779,676704,0,0,0,0,14,0,0.0305,0.0011,0.1757,536.8,1927,7501
2804,descent,108.643,9.0387,4.9176,4.1211,6.5618,0.0031,1.7347,3.5123,0.2232,1.0076,676704,0,0,0,0,14,0,0.0304,0.0008,0.0977,536.8,1927,7501
2805,descent,108.606,9.0773,3.1343,5.9430,6.5188,0.0010,1.7213,3.5000,0.2212,1.0066,676704,0,0,0,0,14,0,0.0283,0.0007,0.1022,536.8,1927,7501
2806,descent,108.570,9.1664,3.8276,5.3388,7.0349,0.0020,1.7244,3.4898,0.4454,1.3046,676704,0,0,0,0,14,0,0.0296,0.0007,0.1275,536.8,1927,7501
2808,descent,108.500,9.8990,4.0673,5.8317,6.5188,0.0031,1.7326,3.4847,0.2263,0.9912,676704,0,0,0,0,14,0,0.0225,0.0006,0.0807,536.8,1927,7501
2809,arrival,108.500,4.7774,4.7750,0.0024,7.3554,0.0031,1.9866,4.0591,0.2284,1.0015,676704,0,0,0,0,14,0,0.0235,0.0008,0.0943,536.8,1927,7501
2810,arrival,108.500,5.4277,5.3769,0.0508,6.5341,0.0031,1.7388,3.4816,0.2253,1.0066,676704,0,0,0,0,14,0,0.0090,0.0007,0.1038,536.8,1927,7501
2811,arrival_settled,108.500,5.2855,3.6643,1.6212,6.5321,0.0041,1.7347,3.4867,0.2294,0.9984,676704,0,0,0,0,14,0,0.0066,0.0005,0.0663,536.8,1927,7501
2812,arrival_settled,108.500,8.2217,3.4052,4.8165,6.5372,0.0031,1.7285,3.4867,0.2243,1.0138,676704,0,0,0,0,14,0,0.0069,0.0008,0.0679,536.8,1927,7501
2813,arrival_settled,108.500,8.5728,3.6178,4.9550,7.0308,0.0031,2.2323,3.4867,0.2232,1.0056,676704,0,0,0,0,14,0,0.0076,0.0014,0.0880,536.8,1927,7501
2814,arrival_settled,108.500,8.8479,3.7301,5.1178,6.5321,0.0031,1.7265,3.4836,0.2273,1.0097,676704,0,0,0,0,14,0,0.0072,0.0004,0.0649,536.8,1927,7501
2815,arrival_settled,108.500,9.1957,3.7450,5.4507,6.5126,0.0031,1.7306,3.4816,0.2284,0.9871,676704,0,0,0,0,14,0,0.0078,0.0005,0.0651,536.8,1927,7501
2816,arrival_settled,108.500,8.4095,3.5108,4.8987,6.4942,0.0010,1.7224,3.4632,0.2243,1.0138,676704,0,0,0,0,14,0,0.0093,0.0007,0.1021,536.8,1927,7501
2817,arrival_settled,108.500,8.3437,2.9627,5.3810,6.4973,0.0010,1.7244,3.4693,0.2243,1.0097,676704,0,0,0,0,14,0,0.0068,0.0005,0.0679,536.8,1927,7501
2818,arrival_settled,108.500,8.9382,4.1238,4.8144,6.5393,0.0031,1.7336,3.4908,0.2243,1.0138,676704,0,0,0,0,14,0,0.0087,0.0009,0.1192,536.8,1927,7501
2819,arrival_settled,108.500,8.8733,4.9839,3.8894,6.5300,0.0031,1.7367,3.4785,0.2284,1.0025,676704,0,0,0,0,14,0,0.0076,0.0005,0.0686,536.8,1927,7501
2820,arrival_settled,108.500,8.6112,4.5986,4.0126,6.5475,0.0123,1.7306,3.4826,0.2253,1.0230,676704,0,0,0,0,14,0,0.0094,0.0007,0.0935,536.8,1927,7501
2821,arrival_settled,108.500,8.0385,4.2543,3.7842,6.8823,0.3666,1.7316,3.4816,0.2253,1.0025,676704,0,0,0,0,14,0,0.0079,0.0011,0.1194,536.8,1927,7501
2822,arrival_settled,108.500,8.9549,3.8624,5.0925,6.5270,0.0031,1.7316,3.4816,0.2263,1.0097,676704,0,0,0,0,14,0,0.0075,0.0005,0.0700,536.8,1927,7501
2823,arrival_settled,108.500,9.1151,3.0848,6.0303,6.5198,0.0031,1.7265,3.4888,0.2273,0.9933,676704,0,0,0,0,14,0,0.0079,0.0007,0.0927,536.8,1927,7501
2824,arrival_settled,108.500,8.3967,4.5039,3.8928,6.9642,0.0031,1.7295,3.9301,0.2253,1.0004,676704,0,0,0,0,14,0,0.0075,0.0008,0.0960,536.8,1927,7501
2825,arrival_settled,108.500,8.5521,3.6410,4.9111,6.5403,0.0031,1.7326,3.4877,0.2243,1.0086,676704,0,0,0,0,14,0,0.0080,0.0006,0.0849,536.8,1927,7501
2826,arrival_settled,108.500,9.2546,3.8128,5.4418,6.5270,0.0031,1.7336,3.4816,0.2253,1.0056,676704,0,0,0,0,14,0,0.0086,0.0008,0.1123,536.8,1927,7501
2827,arrival_settled,108.500,8.6846,4.2842,4.4004,6.5290,0.0031,1.7336,3.4908,0.2253,0.9964,676704,0,0,0,0,14,0,0.0076,0.0006,0.0859,536.8,1927,7501
2828,arrival_settled,108.500,8.5402,4.6923,3.8479,6.5556,0.0031,1.7316,3.4918,0.2273,1.0189,676704,0,0,0,0,14,0,0.0085,0.0008,0.1058,536.8,1927,7501
2829,arrival_settled,108.500,8.4113,3.2783,5.1330,6.5485,0.0031,1.7357,3.4836,0.2273,1.0230,676704,0,0,0,0,14,0,0.0080,0.0006,0.1036,536.8,1927,7501
2830,arrival_settled,108.500,8.3087,3.9791,4.3296,7.4670,0.0031,2.4074,3.7437,0.2243,1.0066,676704,0,0,0,0,14,0,0.0072,0.0005,0.0819,536.8,1927,7501
2831,arrival_settled,108.500,8.5876,3.8286,4.7590,6.9407,0.0031,1.7357,3.4816,0.2294,1.4172,676704,0,0,0,0,14,0,0.0076,0.0006,0.1002,536.8,1927,7501
2832,arrival_settled,108.500,10.3432,3.7545,6.5887,7.0390,0.0031,1.7336,3.9834,0.2263,1.0138,676704,0,0,0,0,14,0,0.0085,0.0010,0.1184,536.8,1927,7501
2833,arrival_settled,108.500,8.6347,4.3497,4.2850,6.9366,0.0031,1.7306,3.8676,0.2273,1.0301,676704,0,0,0,0,14,0,0.0084,0.0006,0.0873,536.8,1927,7501
2834,arrival_settled,108.500,9.2606,3.8267,5.4339,6.5290,0.0031,1.7285,3.4867,0.2284,1.0045,676704,0,0,0,0,14,0,0.0087,0.0007,0.1171,536.8,1927,7501
2835,arrival_settled,108.500,9.2385,2.8904,6.3481,7.0482,0.0010,1.7203,4.0561,0.2222,0.9779,676704,0,0,0,0,14,0,0.0072,0.0007,0.1042,536.8,1927,7501
2836,arrival_settled,108.500,8.2082,3.1950,5.0132,6.4778,0.0010,1.7224,3.4703,0.2222,0.9933,676704,0,0,0,0,14,0,0.0078,0.0008,0.0862,536.8,1927,7501
2837,arrival_settled,108.500,8.9564,4.0978,4.8586,7.6933,0.0031,1.7367,4.3315,0.2284,1.3138,676704,0,0,0,0,14,0,0.0095,0.0013,0.1129,536.8,1927,7501
2838,arrival_settled,108.500,8.6451,3.6344,5.0107,6.5403,0.0031,1.7336,3.4877,0.2263,1.0158,676704,0,0,0,0,14,0,0.0071,0.0007,0.0910,536.8,1927,7501
2840,arrival_settled,108.500,8.7784,3.7417,5.0367,6.5198,0.0031,1.7347,3.4755,0.2253,1.0025,676704,0,0,0,0,14,0,0.0075,0.0007,0.0958,536.8,1927,7501
2841,audit,108.500,6.3069,6.3049,0.0020,6.5249,0.0031,1.7336,3.4796,0.2243,1.0056,676704,0,0,0,0,14,0,0.0122,0.0010,0.3685,536.8,1927,7501
2842,reversal,108.658,3.5027,3.4998,0.0029,80.2191,0.0031,7.9626,59.1104,3.1846,9.4444,676704,0,0,0,0,14,0,0.0085,0.0006,0.0802,536.8,210,405
2843,reversal,108.830,4.4873,4.4854,0.0019,56.5944,0.0031,8.0087,35.8984,4.3561,7.8285,676704,0,0,0,0,14,0,0.0955,0.0008,0.1241,536.8,210,405
2844,reversal,109.019,3.4530,3.4240,0.0290,45.2700,0.0031,7.6390,24.6968,3.0822,9.4935,676704,0,0,0,0,14,0,0.0307,0.0005,0.0868,536.8,210,405
2845,reversal,109.224,73.8991,3.8657,70.0334,45.3888,0.0020,5.2408,27.3254,3.2256,9.2365,676704,0,0,0,0,14,0,0.0315,0.0016,0.1292,536.8,210,405
2846,reversal,109.449,63.0981,3.9717,59.1264,36.1656,0.0020,5.1343,26.5861,3.1437,0.9421,676704,0,0,0,0,14,0,0.0257,0.0009,0.1232,536.8,210,405
2847,reversal,109.695,64.8371,2.6446,62.1925,7.3708,0.0010,0.9513,5.1139,0.2877,0.9421,676704,0,0,0,0,14,0,0.0297,0.0007,0.1017,536.8,210,405
2848,reversal,109.964,41.3209,3.2993,38.0216,6.7492,0.0010,0.9605,4.4657,0.2877,0.9626,676704,0,0,0,0,14,0,0.0337,0.0004,0.0905,536.8,210,405
2849,reversal,110.257,9.5904,3.3955,6.1949,6.7389,0.0020,0.9431,4.4687,0.2888,0.9615,676704,0,0,0,0,14,0,0.0310,0.0006,0.0993,536.8,210,405
2850,reversal,110.578,8.9168,2.7230,6.1938,6.7369,0.0010,0.9441,4.4667,0.2877,0.9615,676704,0,0,0,0,14,0,0.0265,0.0007,0.0796,536.8,210,405
2851,reversal,110.929,8.3039,3.7372,4.5667,7.6165,0.0020,0.9513,5.3709,0.2908,0.9288,676704,0,0,0,0,14,0,0.0261,0.0007,0.1287,536.8,210,405
2852,reversal,111.312,9.0038,3.3935,5.6103,6.7717,0.0010,0.9564,4.4749,0.2867,0.9820,676704,0,0,0,0,14,0,0.0277,0.0007,0.1009,536.8,210,405
2853,reversal,111.731,9.2621,2.6284,6.6337,6.7994,0.0010,0.9667,4.4759,0.2929,0.9912,676704,0,0,0,0,14,0,0.0250,0.0010,0.1332,536.8,210,405
2854,reversal,112.188,8.6366,3.2313,5.4053,6.8342,0.0010,0.9789,4.4851,0.2918,1.0045,676704,0,0,0,0,14,0,0.0292,0.0006,0.0960,536.8,210,405
2855,reversal,112.688,8.6260,3.0979,5.5281,7.4209,0.0010,1.6138,4.4831,0.2888,0.9615,676704,0,0,0,0,14,0,0.0269,0.0007,0.1010,536.8,210,405
2856,reversal,113.235,8.8993,2.8136,6.0857,6.9110,0.0010,1.0168,4.4882,0.2908,1.0383,676704,0,0,0,0,14,0,0.0266,0.0006,0.0757,536.8,210,405
2857,reversal,113.832,9.3103,3.4331,5.8772,6.9222,0.0010,1.0291,4.4923,0.2836,1.0424,676704,0,0,0,0,14,0,0.0288,0.0012,0.0862,536.8,210,405
2858,reversal,114.484,9.6445,3.3345,6.3100,7.8336,0.0010,1.0476,4.7462,0.5284,1.4346,676704,0,0,0,0,14,0,0.0286,0.0007,0.1027,536.8,210,405
2859,reversal,115.198,8.6128,3.6333,4.9795,6.9806,0.0020,1.0680,4.5056,0.2857,1.0445,676704,0,0,0,0,14,0,0.0252,0.0005,0.0854,536.8,210,405
2860,reversal,115.977,9.9766,4.6961,5.2805,7.0922,0.0010,1.0895,4.5128,0.2867,1.1151,676704,0,0,0,0,14,0,0.0235,0.0007,0.1227,536.8,210,405
2861,reversal,116.828,8.7211,3.8756,4.8455,7.1475,0.0020,1.1295,4.5148,0.2867,1.1397,676704,0,0,0,0,14,0,0.0275,0.0019,0.1309,536.8,210,405
2862,reversal,117.759,9.4059,3.9596,5.4463,7.8940,0.0010,1.1622,5.1937,0.2949,1.1612,676704,0,0,0,0,14,0,0.0224,0.0007,0.1272,536.8,210,405
2863,reversal,118.776,9.2478,3.5940,5.6538,7.2243,0.0010,1.1940,4.5281,0.2898,1.1377,676704,0,0,0,0,14,0,0.0262,0.0009,0.1186,536.8,210,405
2864,reversal,119.887,9.4669,4.7164,4.7505,7.3165,0.0010,1.2216,4.5322,0.2857,1.2052,676704,0,0,0,0,14,0,0.0308,0.0012,0.1463,536.8,210,405
2865,reversal,121.102,9.3758,3.7466,5.6292,7.6380,0.0010,1.2534,4.5261,0.2888,1.4950,676704,0,0,0,0,14,0,0.0256,0.0007,0.0922,536.8,210,405
2866,reversal,122.429,9.2284,3.6046,5.6238,7.4424,0.0010,1.2769,4.5230,0.2857,1.2831,676704,0,0,0,0,14,0,0.0275,0.0012,0.1114,536.8,210,405
2867,reversal,123.879,10.4442,3.5174,6.9268,7.4578,0.0010,1.3128,4.5056,0.3000,1.2677,676704,0,0,0,0,14,0,0.0255,0.0008,0.0835,536.8,210,405
2868,reversal,125.464,9.2617,4.2163,5.0454,7.5069,0.0010,1.3425,4.4861,0.2908,1.3128,676704,0,0,0,0,14,0,0.0313,0.0007,0.1137,536.8,210,405
2869,reversal,127.196,9.2956,3.3555,5.9401,8.4511,0.0010,1.6476,5.0780,0.2888,1.3599,676704,0,0,0,0,14,0,0.0343,0.0011,0.1122,536.8,210,405
2870,reversal,129.089,9.8056,3.3938,6.4118,6.9181,0.0010,1.2861,4.0294,0.2621,1.2667,676704,0,0,0,0,14,0,0.0333,0.0007,0.1112,536.8,210,405
2871,reversal,131.157,10.6932,3.8753,6.8179,6.8925,0.0010,1.2995,4.0212,0.2621,1.2431,676704,0,0,0,0,14,0,0.0269,0.0007,0.1116,536.8,210,405
2872,reversal,133.417,8.2258,3.3921,4.8337,7.2550,0.0010,1.3302,4.0100,0.2621,1.5831,676704,0,0,0,0,14,0,0.0333,0.0007,0.1072,536.8,210,405
2873,reversal,135.887,9.1691,2.8549,6.3142,7.0124,0.0010,1.3619,3.9905,0.2734,1.3158,676704,0,0,0,0,14,0,0.0254,0.0008,0.0851,536.8,210,405
2874,reversal,138.586,9.7574,4.9809,4.7765,6.9550,0.0020,1.3937,3.9168,0.2673,1.3076,676704,0,0,0,0,14,0,0.0271,0.0010,0.1158,536.8,210,405
2875,reversal,141.536,8.7794,4.2293,4.5501,7.1465,0.0010,1.4131,3.8124,0.2601,1.5954,676704,0,0,0,0,14,0,0.0267,0.0009,0.1127,536.8,210,405
2876,reversal,144.759,8.9613,4.3363,4.6250,7.2397,0.0010,1.4213,4.1759,0.2642,1.3097,676704,0,0,0,0,14,0,0.0299,0.0005,0.0929,536.8,210,405
2877,reversal,148.282,9.1446,3.9343,5.2103,7.6636,0.0010,1.7951,4.2158,0.2601,1.3230,676704,0,0,0,0,14,0,0.0306,0.0005,0.1016,536.8,210,405
2878,reversal,152.131,8.5647,5.7852,2.7795,6.6324,0.0010,1.4316,3.5553,0.2652,1.3117,676704,0,0,0,0,14,0,0.0308,0.0008,0.0973,536.8,210,405
2879,reversal,156.338,9.7638,3.2522,6.5116,6.5516,0.0010,1.4418,3.4877,0.2673,1.2841,676704,0,0,0,0,14,0,0.0316,0.0008,0.1170,536.8,210,405
2880,reversal,160.935,8.4853,3.0162,5.4691,7.3093,0.0010,1.4633,3.9772,0.2621,1.5360,676704,0,0,0,0,14,0,0.0284,0.0008,0.0955,536.8,210,405
2881,reversal,165.958,8.7329,3.2731,5.4598,6.2372,0.0010,1.4787,3.1560,0.2642,1.2698,676704,0,0,0,0,14,0,0.0258,0.0009,0.0957,536.8,210,405
2882,reversal,171.448,9.1807,3.5370,5.6437,5.8808,0.0010,1.4971,2.7750,0.2662,1.2718,676704,0,0,0,0,14,0,0.0313,0.0005,0.0877,536.8,1965,7501
2883,reversal,177.447,7.6941,3.7998,3.8943,5.4897,0.0020,1.4879,2.4289,0.2642,1.2390,676704,0,0,0,0,14,0,0.0308,0.0007,0.1007,536.8,1965,7501
2884,reversal,184.002,8.4083,5.1167,3.2916,5.7364,0.0010,1.4643,2.7177,0.2673,1.2175,676704,0,0,0,0,14,0,0.0264,0.0007,0.0929,536.8,1965,7501
2885,reversal,191.167,6.7436,3.7351,3.0085,4.8855,0.0010,1.4367,1.9200,0.2662,1.1960,676704,0,0,0,0,14,0,0.0288,0.0006,0.0934,536.8,1965,7501
2886,reversal,198.995,7.8193,3.5329,4.2864,4.8589,0.0010,1.4295,1.9128,0.2642,1.1827,676704,0,0,0,0,14,0,0.0275,0.0008,0.1230,536.8,1965,7501
2887,reversal,207.551,7.0083,2.8273,4.1810,4.8701,0.0010,1.4377,1.9446,0.2632,1.1592,676704,0,0,0,0,14,0,0.0280,0.0012,0.1029,536.8,1965,7501
2888,reversal,216.900,7.0942,4.3918,2.7024,5.4723,0.0010,1.8135,2.1842,0.2683,1.1366,676704,0,0,0,0,14,0,0.0261,0.0006,0.0919,536.8,1965,7501
2889,reversal,227.117,6.0037,3.6884,2.3153,5.1978,0.0010,1.7562,1.9630,0.2642,1.1428,676704,0,0,0,0,14,0,0.0246,0.0007,0.1151,536.8,1965,7501
2890,reversal,238.282,7.8861,3.8990,3.9871,4.9756,0.0010,1.5544,1.9517,0.2611,1.1377,676704,0,0,0,0,14,0,0.0226,0.0009,0.1319,536.8,1965,7501
2891,reversal,250.483,7.3066,4.5408,2.7658,4.9664,0.0010,1.5575,1.9681,0.2703,1.0998,676704,0,0,0,0,14,0,0.0290,0.0008,0.0989,536.8,1965,7501
2892,reversal,263.816,6.6500,3.4788,3.1712,4.8957,0.0010,1.5319,1.9476,0.2652,1.0803,676704,0,0,0,0,14,0,0.0260,0.0007,0.0837,536.8,1965,7501
2893,reversal,278.387,6.7395,5.2450,1.4945,4.8579,0.0266,1.5165,1.9313,0.2652,1.0496,673120,0,0,3584,0,14,0,1.5722,0.7138,0.1297,536.8,1965,7501
2894,reversal,294.309,6.8938,5.2514,1.6424,5.2562,0.0225,1.9046,1.9610,0.2662,1.0353,669536,0,0,3584,0,14,0,1.5297,0.5677,0.0978,536.8,1965,7501
2895,reversal,311.709,8.1773,8.1257,0.0516,4.8957,0.0174,1.5258,2.0019,0.2652,1.0158,666976,0,0,2560,0,14,0,1.5706,0.6344,0.1385,536.8,1965,7501
2896,reversal,330.724,5.3914,5.3579,0.0335,4.9070,0.0195,1.5258,2.0439,0.2621,0.9871,663648,0,0,3328,0,13,1,1.5646,0.5238,0.1177,536.8,1965,7501
2897,reversal,351.503,7.4697,7.4280,0.0417,4.9469,0.0215,1.5319,2.0808,0.2632,0.9820,659718,0,0,3930,0,13,1,1.5288,0.6058,0.1469,536.8,1965,7501
2898,reversal,374.211,5.4714,5.4425,0.0289,4.9244,0.0236,1.5380,2.0572,0.2662,0.9708,654086,0,0,5632,0,13,1,1.5325,0.5999,0.0925,536.8,1965,7501
2899,reversal,399.025,6.8333,6.8007,0.0326,5.4774,0.0205,1.7930,2.3818,0.2662,0.9472,650866,0,0,3220,0,13,1,1.6495,0.5460,0.1167,536.8,1965,7501
2900,reversal,426.143,7.3516,5.4073,1.9443,4.8282,0.0195,1.5340,2.0040,0.2642,0.9390,647538,0,0,3328,0,13,1,1.5512,0.5144,0.1139,536.8,1965,7501
2901,reversal,455.777,7.3371,5.7962,1.5409,4.8210,0.0256,1.5217,2.0265,0.2621,0.9175,644978,0,0,2560,0,13,1,1.5254,0.7624,0.1449,536.8,1965,7501
2902,reversal,488.160,7.4305,7.3891,0.0414,4.8671,0.0174,1.5421,2.0767,0.2673,0.8940,642418,0,0,2560,0,13,1,1.6182,0.6171,0.1671,536.8,1965,7501
2903,reversal,523.549,6.3760,6.3446,0.0314,4.9029,0.0195,1.5483,2.1391,0.2673,0.8612,639090,0,0,3328,0,13,1,1.5783,0.6501,0.1302,536.8,1965,7501
2904,reversal,562.222,6.5791,4.8874,1.6917,5.8706,0.0195,1.5555,2.4771,0.2662,1.4858,635780,0,0,3310,0,12,2,1.5190,0.5949,0.1246,536.8,1965,7501
2905,reversal,604.483,5.6699,5.6223,0.0476,5.0084,0.0205,1.5616,2.2313,0.2662,0.8612,632196,0,0,3584,0,12,2,1.5256,0.6419,0.1299,536.8,1965,7501
2906,reversal,650.666,8.3870,6.3255,2.0615,4.8886,0.0184,1.5585,2.1432,0.2611,0.8407,629124,0,0,3072,0,12,2,1.5234,0.6341,0.1351,536.8,1965,7501
2907,reversal,701.135,8.5189,8.4751,0.0438,4.7903,0.0184,1.5411,2.1023,0.2621,0.7987,626308,0,0,2816,0,12,2,2.3290,0.7766,0.1888,536.8,1965,7501
2908,reversal,756.287,6.5262,6.4845,0.0417,5.6146,0.0174,1.5237,2.5866,0.2591,1.1633,624560,0,0,1748,0,12,2,1.5390,0.7849,0.1350,536.8,1965,7501
2909,reversal,816.556,5.6241,5.5908,0.0333,4.8271,0.0205,1.5237,2.1760,0.2642,0.7752,620976,0,0,3584,0,12,2,1.5745,0.6293,0.1339,536.8,1965,7501
2910,reversal,882.419,7.7629,7.7283,0.0346,4.8435,0.0184,1.5206,2.2129,0.2652,0.7588,617392,0,0,3584,0,12,2,1.5404,0.6190,0.1509,536.8,1965,7501
2911,reversal,954.393,6.6944,6.6625,0.0319,4.8517,0.0195,1.5278,2.2548,0.2591,0.7229,614064,0,0,3328,0,12,2,1.5708,0.5883,0.1393,536.8,1965,7501
2912,reversal,1033.047,6.4685,6.4382,0.0303,4.8732,0.0553,1.5309,2.2415,0.2662,0.7117,611972,1217,63,2155,0,11,3,1.5521,0.5440,0.1138,536.8,1965,7501
2913,reversal,1118.999,6.3376,4.6658,1.6718,5.9054,0.3195,1.8053,2.7269,0.2611,0.7229,613123,3473,1919,768,0,11,3,1.5584,0.5792,0.0967,536.8,1965,7501
2914,reversal,1212.927,6.4566,6.4121,0.0445,4.8445,0.2458,1.5442,2.0193,0.2611,0.7035,612226,2066,1407,2304,0,11,3,1.6285,0.6306,0.1193,536.8,1965,7501
2915,reversal,1315.571,8.5691,5.2757,3.2934,4.7176,0.1905,1.5104,2.0029,0.2683,0.6769,611969,1043,1023,1280,0,11,3,1.5898,0.6816,0.1484,536.8,1965,7501
2916,reversal,1427.740,6.6696,5.1675,1.5021,4.7145,0.1966,1.4838,2.0357,0.2662,0.6656,610964,0,1043,2048,0,11,3,1.3896,0.5400,0.1160,536.8,1965,7501
2917,reversal,1550.318,7.7467,7.6944,0.0523,4.5926,0.0215,1.4838,2.0951,0.2642,0.6595,606695,0,0,4269,0,11,3,1.5668,0.6219,0.1151,536.8,1965,7501
2918,reversal,1684.271,5.6862,5.6543,0.0319,5.2541,0.0225,2.1064,2.1381,0.2652,0.6564,601063,0,0,5632,0,11,3,1.5596,0.5584,0.1274,536.8,1965,7501
2919,reversal,1830.654,5.9982,5.9689,0.0293,4.6705,0.0205,1.4981,2.1678,0.2662,0.6492,596967,0,0,4096,0,10,4,1.5429,0.5089,0.1136,536.8,1965,7501
2920,reversal,1990.621,8.3964,8.3639,0.0325,4.5681,0.0164,1.5084,2.0910,0.2611,0.6236,595687,0,0,1280,0,11,4,1.6755,0.4717,0.3119,536.8,1965,7501
2921,reversal,2165.432,5.1906,5.1629,0.0277,4.4943,0.0205,1.5073,2.0122,0.2662,0.6205,590954,0,0,4733,0,11,4,1.5320,0.5071,0.0895,536.8,1965,7501
2922,reversal,2356.465,6.5776,5.1409,1.4367,4.4360,0.0236,1.4991,1.9845,0.2673,0.5970,585066,0,0,5888,0,11,4,1.5254,0.5314,0.0890,536.8,1965,7501
2923,reversal,2565.225,6.6701,5.1626,1.5075,5.4200,0.0195,1.7285,2.5426,0.4782,0.5816,581311,0,0,3755,0,11,4,1.5716,0.5743,0.1057,536.8,1965,7501
2924,reversal,2793.358,6.9483,6.9087,0.0396,4.3981,0.0225,1.4705,2.0132,0.2642,0.5601,577727,0,0,3584,0,11,4,1.5733,0.6463,0.1567,536.8,1965,7501
2925,reversal,3042.659,7.2999,7.2723,0.0276,4.4308,0.0195,1.4817,2.0562,0.2580,0.5468,574911,0,0,2816,0,11,4,1.5796,0.6075,0.1312,536.8,1965,7501
2926,reversal,3315.096,6.0445,6.0169,0.0276,4.4831,0.0410,1.4848,2.0838,0.2703,0.5396,570559,0,0,4352,0,11,4,1.5811,0.5618,0.0966,536.8,1965,7501
2927,reversal,3612.813,6.6136,6.5837,0.0299,4.4718,0.0225,1.4879,2.1115,0.2601,0.5233,567402,0,0,3157,0,10,5,1.5409,0.6292,0.1656,536.8,1965,7501
2928,reversal,3938.157,6.2280,6.1894,0.0386,4.9060,0.0205,1.4868,2.3122,0.4905,0.5192,564074,0,0,3328,0,10,5,1.5536,0.6279,0.1629,536.8,1965,7501
2929,reversal,4293.692,6.8366,6.8099,0.0267,4.7073,0.0164,1.4909,2.0132,0.2611,0.5018,563050,0,0,1024,0,10,5,1.5461,0.3927,0.1453,536.8,1965,7501
2930,reversal,4682.219,7.0991,7.0677,0.0314,4.2486,0.0266,1.4592,1.9558,0.2601,0.4792,558681,0,0,4369,0,10,5,1.5112,0.5090,0.1187,536.8,1965,7501
2931,reversal,5106.800,5.9268,5.8879,0.0389,6.0099,0.0236,3.2512,1.9456,0.2642,0.4588,555353,0,0,3328,0,10,5,1.5575,0.5152,0.1000,536.8,1965,7501
2932,reversal,4809.272,5.5199,5.4902,0.0297,4.1400,0.0195,1.4029,1.9282,0.2734,0.4495,552537,0,0,2816,0,10,5,1.5928,0.4894,0.0887,536.8,1965,7501
2933,reversal,4529.449,7.5515,5.3263,2.2252,4.7043,0.0266,1.4264,2.1934,0.2673,0.7188,547305,0,0,5232,0,10,5,1.5433,0.5545,0.1402,536.8,1965,7501
2934,reversal,4266.276,5.7651,5.7227,0.0424,4.2691,0.0225,1.4469,1.9896,0.2662,0.4772,543721,0,0,3584,0,12,3,1.5361,0.6243,0.1177,536.8,1965,7501
2935,reversal,4018.764,7.1950,5.5279,1.6671,4.3233,0.0215,1.4572,2.0378,0.2673,0.4731,540905,0,0,2816,0,12,3,1.5151,0.4548,0.1327,536.8,1965,7501
2936,reversal,3785.981,7.5371,7.4934,0.0437,4.3715,0.0174,1.4541,2.0838,0.2642,0.4854,538383,0,0,2522,0,12,3,1.6578,0.6473,0.1447,536.8,1965,7501
2937,reversal,3567.049,8.7131,8.6742,0.0389,4.4421,0.0522,1.4561,2.0951,0.2642,0.5079,537678,6536,63,768,0,12,3,1.5861,0.3084,0.1396,536.8,1965,7501
2938,reversal,3361.145,6.5528,6.5163,0.0365,5.4426,0.2570,1.4520,2.5477,0.2611,0.8561,536333,5065,1471,2816,0,12,3,1.7192,0.6235,0.1051,536.8,1965,7501
2939,reversal,3167.493,6.0096,5.9835,0.0261,4.6326,0.2918,1.4479,2.0490,0.2683,0.5069,534220,3338,1727,3840,0,12,3,1.6759,0.7943,0.1251,536.8,1965,7501
2940,reversal,2985.365,6.1081,6.0782,0.0299,4.5271,0.2161,1.4510,2.0152,0.2652,0.5140,533387,2123,1215,2048,0,12,3,1.6200,0.5278,0.1006,536.8,1965,7501
2941,reversal,2814.074,6.0688,6.0367,0.0321,4.5588,0.2734,1.4490,1.9845,0.2591,0.5233,533560,524,1599,1426,0,12,3,1.5959,0.5759,0.1161,536.8,1965,7501
2942,reversal,2652.976,5.5664,5.5360,0.0304,4.4093,0.1270,1.4643,1.9579,0.2662,0.5304,531780,0,524,2304,0,13,2,1.1762,0.4498,0.1117,536.8,1965,7501
2943,reversal,2501.464,6.9292,6.8973,0.0319,5.1282,0.0205,1.4858,2.1985,0.2662,1.0936,527684,0,0,4096,0,13,2,1.5304,0.6802,0.1740,536.8,1965,7501
2944,reversal,2358.969,7.3377,7.2994,0.0383,4.3704,0.0195,1.5084,1.9425,0.2652,0.5673,526148,0,0,1536,0,13,2,1.5922,0.3831,0.1382,536.8,1965,7501
2945,reversal,2224.952,6.0071,5.9797,0.0274,4.4268,0.0195,1.5063,1.9886,0.2642,0.5816,522820,0,0,3328,0,13,2,1.5769,0.5905,0.1179,536.8,1965,7501
2946,reversal,2098.910,5.8455,5.8179,0.0276,4.4718,0.0205,1.5073,2.0234,0.2662,0.5878,518797,0,0,4023,0,13,2,1.5129,0.5962,0.1029,536.8,1965,7501
2947,reversal,1980.368,5.8819,4.7595,1.1224,4.4964,0.0205,1.5135,2.0429,0.2662,0.5919,514957,0,0,3840,0,13,2,1.5694,0.6669,0.1246,536.8,1965,7501
2948,reversal,1868.881,6.2378,6.1951,0.0427,5.2122,0.0195,1.5084,2.3818,0.2652,0.9718,511117,0,0,3840,0,13,2,1.6457,0.6995,0.0990,536.8,1965,7501
2949,reversal,1764.027,7.0777,4.7113,2.3664,4.5906,0.0195,1.5094,2.1268,0.2652,0.6042,507313,0,0,3804,0,13,2,1.5541,0.5252,0.1116,536.8,1965,7501
2950,reversal,1665.413,7.0038,5.4832,1.5206,4.5722,0.0195,1.5094,2.1074,0.2632,0.6093,503473,0,0,3840,0,13,2,1.5429,0.6024,0.1217,536.8,1965,7501
2951,reversal,1572.667,5.8508,5.8069,0.0439,4.5660,0.0195,1.5084,2.0849,0.2621,0.6277,499377,0,0,4096,0,12,2,1.5812,0.4833,0.1195,536.8,1965,7501
2952,reversal,1485.439,7.1236,4.8826,2.2410,4.5701,0.0563,1.5043,2.0521,0.2652,0.6267,497733,7105,63,1707,0,12,2,1.5384,0.4202,0.1001,536.8,1965,7501
2953,reversal,1403.403,7.4509,5.0586,2.3923,4.7708,0.2703,1.5104,2.0142,0.2611,0.6472,496708,6111,1535,2560,0,12,2,1.7417,0.6474,0.1194,536.8,1965,7501
2954,reversal,1326.248,7.6655,7.6165,0.0490,5.6873,0.1638,1.7684,2.5549,0.4782,0.6574,496323,5216,895,1280,0,13,1,1.7438,0.6046,0.1685,536.8,1965,7501
2955,reversal,1253.684,7.2753,7.2388,0.0365,4.6797,0.1925,1.5380,1.9630,0.2652,0.6574,495298,4193,1023,2048,0,13,1,1.6992,0.8818,0.2233,536.8,1950,7501
2956,reversal,1185.438,5.7959,5.7642,0.0317,4.9070,0.3738,1.5483,1.9773,0.2683,0.6748,494209,1954,2239,3328,0,13,1,1.6555,0.8833,0.3668,536.8,1950,7501
2957,reversal,1121.253,5.6938,5.6651,0.0287,4.7749,0.1567,1.5411,2.0582,0.2601,0.6922,492992,1123,831,2048,0,13,1,1.5845,0.5534,0.2551,536.8,1950,7501
2958,reversal,1060.887,7.2590,5.2458,2.0132,5.6023,0.2621,1.7828,2.5375,0.2621,0.6892,494246,2724,1727,473,0,13,1,1.5485,0.5006,0.3300,536.8,1950,7501
2959,reversal,1004.114,7.2329,4.9847,2.2482,5.1692,0.3594,1.5043,2.2671,0.2693,0.7014,496741,8677,2495,0,0,13,1,1.5987,0.4330,0.2624,536.8,1950,7501
2960,reversal,950.718,7.3197,6.3247,0.9950,5.1261,0.3256,1.5104,2.2508,0.2642,0.7076,496100,7733,2175,2816,0,13,1,1.7967,0.6470,0.2822,536.8,1950,7501
2961,reversal,900.501,7.7531,5.4155,2.3376,5.1046,0.3236,1.4746,2.2374,0.2652,0.7393,494627,5622,2111,3584,0,13,1,1.7609,0.6586,0.2450,536.8,1950,7501
2962,reversal,853.271,7.3268,5.1337,2.1931,4.9562,0.2058,1.4643,2.2118,0.2673,0.7414,493602,4343,1279,2304,0,13,1,1.7046,0.6847,0.3071,536.8,1950,7501
2963,reversal,808.852,7.1823,7.1330,0.0493,4.7401,0.0502,1.4408,2.1576,0.2683,0.7578,491873,4280,63,1792,0,13,1,1.6789,0.5413,0.1515,536.8,1950,7501
2964,reversal,767.076,6.7989,6.7621,0.0368,4.9510,0.3092,1.4254,2.1176,0.2632,0.7690,492064,2297,1983,1792,0,13,1,1.6476,0.8125,0.1418,536.8,1950,7501
2965,reversal,727.786,6.8657,6.8304,0.0353,4.8159,0.1188,1.4735,2.0859,0.2703,0.8049,491135,1722,575,1504,0,14,0,1.5909,0.6351,0.2311,536.8,1950,7501
2966,reversal,690.834,7.7054,5.7134,1.9920,4.7729,0.0522,1.4572,2.1115,0.2693,0.8182,489406,1659,63,1792,0,14,0,1.6451,0.4084,0.1048,536.8,1950,7501
2967,reversal,656.080,7.0549,7.0166,0.0383,5.1466,0.2079,1.4387,2.3849,0.2652,0.7854,487933,572,1087,2560,0,14,0,1.5694,0.6576,0.1191,536.8,1950,7501
2968,reversal,623.395,6.3664,6.3328,0.0336,4.8415,0.1167,1.4336,2.1719,0.2642,0.7905,486713,0,572,1792,0,14,0,1.4095,0.5833,0.1447,536.8,1950,7501
2969,reversal,592.655,7.7988,5.6324,2.1664,4.7852,0.0164,1.4090,2.1955,0.2652,0.8376,484324,0,0,2389,0,14,0,1.5350,0.4851,0.0987,536.8,1950,7501
2970,reversal,563.744,6.7666,5.1489,1.6177,4.6746,0.0195,1.3640,2.1975,0.2621,0.7690,480228,0,0,4096,0,14,0,1.5632,0.4621,0.1200,536.8,1950,7501
2971,reversal,536.553,6.6857,5.0999,1.5858,4.5865,0.0205,1.3435,2.1791,0.2611,0.7178,475876,0,0,4352,0,14,0,1.5146,0.5899,0.1114,536.8,1950,7501
2972,reversal,510.980,6.3006,4.7435,1.5571,5.1937,0.0543,1.3281,2.3972,0.2673,1.0824,471824,1473,63,4115,0,14,0,1.5412,0.4580,0.0909,536.8,1950,7501
2973,reversal,486.929,6.9800,5.1453,1.8347,4.3858,0.2488,1.1571,2.1002,0.2632,0.5530,471631,1187,1599,1792,0,14,0,1.5689,0.4797,0.1101,536.8,1950,7501
2974,reversal,464.309,6.1514,6.0974,0.0540,4.1892,0.0666,1.1418,2.1012,0.2673,0.5509,469774,996,191,2048,0,14,0,1.5715,0.4800,0.1476,536.8,1950,7501
2975,reversal,443.036,6.6914,5.1097,1.5817,4.2353,0.1720,1.1213,2.0972,0.2642,0.5161,467442,0,996,3328,0,14,0,1.2991,0.5931,0.1138,536.8,1950,7501
2976,reversal,423.028,6.6258,6.5838,0.0420,4.0366,0.0195,1.1069,2.0685,0.2632,0.5171,463602,0,0,3840,0,14,0,1.5350,0.6416,0.1661,536.8,1950,7501
2977,reversal,404.210,5.4211,5.3898,0.0313,4.0090,0.0195,1.0885,2.0521,0.2673,0.5202,460274,0,0,3328,0,14,0,1.5974,0.4982,0.1107,536.8,1950,7501
2978,reversal,386.513,6.3703,6.3350,0.0353,4.6643,0.0522,1.3681,2.3685,0.2652,0.5499,457611,3333,63,2726,0,14,0,1.5810,0.4174,0.0993,536.8,1950,7501
2979,reversal,369.868,6.4824,6.4498,0.0326,4.0724,0.1556,1.0598,2.0070,0.2683,0.5171,456458,2438,895,2048,0,14,0,1.6267,0.5644,0.1484,536.8,1950,7501
2980,reversal,354.214,6.7946,6.7577,0.0369,4.0376,0.1700,1.0465,1.9855,0.2662,0.5048,455369,1479,959,2048,0,14,0,1.5951,0.5034,0.1289,536.8,1950,7501
2981,reversal,339.492,7.9581,7.9228,0.0353,3.9864,0.1393,1.0342,1.9681,0.2632,0.5161,454344,712,767,1792,0,14,0,1.5799,0.7654,0.1796,536.8,1950,7501
2982,reversal,325.645,6.0807,6.0506,0.0301,3.9404,0.1341,1.0260,1.9517,0.2673,0.4977,451728,0,712,3328,0,14,0,1.2275,0.5136,0.0887,536.8,1950,7501
2983,reversal,312.623,5.5659,5.5381,0.0278,4.6254,0.0594,1.0281,2.3808,0.6134,0.4813,450165,6081,63,1626,0,14,0,1.5631,0.3958,0.0970,536.8,1950,7501
2984,reversal,300.375,5.4842,5.4568,0.0274,4.0888,0.2621,1.0609,1.9579,0.2652,0.4792,451316,12866,1151,0,0,14,0,1.7009,0.4008,0.1906,536.8,1950,7501
2985,reversal,288.856,6.3774,6.3440,0.0334,4.3889,0.4465,1.1418,1.9323,0.2662,0.5366,453427,20080,2111,0,0,14,0,1.9239,0.5345,0.1026,536.8,1950,7501
2986,reversal,278.023,7.7326,7.6932,0.0394,4.2476,0.2468,1.1796,1.9169,0.2683,0.5714,454514,24625,1087,0,0,14,0,2.1515,0.4167,0.1594,536.8,1950,7501
2987,reversal,267.834,6.0859,6.0584,0.0275,4.9654,0.6287,1.2698,1.9599,0.2642,0.7752,457649,33266,3135,0,0,14,0,2.2856,0.5285,0.1010,536.8,1950,7501
2988,reversal,258.252,6.5392,6.5036,0.0356,5.8501,0.6717,1.7254,2.3316,0.2632,0.7926,460976,44019,3327,0,0,14,0,2.5571,0.5266,0.0950,536.8,1950,7501
2990,reversal,240.764,8.6042,8.5642,0.0400,4.6889,0.3308,1.2012,1.9456,0.2662,0.8786,465454,56770,1535,0,0,14,0,3.2855,1.2421,0.1527,536.8,1950,7501
2991,reversal,232.792,10.4503,10.4167,0.0336,4.8456,0.5345,1.1817,1.9118,0.2652,0.8868,468077,67893,2623,0,0,14,0,3.2876,0.5456,0.1018,536.8,1950,7501
2992,reversal,225.295,7.9606,7.9339,0.0267,5.9515,0.8356,1.1356,2.3194,0.2632,1.3332,472236,83373,4159,0,0,14,0,3.6430,0.7114,0.0983,536.8,1950,7501
2993,reversal,218.244,10.6079,10.6063,0.0016,4.8916,0.6810,1.1203,1.8289,0.2693,0.9267,475051,94714,3327,512,0,14,0,4.0406,0.7483,0.1346,536.8,1950,7501
2994,reversal,211.612,9.4966,9.4692,0.0274,5.3975,0.9912,1.1960,1.8883,0.2662,0.9902,476844,98699,4799,3006,0,14,0,4.0179,1.1845,0.1604,536.8,1950,7501
2995,reversal,205.375,8.2236,8.1922,0.0314,5.1743,0.7516,1.1991,1.9589,0.2611,0.9380,480491,111314,3647,0,0,14,0,4.0270,0.6134,0.1184,536.8,1950,7501
2996,reversal,199.510,7.6638,7.6331,0.0307,5.1395,0.6287,1.1745,2.0234,0.2652,0.9820,483562,125699,3071,0,0,14,0,4.0183,0.5519,0.1382,536.8,1950,7501
2997,reversal,193.993,9.7234,9.6924,0.0310,5.3064,0.4751,1.1571,2.0408,0.2662,1.3036,482378,126910,2239,3423,0,14,0,4.3449,1.1449,0.1648,536.8,1950,7501
2998,reversal,188.804,9.2846,9.2522,0.0324,5.4610,0.8540,1.2032,2.0531,0.2683,1.0179,477257,122815,4095,9216,0,14,0,4.0244,1.3158,0.1084,536.8,1950,7501
2999,reversal,183.925,8.9153,8.8796,0.0357,5.6842,1.0342,1.2841,2.0797,0.2652,0.9533,479153,123968,4991,3095,0,14,0,4.0275,1.0360,0.1022,536.8,1950,7501
3000,reversal,179.335,8.4644,8.4355,0.0289,5.7108,0.9656,1.3117,2.0664,0.2662,1.0332,483824,138081,4671,0,0,14,0,4.0319,0.7127,0.1021,536.8,1950,7501
3001,reversal,175.019,9.1267,9.0939,0.0328,6.8280,0.8929,1.8207,2.6481,0.2683,1.1295,488239,150164,4415,0,0,14,0,4.0299,0.8470,0.0999,536.8,1950,7501
3002,reversal,170.960,8.1744,8.1469,0.0275,5.7876,0.8202,1.3773,2.0419,0.2693,1.2124,490414,157679,3967,1792,0,14,0,4.0343,0.8194,0.0966,536.8,1950,7501
3003,reversal,167.142,8.2850,8.2608,0.0242,5.5204,0.6216,1.3732,2.0449,0.2662,1.1459,486994,155312,2879,6299,0,14,0,4.0254,0.9694,0.1047,536.8,1950,7501
3005,reversal,160.174,8.6320,8.6034,0.0286,6.0570,0.7137,1.6691,2.0961,0.2642,1.2442,495376,187478,3391,0,0,14,0,4.0262,0.6680,0.1187,536.8,1950,7501
3006,reversal,156.998,10.7870,10.7618,0.0252,6.7850,1.3394,1.4612,2.2774,0.2683,1.3691,494607,188828,3839,4608,0,14,0,4.0260,1.0509,0.0953,536.8,1950,7501
3007,reversal,154.011,10.6257,10.5971,0.0286,7.4516,1.7357,1.5073,2.4402,0.2673,1.4305,501245,180189,8639,2001,0,14,0,4.0335,1.6173,0.1202,536.8,1950,7501
3008,reversal,151.202,7.9226,7.8915,0.0311,8.5217,1.7428,1.5892,2.9112,0.2652,1.9374,509948,171486,8703,0,0,14,0,4.0215,1.3894,0.1024,536.8,1950,7501
3009,reversal,148.560,9.3242,9.2961,0.0281,7.7957,1.5862,1.6353,2.7720,0.2693,1.4643,517883,163551,7935,0,0,14,0,4.0365,1.6271,0.1333,536.8,1950,7501
3010,reversal,146.075,9.0494,9.0108,0.0386,8.6190,2.0562,1.6968,2.9164,0.2652,1.6097,528186,153248,10303,0,0,14,0,4.0195,1.4300,0.1060,536.8,1942,7501
3011,reversal,143.738,8.4899,8.4632,0.0267,9.3051,2.0173,2.3153,3.0095,0.2642,1.6251,538233,143201,10047,0,0,14,0,4.0194,1.3719,0.0999,536.8,1942,7501
3012,reversal,141.540,10.5641,8.9510,1.6131,9.1218,2.1924,1.7582,3.1478,0.2652,1.6835,549048,132386,10815,0,0,14,0,4.0301,1.4412,0.1121,536.8,1942,7501
3013,reversal,139.472,12.5871,8.8475,3.7396,9.8488,1.6456,1.7500,4.2762,0.2693,1.8289,557303,124131,8255,0,0,14,0,4.0732,1.3776,0.1223,536.8,1942,7501
3014,reversal,137.528,12.3035,8.8967,3.4068,9.8877,2.1135,1.7910,3.6864,0.2652,1.9569,566390,115044,9087,0,0,14,0,4.0339,1.5605,0.1191,536.8,1942,7501
3015,reversal,135.700,13.3884,9.2085,4.1799,7.9350,0.5642,1.7787,3.3331,0.2693,1.9139,563765,112549,2495,5120,0,14,0,4.0266,1.1921,0.1438,536.8,1942,7501
3016,reversal,133.980,12.2055,8.7657,3.4398,9.7096,1.9743,1.7459,3.3403,0.2683,2.3101,573273,102630,9919,411,0,14,0,4.0196,1.4395,0.1049,536.8,1942,7501
3017,reversal,132.363,9.7501,9.6916,0.0585,9.6512,1.9425,1.7695,3.4755,0.2673,2.1228,582808,93095,9535,0,0,14,0,4.0371,1.5797,0.1412,536.8,1942,7501
3018,reversal,130.841,13.9769,8.6311,5.3458,9.5959,1.9446,1.7572,3.4929,0.2642,2.0654,592407,83496,9599,0,0,14,0,4.0254,1.3096,0.1021,536.8,1942,7501
3019,reversal,129.411,13.1772,8.8914,4.2858,10.4653,1.9005,2.0152,4.2353,0.2683,1.9702,601878,74025,9471,0,0,14,0,4.0287,1.3666,0.1128,536.8,1942,7501
3020,reversal,128.065,12.4250,8.9051,3.5199,9.2262,1.5729,1.6364,3.6895,0.2632,1.9886,609493,66410,7615,0,0,14,0,3.8261,1.3156,0.2211,536.8,1942,7501
3021,reversal,126.800,13.2143,8.9476,4.2667,9.0122,1.2657,1.6261,3.7253,0.2673,2.0582,615764,60139,6271,0,0,14,0,3.6147,1.2653,0.2010,536.8,1942,7501
3022,reversal,128.180,12.4381,8.4718,3.9663,10.2748,1.4694,2.0961,4.1708,0.2673,2.1944,623059,52844,7295,0,0,14,0,3.3976,1.2281,1.3286,536.8,1942,7501
3023,reversal,129.655,11.4808,9.0846,2.3962,9.9697,1.8156,1.8524,3.7878,0.2632,2.1750,631890,44013,8831,0,0,14,0,3.1818,1.5178,1.1300,536.8,1942,7501
3024,reversal,131.232,12.9606,8.4474,4.5132,10.6598,1.4060,1.8586,4.0366,0.4884,2.7945,638865,37038,6975,0,0,14,0,2.9014,1.0584,0.9583,536.8,1942,7501
3025,reversal,132.918,13.4162,8.3227,5.0935,10.0362,1.6087,1.8883,3.8636,0.2673,2.3368,646864,29039,7999,0,0,14,0,2.6703,1.1590,1.0618,536.8,1942,7501
3026,reversal,134.720,12.9001,7.3674,5.5327,9.2692,1.2268,1.4561,4.0202,0.2673,2.2272,652815,23088,5951,0,0,14,0,2.4302,1.0290,0.9591,536.8,1942,7501
3027,reversal,136.646,12.9533,7.1079,5.8454,9.8478,1.1489,1.8801,4.5578,0.2652,1.9261,658382,17521,5567,0,0,14,0,2.2480,0.8684,0.8170,536.8,1942,7501
3028,reversal,138.705,11.8007,7.5133,4.2874,8.2668,0.6984,1.4162,3.8902,0.2683,1.9210,661581,14322,3199,0,0,14,0,2.0691,1.0333,1.1820,536.8,1942,7501
3029,reversal,140.907,12.6731,7.2897,5.3834,8.1521,1.0691,1.4223,3.8042,0.2632,1.5176,666764,9139,5183,0,0,14,0,1.9860,0.8702,0.7455,536.8,1942,7501
3030,reversal,143.260,10.8902,6.9669,3.9233,8.3988,0.3809,1.6783,4.4626,0.2642,1.5391,668555,7348,1791,0,0,14,0,1.8173,0.2794,1.3004,536.8,1942,7501
3031,reversal,145.775,10.7069,6.1996,4.5073,7.5899,0.8192,1.4449,3.6762,0.2662,1.3066,672586,3317,4031,0,0,14,0,1.7494,0.7839,0.6655,536.8,1942,7501
3032,reversal,148.464,10.3767,5.5504,4.8263,7.3902,0.6666,1.4612,3.6209,0.2632,1.3036,675903,0,3317,0,0,14,0,1.2887,0.6920,0.1183,536.8,1942,7501
3033,reversal,151.339,9.8029,3.2863,6.5166,7.2858,0.0010,1.4653,3.5850,0.5120,1.6538,675903,0,0,0,0,14,0,0.0263,0.0006,0.0913,536.8,1942,7501
3034,reversal,154.412,9.6199,2.8435,6.7764,6.6417,0.0010,1.4776,3.5154,0.2632,1.3097,675903,0,0,0,0,14,0,0.0323,0.0011,0.0998,536.8,1942,7501
3035,reversal,157.697,9.6040,2.9695,6.6345,6.5608,0.0010,1.4879,3.4417,0.2662,1.2882,675903,0,0,0,0,14,0,0.0279,0.0006,0.0966,536.8,1942,7501
3036,reversal,161.209,8.1309,3.3117,4.8192,6.4543,0.0010,1.5002,3.3526,0.2652,1.2657,675903,0,0,0,0,14,0,0.0259,0.0008,0.1074,536.8,1942,7501
3037,reversal,164.963,8.4347,3.4948,4.9399,6.8096,0.0010,1.5104,3.4591,0.4956,1.2749,675903,0,0,0,0,14,0,0.0286,0.0010,0.1258,536.8,1942,7501
3038,reversal,168.976,8.1796,3.4017,4.7779,6.0836,0.0010,1.5165,2.9440,0.2662,1.2790,675903,0,0,0,0,14,0,0.0242,0.0006,0.0838,536.8,1942,7501
3039,reversal,173.266,9.4577,4.0235,5.4342,5.7989,0.0010,1.5340,2.6880,0.2662,1.2370,675903,0,0,0,0,14,0,0.0293,0.0007,0.1057,536.8,1942,7501
3040,reversal,177.852,8.0866,2.7603,5.3263,5.4723,0.0010,1.5135,2.4095,0.2632,1.2114,675903,0,0,0,0,14,0,0.0276,0.0009,0.0991,536.8,1942,7501
3041,reversal,182.754,7.7676,3.3739,4.3937,5.2029,0.0010,1.4971,2.1658,0.2652,1.2042,675903,0,0,0,0,14,0,0.0290,0.0005,0.0786,536.8,1942,7501
3042,reversal,187.994,7.0806,3.3449,3.7357,5.3453,0.0020,1.8371,1.9968,0.2662,1.1684,675903,0,0,0,0,14,0,0.0295,0.0007,0.1152,536.8,1942,7501
3043,reversal,193.597,6.8888,3.5069,3.3819,4.8855,0.0010,1.4479,1.9425,0.2662,1.1592,675903,0,0,0,0,14,0,0.0241,0.0007,0.0786,536.8,1942,7501
3044,reversal,199.585,7.2976,2.9448,4.3528,4.8568,0.0020,1.4408,1.9354,0.2642,1.1397,675903,0,0,0,0,14,0,0.0291,0.0011,0.0850,536.8,1942,7501
3045,reversal,205.987,6.8011,3.8775,2.9236,5.7231,0.0010,1.4346,2.8160,0.2642,1.1315,675903,0,0,0,0,14,0,0.0326,0.0013,0.1382,536.8,1942,7501
3046,reversal,212.830,6.8858,4.0793,2.8065,6.5556,0.0010,1.4223,3.3167,0.6164,1.1305,675903,0,0,0,0,14,0,0.0301,0.0007,0.1510,536.8,1942,7501
3047,reversal,220.146,7.9146,3.2897,4.6249,5.7549,0.0010,1.4449,2.8580,0.2673,1.1141,675903,0,0,0,0,14,0,0.0250,0.0010,0.1079,536.8,1942,7501
3048,reversal,227.966,8.1421,3.7582,4.3839,5.7774,0.0010,1.4735,2.8672,0.2621,1.0988,675903,0,0,0,0,14,0,0.0243,0.0007,0.1060,536.8,1942,7501
3049,reversal,236.326,7.5180,2.5794,4.9386,5.7920,0.0010,1.5196,2.8242,0.2642,1.1082,675903,0,0,0,0,14,0,0.0262,0.0007,0.1006,536.8,1942,7501
3050,reversal,245.263,7.3617,3.4918,3.8699,6.0631,0.0010,1.5288,2.8078,0.2632,1.3916,675903,0,0,0,0,14,0,0.0272,0.0006,0.1018,536.8,1942,7501
3051,reversal,254.817,7.6816,3.3499,4.3317,5.7160,0.0010,1.5022,2.8119,0.2652,1.0619,675903,0,0,0,0,14,0,0.0224,0.0008,0.1021,536.8,1942,7501
3052,reversal,265.029,8.6141,3.0391,5.5750,5.6719,0.0010,1.4848,2.7914,0.2673,1.0527,675903,0,0,0,0,14,0,0.0241,0.0007,0.1019,536.8,1942,7501
3053,reversal,275.946,7.4272,5.8027,1.6245,5.6330,0.0205,1.4705,2.7761,0.2693,1.0281,672319,0,0,3584,0,14,0,1.5970,0.7862,0.1159,536.8,1942,7501
3054,reversal,287.617,7.3500,4.6418,2.7082,5.6566,0.0215,1.4715,2.7945,0.2724,1.0281,668223,0,0,4096,0,14,0,1.5731,0.5799,0.1237,536.8,1942,7501
3055,reversal,300.092,7.2686,5.6423,1.6263,6.2710,0.0205,2.0828,2.8221,0.2621,1.0086,665113,0,0,3110,0,14,0,1.6130,0.6237,0.1158,536.8,1942,7501
3056,reversal,313.429,7.5843,5.2985,2.2858,5.6637,0.0195,1.4756,2.8488,0.2642,0.9820,661785,0,0,3328,0,14,0,1.5300,0.4998,0.1170,536.8,1942,7501
3057,reversal,327.685,8.2810,6.1197,2.1613,5.6965,0.0205,1.4858,2.8815,0.2662,0.9738,658457,0,0,3328,0,13,1,1.5709,0.5012,0.1239,536.8,1942,7501
3058,reversal,342.925,7.7461,5.4385,2.3076,5.7539,0.0215,1.5022,2.9256,0.2652,0.9687,654660,0,0,3797,0,13,1,1.5656,0.5493,0.1083,536.8,1942,7501
3059,reversal,359.217,7.1139,5.0211,2.0928,6.6406,0.0225,1.5043,3.1918,0.6042,1.2442,650564,0,0,4096,0,13,1,1.5341,0.5364,0.1334,536.8,1942,7501
3060,reversal,376.633,7.6730,5.0894,2.5836,5.7539,0.0195,1.5053,2.9430,0.2673,0.9452,647449,0,0,3115,0,13,1,1.6167,0.7301,0.1307,536.8,1942,7501
3061,reversal,395.250,8.5120,6.0433,2.4687,5.7518,0.0184,1.5094,2.9317,0.2693,0.9492,643865,0,0,3584,0,13,1,1.5951,0.6937,0.1118,536.8,1942,7501
3062,reversal,415.152,7.5645,5.9770,1.5875,5.6863,0.0195,1.4991,2.9092,0.2652,0.9206,640281,0,0,3584,0,13,1,1.6592,0.6884,0.1147,536.8,1942,7501
3063,reversal,436.427,7.5078,5.3960,2.1118,5.6648,0.0174,1.5012,2.9061,0.2673,0.9083,637746,0,0,2535,0,13,1,1.5748,0.5714,0.1213,536.8,1942,7501
3064,reversal,459.170,7.8960,5.1039,2.7921,6.2740,0.0236,2.1033,2.9082,0.2642,0.9032,632114,0,0,5632,0,13,1,1.5420,0.6480,0.1034,536.8,1942,7501
3065,reversal,483.482,8.0784,5.5017,2.5767,5.7498,0.0532,1.5309,2.9481,0.2683,0.8847,629717,193,63,2460,0,13,1,1.5524,0.6369,0.1465,536.8,1942,7501
3066,reversal,509.471,7.5909,7.5460,0.0449,6.0662,0.3113,1.5432,3.0003,0.2652,0.8735,631060,3131,1855,512,0,13,1,1.5229,0.4563,0.3549,536.8,1942,7501
3067,reversal,537.254,7.8560,5.6978,2.1582,6.0334,0.2447,1.5575,3.0392,0.2673,0.8520,629907,1724,1407,2560,0,13,1,1.6052,0.6493,0.3589,536.8,1942,7501
3068,reversal,566.953,8.3292,5.5197,2.8095,6.0180,0.1884,1.5657,3.0833,0.2652,0.8499,628626,701,1023,2304,0,12,2,1.5667,0.5738,0.2578,536.8,1942,7501
3069,reversal,598.702,7.8540,5.7119,2.1421,6.7779,0.0993,1.9968,3.4939,0.2683,0.8489,628049,254,447,1024,0,12,2,1.5327,0.4081,0.1863,536.8,1942,7501
3070,reversal,632.641,8.5180,8.4760,0.0420,6.7707,0.0788,1.8534,3.4406,0.2652,1.0639,626255,0,254,2048,0,12,2,1.1789,0.4987,0.1368,536.8,1942,7501
3071,reversal,668.922,8.3319,5.5381,2.7938,5.7559,0.0184,1.5780,3.0198,0.2673,0.8049,622984,0,0,3271,0,12,2,1.5574,0.4710,0.0951,536.8,1942,7501
3072,reversal,707.706,8.6371,5.4123,3.2248,6.7461,0.0195,1.5636,3.4365,0.2632,1.3916,618888,0,0,4096,0,12,2,1.6113,0.5938,0.1138,536.8,1942,7501
3073,reversal,749.166,8.1885,5.7555,2.4330,5.6812,0.0195,1.5483,2.9921,0.2683,0.7823,615048,0,0,3840,0,12,2,1.6456,0.7927,0.2211,536.8,1942,7501
3074,reversal,793.487,8.0721,6.0227,2.0494,6.0754,0.0195,1.5401,3.0269,0.2673,1.1510,612115,0,0,2933,0,12,2,1.5690,0.5692,0.1344,536.8,1942,7501
3075,reversal,840.865,7.6206,5.3892,2.2314,5.6945,0.0195,1.5370,3.0587,0.2662,0.7424,609043,0,0,3072,0,12,2,1.5323,0.5744,0.1440,536.8,1942,7501
3076,reversal,891.513,7.9370,4.7928,3.1442,6.0211,0.0225,1.8360,3.0996,0.2642,0.7281,605905,0,0,3138,0,12,2,1.5146,0.4979,0.1094,536.8,1942,7501
3077,reversal,945.654,8.0742,5.7786,2.2956,7.4916,0.0225,1.5462,4.8681,0.2662,0.7168,600785,0,0,5120,0,12,2,1.5675,0.5695,0.0989,536.8,1942,7501
3078,reversal,1003.532,8.2081,5.5755,2.6326,8.0517,0.0184,1.5524,5.4364,0.2652,0.7086,598225,0,0,2560,0,11,3,1.7004,1.1447,0.1231,536.8,1942,7501
3079,reversal,1065.403,9.3210,5.0711,4.2499,7.8787,0.0205,1.5493,5.2787,0.2621,0.6984,593299,0,0,4926,0,11,3,1.5633,0.4977,0.0918,536.8,1942,7501
3080,reversal,1131.542,10.0854,5.1892,4.8962,7.6155,0.0205,1.8985,4.6807,0.2621,0.6851,588947,0,0,4352,0,11,3,1.5239,0.5401,0.1277,536.8,1942,7501
3081,reversal,1202.245,9.8154,4.9060,4.9094,7.6626,0.0195,1.5555,4.8323,0.4895,0.6963,585107,0,0,3840,0,11,3,1.5413,0.5099,0.1417,536.8,1942,7501
3082,reversal,1277.826,9.9048,6.0696,3.8352,7.1854,0.0195,1.5401,4.6039,0.2744,0.6799,581539,0,0,3568,0,11,3,1.5691,0.8184,0.1234,536.8,1942,7501
3083,reversal,1358.622,9.7212,5.7782,3.9430,7.7947,0.0307,1.5227,4.8855,0.2632,1.0250,576675,0,0,4864,0,11,3,1.5884,0.5872,0.1125,536.8,1942,7501
3084,reversal,1444.993,9.1472,5.2602,3.8870,7.1711,0.0246,1.5053,4.6582,0.2652,0.6502,572835,0,0,3840,0,11,3,1.5471,0.5525,0.1207,536.8,1942,7501
3085,reversal,1537.322,9.5237,5.7597,3.7640,7.7517,0.0236,1.5073,5.2490,0.2611,0.6441,570145,0,0,2690,0,11,3,1.5285,0.4716,0.1244,536.8,1942,7501
3086,reversal,1636.022,9.4983,5.7227,3.7756,7.7517,0.0256,1.5155,5.2439,0.2642,0.6349,565793,0,0,4352,0,11,3,1.5649,0.5007,0.1055,536.8,1942,7501
3087,reversal,1741.532,9.9443,5.0452,4.8991,7.6759,0.0512,1.9098,4.7657,0.2652,0.6205,564833,5057,63,1023,0,11,3,1.5651,0.3611,0.1012,536.8,1942,7501
3088,reversal,1854.322,9.1223,5.8073,3.3150,7.4465,0.2099,1.5176,4.7688,0.2642,0.6195,564192,5090,1151,1792,0,11,4,1.6822,0.6216,0.1318,536.8,1942,7501
3089,reversal,1974.894,10.3317,5.8127,4.5190,7.4189,0.2376,1.5145,4.7032,0.2611,0.6359,562975,3747,1343,2560,0,11,4,1.6859,0.6519,0.1200,536.8,1942,7501
3090,reversal,2103.785,8.9649,6.7687,2.1962,8.2053,0.2611,1.7879,5.2142,0.2652,0.6093,561374,2276,1471,3072,0,11,4,1.6273,0.6268,0.0936,536.8,1942,7501
3091,reversal,2241.568,10.1791,4.7811,5.3980,7.5643,0.2243,1.5114,4.6223,0.2652,0.8755,560734,997,1279,1919,0,11,4,1.5904,0.6750,0.1331,536.8,1942,7501
3092,reversal,2388.858,9.9813,5.6313,4.3500,7.1793,0.1894,1.4961,4.5885,0.2673,0.5734,559939,0,997,1792,0,11,4,1.4485,0.5552,0.1398,536.8,1942,7501
3093,reversal,2546.311,9.9089,5.4899,4.4190,8.0394,0.0215,1.4766,5.0442,0.6205,0.8110,555843,0,0,4096,0,11,4,1.5542,0.4955,0.1312,536.8,1942,7501
3094,reversal,2714.627,9.0290,6.3130,2.7160,6.9949,0.0246,1.4623,4.6152,0.2683,0.5458,550979,0,0,4864,0,11,4,1.6144,0.6524,0.1101,536.8,1942,7501
3095,reversal,2894.556,10.1740,5.9648,4.2092,7.9985,0.0174,1.4612,5.6566,0.2673,0.5315,548819,0,0,2160,0,11,4,1.6297,0.5152,0.1491,536.8,1942,7501
3096,reversal,3086.900,8.7355,5.3611,3.3744,7.0205,0.0205,1.4674,4.6828,0.2611,0.5243,544723,0,0,4096,0,11,4,1.5201,0.5328,0.1437,536.8,1942,7501
3097,reversal,3292.514,9.9645,5.7368,4.2277,7.4465,0.0195,1.8555,4.7237,0.2632,0.5212,541635,0,0,3088,0,11,4,1.5779,0.5506,0.1184,536.8,1942,7501
3098,reversal,3512.315,8.7359,5.3877,3.3482,7.0615,0.0215,1.4725,4.7258,0.2621,0.5171,537283,0,0,4352,0,10,5,1.5412,0.5317,0.1074,536.8,1942,7501
3099,reversal,3747.281,9.5374,5.4129,4.1245,7.7005,0.0225,1.7510,5.0995,0.2621,0.5028,532931,0,0,4352,0,10,5,1.5894,0.5804,0.1238,536.8,1942,7501
3100,reversal,3998.459,9.6083,6.0702,3.5381,7.2643,0.0195,1.4725,4.6899,0.2642,0.7537,529859,0,0,3072,0,10,5,1.6871,0.5775,0.1307,536.8,1942,7501
3101,reversal,4266.968,9.1021,5.2750,3.8271,7.3247,0.0184,1.8596,4.6346,0.2642,0.4823,527544,0,0,2315,0,10,5,1.5159,0.4410,0.1207,536.8,1942,7501
3102,reversal,4554.002,9.5191,6.0095,3.5096,7.1281,0.0174,1.4582,4.8466,0.2621,0.4772,525240,0,0,2304,0,10,5,1.5702,0.5355,0.1795,536.8,1942,7501
3103,reversal,4860.840,8.8519,5.2581,3.5938,6.8086,0.0215,1.4316,4.5578,0.2673,0.4649,521144,0,0,4096,0,10,5,1.5162,0.4972,0.1119,536.8,1942,7501
3104,reversal,5188.849,9.2826,4.9406,4.3420,9.2129,0.0215,3.2727,4.9254,0.4803,0.4475,517304,0,0,3840,0,10,5,1.5666,0.5262,0.0928,536.8,1942,7501
3105,reversal,5539.489,8.9374,5.0346,3.9028,7.8541,0.0532,2.4279,4.5998,0.2662,0.4413,514940,4033,63,2427,0,10,5,1.5641,0.4452,0.0939,536.8,1942,7501
3106,reversal,5914.322,11.3323,5.1320,6.2003,5.2326,0.2458,2.1791,2.0337,0.2652,0.4413,515579,6283,1407,768,0,10,5,1.6408,0.4405,0.0977,536.8,1942,7501
3107,reversal,6315.017,9.4398,5.6424,3.7974,5.0913,0.2806,1.9825,2.0613,0.2662,0.4342,514618,4684,1599,2560,0,10,5,1.7220,0.6177,0.1230,536.8,1942,7501
3108,reversal,6743.358,7.2434,5.6394,1.6040,5.4733,0.3410,2.2917,2.0849,0.2642,0.4260,514617,2637,2047,2048,0,10,5,1.6661,0.5593,0.3781,536.8,1942,7501
3109,reversal,7201.253,7.3619,5.6941,1.6678,4.8998,0.2540,1.8022,2.0859,0.2652,0.4250,513720,1230,1407,2304,0,9,6,1.6104,0.5778,0.3196,536.8,1942,7501
3110,reversal,7690.741,7.9762,5.7866,2.1896,5.3975,0.2263,1.9866,2.4340,0.2673,0.4188,513414,0,1230,1536,0,9,6,1.5549,0.6395,0.1072,536.8,1942,7501
3111,reversal,8214.001,7.1830,4.9409,2.2421,4.6868,0.0246,1.9005,2.0173,0.2632,0.4137,508239,0,0,5175,0,9,6,1.5483,0.4896,0.0849,536.8,1942,7501
3112,reversal,8773.364,7.6917,5.9969,1.6948,4.2998,0.0205,1.5626,1.9814,0.2662,0.4024,504399,0,0,3840,0,9,6,1.5594,0.8751,0.1460,536.8,1942,7501
3113,reversal,9371.321,5.4508,5.4080,0.0428,4.1718,0.0205,1.4776,1.9446,0.2642,0.3983,501071,0,0,3328,0,9,6,1.5247,0.4983,0.1106,536.8,1942,7501
3114,reversal,10010.534,7.1115,4.9475,2.1640,4.1134,0.0512,1.4100,1.9405,0.2632,0.3850,499675,6849,63,1459,0,9,6,1.5861,0.4795,0.1031,536.8,1942,7501
3115,reversal,10693.850,6.0892,6.0514,0.0378,4.5046,0.1894,1.6476,1.9599,0.2662,0.3686,500570,11555,1151,256,0,9,6,1.7378,0.4027,0.1332,536.8,1942,7501
3116,reversal,11424.313,6.9700,5.6892,1.2808,4.6316,0.2376,1.7029,1.9896,0.2621,0.3717,499225,10084,1471,2816,0,9,6,1.8853,0.8242,0.1315,536.8,1942,7501
3117,reversal,12205.174,6.7806,6.6809,0.0997,4.2547,0.2519,1.2820,2.0163,0.2683,0.3676,498008,8485,1599,2816,0,9,6,1.8482,0.6400,0.1174,536.8,1942,7501
3118,reversal,13039.911,6.6071,6.5771,0.0300,4.6193,0.2591,1.2421,2.0439,0.2652,0.7291,497367,6822,1663,2304,0,8,7,1.7899,0.5630,0.1109,536.8,1942,7501
3119,reversal,13932.242,6.3908,6.3618,0.0290,4.1841,0.2140,1.2042,2.0623,0.2662,0.3697,496662,5479,1343,2048,0,8,7,1.7259,0.6416,0.1569,536.8,1942,7501
3120,reversal,14886.140,7.2863,5.1512,2.1351,4.3919,0.2273,1.1663,2.0675,0.2652,0.5990,496588,4072,1407,1481,0,8,7,1.6937,0.5114,0.1682,536.8,1942,7501
3121,reversal,15905.852,6.2799,6.2320,0.0479,4.1124,0.2376,1.1325,2.0449,0.2632,0.3594,495499,2601,1471,2560,0,8,7,1.6452,0.5769,0.1087,536.8,1942,7501
3122,reversal,16995.921,6.4167,6.3851,0.0316,4.0284,0.1772,1.1551,2.0183,0.2652,0.3523,493962,1578,1023,2560,0,8,7,1.6020,0.5505,0.1202,536.8,1942,7501
3123,reversal,18161.200,6.8335,5.1593,1.6742,4.4820,0.2150,1.6026,1.9937,0.2642,0.3420,493001,235,1343,2304,0,8,7,1.5814,0.7489,0.1741,536.8,1942,7501
3124,reversal,19406.878,6.2085,4.6516,1.5569,3.8042,0.0727,1.0936,1.9835,0.2652,0.3267,490932,0,235,2304,0,8,7,1.0260,0.3929,0.0971,536.8,1942,7501
3125,reversal,20738.503,6.7009,5.0897,1.6112,3.7693,0.0215,1.0691,2.0060,0.2673,0.3267,486750,0,0,4182,0,7,8,1.5907,0.5345,0.0938,536.8,1942,7501
3126,reversal,22162.005,6.8989,6.8443,0.0546,3.7642,0.0195,1.0476,2.0357,0.2632,0.3205,483166,0,0,3584,0,7,8,1.5278,0.5090,0.0972,536.8,1942,7501
3127,reversal,23683.722,5.7578,5.7259,0.0319,4.2875,0.0614,1.0097,2.5559,0.2693,0.3123,481661,2241,63,1568,0,7,8,1.5623,0.4538,0.1354,536.8,1942,7501
3128,reversal,25310.431,6.2332,6.1907,0.0425,4.0602,0.1249,0.9677,2.1074,0.2683,0.5171,480252,2078,639,2048,0,8,8,1.6086,0.5884,0.1357,536.8,1942,7501
3129,reversal,27049.377,6.0942,6.0657,0.0285,4.5343,0.1874,1.5647,2.1340,0.2642,0.3052,479035,991,1087,2304,0,8,8,1.5843,0.6234,0.1315,536.8,1942,7501
3130,reversal,28908.302,5.9824,5.9501,0.0323,3.9455,0.1700,0.9636,2.1668,0.2652,0.3011,478490,0,991,1536,0,8,8,1.2686,0.5203,0.1028,536.8,1942,7501
3131,reversal,30895.485,5.3246,5.2930,0.0316,3.7868,0.0215,0.9554,2.1647,0.2662,0.3011,474138,0,0,4352,0,8,8,1.5320,0.4412,0.1840,536.8,1942,7501
3132,reversal,33019.776,6.7198,6.6944,0.0254,3.7540,0.0358,0.9380,2.1350,0.2632,0.3052,468716,0,0,5422,0,8,8,1.5709,0.9444,0.1196,536.8,1942,7501
3133,reversal,35290.634,5.7750,5.7484,0.0266,3.6710,0.0195,0.8991,2.1115,0.2652,0.2980,464620,0,0,4096,0,7,9,1.5352,0.5408,0.1324,536.8,1942,7501
3134,reversal,37718.172,5.7970,5.7690,0.0280,4.2957,0.0532,1.2841,2.3122,0.2714,0.2959,461643,1473,63,3040,0,7,9,1.5540,0.5535,0.1063,536.8,1942,7501
3135,reversal,40313.200,6.2640,6.2350,0.0290,3.7745,0.1853,0.8960,2.0654,0.2621,0.2877,461450,2295,1087,1280,0,7,9,1.5874,0.4924,0.1318,536.8,1942,7501
3136,reversal,43087.274,8.4389,8.4022,0.0367,3.7110,0.1260,0.8694,2.0910,0.2642,0.2816,460297,1656,639,1792,0,7,9,1.6072,0.6729,0.1557,536.8,1942,7501
3137,reversal,46052.747,5.8298,5.8035,0.0263,3.8410,0.2591,0.8622,2.0890,0.2693,0.2806,458625,0,1656,3328,0,7,9,1.4868,0.6344,0.1391,536.8,1942,7501
3139,reversal,52611.627,6.9061,6.8664,0.0397,3.8472,0.0174,0.8315,2.3665,0.2652,0.2796,451529,0,0,1976,0,7,9,1.5870,0.4591,0.1466,536.8,1942,7501
3140,reversal,56234.241,8.3893,8.3356,0.0537,3.5830,0.0184,0.8233,2.1258,0.2621,0.2744,448201,0,0,3328,0,7,9,1.5816,0.6236,0.1641,536.8,1942,7501
3141,reversal,60106.800,6.3629,6.3252,0.0377,3.5963,0.0184,0.8274,2.1299,0.2632,0.2785,445129,0,0,3072,0,7,9,1.6226,0.5073,0.1457,536.8,1942,7501
3142,reversal,55353.881,7.5717,7.5431,0.0286,3.4068,0.0215,0.8120,1.9794,0.2611,0.2570,440521,0,0,4608,0,6,10,1.6311,0.6198,0.1158,536.8,1942,7501
3143,reversal,50977.465,6.8602,6.8579,0.0023,3.4478,0.0195,0.8489,1.9814,0.2611,0.2611,437507,0,0,3014,0,9,7,1.5774,0.7603,0.1491,536.8,1942,7501
3145,reversal,43237.210,5.3179,5.2965,0.0214,3.9107,0.0184,0.8622,2.4095,0.2662,0.2806,429000,0,0,3643,0,7,9,1.5697,0.4409,0.0929,536.8,1942,7501
3146,reversal,39820.620,7.1268,7.1009,0.0259,3.4867,0.0184,0.8858,1.9651,0.2683,0.2744,425672,0,0,3328,0,7,9,1.6941,0.5500,0.1312,536.8,1942,7501
3147,reversal,36674.677,6.6577,6.6221,0.0356,3.5471,0.0184,0.9083,1.9896,0.2693,0.2867,422856,0,0,2816,0,7,9,1.6137,0.4734,0.1200,536.8,1942,7501
3148,reversal,33777.941,6.5922,6.5632,0.0290,3.5666,0.0195,0.9093,2.0060,0.2683,0.2898,418737,0,0,4119,0,9,7,1.5719,0.5050,0.0937,536.8,1942,7501
3150,reversal,28654.689,5.0402,5.0135,0.0267,3.6751,0.0512,0.9411,2.0429,0.2673,0.2990,411510,2497,63,2170,0,10,6,1.5727,0.4461,0.1216,536.8,1942,7501
3151,reversal,26393.259,8.0789,8.0495,0.0294,3.8226,0.2068,0.9605,2.0152,0.2673,0.2959,410741,2750,1279,2048,0,10,6,1.6033,0.5196,0.1558,536.8,1942,7501
3152,reversal,24310.968,4.9761,4.9421,0.0340,3.8625,0.2499,0.9697,1.9948,0.2662,0.3021,408948,1215,1535,3328,0,11,5,1.5986,0.6958,0.1040,536.8,1942,7501
3154,reversal,20628.169,5.8321,5.8033,0.0288,3.6659,0.0563,1.0342,1.9231,0.2652,0.3154,404434,1217,63,3232,0,11,5,1.5507,0.5566,0.0977,536.8,1942,7501
3155,reversal,19002.562,7.1054,7.0770,0.0284,3.9148,0.2437,1.0783,1.9241,0.2693,0.3256,405457,2906,1535,512,0,11,5,1.5547,0.4161,0.1183,536.8,1942,7501
3156,reversal,17505.728,7.3804,7.3449,0.0355,4.2045,0.1761,1.1244,2.2292,0.2642,0.3389,404944,1883,1023,1536,0,12,3,1.6192,0.6069,0.1578,536.8,1942,7501
3157,reversal,16127.467,7.6214,7.5899,0.0315,4.0417,0.2519,1.1049,1.9948,0.2662,0.3471,404495,284,1599,2048,0,12,3,1.5742,0.7641,0.2274,536.8,1942,7501
3158,reversal,14858.384,6.4529,6.4253,0.0276,3.9557,0.0799,1.1448,2.0460,0.2621,0.3502,402987,0,284,1792,0,13,2,1.1095,0.4398,0.1040,536.8,1942,7501
3159,reversal,13689.833,6.9342,6.8997,0.0345,3.9404,0.0195,1.1960,2.0357,0.2611,0.3543,400171,0,0,2816,0,13,2,1.5264,0.4987,0.1593,536.8,1942,7501
3160,reversal,12613.849,6.5475,6.5170,0.0305,3.9670,0.0215,1.2390,2.0009,0.2652,0.3656,396587,0,0,3584,0,13,2,1.6266,0.6753,0.1346,536.8,1942,7501
3161,reversal,11623.099,6.6826,6.6479,0.0347,4.2435,0.0236,1.2882,2.2252,0.2652,0.3707,391971,0,0,4616,0,15,0,1.5750,0.6564,0.1676,536.8,1942,7501
3162,reversal,10710.831,7.3598,7.3332,0.0266,4.0008,0.0205,1.3292,1.9446,0.2683,0.3676,387875,0,0,4096,0,15,0,1.6042,0.5126,0.0993,536.8,1942,7501
3163,reversal,9870.830,8.7857,8.7510,0.0347,4.0264,0.0174,1.3865,1.9118,0.2632,0.3779,385235,0,0,2640,0,15,0,1.5452,0.5344,0.1264,536.8,1942,7501
3164,reversal,9097.369,6.3294,6.2874,0.0420,4.1339,0.0195,1.4602,1.9272,0.2673,0.3901,381395,0,0,3840,0,15,0,1.5431,0.5896,0.1586,536.8,1942,7501
3165,reversal,8385.178,5.7987,5.7660,0.0327,4.7196,0.0184,1.5145,1.9773,0.4833,0.6554,377555,0,0,3840,0,15,0,1.5518,0.5225,0.1244,536.8,1942,7501
3166,reversal,7729.404,7.8829,7.8537,0.0292,4.3786,0.0184,1.5800,2.0296,0.2652,0.4147,373792,0,0,3763,0,15,0,1.5780,0.5917,0.1372,536.8,1942,7501
3167,reversal,7125.577,7.5602,7.5107,0.0495,4.4319,0.0174,1.5933,2.0664,0.2693,0.4157,371744,0,0,2048,0,15,0,1.6000,0.3984,0.2104,536.8,1942,7501
3168,reversal,6569.582,5.2309,5.2014,0.0295,4.4442,0.0236,1.6169,2.0429,0.2621,0.4280,367904,0,0,3840,0,15,0,1.5339,0.5159,0.1216,536.8,1942,7501
3169,reversal,6057.631,5.6991,5.6768,0.0223,4.4268,0.0215,1.6374,2.0081,0.2683,0.4219,364576,0,0,3328,0,15,0,1.6582,0.5178,0.1016,536.8,1942,7501
3170,reversal,5586.234,7.5576,7.5333,0.0243,4.7217,0.0256,1.6732,2.2333,0.2662,0.4547,360127,0,0,4449,0,15,0,1.5191,0.4990,0.1007,536.8,1942,7501
3171,reversal,5152.178,6.7026,6.6711,0.0315,4.3827,0.0225,1.6333,1.9415,0.2632,0.4516,356031,0,0,4096,0,14,0,1.5702,0.6148,0.1221,536.8,1942,7501
3172,reversal,4752.507,5.6485,5.6203,0.0282,4.0796,0.0502,1.2923,1.9384,0.2642,0.4659,354601,4289,63,1493,0,13,0,1.5527,0.3785,0.1375,536.8,1942,7501
3173,reversal,4384.496,5.0280,5.0024,0.0256,4.3960,0.3492,1.2800,1.9569,0.2652,0.4741,353832,3493,2303,3072,0,12,3,1.6446,0.5759,0.0959,536.8,1942,7501
3174,reversal,4045.637,5.7452,5.7051,0.0401,4.2844,0.2028,1.2718,1.9866,0.2662,0.4874,352487,2278,1215,2560,0,12,3,1.6462,0.6655,0.1229,536.8,1942,7501
3175,reversal,3733.621,5.3529,5.3216,0.0313,4.7053,0.2990,1.2657,2.0449,0.2673,0.7567,351846,359,1919,2560,0,12,3,1.5839,0.5568,0.0978,536.8,1942,7501
3176,reversal,3446.321,4.7987,4.7657,0.0330,4.2445,0.0860,1.2462,2.0890,0.2662,0.4874,350413,0,359,1792,0,12,3,1.1236,0.4170,0.1096,536.8,1942,7501
3177,reversal,3181.780,6.6296,5.0921,1.5375,4.1564,0.0184,1.2390,2.0746,0.2632,0.4905,346672,0,0,3741,0,12,3,1.5773,0.6036,0.1084,536.8,1942,7501
3178,reversal,2938.194,8.2691,8.1891,0.0800,4.1257,0.0215,1.1878,2.0767,0.2683,0.5018,341932,0,0,4740,0,12,3,1.5388,0.4960,0.1015,536.8,1942,7501
3179,reversal,2713.904,6.3102,6.2772,0.0330,4.0376,0.0215,1.1715,2.0388,0.2642,0.4710,337068,0,0,4864,0,12,3,1.5632,0.6492,0.1543,536.8,1942,7501
3180,reversal,2507.382,5.8386,5.8086,0.0300,3.8779,0.0195,0.9513,2.2282,0.2621,0.3482,333660,0,0,3408,0,13,2,1.5126,0.4989,0.1278,536.8,1942,7501
3181,reversal,2317.219,5.8843,5.8537,0.0306,4.9070,0.0215,1.3978,2.8119,0.2611,0.3461,329052,0,0,4608,0,13,2,1.5529,0.6035,0.1265,536.8,1942,7501
3182,reversal,2142.120,6.5305,6.5003,0.0302,3.7550,0.0174,0.9134,2.1504,0.2673,0.3389,326531,0,0,2521,0,13,2,1.6168,0.4701,0.1266,536.8,1942,7501
3184,reversal,1832.435,6.1389,6.1052,0.0337,3.6444,0.0246,0.8724,2.0849,0.2621,0.3338,318851,0,0,4352,0,13,2,1.5612,0.5418,0.1158,536.8,1942,7501
3186,reversal,1569.870,4.7873,4.7572,0.0301,3.8830,0.3523,0.8397,2.0306,0.2642,0.3267,318026,5321,2303,256,0,12,2,1.5157,0.3810,0.0962,536.8,1942,7501
3187,reversal,1453.972,7.9468,7.9154,0.0314,3.6762,0.2038,0.8264,1.9978,0.2642,0.3174,316937,4106,1215,2304,0,12,2,1.6981,0.6297,0.1441,536.8,1942,7501
3188,reversal,1347.255,6.4856,6.4064,0.0792,3.6372,0.2068,0.8120,1.9763,0.2673,0.3082,315592,2891,1215,2560,0,13,1,1.6422,0.4864,0.1105,536.8,1942,7501
3189,reversal,1248.992,6.3385,6.3063,0.0322,3.7161,0.3297,0.7987,1.9548,0.2642,0.3000,314887,780,2111,2816,0,13,1,1.6040,0.6273,0.1055,536.8,1942,7501
3190,reversal,1158.513,7.5466,7.5130,0.0336,3.5441,0.1853,0.7936,1.9364,0.2652,0.2939,314597,0,1036,1326,0,13,1,1.4456,0.5052,0.1217,536.8,1942,7501
3192,reversal,998.489,5.4060,5.3809,0.0251,3.6301,0.3185,0.7741,1.9128,0.2662,0.2888,315683,17994,2303,1280,0,13,1,1.9371,0.4616,0.0899,536.8,1942,7501
3193,reversal,927.854,7.6096,7.5745,0.0351,3.9895,0.3625,0.7649,1.9057,0.5970,0.2898,313954,15371,2623,4352,0,13,1,2.0756,0.9897,0.1759,536.8,1942,7501
3194,reversal,862.814,6.7475,6.7105,0.0370,3.5052,0.2273,0.7588,1.9005,0.2662,0.2826,312545,13964,1407,2816,0,13,1,1.9992,0.6848,0.1218,536.8,1942,7501
3195,reversal,802.926,8.6089,8.5761,0.0328,3.5697,0.3430,0.7547,1.8719,0.2601,0.2703,312663,11469,2495,2377,0,13,1,1.9557,0.6207,0.0992,536.8,1942,7501
3197,reversal,697.006,6.0896,6.0645,0.0251,4.0284,0.2744,1.1110,2.0275,0.2652,0.2816,309600,7311,1727,3328,0,13,1,1.7948,0.6765,0.1096,536.8,1942,7501
3198,reversal,650.253,8.6172,8.5749,0.0423,3.3556,0.2109,0.7557,1.7828,0.2642,0.2734,307807,6032,1279,3072,0,14,0,1.7436,0.7683,0.1601,536.8,1942,7501
3199,reversal,607.203,5.9382,5.9083,0.0299,3.2102,0.0666,0.7506,1.7613,0.2683,0.2949,306232,5841,191,1766,0,14,0,1.9151,0.4517,0.1252,536.8,1942,7501
3200,reversal,567.564,8.5644,8.5294,0.0350,3.2758,0.1700,0.7475,1.7428,0.2662,0.2806,305655,4882,959,1536,0,14,0,1.7093,0.4557,0.1342,536.8,1942,7501
3201,reversal,531.064,7.1430,7.0978,0.0452,3.5625,0.1966,0.7516,1.9917,0.2652,0.2867,303990,3731,1151,2816,0,14,0,1.6923,0.6463,0.1231,536.8,1942,7501
3202,reversal,497.456,7.3231,7.2908,0.0323,3.2645,0.1812,0.7588,1.7070,0.2662,0.2826,303060,2644,1087,2017,0,14,0,1.6355,0.6023,0.1301,536.8,1942,7501
3203,reversal,466.510,6.8699,6.8339,0.0360,3.0935,0.2468,0.6636,1.6138,0.2652,0.2345,302149,1173,1471,2382,0,14,0,1.6169,0.6098,0.1665,536.8,1942,7501
3204,reversal,438.015,6.1779,6.1462,0.0317,3.0075,0.1874,0.6523,1.5964,0.2662,0.2386,301018,0,1173,2304,0,14,0,1.4963,0.6265,0.1275,536.8,1942,7501
3205,reversal,411.778,6.4678,6.4329,0.0349,2.8170,0.0266,0.6461,1.5852,0.2611,0.2294,296666,0,0,4352,0,14,0,1.5905,0.6703,0.1329,536.8,1942,7501
3206,reversal,387.619,6.1303,6.0955,0.0348,2.8385,0.0522,0.6472,1.5759,0.2693,0.2243,294589,3163,63,2140,0,14,0,1.5776,0.3791,0.1180,536.8,1942,7501
3207,reversal,365.374,6.8876,6.8559,0.0317,2.9430,0.1741,0.6431,1.5739,0.2621,0.2202,293628,2076,1087,2048,0,14,0,1.6312,0.6389,0.1410,536.8,1942,7501
3208,reversal,344.891,8.2344,8.1985,0.0359,2.9604,0.2017,0.6410,1.5688,0.2652,0.2150,292667,733,1343,2304,0,14,0,1.5983,0.6056,0.1328,536.8,1942,7501
3209,reversal,326.030,6.0661,6.0332,0.0329,2.8867,0.1311,0.6349,1.5667,0.2662,0.2171,291352,0,733,2048,0,14,0,1.3886,0.4643,0.1292,536.8,1942,7501
3210,reversal,308.664,4.8757,4.8429,0.0328,2.7935,0.0532,0.6308,1.5616,0.2652,0.2140,288768,3282,63,2647,0,14,0,1.5991,0.3985,0.1008,536.8,1942,7501
3212,reversal,277.949,4.5537,4.5222,0.0315,3.3526,0.1731,0.6236,2.0132,0.2693,0.2048,285650,0,1107,2560,0,14,0,1.4685,0.4957,0.0957,536.8,1942,7501
3213,reversal,264.392,6.7266,6.6997,0.0269,2.7269,0.0225,0.6175,1.5473,0.2673,0.2048,281333,0,0,4317,0,14,0,1.5197,0.4536,0.1316,536.8,1942,7501
3214,reversal,251.908,5.9748,5.9420,0.0328,2.7310,0.0256,0.6164,1.5473,0.2673,0.2038,275359,0,0,5974,0,14,0,1.5158,0.4718,0.0914,536.8,1942,7501
3215,reversal,240.413,6.8412,6.8082,0.0330,2.7095,0.0195,0.6113,1.5442,0.2652,0.2017,272129,0,0,3230,0,14,0,1.5207,0.5204,0.1328,536.8,1942,7501
3216,reversal,229.829,5.8917,5.8601,0.0316,2.7054,0.0215,0.6093,1.5432,0.2652,0.1976,268289,0,0,3840,0,14,0,1.5419,0.4954,0.1188,536.8,1942,7501
3217,reversal,220.083,6.9313,6.8979,0.0334,3.0362,0.0512,0.5079,1.7562,0.4956,0.1587,265363,4163,63,2989,0,14,0,1.5437,0.3474,0.0975,536.8,1942,7501
3218,reversal,211.109,6.3948,6.3455,0.0493,2.9256,0.4004,0.4956,1.5227,0.2765,0.1587,265936,4612,2111,1538,0,14,0,1.6542,0.6179,0.1471,536.8,1942,7501
3219,reversal,202.847,5.9043,5.8692,0.0351,3.1355,0.3297,0.6400,1.5186,0.2621,0.3144,267599,10117,1663,0,0,14,0,1.6753,0.3393,0.1149,536.8,1942,7501
3220,reversal,195.238,5.9914,5.9622,0.0292,3.2676,0.4700,0.6328,1.5073,0.2683,0.3164,270030,15606,2431,0,0,14,0,1.8364,0.3540,0.0974,536.8,1942,7501
3221,reversal,188.233,6.2249,6.1955,0.0294,3.3321,0.5560,0.6246,1.5002,0.2662,0.3154,273037,21559,3007,0,0,14,0,2.0027,0.4187,0.1683,536.8,1942,7501
3222,reversal,181.782,7.4740,7.4363,0.0377,3.4284,0.4106,0.6205,1.7469,0.2662,0.3133,275212,28344,2175,0,0,14,0,2.1880,0.4172,0.0922,536.8,1942,7501
3223,reversal,175.842,7.5243,7.4970,0.0273,3.0935,0.3430,0.6124,1.4920,0.2662,0.3082,277003,35513,1791,0,0,14,0,2.7306,0.8158,0.1658,536.8,1942,7501
3224,reversal,170.373,9.4316,9.3993,0.0323,3.3720,0.6420,0.5970,1.4848,0.2683,0.3072,280522,45726,3519,0,0,14,0,2.6363,0.5312,0.1128,536.8,1942,7501
3225,reversal,165.337,7.5761,7.5387,0.0374,3.1611,0.4628,0.5796,1.4797,0.2621,0.3072,283017,54751,2495,0,0,14,0,2.9553,0.4409,0.1595,536.8,1942,7501
3226,reversal,160.700,8.1433,8.1099,0.0334,3.6434,0.6820,0.6072,1.4756,0.2662,0.5427,286728,68960,3711,0,0,14,0,3.2273,0.6824,0.1164,536.8,1942,7501
3227,reversal,156.430,10.0978,10.0593,0.0385,3.0700,0.3533,0.5990,1.4715,0.2724,0.2980,288583,74273,1855,0,0,14,0,3.6766,0.5563,0.5852,536.8,1942,7501
3228,reversal,152.499,8.2664,8.2322,0.0342,3.4355,0.8530,0.5294,1.5278,0.2673,0.1874,291165,78394,4799,2217,0,14,0,3.8370,0.8767,0.1436,536.8,1942,7501
3229,reversal,148.879,8.1311,8.0944,0.0367,3.5901,0.9738,0.5294,1.5268,0.2652,0.2253,292443,68172,5439,4161,0,14,0,3.9708,1.1725,0.1058,536.8,1942,7501
3230,reversal,145.545,8.8439,8.8144,0.0295,3.8656,0.7598,0.4659,1.7654,0.6175,0.1874,292128,54151,4159,4474,0,14,0,3.6456,1.0433,0.1177,536.8,1942,7501
3231,reversal,142.476,8.7036,8.6691,0.0345,3.1590,0.6523,0.4628,1.5155,0.2683,0.1894,292703,45384,3583,3008,0,14,0,3.2043,0.7881,0.1552,536.8,1942,7501
3232,reversal,139.650,8.1649,8.1314,0.0335,3.1007,0.6113,0.4618,1.5094,0.2652,0.1833,292189,36682,3327,3841,0,14,0,2.9359,0.8578,0.0992,536.8,1942,7501
3233,reversal,137.048,9.7183,9.6713,0.0470,3.0474,0.5734,0.4577,1.5032,0.2591,0.1843,291500,29179,3135,3824,0,14,0,2.6682,0.8925,0.1061,536.8,1942,7501
3234,reversal,134.652,6.8520,6.8176,0.0344,3.2922,0.6001,0.4567,1.4981,0.4833,0.1853,293852,16679,3263,911,0,14,0,2.4443,0.6426,0.0972,536.8,1942,7501
3235,reversal,132.445,6.8529,6.8161,0.0368,2.8826,0.4096,0.4598,1.5012,0.2621,0.1802,296027,7957,2175,0,0,14,0,2.0559,0.4238,0.0981,536.8,1942,7501
3236,reversal,130.414,5.4390,5.4119,0.0271,2.9809,0.5110,0.4567,1.4971,0.2673,0.1802,298714,15510,2687,0,0,14,0,1.7628,0.3760,0.0898,536.8,1942,7501
3237,reversal,128.543,7.0823,7.0488,0.0335,2.9972,0.3308,0.5652,1.4479,0.2673,0.3174,300377,21527,1663,0,0,14,0,2.0102,0.3586,0.1223,536.8,1942,7501
3238,reversal,126.821,6.6769,6.6363,0.0406,2.9051,0.2908,0.5622,1.4500,0.2642,0.2683,301784,25240,1407,0,0,14,0,2.1890,0.2941,0.1065,536.8,1942,7501
3239,reversal,125.235,6.1353,6.1079,0.0274,3.3382,0.5478,0.5612,1.6927,0.2652,0.2007,304663,34206,2879,0,0,14,0,2.3142,0.4275,0.0916,536.8,1942,7501
3240,reversal,123.775,7.3849,7.3533,0.0316,2.9686,0.4219,0.5560,1.4572,0.2621,0.1997,306902,42207,2239,0,0,14,0,2.5953,0.4638,0.1261,536.8,1942,7501
3241,reversal,122.430,9.9900,9.9569,0.0331,2.7945,0.2560,0.5530,1.4520,0.2632,0.2007,308117,49696,1215,0,0,14,0,2.8931,0.3631,0.1504,536.8,1942,7501
3242,reversal,121.192,7.7996,7.7636,0.0360,2.9102,0.3809,0.5530,1.4551,0.2611,0.1874,310100,60001,1983,0,0,14,0,3.0693,0.5060,0.1274,536.8,1942,7501
3243,reversal,120.052,8.5039,8.4717,0.0322,3.6024,0.6226,0.5478,1.9098,0.2642,0.1874,313491,71271,3391,0,0,14,0,3.4039,0.5033,0.1177,536.8,1942,7501
3244,reversal,119.002,8.7044,8.6762,0.0282,3.2983,0.7772,0.5396,1.4561,0.2673,0.1864,317714,81234,4223,0,0,14,0,3.7437,0.8242,0.1216,536.8,1942,7501
3245,reversal,118.035,8.3362,8.3087,0.0275,3.6465,0.9462,0.5847,1.4633,0.2621,0.3185,321961,93380,5119,872,0,14,0,4.0180,0.8026,0.1144,536.8,1942,7501
3246,reversal,117.145,9.0862,9.0550,0.0312,3.5512,0.8172,0.5847,1.4633,0.2662,0.3492,324849,99175,4415,1527,0,14,0,4.0327,0.8249,0.1123,536.8,1942,7501
3247,reversal,116.326,9.7851,9.7532,0.0319,3.6086,0.8817,0.5765,1.4612,0.2683,0.3492,329648,112137,4799,0,0,14,0,4.0260,0.7414,0.0939,536.8,1942,7501
3248,reversal,115.571,8.6091,8.5734,0.0357,3.8134,0.8612,0.6605,1.5176,0.2652,0.4383,333039,124208,4415,1024,0,14,0,4.0196,0.8180,0.1219,536.8,1942,7501
3249,reversal,114.877,9.1899,9.1561,0.0338,3.7243,0.7516,0.6513,1.5186,0.2632,0.4690,334454,131313,3903,2488,0,14,0,4.0252,1.2503,0.1339,536.8,1942,7501
3250,reversal,114.237,7.7193,7.6837,0.0356,3.9209,0.9667,0.6431,1.5155,0.2621,0.4628,339509,146576,5055,0,0,14,0,4.0162,0.7418,0.0926,536.8,1942,7501
3251,reversal,113.648,8.3161,8.2897,0.0264,4.2752,0.8438,0.6646,1.9302,0.2621,0.5028,342452,160867,2943,0,0,14,0,4.0205,0.5302,0.1589,536.8,1942,7501
3252,reversal,113.105,8.4018,8.3606,0.0412,3.8523,0.7844,0.6554,1.5647,0.2724,0.5038,345843,176355,3903,512,0,14,0,4.0291,0.7350,0.1183,536.8,1942,7501
3253,reversal,112.606,9.0710,9.0393,0.0317,3.8144,0.7680,0.6482,1.5698,0.2724,0.4864,342258,172516,3839,7424,0,14,0,4.0164,1.4886,0.1035,536.8,1942,7501
3254,reversal,112.146,8.3020,8.2670,0.0350,4.4851,0.9308,0.7475,1.5565,0.2642,0.9155,341057,173285,4607,5808,0,14,0,4.0280,1.1509,0.0976,536.8,1942,7501
3255,reversal,111.722,8.1546,8.1242,0.0304,4.5281,0.6840,0.7393,1.9046,0.2621,0.8663,344640,188577,3583,0,0,14,0,4.0305,0.6903,0.1082,536.8,1942,7501
3256,reversal,111.332,9.2105,9.1680,0.0425,4.7237,0.8376,0.7875,1.5606,0.2621,1.2052,348671,204723,4031,0,0,14,0,4.0130,0.6146,0.0996,536.8,1942,7501
3257,reversal,110.973,8.9402,8.9103,0.0299,4.9265,0.8776,0.7895,1.5636,0.2642,1.3609,352958,220916,4287,0,0,14,0,4.0465,0.9627,0.1413,536.8,1942,7501
3258,reversal,110.643,10.3838,10.3443,0.0395,5.7211,0.8151,1.3486,1.5626,0.2673,1.6568,355645,233589,2687,0,0,14,0,4.0473,0.6553,0.1835,536.8,1942,7501
3259,reversal,110.338,12.3771,12.3193,0.0578,4.4820,0.4495,0.7844,1.5585,0.2652,1.3548,357756,244265,2111,0,0,14,0,4.0253,0.5787,0.1653,536.8,1942,7501
3260,reversal,110.058,9.6923,9.6584,0.0339,4.3141,0.4413,0.7864,1.5585,0.2662,1.1909,353531,242579,1919,6144,0,14,0,4.0193,1.5179,0.1643,536.8,1942,7501
3261,reversal,109.800,9.1520,9.1230,0.0290,4.8589,0.9708,0.7834,1.5555,0.2621,1.2165,355531,250196,4671,2671,0,14,0,4.0320,1.0406,0.1551,536.8,1942,7501
3262,teleport,174.100,14.8554,8.0332,6.8222,3.5113,1.0455,0.5376,1.5073,0.1935,0.1393,360586,267925,5055,0,0,14,0,4.0228,0.6904,0.1300,536.8,1942,7501
3263,teleport,174.100,8.5593,8.5378,0.0215,3.5195,1.0476,0.5366,1.5145,0.1925,0.1413,365641,281885,5055,0,0,14,0,4.0209,0.7666,0.1482,536.8,1942,7501
3264,teleport,174.100,9.5279,9.5001,0.0278,2.9727,0.5120,0.5345,1.5104,0.1935,0.1362,368008,292318,2367,0,0,14,0,4.0120,0.4823,0.2667,536.8,1942,7501
3265,teleport,174.100,10.2712,10.2426,0.0286,3.1089,0.6359,0.5356,1.5124,0.1966,0.1403,371015,302111,3007,0,0,14,0,4.0273,0.6975,0.1648,536.8,1942,7501
3266,teleport,174.100,9.1102,9.0852,0.0250,3.2195,0.7485,0.5366,1.5104,0.1966,0.1393,374598,314400,3583,0,0,14,0,4.0375,0.6442,0.1413,536.8,1942,7501
3267,teleport,174.100,9.3068,9.2767,0.0301,3.0996,0.6246,0.5376,1.5114,0.1966,0.1423,377541,324841,2943,0,0,14,0,4.0210,0.5596,0.1207,536.8,1942,7501
3268,teleport,174.100,9.2690,9.2374,0.0316,3.3321,0.6134,0.5366,1.7551,0.2028,0.1372,380420,340906,2879,0,0,14,0,4.0395,0.6084,0.1774,536.8,1942,7501
3269,teleport,174.100,9.4979,9.4690,0.0289,3.0771,0.6021,0.5366,1.5145,0.1966,0.1403,383235,352165,2815,0,0,14,0,4.0291,0.8561,0.2823,536.8,1942,7501
3270,teleport,174.100,10.0977,10.0736,0.0241,3.0833,0.6144,0.5366,1.5114,0.1946,0.1403,382978,357686,2815,3072,0,14,0,4.0209,0.8998,0.1461,536.8,1942,7501
3271,teleport,174.100,9.6532,9.6215,0.0317,3.3321,0.8602,0.5345,1.5135,0.1946,0.1434,380917,353655,4031,6092,0,14,0,4.0117,1.2153,0.1141,536.8,1942,7501
3272,teleport,174.100,10.1431,10.1170,0.0261,3.6905,1.2227,0.5366,1.5135,0.1956,0.1362,377058,350072,3583,7442,0,14,0,4.0265,1.3762,0.1179,536.8,1942,7501
3273,teleport,174.100,8.7085,8.6809,0.0276,2.8436,0.3748,0.5376,1.5124,0.1925,0.1413,376042,345555,1663,2679,0,14,0,4.0102,0.9531,0.1758,536.8,1942,7501
3274,teleport,174.100,8.4226,8.3993,0.0233,3.3106,0.8356,0.5345,1.5135,0.1997,0.1403,376375,331142,3967,3634,0,14,0,4.0279,0.9361,0.0969,536.8,1942,7501
3275,teleport,174.100,8.2873,8.2637,0.0236,3.3147,0.8376,0.5345,1.5124,0.2007,0.1423,376002,315643,3967,4340,0,14,0,4.0155,1.0084,0.0977,536.8,1942,7501
3276,teleport,174.100,8.3283,8.3064,0.0219,3.1631,0.6912,0.5356,1.5135,0.1987,0.1382,375125,302440,3199,4076,0,14,0,4.0154,1.0354,0.1123,536.8,1942,7501
3277,teleport,174.100,8.7104,8.6815,0.0289,3.4222,0.9533,0.5356,1.5114,0.1956,0.1393,375108,290363,4479,4496,0,14,0,4.0268,1.0319,0.0952,536.8,1942,7501
3278,teleport,174.100,8.2166,8.1886,0.0280,3.3085,0.8387,0.5356,1.5135,0.1946,0.1393,375839,282720,3967,3236,0,14,0,4.0261,0.8715,0.0995,536.8,1942,7501
3279,teleport,174.100,9.0028,8.9732,0.0296,3.3116,0.6124,0.5325,1.7439,0.1935,0.1423,374779,275844,2815,3875,0,14,0,4.0250,0.9925,0.1275,536.8,1942,7501
3280,teleport,174.100,8.7076,8.6808,0.0268,3.3505,0.8817,0.5366,1.5135,0.1987,0.1352,374908,267779,4159,4030,0,14,0,4.0414,1.0531,0.0981,536.8,1942,7501
3281,teleport,174.100,8.5829,8.5603,0.0226,3.3823,0.9114,0.5345,1.5135,0.1956,0.1393,372224,256895,4543,7227,0,14,0,4.0139,1.1912,0.1256,536.8,1942,7501
3282,teleport,174.100,9.1397,9.1129,0.0268,2.9635,0.4895,0.5345,1.5124,0.2007,0.1403,370635,251316,2239,3828,0,14,0,4.0942,0.9507,0.1223,536.8,1942,7501
3283,teleport,174.100,8.9031,8.8781,0.0250,3.7755,0.7014,0.7741,1.8760,0.1956,0.1413,371276,244715,3583,2942,0,14,0,4.0316,0.9578,0.1102,536.8,1942,7501
3284,teleport,174.100,8.8353,8.8055,0.0298,3.1734,0.7096,0.5356,1.5104,0.1956,0.1362,371516,236539,3391,3151,0,14,0,4.0206,0.9122,0.1142,536.8,1942,7501
3285,teleport,174.100,8.2687,8.2433,0.0254,3.1242,0.6533,0.5366,1.5135,0.1946,0.1403,370559,227768,3199,4156,0,14,0,4.0118,0.8324,0.0923,536.8,1942,7501
3286,teleport,174.100,8.6120,8.5859,0.0261,3.3116,0.8407,0.5356,1.5155,0.1935,0.1403,369102,216169,4159,5616,0,14,0,4.0262,1.0557,0.0939,536.8,1942,7501
3287,teleport,174.100,9.2666,9.2408,0.0258,4.1513,1.3025,0.9052,1.5124,0.1956,0.1495,369200,207111,4223,4125,0,14,0,4.0226,0.9360,0.0992,536.8,1942,7501
3288,teleport,174.100,8.3185,8.2915,0.0270,3.3260,0.8612,0.5345,1.5145,0.1946,0.1352,368654,197161,4287,4833,0,14,0,4.0263,1.0659,0.0942,536.8,1942,7501
3289,teleport,174.100,8.7339,8.7115,0.0224,3.4048,0.9308,0.5366,1.5135,0.1956,0.1413,368450,192407,4671,4875,0,14,0,4.0121,1.3550,0.1448,536.8,1942,7501
3290,teleport,174.100,8.5709,8.5481,0.0228,3.2307,0.7578,0.5366,1.5145,0.1966,0.1393,365472,184633,3775,6753,0,14,0,4.0157,1.2543,0.1073,536.8,1942,7501
3291,teleport,174.100,10.8284,10.8028,0.0256,3.2410,0.4219,0.5366,1.5135,0.1946,0.4895,363229,182268,767,3010,0,14,0,4.3026,1.0996,0.1609,536.8,1942,7501
3292,teleport,174.100,11.1207,11.0855,0.0352,3.1959,0.7281,0.5356,1.5114,0.1976,0.1362,362433,176152,3711,4507,0,14,0,4.0385,0.9821,0.0979,536.8,1942,7501
3293,teleport,174.100,8.7354,8.7123,0.0231,3.3126,0.8407,0.5366,1.5135,0.1966,0.1393,358528,167513,4287,8192,0,14,0,4.0409,1.5034,0.0994,536.8,1942,7501
3294,teleport,174.100,8.8960,8.8721,0.0239,3.6956,0.8622,0.5356,1.8760,0.1956,0.1403,356247,159810,4479,6760,0,14,0,4.0129,1.2212,0.0936,536.8,1942,7501
3295,teleport,174.100,8.6034,8.5715,0.0319,3.4673,0.9902,0.5376,1.5135,0.1966,0.1423,359840,168870,4863,1270,0,14,0,4.0257,0.9332,0.0919,536.8,1942,7501
3296,teleport,174.100,8.2226,8.1969,0.0257,3.5092,1.0445,0.5366,1.5104,0.1956,0.1352,362911,182651,5119,2048,0,14,0,4.0195,0.9103,0.0940,536.8,1942,7501
3297,teleport,174.100,8.2824,8.2604,0.0220,3.5236,1.0527,0.5366,1.5124,0.1966,0.1393,366142,195627,5055,1824,0,14,0,4.0368,0.9045,0.0940,536.8,1942,7501
3298,teleport,174.100,8.3930,8.3711,0.0219,3.7059,0.8919,0.5366,1.8555,0.1946,0.1403,367043,206637,4223,3322,0,14,0,4.0281,1.1578,0.1069,536.8,1942,7501
3299,teleport,174.100,7.9311,7.9070,0.0241,3.3270,0.8520,0.5366,1.5114,0.1997,0.1413,371266,223307,4223,0,0,14,0,4.0157,0.7285,0.0901,536.8,1942,7501
3300,teleport,174.100,8.3786,8.3573,0.0213,3.3751,0.9052,0.5356,1.5135,0.1987,0.1362,368577,224951,4479,7168,0,14,0,4.0235,1.1798,0.0962,536.8,1942,7501
3301,teleport,174.100,8.7604,8.7385,0.0219,3.3495,0.8776,0.5366,1.5124,0.1956,0.1403,365435,222173,4351,7493,0,14,0,4.0402,1.3299,0.0950,536.8,1942,7501
3302,teleport,174.100,7.6420,7.6141,0.0279,3.8861,1.0455,0.5356,1.8801,0.1966,0.1393,370490,240831,5055,0,0,14,0,4.0095,0.6880,0.0961,536.8,1942,7501
3303,teleport,174.100,9.0639,9.0348,0.0291,3.4263,0.9574,0.5345,1.5124,0.1946,0.1413,375097,255788,4607,0,0,14,0,4.0221,1.0872,0.1031,536.8,1942,7501
3304,teleport,174.100,8.4860,8.4625,0.0235,3.5666,1.0977,0.5366,1.5114,0.1966,0.1362,375992,263041,5247,4352,0,14,0,4.0168,1.0863,0.1419,536.8,1942,7501
3305,teleport,174.100,8.0398,8.0177,0.0221,3.5830,1.1100,0.5366,1.5124,0.1976,0.1393,377278,269250,5311,4025,0,14,0,4.0819,1.3496,0.0984,536.8,1942,7501
3306,teleport,174.100,8.3023,8.2816,0.0207,3.6086,0.7803,0.5345,1.8678,0.1987,0.1393,380989,278198,3711,0,0,14,0,4.0289,0.6944,0.1263,536.8,1942,7501
3307,teleport,174.100,8.6045,8.5785,0.0260,3.1703,0.7014,0.5345,1.5135,0.1935,0.1403,382268,290792,3327,2048,0,14,0,4.0282,0.9239,0.1437,536.8,1942,7501
3308,teleport,174.100,9.3567,9.3258,0.0309,3.2512,0.7834,0.5376,1.5114,0.1946,0.1362,380180,281946,4159,6247,0,14,0,4.0163,1.1647,0.0954,536.8,1942,7501
3309,teleport,174.100,9.1531,9.1066,0.0465,3.1191,0.6420,0.5376,1.5135,0.1987,0.1403,379110,267656,3071,4141,0,14,0,4.0172,0.8241,0.1027,536.8,1942,7501
3310,teleport,174.100,9.1419,9.1195,0.0224,4.1021,1.0813,0.5366,2.0562,0.1997,0.1403,378083,252043,4031,5058,0,14,0,4.0400,1.4704,0.1754,536.8,1942,7501
3311,teleport,174.100,8.4016,8.3765,0.0251,3.2901,0.8182,0.5345,1.5135,0.1956,0.1413,378901,241487,4159,3341,0,14,0,4.0448,0.9555,0.1007,536.8,1942,7501
3312,teleport,174.100,7.4805,7.4591,0.0214,3.5758,1.1192,0.5263,1.5114,0.1976,0.1372,383636,259792,4735,0,0,14,0,4.0093,0.7345,0.0966,536.8,1942,7501
3313,teleport,174.100,8.1037,8.0792,0.0245,6.0314,0.9830,1.0353,3.1222,0.2109,0.5949,388371,276049,4735,0,0,14,0,4.0267,0.7364,0.0937,536.8,1942,7501
3314,teleport,174.100,9.1219,9.0978,0.0241,5.4548,0.0553,1.0404,3.1171,0.2099,0.6093,388434,297490,63,0,0,14,0,4.7623,0.2122,0.1646,536.8,1942,7501
3315,teleport,174.100,9.5220,9.4951,0.0269,6.3212,0.9687,1.1397,3.2614,0.2171,0.6492,390359,289290,4607,2682,0,14,0,4.0163,1.1208,0.1102,536.8,1942,7501
3316,teleport,174.100,8.1577,8.1310,0.0267,6.3140,0.8294,1.1674,3.3485,0.2263,0.6574,391374,279571,3839,2824,0,14,0,4.0240,0.7461,0.0950,536.8,1942,7501
3317,teleport,174.100,8.4765,8.4543,0.0222,6.5925,0.5683,1.1807,3.8482,0.2232,0.6861,390791,270426,2559,3142,0,14,0,4.0325,0.9154,0.1418,536.8,1942,7501
3318,teleport,174.100,8.3507,8.3265,0.0242,6.1891,0.5325,1.2104,3.3905,0.2222,0.7475,390069,261676,2367,3089,0,14,0,4.0158,0.8900,0.1362,536.8,1942,7501
3319,teleport,174.100,9.1356,9.1088,0.0268,6.3857,0.7281,1.2544,3.4099,0.2253,0.6830,390417,252112,3327,2979,0,14,0,4.0169,0.9557,0.1595,536.8,1942,7501
3320,teleport,174.100,8.3600,8.3348,0.0252,6.8383,1.0486,1.3261,3.4130,0.2314,0.7352,394336,256993,4799,880,0,14,0,4.0162,0.7653,0.0927,536.8,1942,7501
3321,teleport,174.100,8.6746,8.6459,0.0287,7.9534,1.1346,1.9538,3.7960,0.2253,0.7578,399519,273058,5183,0,0,14,0,4.0185,0.7467,0.0988,536.8,1942,7501
3322,teleport,174.100,8.1541,8.1305,0.0236,6.9253,0.9226,1.3896,3.4427,0.2304,0.8561,403614,288675,4095,0,0,14,0,4.0269,0.6878,0.1311,536.8,1942,7501
3323,teleport,174.100,9.3860,9.3504,0.0356,6.8301,0.7066,1.4275,3.4509,0.2345,0.9267,406033,293792,3199,780,0,14,0,4.0237,0.9337,0.1423,536.8,1942,7501
3324,teleport,174.100,9.5376,9.5123,0.0253,7.1076,0.6461,1.4367,3.4621,0.2376,1.2411,405953,284144,2879,2959,0,14,0,4.0170,1.1525,0.1473,536.8,1942,7501
3325,teleport,174.100,8.8727,8.8460,0.0267,7.0390,0.8407,1.4858,3.4847,0.2345,0.9083,406660,273197,3839,3132,0,14,0,4.0224,0.7561,0.0909,536.8,1942,7501
3326,teleport,174.100,9.0065,8.9803,0.0262,7.0205,0.7342,1.4817,3.5011,0.2396,0.9779,407130,263511,3263,2793,0,14,0,4.0471,0.9566,0.1443,536.8,1942,7501
3327,teleport,174.100,9.2411,9.2087,0.0324,7.2909,0.9216,1.5217,3.5185,0.2335,1.0086,408348,252053,4351,3133,0,14,0,4.0099,0.9291,0.1033,536.8,1942,7501
3328,teleport,174.100,8.8035,8.7707,0.0328,8.0660,0.7700,1.5421,4.3448,0.2365,1.0824,409525,252147,3519,2342,0,14,0,4.0167,0.7729,0.0984,536.8,1942,7501
3329,teleport,174.100,8.4480,8.4238,0.0242,7.7906,1.2872,1.5688,3.5287,0.2324,1.0854,415028,269172,5503,0,0,14,0,4.0135,0.8010,0.1106,536.8,1942,7501
3330,teleport,174.100,8.3218,8.2969,0.0249,7.4199,0.8038,1.5944,3.5205,0.2355,1.1766,418867,281717,3839,0,0,14,0,4.0125,0.6601,0.1057,536.8,1942,7501
3331,teleport,174.100,11.7681,7.5699,4.1982,8.0783,0.8008,1.6138,4.1585,0.2335,1.1827,422560,289501,3775,82,0,14,0,4.0189,0.8273,0.1622,536.8,1942,7501
3332,teleport,174.100,9.9562,9.8787,0.0775,7.5919,0.9329,1.6015,3.5379,0.2304,1.1991,423423,277374,4415,3552,0,14,0,4.0097,1.1135,0.1196,536.8,1942,7501
3333,teleport,174.100,11.7598,11.7353,0.0245,7.5725,0.8458,1.6056,3.5379,0.2335,1.2605,423759,265518,3967,3631,0,14,0,4.0155,1.3027,0.0946,536.8,1942,7501
3334,teleport,174.100,8.7957,8.7689,0.0268,7.7732,0.7711,1.6118,3.5348,0.2324,1.5350,423966,254559,3583,3376,0,14,0,4.0298,1.1589,0.1220,536.8,1942,7501
3335,teleport,174.100,9.0528,9.0028,0.0500,7.4025,0.6236,1.5944,3.5369,0.2335,1.3251,423807,245246,2815,2974,0,14,0,4.0767,0.8368,0.1193,536.8,1942,7501
3336,teleport,174.100,11.8439,9.1841,2.6598,7.5940,0.8417,1.5974,3.5379,0.2304,1.2964,426328,252490,3711,1190,0,14,0,4.0300,1.1426,0.1356,536.8,1942,7501
3337,teleport,174.100,8.4188,8.3582,0.0606,7.8541,1.0691,1.6046,3.5236,0.2355,1.3312,430999,270603,4671,0,0,14,0,4.0165,0.7233,0.1032,536.8,1942,7501
3338,teleport,174.100,10.1307,8.1519,1.9788,8.4285,1.0609,2.0838,3.5389,0.2345,1.4203,434902,285132,3903,0,0,14,0,4.0149,0.7288,0.1100,536.8,1942,7501
3339,teleport,174.100,10.4784,8.1142,2.3642,7.9411,0.9984,1.6005,3.5471,0.2335,1.4715,434961,278446,4799,4740,0,14,0,4.0129,1.0364,0.0902,536.8,1942,7501
3340,teleport,174.100,9.9609,9.9232,0.0377,8.0292,1.0342,1.5872,3.5451,0.2355,1.5370,435356,268323,4991,4596,0,14,0,4.0256,1.1000,0.0959,536.8,1942,7501
3341,teleport,174.100,11.1211,7.8182,3.3029,8.4808,0.8090,1.9579,3.8789,0.2386,1.5063,432528,257071,3839,6667,0,14,0,4.0204,1.0639,0.0921,536.8,1942,7501
3342,teleport,174.100,10.4440,8.1902,2.2538,7.5796,0.7465,1.5770,3.5256,0.2365,1.4039,431923,248972,3519,4124,0,14,0,4.0092,1.0888,0.1175,536.8,1942,7501
3343,teleport,174.100,10.9028,8.2299,2.6729,7.5909,0.8817,1.5790,3.5369,0.2365,1.2667,432266,240693,4095,3752,0,14,0,4.0429,1.0034,0.0975,536.8,1942,7501
3344,teleport,174.100,10.0081,8.0138,1.9943,8.7511,1.0926,1.5811,4.0028,0.2345,1.7490,436678,252981,4863,451,0,14,0,4.0108,0.8006,0.1037,536.8,1942,7501
3345,teleport,174.100,10.0821,7.9220,2.1601,7.4363,0.7168,1.5770,3.5359,0.2345,1.2810,440261,267574,3583,0,0,14,0,4.0137,0.6088,0.1217,536.8,1942,7501
3346,teleport,174.100,11.1817,7.9332,3.2485,7.5305,0.7455,1.5831,3.5297,0.2345,1.3476,443972,279735,3711,0,0,14,0,4.0133,0.6404,0.1396,536.8,1942,7501
3347,teleport,174.100,9.3607,9.3267,0.0340,8.1009,0.7793,1.5800,3.5338,0.2355,1.8821,445319,279242,3839,2492,0,14,0,4.0152,0.8286,0.1159,536.8,1942,7501
3348,teleport,174.100,10.5352,8.3545,2.1807,7.5530,0.7311,1.5831,3.5359,0.2324,1.3804,445265,272384,3519,3573,0,14,0,4.0078,1.0668,0.1177,536.8,1942,7501
3349,teleport,174.100,10.9997,8.8352,2.1645,7.5694,0.6810,1.5800,3.5389,0.2365,1.4428,444637,265588,3199,3827,0,14,0,4.0120,1.0323,0.0971,536.8,1942,7501
3350,teleport,174.100,8.9300,8.8941,0.0359,7.6667,0.7475,1.5831,3.5348,0.2304,1.4797,443876,257901,3583,4344,0,14,0,4.0093,1.0889,0.1207,536.8,1942,7501
3351,teleport,174.100,10.5152,8.3864,2.1288,8.5565,1.1530,2.0705,3.5328,0.2335,1.4766,441127,246826,4351,7100,0,14,0,4.0088,1.1894,0.1167,536.8,1942,7501
3352,teleport,174.100,10.4382,8.2296,2.2086,7.8899,0.7219,1.5749,3.7949,0.2314,1.4766,442309,245993,3391,2209,0,14,0,4.0178,0.9053,0.1135,536.8,1942,7501
3353,teleport,174.100,10.8103,7.9518,2.8585,8.5084,1.5524,1.5831,3.5338,0.2324,1.5155,446468,259754,4159,0,0,14,0,4.0532,0.6664,0.1049,536.8,1942,7501
3354,teleport,174.100,10.4001,8.1556,2.2445,8.3220,0.9861,1.5821,3.9025,0.2324,1.5288,450115,273003,3647,0,0,14,0,4.0123,0.6458,0.1366,536.8,1942,7501
3355,teleport,174.100,10.7319,8.0334,2.6985,7.7865,0.7506,1.5841,3.5236,0.2345,1.6036,453616,286884,3583,82,0,14,0,4.0110,0.5924,0.0938,536.8,1942,7501
3356,teleport,174.100,10.8285,8.0408,2.7877,7.9135,0.7311,1.5780,3.5359,0.2335,1.7439,454429,277111,3455,2642,0,14,0,4.0347,0.8516,0.1180,536.8,1942,7501
3357,teleport,174.100,10.2789,8.2166,2.0623,8.9528,0.6881,2.1023,4.1093,0.2355,1.7265,455043,267281,3327,2713,0,14,0,4.0135,0.8571,0.1207,536.8,1942,7501
3358,teleport,174.100,10.5675,8.3504,2.2171,7.9800,0.7516,1.5872,3.5205,0.2386,1.7920,455807,256789,3647,2883,0,14,0,4.0125,0.9178,0.1124,536.8,1942,7501
3359,teleport,174.100,10.6490,8.6654,1.9836,8.0650,0.8233,1.5780,3.5451,0.2376,1.7900,455468,242024,4095,4434,0,14,0,4.0175,1.1312,0.0997,536.8,1942,7501
3360,teleport,174.100,10.6702,8.5878,2.0824,8.2442,1.0189,1.5862,3.5359,0.2365,1.7746,459246,248602,4799,1021,0,14,0,4.0127,1.3102,0.1399,536.8,1942,7501
3361,teleport,174.100,10.3913,7.6769,2.7144,9.2232,0.9175,1.9210,4.0294,0.2335,2.0306,464109,264731,4863,0,0,14,0,4.0245,0.7595,0.1211,536.8,1942,7501
3362,teleport,174.100,11.0978,8.5942,2.5036,8.5115,0.6636,2.0521,3.5369,0.2335,1.9343,467564,278428,3455,0,0,14,0,4.0196,0.6748,0.1379,536.8,1942,7501
3363,teleport,174.100,12.2087,8.6659,3.5428,7.8694,0.4844,1.5790,3.5359,0.2345,1.9436,468925,279419,2431,1070,0,14,0,4.0420,0.7732,0.1667,536.8,1942,7501
3364,teleport,174.100,9.9018,9.8543,0.0475,8.1705,0.7670,1.5882,3.5441,0.2355,1.9425,468024,268800,3967,4868,0,14,0,4.0209,1.2165,0.1383,536.8,1942,7501
3365,teleport,174.100,10.5231,8.3579,2.1652,7.9503,0.5284,1.5852,3.5348,0.2345,1.9763,467464,261680,2687,3247,0,14,0,4.0200,0.7553,0.1065,536.8,1942,7501
3366,teleport,174.100,10.5973,8.3982,2.1991,8.0783,0.6441,1.5852,3.5215,0.2304,2.0040,467153,253543,3263,3574,0,14,0,4.0248,0.9723,0.1227,536.8,1942,7501
3367,teleport,174.100,10.3974,8.2872,2.1102,8.1480,0.6830,1.5841,3.5308,0.2386,2.0183,466838,244898,3455,3770,0,14,0,4.0102,1.0370,0.1182,536.8,1942,7501
3368,teleport,174.100,10.4975,8.3783,2.1192,8.7583,1.0271,1.9712,3.5215,0.2376,1.9087,466496,238072,2687,3029,0,14,0,4.0316,0.9707,0.1269,536.8,1942,7501
3369,teleport,174.100,10.0639,8.9442,1.1197,8.4623,0.6072,1.5944,3.5348,0.2345,2.3982,467401,237773,2815,1910,0,14,0,4.0135,0.7467,0.1103,536.8,1942,7501
3370,teleport,174.100,11.8648,8.9249,2.9399,7.9032,0.4608,1.5913,3.5451,0.2324,1.9794,469512,250766,2111,0,0,14,0,4.0117,0.5631,0.1866,536.8,1942,7501
3371,teleport,174.100,11.3149,8.7427,2.5722,7.9759,0.5847,1.5964,3.5471,0.2304,1.9241,472199,266255,2687,0,0,14,0,4.0341,0.6894,0.1295,536.8,1942,7501
3372,teleport,174.100,10.0967,7.6431,2.4536,7.8213,0.4178,1.5933,3.5246,0.2324,1.9589,474246,275728,2047,0,0,14,0,4.0210,0.5196,0.1425,536.8,1942,7501
3373,teleport,174.100,9.1834,9.1333,0.0501,8.5238,0.9748,1.5923,3.5482,0.2345,2.0787,474746,278272,3199,2699,0,14,0,4.0239,0.8938,0.1211,536.8,1942,7501
3374,teleport,174.100,10.8706,7.9936,2.8770,8.1285,0.6707,1.5964,3.5267,0.2304,2.0091,473326,272780,3455,4875,0,14,0,4.0251,1.1481,0.1144,536.8,1942,7501
3375,teleport,174.100,11.1312,8.4342,2.6970,7.9647,0.6441,1.5892,3.5338,0.2324,1.8698,470287,266859,3263,6302,0,14,0,4.0251,1.1972,0.1286,536.8,1942,7501
3376,teleport,174.100,10.1014,8.3193,1.7821,8.8617,0.5161,1.8289,4.3366,0.2314,1.8545,468954,262560,2623,3956,0,14,0,4.0118,1.0201,0.1387,536.8,1942,7501
3377,teleport,174.100,10.4053,8.7403,1.6650,8.6508,0.8325,1.5903,4.0038,0.2345,1.8964,468621,256237,4351,4684,0,14,0,4.0352,1.0078,0.0959,536.8,1942,7501
3378,teleport,174.100,11.0439,9.4310,1.6129,8.2565,0.8796,1.5954,3.5236,0.2345,1.9292,466131,248743,4543,7033,0,14,0,4.0113,1.1746,0.0930,536.8,1942,7501
3379,teleport,174.100,10.9999,8.2182,2.7817,7.9258,0.5929,1.5974,3.5328,0.2355,1.8719,465822,244700,2751,3060,0,14,0,4.0079,1.0003,0.1312,536.8,1942,7501
3380,teleport,174.100,11.3043,8.1222,3.1821,8.3784,0.6963,1.5933,3.5308,0.2345,2.2272,468626,253091,3391,587,0,14,0,4.0527,0.8055,0.1297,536.8,1942,7501
3381,teleport,174.100,9.8358,8.3399,1.4959,8.2268,0.8090,1.6456,3.5328,0.2365,1.9046,472849,269092,4223,0,0,14,0,4.0150,0.8723,0.1664,536.8,1942,7501
3382,teleport,174.100,11.2217,8.0542,3.1675,8.1091,0.6646,1.6384,3.5215,0.2335,1.9538,476304,284069,3455,0,0,14,0,4.0125,0.8271,0.1911,536.8,1942,7501
3383,teleport,174.100,10.5281,8.8834,1.6447,8.1869,0.7793,1.6456,3.5338,0.2376,1.8934,475961,284075,4159,4502,0,14,0,4.0194,1.0434,0.1031,536.8,1942,7501
3384,teleport,174.100,10.6249,8.4978,2.1271,7.8694,0.5007,1.6384,3.5338,0.2314,1.8678,474196,279696,2559,4324,0,14,0,4.0442,1.0535,0.0935,536.8,1942,7501
3385,teleport,174.100,10.9865,8.8394,2.1471,8.0732,0.6636,1.6466,3.5236,0.2345,1.9077,473321,274427,3455,4330,0,14,0,4.0127,1.3760,0.1238,536.8,1942,7501
3386,teleport,174.100,10.0080,9.9580,0.0500,8.3640,0.9421,1.6394,3.5205,0.2345,1.9292,470263,266221,4863,7921,0,14,0,4.0212,1.3691,0.1025,536.8,1942,7501
3387,teleport,174.100,11.2089,9.0926,2.1163,8.8433,1.0619,2.0173,3.5297,0.2376,1.8985,466682,258794,4159,7740,0,14,0,4.0425,1.3713,0.1083,536.8,1942,7501
3388,teleport,174.100,11.3421,7.9265,3.4156,8.0364,0.6636,1.6435,3.5348,0.2396,1.8586,465384,253692,3199,4497,0,14,0,4.0129,1.1378,0.1317,536.8,1942,7501
3389,teleport,174.100,10.9045,10.8461,0.0584,8.0456,0.6461,1.6404,3.5348,0.2335,1.8903,465399,249069,3263,3248,0,14,0,4.0132,1.8310,0.1655,536.8,1942,7501
3390,teleport,174.100,9.8801,8.7134,1.1667,8.3538,0.2898,1.6415,4.1615,0.2386,1.9241,466673,260589,1279,5,0,14,0,4.0106,0.3696,0.1327,536.8,1942,7501
3391,teleport,174.100,10.8550,9.1615,1.6935,7.9534,0.6164,1.6374,3.5328,0.2345,1.8319,470128,269166,3455,0,0,14,0,4.0244,0.6650,0.1324,536.8,1942,7501
3392,teleport,174.100,10.0655,7.8436,2.2219,7.9821,0.6472,1.6425,3.5215,0.2345,1.8360,473647,281007,3519,0,0,14,0,4.0232,0.6439,0.1139,536.8,1942,7501
3393,teleport,174.100,10.5973,7.8158,2.7815,8.9047,0.5161,1.6415,4.5466,0.2355,1.8668,475502,294927,2623,768,0,14,0,4.0118,0.6882,0.1083,536.8,1942,7501
3394,teleport,174.100,11.2509,11.0097,0.2412,7.7322,0.3625,1.6394,3.5133,0.2335,1.8831,471917,293136,1791,5376,0,14,0,4.0116,1.6851,0.1514,536.8,1942,7501
3395,teleport,174.100,9.4861,9.4480,0.0381,8.1756,0.8397,1.6415,3.5195,0.2365,1.8391,469228,288657,4479,7168,0,14,0,4.0151,1.2706,0.1055,536.8,1942,7501
3396,teleport,174.100,10.9003,8.1694,2.7309,9.4587,0.8110,1.6415,3.9731,0.2345,2.7003,465003,284434,4223,8448,0,14,0,4.0305,1.4142,0.0997,536.8,1942,7501
3397,teleport,174.100,10.4020,10.3580,0.0440,8.2196,0.8305,1.6384,3.5205,0.2345,1.8954,460842,279891,4543,8704,0,14,0,4.0238,1.2824,0.0989,536.8,1942,7501
3398,teleport,174.100,10.7484,10.7173,0.0311,7.8889,0.5007,1.6343,3.5215,0.2345,1.8985,458921,277204,2687,4608,0,14,0,4.0334,1.2673,0.1412,536.8,1942,7501
3399,teleport,174.100,11.2453,8.0294,3.2159,8.8637,0.4844,1.6445,3.9772,0.2365,2.4218,456424,274837,2367,4864,0,14,0,4.0330,1.1365,0.1313,536.8,1942,7501
3400,teleport,174.100,9.5334,9.4959,0.0375,8.3077,0.8888,1.6374,3.5185,0.2355,1.9261,455170,271510,4095,5349,0,14,0,4.0192,1.2093,0.0998,536.8,1942,7501
3401,teleport,174.100,11.7260,7.8685,3.8575,8.1981,0.7168,1.6333,3.5215,0.2365,1.9845,459009,285847,3839,0,0,14,0,4.0242,0.6511,0.0974,536.8,1942,7501
3402,teleport,174.100,10.8745,8.7350,2.1395,9.6543,0.9124,1.6353,3.9680,0.2324,2.8037,464064,298968,5055,0,0,14,0,4.0085,0.6864,0.0923,536.8,1942,7501
3403,teleport,174.100,10.4067,7.4932,2.9135,8.3087,0.8776,1.6364,3.5185,0.2355,1.9384,468735,311961,4671,0,0,14,0,4.0209,0.7340,0.1007,536.8,1942,7501
3404,teleport,174.100,12.0773,8.1962,3.8811,8.1306,0.6420,1.6394,3.5195,0.2355,1.9907,465022,310706,3199,6912,0,14,0,4.0132,1.1215,0.1040,536.8,1942,7501
3405,teleport,174.100,11.1957,9.3328,1.8629,8.4582,0.8970,1.6404,3.5226,0.2355,2.0582,460797,305715,4991,9216,0,14,0,4.0218,1.5061,0.1028,536.8,1942,7501
3406,teleport,174.100,9.5317,9.4833,0.0484,8.4756,0.5396,2.0173,3.5287,0.2386,2.0470,460668,302772,2943,3072,0,14,0,4.0194,0.9723,0.1155,536.8,1942,7501
3407,teleport,174.100,11.5188,8.2524,3.2664,8.2432,0.7598,1.6445,3.5082,0.2365,1.9896,456123,298613,4159,8704,0,14,0,4.0192,1.3825,0.1493,536.8,1942,7501
3408,teleport,174.100,10.8126,9.2721,1.5405,8.5330,0.5632,1.6374,3.5226,0.2365,2.4730,453242,295862,2751,5632,0,14,0,4.0157,1.2436,0.1352,536.8,1942,7501
3409,teleport,174.100,10.9626,8.8488,2.1138,8.3610,0.7649,1.6394,3.5185,0.2406,2.0941,448505,292151,3711,8448,0,14,0,4.0272,1.2189,0.1103,536.8,1942,7501
3410,teleport,174.100,11.5395,8.6629,2.8766,8.2227,0.6226,1.6374,3.5174,0.2324,2.1084,444536,288952,3199,7168,0,14,0,4.0154,1.7341,0.1037,536.8,1942,7501
3411,teleport,174.100,11.4271,11.3373,0.0898,8.5668,0.6134,1.6415,3.5154,0.2376,2.4443,446685,295993,3199,1050,0,14,0,4.0403,0.9557,0.1302,536.8,1942,7501
3412,teleport,174.100,10.2431,7.7101,2.5330,8.3896,0.8571,1.6343,3.5205,0.2355,2.0367,451996,311418,5311,0,0,14,0,4.0205,0.7471,0.0934,536.8,1942,7501
3413,teleport,174.100,10.9348,9.3940,1.5408,8.0916,0.4475,1.6835,3.5215,0.2304,2.1033,454619,323899,2623,0,0,14,0,4.0105,0.6110,0.1254,536.8,1942,7501
3414,teleport,174.100,10.8253,7.3397,3.4856,8.2268,0.5673,1.6855,3.5267,0.2345,2.1064,455962,331155,3391,2048,0,14,0,4.0197,0.7904,0.1242,536.8,1942,7501
3415,teleport,174.100,10.5872,8.6994,1.8878,8.5514,0.3594,1.6773,4.1052,0.2345,2.0695,453081,329172,1983,4864,0,14,0,4.0159,1.0911,0.1444,536.8,1942,7501
3416,teleport,174.100,11.4876,11.4182,0.0694,8.2033,0.6124,1.6804,3.5174,0.2365,2.0500,449496,325589,3583,7168,0,14,0,4.0229,1.2938,0.1866,536.8,1942,7501
3417,teleport,174.100,9.9417,8.2525,1.6892,8.4552,0.8346,1.6783,3.5185,0.2284,2.0910,447319,320598,4991,7168,0,14,0,4.0237,1.3525,0.1124,536.8,1942,7501
3418,teleport,174.100,11.3470,8.5419,2.8051,8.9907,1.3527,1.6794,3.5174,0.2355,2.1012,443926,315799,4799,8192,0,14,0,4.0280,1.5003,0.0999,536.8,1942,7501
3419,teleport,174.100,9.7795,9.7293,0.0502,8.3661,0.7414,1.6783,3.5185,0.2335,2.0900,447194,325976,4671,1403,0,14,0,4.0291,0.9962,0.0994,536.8,1942,7501
3420,teleport,174.100,12.1671,8.8653,3.3018,8.1254,0.5437,1.7019,3.5185,0.2345,2.0224,450329,336990,3135,0,0,14,0,4.0085,0.5787,0.1303,536.8,1942,7501
3421,teleport,174.100,11.9434,9.3088,2.6346,9.2242,0.5714,2.3265,3.8871,0.2355,2.0992,453848,321694,3519,0,0,14,0,4.0349,0.7323,0.1705,536.8,1942,7501
3422,teleport,174.100,9.7357,9.6948,0.0409,9.2703,1.6005,1.7132,3.5103,0.2294,2.1115,463447,312095,9599,0,0,14,0,4.0253,1.9137,0.1795,536.8,1942,7501
3423,teleport,174.100,10.9696,9.3943,1.5753,10.9558,1.9589,1.7213,3.9956,0.2386,2.9358,473302,302240,9855,0,0,14,0,4.0320,1.6292,0.1252,536.8,1942,7501
3424,teleport,174.100,13.2593,9.9047,3.3546,8.3354,0.7045,1.7132,3.5318,0.2294,2.0531,477141,298401,3839,0,0,14,0,4.0324,1.6239,0.1900,536.8,1942,7501
3425,teleport,174.100,14.1642,8.9870,5.1772,8.6682,1.0414,1.7070,3.5164,0.2335,2.0644,482516,293026,5375,0,0,14,0,4.0455,1.1766,0.1371,536.8,1942,7501
3426,teleport,174.100,10.6136,10.5700,0.0436,10.1857,1.1868,1.7070,4.3571,0.2335,2.5958,488339,287203,5823,0,0,14,0,4.0210,1.2189,0.1870,536.8,1942,7501
3427,teleport,174.100,9.9073,9.8734,0.0339,9.3348,1.6476,1.7213,3.5164,0.2396,2.1043,497490,278052,9151,0,0,14,0,4.0204,1.2446,0.0992,536.8,1942,7501
3428,teleport,174.100,13.4282,10.2283,3.1999,9.0696,1.4316,1.7080,3.5277,0.2376,2.0593,504337,271205,6847,0,0,14,0,4.0094,2.4304,0.1737,536.8,1942,7501
3429,teleport,174.100,12.4906,8.0275,4.4631,10.1755,2.4637,1.7091,3.5195,0.2314,2.1443,515472,260070,11135,0,0,14,0,4.0233,1.3996,0.1519,536.8,1942,7501
3430,teleport,174.100,11.7218,11.6406,0.0812,8.9764,1.2145,1.7132,3.5062,0.2355,2.2006,521231,254311,5759,0,0,14,0,4.0468,1.3058,0.2321,536.8,1942,7501
3431,teleport,174.100,13.7125,9.5647,4.1478,9.9830,1.7674,1.7091,3.5215,0.2314,2.6470,530766,244776,9535,0,0,14,0,4.0331,1.3102,0.1085,536.8,1942,7501
3432,teleport,174.100,11.8302,8.8761,2.9541,9.4781,1.8954,1.7039,3.5195,0.2345,2.0204,538573,236969,7807,0,0,14,0,4.0206,1.3433,0.2069,536.8,1942,7501
3433,teleport,174.100,16.1173,16.0793,0.0380,8.8166,1.2462,1.7029,3.5328,0.2345,1.9937,544908,230634,6335,0,0,14,0,9.0191,1.1155,0.1155,536.8,1942,7501
3434,teleport,174.100,11.0720,11.0406,0.0314,8.7071,0.8028,1.7029,3.5205,0.2324,2.3429,549323,226219,4415,0,0,14,0,4.0405,1.0633,0.1940,536.8,1942,7501
3435,teleport,174.100,9.9218,9.8975,0.0243,8.9999,1.4541,1.7254,3.5144,0.2335,1.9671,556746,218796,7423,0,0,14,0,4.0110,1.2581,0.1553,536.8,1942,7501
3436,teleport,174.100,11.2333,8.5468,2.6865,8.8525,1.3179,1.7203,3.5308,0.2304,1.9466,563401,212141,6655,0,0,14,0,4.0132,1.1263,0.1672,536.8,1942,7501
3437,teleport,174.100,12.2547,7.9399,4.3148,10.0536,1.9640,2.0019,3.9127,0.2345,1.8360,573960,201582,10559,0,0,14,0,4.0297,1.5035,0.1016,536.8,1942,7501
3438,teleport,174.100,12.1026,8.4184,3.6842,9.3184,2.0142,1.6927,3.5103,0.2345,1.7603,584327,191215,10367,0,0,14,0,4.0113,1.3903,0.1006,536.8,1942,7501
3439,teleport,174.100,12.6780,8.1692,4.5088,8.7214,1.4336,1.6937,3.5215,0.2386,1.7295,592134,183408,7807,0,0,14,0,4.0299,1.1557,0.1891,536.8,1942,7501
3440,teleport,174.100,12.2806,8.9189,3.3617,9.6379,2.5446,1.6957,3.5082,0.2324,1.5514,602053,173489,9919,0,0,14,0,4.0177,1.3742,0.0998,536.8,1942,7501
3441,teleport,174.100,11.2670,11.2249,0.0421,9.1576,1.9722,1.7091,3.5195,0.2376,1.6128,612740,162802,10687,0,0,14,0,4.0132,1.3785,0.5475,536.8,1942,7501
3442,teleport,174.100,13.6889,10.1353,3.5536,8.8300,1.5309,1.7080,3.5185,0.2376,1.7285,620355,155187,7615,0,0,14,0,5.3782,1.2594,0.5636,536.8,1942,7501
3443,teleport,174.100,11.5691,11.5174,0.0517,8.4398,1.1028,1.7121,3.7960,0.2335,1.4889,625154,150388,4799,0,0,14,0,4.0136,1.7141,0.6934,536.8,1942,7501
3444,teleport,174.100,13.0012,8.8368,4.1644,9.9645,2.0173,1.6998,4.4462,0.2335,1.4623,635649,139893,10495,0,0,14,0,4.0123,1.5799,0.3204,536.8,1942,7501
3445,teleport,174.100,10.8360,9.3243,1.5117,8.6794,1.5053,1.6876,3.7745,0.2304,1.3763,643456,132086,7807,0,0,14,0,4.0096,1.5417,0.2479,536.8,1942,7501
3446,teleport,174.100,13.0462,8.5288,4.5174,8.7593,1.8340,1.6865,3.5205,0.2324,1.3793,653375,122167,9919,0,0,14,0,4.0109,1.5584,0.1104,536.8,1942,7501
3447,teleport,174.100,12.3764,9.9167,2.4597,7.4107,0.5315,1.6763,3.5205,0.2355,1.3404,655870,119672,2495,0,0,14,0,4.0405,0.9024,0.1659,536.8,1942,7501
3448,teleport,174.100,12.2476,9.0594,3.1882,9.3225,1.5340,1.6835,3.9885,0.2345,1.7746,663933,111609,8063,0,0,14,0,4.0256,1.4959,0.1229,536.8,1942,7501
3449,teleport,174.100,9.3267,9.2801,0.0466,8.7194,1.8217,1.6609,3.5256,0.2355,1.3711,673724,101818,9791,0,0,14,0,4.0251,1.3731,0.1031,536.8,1942,7501
3450,teleport,174.100,11.8769,8.7991,3.0778,8.2022,1.3486,1.6599,3.5103,0.2335,1.3425,680635,94907,6911,0,0,14,0,4.0326,1.4658,0.2077,536.8,1942,7501
3451,teleport,174.100,11.6816,9.0635,2.6181,8.6764,0.7803,1.6609,4.5599,0.2304,1.3394,684858,90684,4223,0,0,14,0,4.0991,1.1918,0.1885,536.8,1942,7501
3452,teleport,174.100,11.4052,9.0140,2.3912,8.7972,2.0081,1.6466,3.5226,0.2335,1.2954,695353,80189,10495,0,0,14,0,4.0104,1.4167,0.4252,536.8,1942,7501
3453,teleport,174.100,10.2137,10.1640,0.0497,8.4900,1.6548,1.6486,3.5348,0.2314,1.3281,704248,71294,8895,0,0,14,0,4.0137,1.2868,0.4080,536.8,1942,7501
3454,teleport,174.100,12.8197,8.2859,4.5338,9.6563,2.2743,2.2753,3.5123,0.2345,1.2687,714871,60671,10623,0,0,14,0,4.0134,1.4150,0.4528,536.8,1942,7501
3455,teleport,174.100,11.1604,9.5395,1.6209,8.7224,2.0306,1.6005,3.5174,0.2345,1.2544,726006,49536,11135,0,0,14,0,4.0150,1.5491,1.2568,536.8,1942,7501
3456,teleport,174.100,13.3230,11.1551,2.1679,8.3302,1.6476,1.5913,3.5226,0.2396,1.2462,734325,41217,8319,0,0,14,0,4.0175,1.1813,2.6408,536.8,1942,7501
3457,teleport,174.100,13.7733,13.7383,0.0350,8.3231,1.6527,1.5933,3.5236,0.2365,1.2380,741620,33922,7295,0,0,14,0,4.0242,1.7763,4.1790,536.8,1942,7501
3458,teleport,174.100,14.2355,14.1802,0.0553,7.9483,1.3312,1.5503,3.5205,0.2335,1.2339,749107,26435,7487,0,0,14,0,4.0362,1.8617,4.8855,536.8,1942,7501
3459,teleport,174.100,12.3257,12.2926,0.0331,8.0640,1.4582,1.5462,3.5103,0.2417,1.2288,756082,19460,6975,0,0,14,0,4.0172,1.3065,3.2474,536.8,1942,7501
3460,teleport,174.100,11.1226,11.0945,0.0281,9.5580,2.9676,1.5524,3.5103,0.2335,1.2165,768241,7301,12159,0,0,14,0,4.0389,2.0627,1.4891,536.8,1942,7501
3461,teleport,174.100,9.6937,9.6713,0.0224,8.0128,1.4039,1.5432,3.5113,0.2386,1.2401,775542,0,7301,0,0,14,0,3.8679,1.4570,0.1541,536.8,1942,7501
3462,teleport,174.100,8.6158,3.6466,4.9692,6.6120,0.0010,1.5493,3.5205,0.2335,1.2339,775542,0,0,0,0,14,0,0.0103,0.0008,0.0850,536.8,1942,7501
3464,teleport,174.100,8.1865,3.1471,5.0394,6.5894,0.0010,1.5483,3.5195,0.2345,1.2114,775542,0,0,0,0,14,0,0.0082,0.0006,0.0710,536.8,1942,7501
3465,audit,174.100,4.1914,4.1891,0.0023,7.2090,0.0020,1.5452,3.7693,0.5847,1.2319,775542,0,0,0,0,14,0,0.0085,0.0007,0.1169,536.8,1942,7501
3466,mountain_settle,2065.400,3.2702,3.2683,0.0019,26.3875,0.0133,5.4395,11.9900,1.8903,6.3304,775542,0,0,0,0,14,0,0.0263,0.0006,0.1077,536.8,210,405
3467,mountain_settle,2065.400,3.8933,3.8720,0.0213,25.9574,0.0133,5.1702,15.8310,1.5084,2.6880,775542,0,0,0,0,14,0,0.0066,0.0006,0.1068,536.8,210,405
3468,mountain_settle,2065.400,40.1149,6.3777,33.7372,26.1366,0.0133,5.1139,16.4987,1.4612,2.3337,775542,0,0,0,0,14,0,0.0081,0.0009,0.1050,536.8,210,405
3469,mountain_settle,2065.400,38.5125,7.5652,30.9473,26.8667,0.0133,6.9816,14.7057,1.6527,2.8088,775542,0,0,0,0,14,0,0.0096,0.0009,0.1298,536.8,210,405
3470,mountain_settle,2065.400,39.1750,11.4987,27.6763,23.3093,0.4198,5.1220,13.0191,1.4418,2.5866,761462,0,0,14080,0,14,1,4.0503,3.1465,0.0952,536.8,210,405
3471,mountain_settle,2065.400,39.5064,10.7288,28.7776,18.8119,0.2734,5.6422,10.0977,1.4039,0.6554,752502,0,0,8960,0,14,1,4.0622,2.2484,0.1291,536.8,210,405
3473,mountain_settle,2065.400,21.2623,9.5957,11.6666,2.4330,0.0379,1.0045,1.0557,0.1106,0.1290,736886,0,0,8192,0,14,1,4.0690,2.1307,0.1026,536.8,210,405
3474,mountain_settle,2065.400,11.7582,11.6958,0.0624,2.1012,0.0481,0.6175,1.0711,0.1137,0.1341,726902,0,0,9984,0,14,1,4.0565,0.9999,0.0941,536.8,210,405
3475,mountain_settle,2065.400,9.3238,9.3011,0.0227,2.0767,0.0430,0.6216,1.0639,0.1147,0.1331,718842,0,0,8060,0,14,1,4.0828,1.6671,0.1560,536.8,210,405
3476,mountain_settle,2065.400,11.2349,11.2111,0.0238,2.1043,0.0543,0.6236,1.0660,0.1157,0.1290,705786,0,0,13056,0,14,1,4.0103,1.3929,0.0973,536.8,210,405
3477,mountain_settle,2065.400,9.6296,9.5961,0.0335,2.0818,0.0410,0.6216,1.0650,0.1147,0.1331,698874,0,0,6912,0,14,1,4.0878,1.0673,0.1427,536.8,210,405
3478,mountain_settle,2065.400,9.9697,9.9134,0.0563,2.1012,0.0543,0.6195,1.0660,0.1137,0.1341,685306,0,0,13568,0,14,1,4.0661,1.4345,0.1096,536.8,210,405
3479,mountain_settle,2065.400,9.3345,9.3122,0.0223,2.0931,0.0481,0.6185,1.0639,0.1157,0.1290,674042,0,0,11264,0,14,1,4.0645,1.0932,0.1025,536.8,210,405
3480,mountain_settle,2065.400,10.6829,10.6575,0.0254,2.1002,0.0522,0.6195,1.0701,0.1137,0.1321,661498,0,0,12544,0,14,1,4.0906,1.8208,0.1568,536.8,210,405
3481,mountain_settle,2065.400,10.5225,10.4938,0.0287,2.1238,0.0788,0.6236,1.0691,0.1147,0.1352,656329,1729,63,5232,0,14,1,4.1062,1.2701,0.7965,536.8,210,405
3482,mountain_settle,2065.400,11.3296,11.1696,0.1600,3.2215,1.1909,0.6175,1.0629,0.1137,0.1321,661576,16706,5247,0,0,14,1,4.0251,0.8350,0.0912,536.8,1777,7501
3483,mountain_settle,2065.400,9.2956,9.2711,0.0245,3.3618,1.4080,0.5366,1.0691,0.1137,0.1290,666695,31043,5119,0,0,14,1,4.0302,1.1451,0.1502,536.8,1777,7501
3484,mountain_settle,2065.400,9.2847,9.2612,0.0235,3.0290,1.0803,0.5345,1.0680,0.1157,0.1321,669382,38441,4735,2048,0,14,1,4.0249,1.0507,0.1041,536.8,1777,7501
3485,mountain_settle,2065.400,9.4462,9.4242,0.0220,2.9747,1.0209,0.5407,1.0619,0.1147,0.1321,665285,34090,4351,8448,0,14,1,4.0177,1.3732,0.0989,536.8,1777,7501
3486,mountain_settle,2065.400,9.3365,9.3109,0.0256,2.3050,0.3502,0.5396,1.0660,0.1147,0.1300,661252,32747,1343,5376,0,14,1,4.0379,1.2444,0.1304,536.8,1777,7501
3487,mountain_settle,2065.400,9.2656,9.2394,0.0262,2.6900,0.7393,0.5335,1.0680,0.1147,0.1290,659779,29612,3135,4608,0,14,1,4.0410,1.0251,0.1124,536.8,1777,7501
3488,mountain_settle,2065.400,9.6134,9.5863,0.0271,3.0648,1.1090,0.5417,1.0619,0.1167,0.1311,658946,24813,4799,5632,0,14,1,4.0177,1.1617,0.0980,536.8,1777,7501
3489,mountain_settle,2065.400,10.1761,10.1488,0.0273,3.0822,1.1295,0.5335,1.0670,0.1147,0.1311,655873,19950,4863,7936,0,14,1,4.0298,1.4032,0.1002,536.8,1777,7501
3490,mountain_settle,2065.400,10.5511,10.5213,0.0298,2.8396,0.8745,0.5437,1.0691,0.1157,0.1331,654464,16239,3711,5120,0,14,1,4.0152,1.3391,0.1266,536.8,1777,7501
3491,mountain_settle,2065.400,10.0688,10.0437,0.0251,3.0372,0.8346,0.7813,1.0680,0.1157,0.1331,650047,12720,3519,7936,0,14,1,4.0222,1.2944,0.1005,536.8,1777,7501
3492,mountain_settle,2065.400,10.0304,10.0063,0.0241,2.8109,1.0004,0.4946,0.9943,0.1055,0.1198,650686,7985,4735,4096,0,14,1,4.0251,1.0783,0.0985,536.8,1777,7501
3493,mountain_settle,2065.400,10.1878,10.1653,0.0225,3.1877,1.0209,0.4936,0.9861,0.4659,0.1239,649085,3186,4799,6400,0,14,1,4.0091,1.2956,0.7613,536.8,1777,7501
3494,mountain_settle,2065.400,9.9633,9.9347,0.0286,2.8631,1.0547,0.4895,0.9912,0.1044,0.1249,652071,5875,4991,2005,0,14,1,4.0185,1.1483,0.5017,536.8,1777,7501
3495,mountain_settle,2065.400,9.1770,9.1539,0.0231,2.8549,1.0404,0.4936,0.9943,0.1055,0.1198,657062,19828,4991,0,0,14,1,4.0113,0.8948,0.6744,536.8,1777,7501
3496,mountain_settle,2065.400,9.6150,9.5916,0.0234,2.8549,1.0435,0.4895,0.9902,0.1065,0.1229,662053,34549,4991,0,0,14,1,4.0272,0.8845,0.4876,536.8,1777,7501
3497,mountain_settle,2065.400,12.3409,12.3144,0.0265,2.2364,0.4219,0.4925,0.9912,0.1075,0.1219,661604,40302,1855,2304,0,14,1,4.0505,1.0358,2.2604,536.8,1777,7501
3498,mountain_settle,2065.400,11.8024,11.7643,0.0381,2.8744,1.0568,0.4966,0.9923,0.1055,0.1208,659107,35375,4927,7424,0,14,1,4.0231,1.6342,0.4752,536.8,1777,7501
3499,mountain_settle,2065.400,10.0013,9.9783,0.0230,2.8365,1.0260,0.5028,0.9841,0.1044,0.1229,655394,30640,4735,8448,0,14,1,4.0115,1.4487,0.4906,536.8,1777,7501
3500,mountain_settle,2065.400,10.9464,10.9173,0.0291,2.4330,0.6103,0.5059,0.9882,0.1055,0.1229,655329,27889,2751,2816,0,14,1,4.0341,1.4609,0.5714,536.8,1777,7501
3501,mountain_settle,2065.400,12.2076,12.1755,0.0321,2.4433,0.6369,0.5007,0.9861,0.1055,0.1208,653856,25010,2879,4352,0,14,1,4.0269,1.3651,0.6782,536.8,1777,7501
3502,mountain_settle,2065.400,10.9587,10.9251,0.0336,2.3081,0.4895,0.5048,0.9912,0.1065,0.1229,652447,22835,2175,3584,0,14,1,4.0490,1.2892,0.6017,536.8,1777,7501
3503,mountain_settle,2065.400,11.0023,10.9395,0.0628,2.5764,0.7506,0.5028,0.9953,0.1075,0.1208,652062,19380,3455,3840,0,14,1,4.0241,0.9996,0.5808,536.8,1777,7501
3504,mountain_settle,2065.400,12.0614,12.0302,0.0312,2.4873,0.6656,0.5059,0.9943,0.1055,0.1208,648669,16373,3007,6400,0,14,1,4.0179,1.4510,0.6434,536.8,1777,7501
3505,mountain_settle,2065.400,11.0753,11.0457,0.0296,2.6337,0.8131,0.5018,0.9943,0.1065,0.1219,647260,12662,3711,5120,0,14,1,4.0327,1.2689,0.5785,536.8,1777,7501
3506,mountain_settle,2065.400,11.2855,11.2612,0.0243,2.4412,0.6205,0.5089,0.9923,0.1055,0.1219,644891,9911,2751,5120,0,14,1,4.0102,1.2919,0.7080,536.8,1777,7501
3507,mountain_settle,2065.400,10.7486,10.7219,0.0267,2.5037,0.6779,0.5069,0.9892,0.1065,0.1219,643354,6840,3071,4608,0,14,1,4.0194,1.2778,1.3940,536.8,1777,7501
3508,mountain_settle,2065.400,10.6030,10.5684,0.0346,2.9440,1.1151,0.5100,0.9994,0.1065,0.1198,644348,2745,5119,4125,0,14,1,4.0127,1.2908,0.4547,536.8,1777,7501
3509,mountain_settle,2065.400,9.7602,9.7350,0.0252,2.4945,0.6564,0.5089,0.9964,0.1065,0.1249,647291,13626,2943,0,0,14,1,4.0372,0.7066,0.5989,536.8,1777,7501
3510,mountain_settle,2065.400,11.0358,11.0118,0.0240,2.6993,0.8714,0.5069,0.9964,0.1085,0.1208,650938,27131,3647,0,0,14,1,4.0215,0.6996,0.5421,536.8,1777,7501
3511,mountain_settle,2065.400,10.0708,10.0402,0.0306,2.8948,1.0578,0.5079,1.0004,0.1055,0.1229,655865,35260,4927,0,0,14,1,4.0182,0.8527,0.5106,536.8,1777,7501
3512,mountain_settle,2065.400,9.8173,9.7952,0.0221,2.9256,1.0957,0.5120,0.9953,0.1055,0.1229,655032,40636,3519,4352,0,14,1,4.0333,1.1754,0.5020,536.8,1777,7501
3513,mountain_settle,2065.400,10.3845,10.3541,0.0304,2.8221,0.9841,0.5181,0.9964,0.1055,0.1219,651895,36093,4543,7680,0,14,1,4.0157,1.3294,0.4341,536.8,1777,7501
3514,mountain_settle,2065.400,12.9626,12.9369,0.0257,2.8078,0.9646,0.5181,0.9902,0.1075,0.1249,648118,31678,4415,8192,0,14,1,4.0453,3.7472,0.6690,536.8,1777,7501
3515,mountain_settle,2065.400,10.7340,10.7126,0.0214,2.5702,0.7322,0.5151,0.9933,0.1065,0.1208,642933,28415,3263,8448,0,14,1,4.0141,1.6076,0.5369,536.8,1777,7501
3516,mountain_settle,2065.400,10.1658,10.1423,0.0235,2.9983,1.1489,0.5212,0.9984,0.1065,0.1229,639476,23168,5247,8704,0,14,1,4.0128,1.5390,0.4412,536.8,1777,7501
3517,mountain_settle,2065.400,11.3134,11.2794,0.0340,2.9563,1.1233,0.5120,0.9964,0.1065,0.1229,638003,17985,5183,6656,0,14,1,4.0141,1.3072,0.4434,536.8,1777,7501
3518,mountain_settle,2065.400,11.9026,11.8769,0.0257,2.8703,1.0148,0.5253,0.9964,0.1065,0.1239,634674,13378,4607,7936,0,14,1,4.0206,1.6585,0.5994,536.8,1777,7501
3519,mountain_settle,2065.400,11.8406,11.8068,0.0338,2.1176,0.2785,0.5140,0.9964,0.1065,0.1249,632497,12227,1151,3328,0,14,1,4.0217,0.9988,0.7346,536.8,1777,7501
3520,mountain_settle,2065.400,11.5181,11.4843,0.0338,3.0915,1.2329,0.5222,1.0025,0.1055,0.1229,636186,13572,5823,2134,0,14,1,4.0201,1.1356,0.4557,536.8,1777,7501
3521,mountain_settle,2065.400,10.7905,10.7655,0.0250,2.4801,0.6226,0.5243,0.9943,0.1065,0.1260,639065,28357,2879,0,0,14,1,4.0745,0.7945,0.5133,536.8,1777,7501
3522,mountain_settle,2065.400,10.1863,10.1628,0.0235,3.0372,1.1930,0.5192,0.9953,0.1055,0.1239,644184,44486,5119,0,0,14,1,4.0243,0.7948,0.4825,536.8,1777,7501
3523,mountain_settle,2065.400,9.5536,9.5287,0.0249,2.7658,0.8899,0.5417,0.9923,0.1167,0.1249,644247,48204,4159,4096,0,14,1,4.0335,1.0092,0.4399,536.8,1777,7501
3524,mountain_settle,2065.400,10.9468,10.9247,0.0221,3.3393,1.2851,0.6052,1.0424,0.1065,0.1997,640918,43341,4863,8192,0,14,1,4.0186,1.8767,0.5206,536.8,1777,7501
3525,mountain_settle,2065.400,10.6260,10.6019,0.0241,3.3270,1.1039,0.6799,1.0875,0.1075,0.2478,637653,38158,5183,8448,0,14,1,4.0257,1.5009,0.4432,536.8,1777,7501
3526,mountain_settle,2065.400,9.8111,9.7880,0.0231,3.3987,1.0107,0.7281,1.1346,0.1075,0.3113,635476,33423,4735,6912,0,14,1,4.0270,1.3134,0.4402,536.8,1777,7501
3527,mountain_settle,2065.400,10.5171,10.4960,0.0211,4.4575,1.3865,0.7997,1.5145,0.3226,0.3277,631891,28048,5375,8960,0,14,1,4.0068,1.5430,0.5986,536.8,1777,7501
3528,mountain_settle,2065.400,10.5578,10.5332,0.0246,3.3034,0.7188,0.8591,1.1868,0.1055,0.3277,627986,24785,3263,7168,0,14,1,4.0314,1.2262,0.5183,536.8,1777,7501
3529,mountain_settle,2065.400,10.5063,10.4759,0.0304,3.3526,0.7322,0.8858,1.1919,0.1075,0.3379,624657,21458,3327,6656,0,14,1,4.0136,1.1735,0.5723,536.8,1777,7501
3530,mountain_settle,2065.400,10.8818,10.8538,0.0280,3.9547,0.9800,0.8735,1.5544,0.1065,0.3348,624080,16915,4543,5120,0,14,1,4.0094,1.2661,0.4714,536.8,1935,7501
3531,mountain_settle,2065.400,9.7969,9.7599,0.0370,3.4478,0.8131,0.8806,1.2114,0.1055,0.3277,626473,17876,3903,1510,0,14,1,4.0285,0.9957,0.5450,536.8,1935,7501
3532,mountain_settle,2065.400,9.4728,9.4480,0.0248,3.1611,0.5284,0.8755,1.2165,0.1065,0.3256,628968,25365,2495,0,0,14,1,4.0174,0.6675,0.6700,536.8,1935,7501
3533,mountain_settle,2065.400,11.8241,11.7991,0.0250,3.5246,0.8694,0.8755,1.2114,0.1075,0.3533,633191,37014,4223,0,0,14,1,4.0243,0.7277,0.4580,536.8,1935,7501
3534,mountain_settle,2065.400,10.0044,9.9730,0.0314,3.1140,0.4127,0.8796,1.2063,0.1075,0.4004,635110,39191,1919,0,0,14,1,4.0221,0.5734,0.6197,536.8,1935,7501
3535,mountain_settle,2065.400,12.3460,12.2878,0.0582,3.7571,1.0209,0.9165,1.2022,0.1075,0.4035,640101,52888,4991,0,0,14,1,4.0369,1.3622,0.4539,536.8,1935,7501
3536,mountain_settle,2065.400,10.5156,10.4904,0.0252,4.1923,1.0783,1.0189,1.2339,0.1055,0.6492,637540,48216,5119,7680,0,14,1,4.0081,1.3938,0.5571,536.8,1935,7501
3537,mountain_settle,2065.400,12.4903,12.4573,0.0330,3.7704,0.8018,1.0516,1.2626,0.1075,0.4454,637219,44441,3775,4096,0,14,1,4.0556,1.0013,0.4443,536.8,1935,7501
3538,mountain_settle,2065.400,10.7690,10.7372,0.0318,4.0980,1.0496,1.0977,1.2657,0.1075,0.4772,633442,39514,4927,8704,0,14,1,4.0191,1.7404,0.4646,536.8,1935,7501
3539,mountain_settle,2065.400,9.6948,9.6668,0.0280,3.8359,0.7107,1.1448,1.2698,0.1106,0.4987,631329,36251,3263,5376,0,14,1,4.0142,1.0485,0.4560,536.8,1935,7501
3540,mountain_settle,2065.400,10.3689,10.3449,0.0240,3.8984,0.7731,1.1387,1.2616,0.1137,0.5018,627680,33756,2495,6144,0,14,1,4.0303,1.2900,0.6773,536.8,1935,7501
3541,mountain_settle,2065.400,11.5518,11.5130,0.0388,4.2404,1.0127,1.2145,1.2585,0.1198,0.5335,623967,29021,4735,8448,0,14,1,4.0201,1.3422,0.4752,536.8,1935,7501
3542,mountain_settle,2065.400,10.6990,10.6643,0.0347,4.1738,0.9001,1.2360,1.2677,0.1167,0.5448,622750,24862,4159,5376,0,14,1,4.0193,1.1941,0.4603,536.8,1935,7501
3543,mountain_settle,2065.400,10.7595,10.7364,0.0231,3.9639,0.6431,1.2687,1.2800,0.1188,0.5509,618525,21919,2943,7168,0,14,1,4.0450,1.2805,0.6739,536.8,1935,7501
3544,mountain_settle,2065.400,11.9136,11.8868,0.0268,4.2895,0.9267,1.2995,1.2974,0.1178,0.5478,618988,17824,4351,3888,0,14,1,4.0180,1.2920,0.4744,536.8,1935,7501
3545,mountain_settle,2065.400,11.1619,11.1330,0.0289,4.7176,1.1510,1.2892,1.2882,0.1167,0.7700,624043,30177,5055,0,0,14,1,4.0259,0.8149,0.4477,536.8,1935,7501
3546,mountain_settle,2065.400,10.0631,10.0393,0.0238,4.0899,0.7322,1.3087,1.2974,0.1219,0.5212,627498,45154,3455,0,0,14,1,4.0222,0.6826,0.6614,536.8,1935,7501
3547,mountain_settle,2065.400,10.5418,10.5119,0.0299,3.7243,0.4076,1.2943,1.2861,0.1219,0.5089,629353,59427,1855,0,0,14,1,4.3316,0.5725,0.5816,536.8,1935,7501
3548,mountain_settle,2065.400,9.3689,9.3458,0.0231,4.4759,1.0854,1.3537,1.2605,0.1208,0.5468,627944,55907,5247,6656,0,14,1,4.0220,1.2477,0.4262,536.8,1935,7501
3549,mountain_settle,2065.400,11.0835,11.0609,0.0226,5.0422,1.2954,1.4828,1.3281,0.1444,0.6892,623975,50660,5247,9216,0,14,1,4.0185,1.7886,0.5694,536.8,1935,7501
3550,mountain_settle,2065.400,10.1063,10.0754,0.0309,5.0217,1.0670,1.5688,1.4264,0.1423,0.7137,619942,45477,5183,9216,0,14,1,4.0110,1.6715,0.4384,536.8,1935,7501
3551,mountain_settle,2065.400,9.2845,9.2619,0.0226,4.9132,0.8223,1.6282,1.4807,0.1454,0.7291,618021,41510,3967,5888,0,14,1,4.0215,1.0942,0.4304,536.8,1935,7501
3552,mountain_settle,2065.400,10.2413,10.2196,0.0217,5.8440,1.0885,2.2180,1.5237,0.1526,0.7506,614052,36263,5247,9216,0,14,1,4.0161,1.6089,0.4584,536.8,1935,7501
3553,mountain_settle,2065.400,10.6285,10.5940,0.0345,5.3709,0.9779,1.7961,1.5729,0.1567,0.7619,610275,31592,4671,8448,0,14,1,4.0264,1.3892,0.5142,536.8,1935,7501
3554,mountain_settle,2065.400,9.7288,9.7071,0.0217,5.3043,0.8438,1.8217,1.5974,0.1577,0.7731,608162,27561,4031,6144,0,14,1,4.0194,1.2572,0.6199,536.8,1935,7501
3555,mountain_settle,2065.400,9.1223,9.0993,0.0230,6.0559,1.0957,1.8145,1.8381,0.1546,1.0455,611773,31658,5631,2020,0,14,1,4.0109,1.1829,0.4312,536.8,1935,7501
3556,mountain_settle,2065.400,9.6253,9.6008,0.0245,4.9224,0.5509,1.8278,1.5677,0.1587,0.6984,614524,42219,2751,0,0,14,1,4.0274,0.6061,0.4763,536.8,1935,7501
3557,mountain_settle,2065.400,9.6807,9.6567,0.0240,5.4804,0.9748,2.0132,1.5852,0.1567,0.6369,619259,58476,4735,0,0,14,1,4.0205,0.7928,0.4383,536.8,1935,7501
3558,mountain_settle,2065.400,10.0269,9.9929,0.0340,5.4415,0.8387,2.0746,1.6128,0.1608,0.6482,622970,64440,3967,256,0,14,1,4.0098,0.7920,0.4459,536.8,1935,7501
3559,mountain_settle,2065.400,11.5999,11.5189,0.0810,6.0170,0.8161,2.6071,1.6599,0.1618,0.6584,622137,61689,2751,3584,0,14,1,4.0292,1.3148,0.5944,536.8,1935,7501
3560,mountain_settle,2065.400,10.1038,10.0754,0.0284,5.5153,0.6615,2.1883,1.7285,0.1618,0.6687,620152,58554,3135,5120,0,14,1,4.0142,1.4051,0.5487,536.8,1935,7501
3561,mountain_settle,2065.400,10.1488,10.1237,0.0251,5.8348,0.8428,2.2477,1.7644,0.1638,0.7045,617655,54395,4159,6656,0,14,1,4.0234,1.2374,0.4478,536.8,1935,7501
3562,mountain_settle,2065.400,11.3218,11.2914,0.0304,6.1317,0.6205,2.7576,1.7766,0.1669,0.6994,614326,52604,1791,5120,0,14,1,4.0384,1.2873,0.7548,536.8,1935,7501
3563,mountain_settle,2065.400,9.7438,9.7216,0.0222,6.0436,0.9492,2.3235,1.7879,0.1669,0.7014,610293,47933,4671,8704,0,14,1,4.0096,1.6466,0.4363,536.8,1935,7501
3564,mountain_settle,2065.400,9.0755,9.0539,0.0216,5.8767,0.7424,2.3460,1.8063,0.1700,0.7076,607796,44286,3647,6144,0,14,1,4.0162,1.1074,0.4559,536.8,1935,7501
3565,mountain_settle,2065.400,10.4507,10.4283,0.0224,7.0984,0.9677,2.9430,2.1985,0.1690,0.7055,603635,39487,4799,8960,0,14,1,4.0247,1.4906,0.4312,536.8,1935,7501
3566,mountain_settle,2065.400,10.3759,10.3503,0.0256,5.9965,0.8356,2.3624,1.8115,0.1669,0.7066,601842,35392,4095,5888,0,14,1,4.0172,1.1810,0.5246,536.8,1935,7501
3567,mountain_settle,2065.400,10.1416,10.1002,0.0414,5.8348,0.6676,2.3562,1.8278,0.1659,0.7055,600945,32193,3199,4096,0,14,1,4.0174,1.3656,0.5639,536.8,1935,7501
3568,mountain_settle,2065.400,9.7293,9.7029,0.0264,6.2239,0.7731,2.3900,1.8043,0.1700,0.9708,602433,31298,3711,2223,0,14,1,4.0364,1.0081,0.5548,536.8,1935,7501
3569,mountain_settle,2065.400,9.3909,9.3636,0.0273,6.1338,0.9595,2.3706,1.8156,0.1690,0.7096,606016,44099,3583,0,0,14,1,4.0371,0.7763,0.4966,536.8,1935,7501
3570,mountain_settle,2065.400,10.6568,10.6327,0.0241,7.6544,0.7270,4.1503,1.8094,0.1669,0.6892,609599,58180,3583,0,0,14,1,4.0324,1.1324,0.9637,536.8,1935,7501
3571,mountain_settle,2065.400,9.0633,9.0391,0.0242,7.9350,0.9851,4.1533,1.8258,0.1690,0.6840,613246,70608,4671,1024,0,14,1,4.0169,0.7553,0.4701,536.8,1935,7501
3573,mountain_settle,2065.400,11.0713,11.0413,0.0300,7.5315,0.7107,4.0653,1.7900,0.1659,0.6902,607804,64018,3583,4864,0,14,1,4.0104,1.7139,0.6696,536.8,1935,7501
3574,mountain_settle,2065.400,10.9258,10.9012,0.0246,7.6534,0.5734,4.0632,2.0623,0.1628,0.6810,605499,61203,2815,5120,0,14,1,4.0207,1.2211,0.5342,536.8,1935,7501
3575,mountain_settle,2065.400,8.9604,8.9382,0.0222,8.9262,0.8110,5.3821,1.7838,0.1669,0.6707,602170,57108,4095,7424,0,14,1,4.0102,1.4177,0.4672,536.8,1935,7501
3576,mountain_settle,2065.400,10.3897,10.3633,0.0264,8.0425,0.5837,4.0591,2.1903,0.1638,0.9288,600505,54165,2943,4608,0,14,1,4.0462,1.2021,0.5394,536.8,1935,7501
3577,mountain_settle,2065.400,10.0026,9.9819,0.0207,7.6954,0.8694,4.0735,1.7920,0.1649,0.6861,596472,49750,4415,8448,0,14,1,4.0214,1.3859,0.7879,536.8,1935,7501
3578,mountain_settle,2065.400,10.7171,10.6926,0.0245,8.6026,0.9708,4.4052,2.2702,0.1659,0.6779,592503,44759,4991,8960,0,14,1,4.0277,1.6092,0.4574,536.8,1935,7501
3579,mountain_settle,2065.400,10.6274,10.6012,0.0262,7.4240,0.6021,4.0561,1.8002,0.1659,0.6861,590390,41752,3007,5120,0,14,1,4.0222,1.0548,0.5144,536.8,1950,7501
3580,mountain_settle,2065.400,9.8010,9.7751,0.0259,7.6667,0.8509,4.0663,1.7807,0.1649,0.6779,590806,37337,4415,3999,0,14,1,4.0097,1.3187,0.7022,536.8,1950,7501
3581,mountain_settle,2065.400,9.7060,9.6837,0.0223,8.5893,0.9595,4.0571,2.2712,0.1638,1.0168,596053,53338,5247,0,0,14,1,4.0194,0.9188,0.4555,536.8,1950,7501
3582,mountain_settle,2065.400,10.5931,10.5661,0.0270,7.6073,0.6175,4.2394,1.7869,0.1649,0.6799,599316,67995,3263,0,0,14,1,4.0277,0.7601,0.5909,536.8,1950,7501
3584,mountain_settle,2065.400,12.7893,12.7657,0.0236,7.4926,0.4987,4.2383,1.7961,0.1659,0.6738,600210,75501,2559,4608,0,14,1,4.0780,1.0418,0.5904,536.8,1950,7501
3585,mountain_settle,2065.400,11.8542,11.8180,0.0362,7.3329,0.3533,4.2271,1.7930,0.1649,0.6748,598161,73710,1791,3840,0,14,1,4.0364,1.0837,0.6106,536.8,1950,7501
3586,mountain_settle,2065.400,10.6092,10.5820,0.0272,8.3917,0.7844,4.8517,1.7930,0.1669,0.6769,596432,70831,2879,4608,0,14,1,4.0188,0.9708,0.5257,536.8,1950,7501
3587,mountain_settle,2065.400,10.6278,10.5951,0.0327,7.7588,0.7660,4.2363,1.7961,0.1690,0.6738,593935,66672,4159,6656,0,14,1,4.0353,1.2236,0.4379,536.8,1950,7501
3589,mountain_settle,2065.400,10.7900,10.7595,0.0305,7.7967,0.7967,4.2312,1.7930,0.1669,0.6892,588941,57586,4351,6656,0,14,1,4.0086,1.2422,0.4972,536.8,1950,7501
3590,mountain_settle,2065.400,11.3318,11.3060,0.0258,7.5704,0.5806,4.2291,1.7961,0.1690,0.6779,585932,54451,3135,6144,0,14,1,4.0109,1.0825,0.4385,536.8,1950,7501
3591,mountain_settle,2065.400,11.0804,11.0530,0.0274,8.6344,0.6042,5.2972,1.7797,0.1659,0.6697,583243,51252,3199,5888,0,14,1,4.0118,1.1810,0.5730,536.8,1950,7501
3592,mountain_settle,2065.400,9.5126,9.4892,0.0234,7.7742,0.7772,4.2271,1.8094,0.1669,0.6748,581578,47029,4223,5888,0,14,1,4.0185,1.1319,0.4714,536.8,1950,7501
3593,mountain_settle,2065.400,9.5593,9.5398,0.0195,7.6759,0.6748,4.2312,1.8084,0.1638,0.6748,581873,47862,3519,3224,0,14,1,4.0171,1.0461,0.4382,536.8,1950,7501
3594,mountain_settle,2065.400,9.2451,9.2179,0.0272,9.0255,1.0424,5.2193,1.7971,0.1649,0.6810,586928,64567,5055,0,0,14,1,4.0139,0.7394,0.4277,536.8,1950,7501
3595,mountain_settle,2065.400,9.1198,9.0948,0.0250,7.6708,0.5417,4.3592,1.7981,0.1731,0.6779,589615,76472,2687,0,0,14,1,4.0334,0.5964,0.5537,536.8,1950,7501
3596,mountain_settle,2065.400,10.0822,10.0558,0.0264,7.6657,0.5714,4.3551,1.7838,0.1628,0.6738,591790,86770,2943,768,0,14,1,4.0289,0.7156,0.5196,536.8,1950,7501
3597,mountain_settle,2065.400,11.0634,11.0255,0.0379,8.1408,0.3461,4.6879,2.1432,0.1649,0.6830,589485,84979,1791,4096,0,14,1,4.0583,1.1054,0.5819,536.8,1950,7501
3598,mountain_settle,2065.400,11.0237,10.9924,0.0313,7.5633,0.4536,4.3622,1.7838,0.1669,0.6769,584684,82612,2367,7168,0,14,1,4.0527,1.4906,0.6608,536.8,1950,7501
3599,mountain_settle,2065.400,10.2920,10.2684,0.0236,7.9421,0.8090,4.3612,1.7900,0.1761,0.6840,580971,78133,4479,8192,0,14,1,4.0083,1.7500,0.5419,536.8,1950,7501
3601,mountain_settle,2065.400,10.2197,10.1988,0.0209,8.0865,0.9503,4.3633,1.7889,0.1669,0.6963,573929,72375,3199,7680,0,14,1,4.0131,1.6002,0.6461,536.8,1950,7501
3603,mountain_settle,2065.400,9.3875,9.3655,0.0220,7.9852,0.8858,4.3469,1.7879,0.1659,0.6758,567975,64505,4863,8448,0,14,1,4.0152,1.4985,0.4371,536.8,1950,7501
3604,mountain_settle,2065.400,11.2939,11.2703,0.0236,8.2442,1.0988,4.3571,1.8043,0.1751,0.6820,567142,59706,4799,5632,0,14,1,4.0218,1.2777,0.4693,536.8,1950,7501
3605,mountain_settle,2065.400,9.4625,9.4352,0.0273,7.7568,0.6277,4.3571,1.7961,0.1741,0.6789,567461,56315,3391,3072,0,14,1,4.0250,1.0237,0.5447,536.8,1950,7501
3606,mountain_settle,2065.400,8.6799,8.6581,0.0218,7.5346,0.4291,4.3469,1.7859,0.1638,0.6779,568845,61692,2559,1175,0,14,1,4.0262,0.7786,0.5221,536.8,1950,7501
3607,mountain_settle,2065.400,9.4130,9.3911,0.0219,9.0286,0.8294,5.2337,1.9999,0.1649,0.6779,573964,78333,5119,0,0,14,1,4.0123,1.1462,0.5563,536.8,1950,7501
3608,mountain_settle,2065.400,9.8472,9.8212,0.0260,7.8397,0.6390,4.4513,1.7879,0.1649,0.6728,577611,84926,3647,0,0,14,1,4.0296,0.7687,0.6081,536.8,1950,7501
3609,mountain_settle,2065.400,9.3569,9.3318,0.0251,7.6052,0.3789,4.4483,1.8043,0.1659,0.6871,579466,96840,2111,256,0,14,1,4.0108,0.4998,0.6134,536.8,1950,7501
3610,mountain_settle,2065.400,10.0818,10.0566,0.0252,8.7992,0.7875,4.4421,2.5917,0.1772,0.6748,574281,92297,4543,9728,0,14,1,4.0235,1.5138,0.4428,536.8,1950,7501
3611,mountain_settle,2065.400,10.5370,10.5133,0.0237,8.0026,0.8233,4.4390,1.7828,0.1649,0.6717,569288,87562,4735,9728,0,14,1,4.0200,1.4630,0.5662,536.8,1950,7501
3612,mountain_settle,2065.400,9.7516,9.7242,0.0274,7.7128,0.5315,4.4462,1.7807,0.1659,0.6676,566919,84555,3007,5376,0,14,1,4.0352,1.2476,0.5124,536.8,1950,7501
3613,mountain_settle,2065.400,8.7397,8.7172,0.0225,8.2237,0.5601,4.4401,1.9907,0.1649,0.9513,565953,86988,3199,4165,0,14,1,4.0134,1.0765,0.4457,536.8,1950,7501
3614,mountain_settle,2065.400,9.1557,9.1300,0.0257,7.8162,0.6083,4.4442,1.7961,0.1659,0.6799,569536,101069,3583,0,0,14,1,4.0253,0.6854,0.5095,536.8,1950,7501
3615,mountain_settle,2065.400,9.3102,8.2697,1.0405,7.2581,0.0594,4.4554,1.7797,0.1700,0.6717,569663,109902,127,0,0,14,1,4.0425,0.2924,0.6202,536.8,1950,7501
3616,mountain_settle,2065.400,10.9584,9.8208,1.1376,7.5233,0.2959,4.4616,1.7961,0.1669,0.6697,571326,123343,1663,0,0,14,1,4.0240,0.4863,0.7096,536.8,1950,7501
3617,mountain_settle,2065.400,11.2628,11.2028,0.0600,8.7163,0.8786,5.0862,1.7797,0.1659,0.6769,575485,135848,4159,0,0,14,1,4.0294,0.8356,0.4631,536.8,1950,7501
3618,mountain_settle,2065.400,11.2171,11.1907,0.0264,8.3999,1.1848,4.4483,1.7889,0.1659,0.6820,583548,129955,8063,0,0,14,1,4.0124,1.9420,0.5745,536.8,1950,7501
3619,mountain_settle,2065.400,10.4759,10.4514,0.0245,8.3599,1.1622,4.4544,1.7746,0.1628,0.6717,591355,122148,7807,0,0,14,1,4.0328,1.4768,0.5106,536.8,1950,7501
3620,mountain_settle,2065.400,11.1065,11.0621,0.0444,9.3348,1.8657,4.4564,1.7930,0.1669,0.6779,602362,111141,11007,0,0,14,1,4.0240,1.5937,0.5644,536.8,1950,7501
3621,mountain_settle,2065.400,10.7619,10.7364,0.0255,8.3794,1.1377,4.4646,1.7961,0.1638,0.6840,609849,103654,7487,0,0,14,1,4.0223,1.5485,0.6480,536.8,1950,7501
3622,mountain_settle,2065.400,10.1508,10.1294,0.0214,8.9027,1.6660,4.4616,1.8012,0.1690,0.6758,620920,92583,11071,0,0,14,1,4.0320,1.4495,0.5189,536.8,1950,7501
3623,mountain_settle,2065.400,10.7082,10.6794,0.0288,9.2170,1.9937,4.4534,1.8012,0.1649,0.6738,631863,81640,10943,0,0,14,1,4.0209,1.4989,0.7834,536.8,1950,7501
3624,mountain_settle,2065.400,12.6187,9.7312,2.8875,8.8965,1.6732,4.4605,1.7951,0.1638,0.6728,642358,71145,10495,0,0,14,1,4.0170,1.4298,0.9145,536.8,1950,7501
3625,mountain_settle,2065.400,12.4524,10.1219,2.3305,9.2928,1.3568,4.8005,2.1494,0.1659,0.6799,650037,63466,7679,0,0,14,1,4.0283,1.3187,0.7295,536.8,1950,7501
3626,mountain_settle,2065.400,12.1984,12.1260,0.0724,8.4204,1.1868,4.4687,1.7910,0.1690,0.6748,656628,56875,6591,0,0,14,1,4.0161,1.1552,1.2812,536.8,1950,7501
3628,mountain_settle,2065.400,15.5578,15.5348,0.0230,6.9274,1.7992,2.1391,1.7889,0.1628,0.9462,672178,41325,9983,0,0,14,1,4.0330,1.7973,6.3325,536.8,1950,7501
3629,mountain_settle,2065.400,14.3856,14.3601,0.0255,6.7482,1.8299,2.1862,1.7869,0.1659,0.6758,681585,31918,9407,0,0,14,1,4.0133,1.3516,4.7638,536.8,1950,7501
3630,mountain_settle,2065.400,12.7507,12.7256,0.0251,6.8045,1.8739,2.1729,1.8012,0.1669,0.6851,691632,21871,10047,0,0,14,1,4.0251,1.4977,3.4966,536.8,1950,7501
3631,mountain_settle,2065.400,11.8921,11.8678,0.0243,7.3339,1.5565,2.5528,2.2856,0.1669,0.6707,699311,14192,7679,0,0,14,1,4.0233,1.3620,2.4872,536.8,1950,7501
3632,mountain_settle,2065.400,10.0589,10.0381,0.0208,6.6580,1.7326,2.1791,1.7971,0.1669,0.6748,708718,4785,9407,0,0,14,1,4.0272,1.4122,0.7903,536.8,1950,7501
3633,mountain_settle,2065.400,6.2614,6.2383,0.0231,5.7457,0.8284,2.1852,1.7859,0.1659,0.6810,713503,0,4785,0,0,14,1,1.7476,0.8255,0.0959,536.8,1950,7501
3634,mountain_settle,2065.400,5.6331,5.6108,0.0223,4.9234,0.0031,2.1862,1.7900,0.1649,0.6758,713503,0,0,0,0,14,1,0.0086,0.0008,0.0967,536.8,1950,7501
3636,mountain_settle,2065.400,6.8228,6.7852,0.0376,4.9142,0.0031,2.1801,1.7900,0.1679,0.6707,713503,0,0,0,0,14,1,0.0086,0.0008,0.0924,536.8,1950,7501
3637,audit,2065.400,4.3666,4.3647,0.0019,4.9408,0.0031,2.1924,1.8022,0.1659,0.6748,713503,0,0,0,0,14,1,0.0068,0.0005,0.0916,536.8,1950,7501
3638,mountain_flight,2065.000,3.6413,3.6399,0.0014,4.9193,0.0031,2.1811,1.8043,0.1649,0.6707,713503,0,0,0,0,14,1,0.0211,0.0006,0.0857,536.8,1950,7501
3639,mountain_flight,2064.700,4.5566,4.5539,0.0027,4.9009,0.0031,2.1719,1.7920,0.1669,0.6717,713503,0,0,0,0,14,1,0.0331,0.0008,0.1008,536.8,1950,7501
3640,mountain_flight,2064.300,13.6576,6.5538,7.1038,5.2337,0.3768,2.1647,1.7725,0.1679,0.6636,715230,2957,1727,0,0,14,1,1.5442,0.5231,0.4749,536.8,1950,7501
3641,mountain_flight,2064.100,13.7715,7.7608,6.0107,5.3453,0.4772,2.1535,1.7900,0.1638,0.6728,717405,782,2175,0,0,14,1,1.6429,0.6806,0.3236,536.8,1950,7501
3642,mountain_flight,2064.100,10.4706,5.7840,4.6866,5.1128,0.2765,2.1443,1.7674,0.1679,0.6697,718556,4495,1151,0,0,14,1,1.5493,0.5234,0.1352,536.8,1950,7501
3643,mountain_flight,2064.100,14.0711,7.4031,6.6680,5.3094,0.4659,2.1514,1.7746,0.1659,0.6636,720667,10064,2111,0,0,14,1,1.6737,0.5377,0.0995,536.8,1950,7501
3644,mountain_flight,2064.100,15.5843,9.5918,5.9925,5.9761,0.3256,2.1453,2.5846,0.1710,0.6625,722074,15057,1407,0,0,14,1,1.8410,0.4906,0.1776,536.8,1950,7501
3645,mountain_flight,2064.400,12.5343,7.7463,4.7880,5.4149,0.5304,2.1740,1.7807,0.1690,0.6707,724505,19026,2431,0,0,14,1,1.9999,0.5543,0.1270,536.8,1950,7501
3646,mountain_flight,2064.400,12.0179,6.5419,5.4760,6.1348,0.8233,2.5979,1.7930,0.1638,0.6646,727128,26530,2623,0,0,14,1,2.1100,0.5612,0.0907,536.8,1950,7501
3647,mountain_flight,2064.400,10.5618,6.2281,4.3337,5.3473,0.5048,2.1320,1.7930,0.1628,0.6646,729431,35747,2303,0,0,14,1,2.3548,0.5691,0.1041,536.8,1950,7501
3648,mountain_flight,2064.300,13.0100,8.3691,4.6409,5.3955,0.5478,2.1473,1.7766,0.1608,0.6738,731926,37428,2495,0,0,14,1,2.6399,0.6238,0.1313,536.8,1950,7501
3649,mountain_flight,2064.300,18.9991,8.7141,10.2850,5.3135,0.4669,2.1299,1.7787,0.1608,0.6871,734037,39048,2111,0,0,14,1,2.6987,0.8197,0.2500,536.8,1950,7501
3650,mountain_flight,2064.000,13.7302,9.1042,4.6260,5.5972,0.7270,2.1658,1.7859,0.1618,0.6676,737428,35752,3391,0,0,14,1,2.8645,1.1336,0.1882,536.8,1950,7501
3651,mountain_flight,2063.900,15.7123,7.5334,8.1789,5.9976,1.1223,2.1647,1.7869,0.1649,0.6687,742654,30725,5311,85,0,14,1,2.6292,0.9025,0.1022,536.8,1950,7501
3652,mountain_flight,2063.900,14.1640,8.1891,5.9749,5.4661,0.6031,2.1596,1.7797,0.1649,0.6676,745405,27974,2751,0,0,14,1,2.5130,0.8124,0.1530,536.8,1950,7501
3653,mountain_flight,2063.900,15.6590,8.4347,7.2243,5.7426,0.8550,2.1412,1.8002,0.1669,0.6810,749436,23943,4031,0,0,14,1,2.3983,1.0824,0.1849,536.8,1950,7501
3654,mountain_flight,2063.700,12.0073,7.0056,5.0017,5.2224,0.3482,2.1453,1.7889,0.1669,0.6820,749788,23287,1535,1183,0,14,1,2.2667,0.6388,0.1084,536.8,1950,7501
3655,mountain_flight,2063.500,14.1853,7.6351,6.5502,5.7539,0.6390,2.1432,2.0460,0.1638,0.6707,752795,20280,3007,0,0,14,1,2.2470,0.8863,0.1434,536.8,1950,7501
3656,mountain_flight,2063.500,16.6725,9.5776,7.0949,4.9039,0.0573,2.1453,1.7797,0.1659,0.6666,752367,22805,63,491,0,14,1,2.3862,0.4375,1.1059,536.8,1950,7501
3657,mountain_flight,2063.300,13.0935,8.6730,4.4205,5.1538,0.3031,2.1340,1.7828,0.1638,0.6820,751863,22771,1343,1847,0,14,1,2.2421,0.6663,1.1064,536.8,1950,7501
3658,mountain_flight,2063.400,11.4076,6.9561,4.4515,5.7518,0.8827,2.1514,1.7838,0.1649,0.6769,755723,18761,4223,363,0,14,1,2.3186,0.9209,0.8359,536.8,1950,7501
3659,mountain_flight,2063.700,13.8954,9.1957,4.6997,5.4692,0.6072,2.1494,1.7910,0.1659,0.6636,757516,16982,2815,1022,0,14,1,2.1012,1.0866,1.8952,536.8,1950,7501
3660,mountain_flight,2063.900,13.6976,9.3553,4.3423,5.8655,0.7875,2.1443,2.0122,0.1638,0.6676,759885,13960,3711,1342,0,14,1,2.0452,0.8108,0.7473,536.8,1950,7501
3661,mountain_flight,2063.900,12.5779,7.2340,5.3439,5.4221,0.5673,2.1422,1.7879,0.1638,0.6707,762101,13185,2559,343,0,14,1,1.9811,0.6822,1.1469,536.8,1950,7501
3662,mountain_flight,2064.100,11.5837,7.2355,4.3482,5.8440,0.9769,2.1432,1.7818,0.1638,0.6881,766708,8578,4607,0,0,14,1,1.9419,0.8434,0.6908,536.8,1950,7501
3663,mountain_flight,2064.200,11.8303,7.5397,4.2906,6.5464,0.9308,2.8959,1.7940,0.1649,0.6707,771123,4163,4415,0,0,14,1,1.7959,0.9315,0.9992,536.8,1950,7501
3664,mountain_flight,2064.200,15.2024,8.7845,6.4179,5.1866,0.2918,2.1729,1.8002,0.1669,0.6676,771003,4503,1279,1399,0,14,1,1.6768,0.6459,0.5859,536.8,1950,7501
3665,mountain_flight,2064.100,10.9414,6.2692,4.6722,5.2890,0.4250,2.1658,1.7756,0.1628,0.6697,770909,4600,1919,2013,0,14,1,1.6509,0.6420,0.7743,536.8,1950,7501
3666,mountain_flight,2064.000,10.8107,6.4354,4.3753,5.3893,0.4956,2.1647,1.7920,0.1628,0.6861,772262,2523,2303,950,0,14,1,1.6564,0.9292,0.6068,536.8,1950,7501
3667,mountain_flight,2063.900,10.8794,6.5697,4.3097,5.2982,0.4270,2.1627,1.7818,0.1638,0.6738,773249,1779,1919,932,0,14,1,1.5904,0.7212,0.4283,536.8,1950,7501
3668,mountain_flight,2063.700,11.6018,5.7600,5.8418,5.3402,0.4649,2.1699,1.7807,0.1628,0.6728,774371,648,2175,1053,0,14,1,1.5903,0.6517,0.2363,536.8,1950,7501
3669,mountain_flight,2063.700,14.8783,8.8284,6.0499,5.0319,0.1608,2.1658,1.7746,0.1628,0.6810,775019,0,648,0,0,14,1,0.7890,0.4331,0.1452,536.8,1950,7501
3670,mountain_flight,2063.900,10.9232,6.6149,4.3083,5.5071,0.6164,2.1760,1.7900,0.1659,0.6707,777587,1138,2879,311,0,14,1,1.5158,0.9235,0.4151,536.8,1950,7501
3671,mountain_flight,2064.100,17.4312,8.4780,8.9532,4.9572,0.0594,2.1893,1.7828,0.1649,0.6707,776297,2086,63,1353,0,14,1,2.1934,0.9122,0.5911,536.8,1950,7501
3672,mountain_flight,2064.300,10.2238,5.8774,4.3464,5.3852,0.5038,2.1862,1.7705,0.1608,0.6748,777385,1757,2303,1215,0,14,1,1.5815,0.6507,0.3970,536.8,1950,7501
3673,mountain_flight,2064.500,14.6361,8.3317,6.3044,5.0719,0.1792,2.1873,1.7787,0.1659,0.6728,776040,1054,703,2048,0,14,1,1.6087,0.7471,0.4580,536.8,1950,7501
3674,mountain_flight,2064.600,13.6681,6.6031,7.0650,5.1712,0.2478,2.1883,1.7992,0.1638,0.6810,775046,0,1054,2048,0,14,1,1.4569,0.7255,0.1513,536.8,1950,7501
3675,mountain_flight,2064.600,10.6640,6.2585,4.4055,4.9582,0.0594,2.1924,1.7920,0.1628,0.6625,773065,1633,63,2044,0,14,1,1.5804,0.7128,0.3955,536.8,1950,7501
3676,mountain_flight,2064.500,12.9428,6.4889,6.4539,6.0303,0.4598,2.5098,2.1402,0.1608,0.6687,774962,3952,2111,214,0,14,1,1.5818,0.5184,0.2574,536.8,1950,7501
3677,mountain_flight,2064.300,18.0946,9.5762,8.5184,5.3012,0.3840,2.1924,1.7920,0.1649,0.6769,775753,3329,1727,936,0,14,1,1.6473,0.6339,1.1409,536.8,1950,7501
3678,mountain_flight,2064.300,13.2706,6.8736,6.3970,5.5634,0.3881,2.1780,2.0593,0.1659,0.6820,777544,1538,1791,0,0,14,1,1.6502,0.6329,0.4292,536.8,1950,7501
3679,mountain_flight,2064.600,13.0806,8.1707,4.9099,4.9428,0.0604,2.1658,1.7859,0.1649,0.6748,775559,1475,63,2048,0,14,1,1.7276,0.6089,0.4093,536.8,1950,7501
3680,mountain_flight,2064.600,11.5270,5.3281,6.1989,5.2521,0.3400,2.1770,1.8063,0.1618,0.6748,773962,0,1475,3072,0,14,1,1.4721,0.6775,0.0943,536.8,1950,7501
3681,mountain_flight,2064.600,10.5173,6.1668,4.3505,4.9705,0.0604,2.1903,1.7859,0.1659,0.6799,771669,4118,63,2356,0,14,1,1.5941,0.7015,0.2344,536.8,1950,7501
3682,mountain_flight,2064.500,18.2388,7.0198,11.2190,6.8977,0.8694,3.3106,1.7879,0.1618,0.6779,772412,4429,1727,984,0,14,1,1.6614,0.5958,0.4173,536.8,1950,7501
3683,mountain_flight,2064.400,11.6464,6.7195,4.9269,6.1184,0.6164,2.1729,1.7889,0.1618,1.2882,775269,2535,2879,22,0,14,1,1.6663,0.7082,0.6666,536.8,1950,7501
3684,mountain_flight,2064.200,11.8890,6.2399,5.6491,5.2675,0.3727,2.1821,1.7848,0.1628,0.6748,776259,1685,1663,673,0,14,1,1.5897,0.6303,0.4812,536.8,1950,7501
3685,mountain_flight,2064.100,12.7361,7.4985,5.2376,5.2859,0.3717,2.1975,1.7910,0.1638,0.6717,776997,967,1663,925,0,14,1,1.6216,0.7216,0.5010,536.8,1950,7501
3686,mountain_flight,2064.200,13.0524,5.4376,7.6148,5.9965,0.2304,2.5395,2.0675,0.1659,0.9052,777964,0,967,0,0,14,1,0.4622,0.3807,0.1093,536.8,1950,7501
3687,mountain_flight,2064.200,12.7281,6.6755,6.0526,5.3862,0.0922,2.1955,1.7961,0.1638,1.0516,775993,3252,255,2226,0,14,1,1.5239,0.6745,0.7722,536.8,1950,7501
3688,mountain_flight,2064.100,12.8195,6.6975,6.1220,5.2695,0.3604,2.2036,1.7900,0.1638,0.6625,776481,2637,1599,1111,0,14,1,1.6366,0.6454,0.6508,536.8,1950,7501
3689,mountain_flight,2063.900,12.5612,8.2293,4.3319,5.2716,0.3604,2.1955,1.7859,0.1618,0.6687,777140,1964,1599,940,0,14,1,1.6050,0.8631,0.5224,536.8,1950,7501
3690,mountain_flight,2064.000,11.4277,6.3541,5.0736,6.5454,0.5120,3.3004,1.8033,0.1659,0.6738,778554,767,2367,953,0,14,1,1.5790,0.6646,0.2861,536.8,1950,7501
3692,mountain_flight,2064.100,7.8878,3.4312,4.4566,4.9418,0.0020,2.2026,1.8002,0.1659,0.6820,779321,0,0,0,0,14,1,0.0113,0.0006,0.0885,536.8,1950,7501
3693,mountain_flight,2064.100,11.3731,6.8440,4.5291,5.8644,0.0532,2.1883,2.4013,0.1628,0.9708,776486,0,47,2882,0,14,1,1.1137,0.4996,0.1037,536.8,1950,7501
3694,mountain_flight,2064.100,12.0995,6.4364,5.6631,5.1589,0.2263,2.2067,1.8012,0.1649,0.6707,776484,0,936,938,0,14,1,0.8767,0.4918,0.1085,536.8,1950,7501
3695,mountain_flight,2063.800,10.9998,4.6715,6.3283,4.9193,0.0010,2.1893,1.8002,0.1638,0.6769,776484,0,0,0,0,14,1,0.0166,0.0011,0.1434,536.8,1950,7501
3696,mountain_flight,2063.600,14.2062,7.3284,6.8778,4.9807,0.0604,2.1883,1.8145,0.1638,0.6666,775402,3485,63,1145,0,14,1,1.5905,0.4847,0.3560,536.8,1950,7501
3697,mountain_flight,2063.300,12.5144,6.4614,6.0530,6.2966,0.4608,2.1944,2.0849,0.1638,1.3056,776033,3404,2111,1480,0,14,1,1.6249,0.7382,0.6684,536.8,1950,7501
3698,mountain_flight,2063.100,10.9460,5.7436,5.2024,5.6658,0.7096,2.2139,1.8002,0.1690,0.6840,779437,0,3404,0,0,14,1,1.3356,0.6887,0.1127,536.8,1950,7501
3699,mountain_flight,2062.700,9.9600,5.6499,4.3101,5.9689,0.2591,2.6225,2.1729,0.1618,0.6666,779449,0,1068,1056,0,14,1,1.0391,0.6684,0.1666,536.8,1950,7501
3700,mountain_flight,2062.700,14.7323,3.9313,10.8010,5.5972,0.0010,2.5252,2.1484,0.1669,0.6676,779449,0,0,0,0,14,1,0.0118,0.0005,0.0926,536.8,1950,7501
3701,mountain_flight,2063.000,12.7358,7.1244,5.6114,5.0452,0.0604,2.2548,1.8002,0.1649,0.6748,777433,1793,63,2079,0,14,1,1.7192,0.6463,0.5815,536.8,1950,7501
3702,mountain_flight,2063.000,13.0818,6.2164,6.8654,5.2705,0.3000,2.2282,1.8084,0.1649,0.6810,777634,1795,1343,1142,0,14,1,1.5721,0.5716,0.4518,536.8,1950,7501
3703,mountain_flight,2063.100,12.5260,7.0281,5.4979,5.9013,0.1843,2.9850,1.8033,0.1649,0.6738,777010,1028,767,1391,0,14,1,1.5854,0.7575,0.3947,536.8,1950,7501
3704,mountain_flight,2063.300,11.6522,6.7066,4.9456,6.0180,0.3389,2.5733,2.1780,0.1628,0.6748,776345,286,1535,2200,0,14,1,1.5522,0.8664,0.1794,536.8,1950,7501
3705,mountain_flight,2063.300,9.9695,5.5461,4.4234,5.3514,0.4250,2.2057,1.7961,0.1628,0.6748,776406,92,1919,1858,0,14,1,1.5300,0.6799,0.1336,536.8,1950,7501
3706,mountain_flight,2063.000,11.0029,6.6781,4.3248,5.5060,0.5591,2.2129,1.8053,0.1659,0.6748,777929,2088,1599,76,0,14,1,1.5649,0.6994,0.7087,536.8,1950,7501
3707,mountain_flight,2062.900,10.7456,5.7208,5.0248,5.8921,0.4823,2.2077,2.2733,0.1649,0.6758,779170,951,2239,998,0,14,1,1.5883,0.6434,0.2856,536.8,1950,7501
3708,mountain_flight,2062.600,10.2101,5.5059,4.7042,5.1773,0.2202,2.2313,1.8033,0.1638,0.6717,780121,0,951,0,0,14,1,0.5727,0.4833,0.1058,536.8,1950,7501
3709,mountain_flight,2062.500,14.9671,6.3896,8.5775,5.0442,0.0635,2.2415,1.8104,0.1659,0.6779,777219,224,63,2965,0,14,1,1.6338,0.7391,0.1601,536.8,1950,7501
3710,mountain_flight,2062.700,10.7972,6.4650,4.3322,5.2736,0.2714,2.2426,1.8299,0.1638,0.6758,778212,0,1168,175,0,14,1,0.7710,0.6383,0.1559,536.8,1950,7501
3711,mountain_flight,2062.800,11.6768,5.8323,5.8445,5.1425,0.1618,2.2426,1.8125,0.1649,0.6728,776647,1125,575,2140,0,14,1,1.5411,0.6154,0.2781,536.8,1950,7501
3712,mountain_flight,2062.900,10.0909,5.5472,4.5437,5.3187,0.3707,2.2323,1.7910,0.1638,0.6717,777140,363,1663,1170,0,14,1,1.5852,0.7128,0.2599,536.8,1950,7501
3713,mountain_flight,2063.000,9.7134,5.4030,4.3104,5.8808,0.3021,2.4781,2.1658,0.1618,0.6830,777501,0,1299,938,0,14,1,1.1984,0.5732,0.1057,536.8,1950,7501
3714,mountain_flight,2063.200,12.4529,5.4490,7.0039,5.4108,0.2488,2.2129,2.0285,0.1628,0.6697,777457,0,1016,1060,0,14,1,1.1186,0.5054,0.1209,536.8,1950,7501
3715,mountain_flight,2063.100,9.4177,4.7618,4.6559,4.9521,0.0020,2.2139,1.8002,0.1659,0.6810,777457,0,0,0,0,14,1,0.0309,0.0006,0.1443,536.8,1950,7501
3716,mountain_flight,2063.100,9.4431,5.1319,4.3112,5.6259,0.3154,2.2098,2.1658,0.1628,0.6820,778084,0,1380,753,0,14,1,1.4713,0.5854,0.1258,536.8,1950,7501
3717,mountain_flight,2063.100,9.8958,5.0710,4.8248,5.1988,0.2263,2.2282,1.8022,0.1628,0.6922,778086,0,928,926,0,14,1,0.9613,0.5000,0.1388,536.8,1950,7501
3718,mountain_flight,2063.200,8.9037,3.6387,5.2650,5.2275,0.0010,2.2374,2.0541,0.1638,0.6830,778086,0,0,0,0,14,1,0.0119,0.0006,0.0721,536.8,1950,7501
3719,mountain_flight,2063.300,8.7528,3.2872,5.4656,5.0022,0.0010,2.2487,1.8156,0.1638,0.6840,778086,0,0,0,0,14,1,0.0106,0.0005,0.0740,536.8,1950,7501
3720,mountain_flight,2063.400,8.8760,4.5067,4.3693,5.0145,0.0010,2.2682,1.8033,0.1608,0.6922,778086,0,0,0,0,14,1,0.0119,0.0005,0.0785,536.8,1950,7501
3721,mountain_flight,2063.500,13.2372,6.8340,6.4032,5.3176,0.0614,2.2446,1.7961,0.1638,0.9646,776120,1337,63,2029,0,14,1,1.5948,0.6387,0.3010,536.8,1950,7501
3722,mountain_flight,2063.600,16.3814,7.3640,9.0174,5.3217,0.3256,2.2446,1.8084,0.1628,0.6902,775648,1178,1407,1879,0,14,1,1.5600,0.6291,0.3413,536.8,1950,7501
3723,mountain_flight,2063.800,15.8065,7.0790,8.7275,5.2326,0.2488,2.2477,1.8063,0.1649,0.6810,775441,1526,1023,1230,0,14,1,1.5587,0.5657,0.4381,536.8,1950,7501
3724,mountain_flight,2064.100,11.3955,6.9983,4.3972,5.8327,0.6031,2.4863,1.8063,0.1628,0.6912,774734,1201,1151,1858,0,14,1,1.5891,0.6577,0.4626,536.8,1950,7501
3725,mountain_flight,2064.200,11.6892,6.1085,5.5807,5.2562,0.2867,2.2333,1.8002,0.1659,0.6861,774089,0,1201,1846,0,14,1,1.3133,0.6959,0.1281,536.8,1950,7501
3726,mountain_flight,2064.300,17.5889,6.5746,11.0143,5.8348,0.0625,3.0208,1.8074,0.1649,0.6943,772266,3543,63,1886,0,14,1,1.6049,0.5954,0.7833,536.8,1950,7501
3727,mountain_flight,2064.400,10.9925,6.5244,4.4681,5.3443,0.3707,2.2600,1.7920,0.1649,0.6728,771739,1608,1663,2190,0,14,1,1.6366,0.7420,0.4176,536.8,1950,7501
3728,mountain_flight,2064.600,13.1675,7.0241,6.1434,5.0483,0.1034,2.2313,1.8053,0.1638,0.6595,770778,1289,319,1280,0,14,1,1.6030,0.5644,0.4971,536.8,1950,7501
3729,mountain_flight,2064.800,11.2978,6.5501,4.7477,5.4559,0.4936,2.2272,1.8115,0.1628,0.6769,771559,0,1289,508,0,14,1,1.1933,0.5953,0.1108,536.8,1950,7501
3730,mountain_flight,2065.100,11.8008,5.6220,6.1788,5.1190,0.1710,2.2344,1.8022,0.1638,0.6625,771264,5702,639,934,0,14,1,1.5115,0.4435,0.2953,536.8,1950,7501
3731,mountain_flight,2065.200,10.4785,6.0470,4.4315,5.9443,1.0035,2.2354,1.7992,0.1618,0.6584,776127,839,4863,0,0,14,1,1.6887,0.8580,0.2374,536.8,1950,7501
3732,mountain_flight,2065.300,10.9349,6.6017,4.3332,6.3068,0.1720,2.8396,2.3900,0.1659,0.6543,774990,1024,639,1776,0,14,1,1.5467,0.7201,0.4499,536.8,1950,7501
3733,mountain_flight,2065.300,14.4830,8.0143,6.4687,5.2265,0.3000,2.2067,1.8074,0.1628,0.6656,776044,505,1343,289,0,14,1,1.5889,0.6515,0.6139,536.8,1950,7501
3734,mountain_flight,2065.200,15.4655,8.3605,7.1050,6.2454,0.2458,3.2829,1.8022,0.1638,0.6666,775793,936,959,1210,0,14,1,1.5535,0.6766,0.4976,536.8,1950,7501
3735,mountain_flight,2065.000,11.0577,6.0434,5.0143,5.2859,0.3717,2.2180,1.7889,0.1638,0.6595,775373,1075,1663,2083,0,14,1,1.5383,0.6887,0.3177,536.8,1950,7501
3736,mountain_flight,2064.700,11.3377,5.9287,5.4090,5.1794,0.2662,2.2149,1.7961,0.1649,0.6554,774586,834,1087,1874,0,14,1,1.5615,0.6111,0.2813,536.8,1950,7501
3737,mountain_flight,2064.500,11.8566,7.1115,4.7451,6.0652,0.4772,2.8682,1.8063,0.1618,0.6666,775033,0,1020,573,0,14,1,1.4473,0.7012,0.1714,536.8,1950,7501
3738,mountain_flight,2064.400,12.9683,7.0303,5.9380,5.0944,0.1495,2.2262,1.8022,0.1659,0.6666,774612,3909,511,932,0,14,1,1.5324,0.4983,0.7346,536.8,1950,7501
3739,mountain_flight,2064.400,12.0720,6.1703,5.9017,5.4385,0.5089,2.2252,1.8002,0.1638,0.6554,776115,1842,2303,800,0,14,1,1.6512,0.6129,0.4519,536.8,1950,7501
3740,mountain_flight,2064.400,10.5305,5.9342,4.5963,5.7006,0.4065,2.5825,1.8115,0.1659,0.6492,777957,0,1842,0,0,14,1,1.1174,0.6496,0.1666,536.8,1950,7501
3741,mountain_flight,2064.200,10.4276,3.6481,6.7795,4.9582,0.0010,2.2436,1.7951,0.1649,0.6687,777957,0,0,0,0,14,1,0.0088,0.0004,0.0703,536.8,1950,7501
3742,mountain_flight,2064.000,10.6870,5.8828,4.8042,4.9920,0.0225,2.2559,1.8002,0.1669,0.6636,773124,0,0,4833,0,14,1,1.6000,0.6918,0.0977,536.8,1950,7501
3743,mountain_flight,2063.700,12.6435,6.5838,6.0597,5.0176,0.0707,2.2446,1.8063,0.1618,0.6502,771378,1642,63,1809,0,14,1,1.6034,0.6760,0.3208,536.8,1950,7501
3744,mountain_flight,2063.700,13.7572,6.5217,7.2355,5.3944,0.4649,2.2323,1.7971,0.1649,0.6502,772971,1272,2111,518,0,14,1,1.5926,0.6936,0.4073,536.8,1950,7501
3745,mountain_flight,2063.500,10.9645,4.9744,5.9901,5.2244,0.2908,2.2159,1.8094,0.1628,0.6615,774243,0,1272,0,0,14,1,1.1010,0.5414,0.1423,536.8,1950,7501
3746,mountain_flight,2063.400,12.5575,6.5681,5.9894,4.9961,0.0717,2.2272,1.7920,0.1669,0.6554,771867,1454,63,2439,0,14,1,1.5347,0.5915,0.3316,536.8,1950,7501
3747,mountain_flight,2063.100,10.4900,6.2048,4.2852,5.5276,0.5970,2.2313,1.7951,0.1649,0.6533,773874,0,2746,739,0,14,1,1.4548,0.7329,0.1445,536.8,1950,7501
3748,mountain_flight,2062.800,7.9091,3.3634,4.5457,4.9377,0.0010,2.2292,1.7992,0.1628,0.6554,773874,0,0,0,0,14,1,0.0229,0.0008,0.0698,536.8,1950,7501
3749,mountain_flight,2062.500,8.0113,3.6994,4.3119,5.9996,0.0010,2.2333,2.5887,0.1628,0.9236,773874,0,0,0,0,14,1,0.0136,0.0008,0.0863,536.8,1950,7501
3750,mountain_flight,2062.400,8.5177,3.5587,4.9590,4.9644,0.0010,2.2354,1.7930,0.1679,0.6789,773874,0,0,0,0,14,1,0.0110,0.0004,0.0691,536.8,1950,7501
3751,mountain_flight,2062.500,9.9700,5.6622,4.3078,5.1538,0.1772,2.2528,1.7992,0.1618,0.6738,773013,1929,639,1500,0,14,1,1.5279,0.5534,0.4361,536.8,1950,7501
3752,mountain_flight,2062.700,9.9028,4.7983,5.1045,5.6556,0.4291,2.2600,1.8135,0.4004,0.6636,774942,0,1929,0,0,14,1,0.7845,0.4947,0.0891,536.8,1950,7501
3753,mountain_flight,2062.800,12.3342,6.9058,5.4284,5.0422,0.0717,2.2548,1.7951,0.1669,0.6646,771642,2064,63,3363,0,14,1,1.6171,0.8070,0.4551,536.8,1950,7501
3754,mountain_flight,2063.000,14.3973,7.2967,7.1006,5.2132,0.2519,2.2333,1.8022,0.1628,0.6738,770889,1413,1023,1776,0,14,1,1.5854,0.6927,0.4471,536.8,1950,7501
3755,mountain_flight,2063.000,13.7917,7.6151,6.1766,5.3207,0.1649,2.2446,1.8002,0.1638,0.6523,770534,1166,575,930,0,14,1,1.6021,0.6472,0.8411,536.8,1950,7501
3756,mountain_flight,2063.200,14.4481,9.6285,4.8196,5.1732,0.1966,2.2528,1.8135,0.1628,0.6574,770361,1349,767,940,0,14,1,1.5613,0.6031,0.5801,536.8,1950,7501
3757,mountain_flight,2063.300,11.3648,5.6285,5.7363,6.0252,0.4833,2.2426,2.0388,0.5007,0.6676,772100,0,2177,438,0,14,1,1.1536,0.6433,0.1075,536.8,1950,7501
3758,mountain_flight,2063.600,11.7502,6.1134,5.6368,5.0207,0.0717,2.2374,1.8033,0.1618,0.6564,770357,1310,63,1806,0,14,1,1.5906,0.6570,0.3711,536.8,1950,7501
3759,mountain_flight,2063.600,12.9833,7.1325,5.8508,5.3422,0.3758,2.2528,1.8043,0.1649,0.6513,770436,1001,1663,1584,0,14,1,1.5513,0.6350,0.4425,536.8,1950,7501
3760,mountain_flight,2063.600,9.3047,4.8779,4.4268,5.3780,0.4157,2.2497,1.8063,0.1628,0.6513,771688,0,1873,621,0,14,1,1.1204,0.6222,0.1462,536.8,1950,7501
3761,mountain_flight,2063.500,10.7318,4.8533,5.8785,4.9725,0.0010,2.2487,1.8094,0.1649,0.6584,771688,0,0,0,0,14,1,0.0136,0.0009,0.1133,536.8,1950,7501
3762,mountain_flight,2063.500,11.3015,5.2376,6.0639,4.9971,0.0020,2.2723,1.8043,0.1628,0.6646,771688,0,0,0,0,14,1,0.0135,0.0010,0.1314,536.8,1950,7501
3763,mountain_flight,2063.800,13.0483,7.1787,5.8696,5.7139,0.1188,2.2743,2.4064,0.1659,0.6584,770250,3559,383,1821,0,14,1,1.5183,0.5792,0.7525,536.8,1950,7501
3764,mountain_flight,2064.100,13.2476,7.1670,6.0806,5.3043,0.2847,2.3071,1.8012,0.1618,0.6595,770023,3288,1215,1442,0,14,1,1.6561,0.6597,0.8545,536.8,1950,7501
3765,mountain_flight,2064.500,13.0372,7.2088,5.8284,5.4753,0.4639,2.2743,1.8237,0.1628,0.6595,770994,2820,2111,1140,0,14,1,1.6258,0.6523,0.6848,536.8,1950,7501
3766,mountain_flight,2065.000,11.2470,6.5677,4.6793,5.2081,0.1915,2.2764,1.8166,0.1628,0.6717,769713,2053,767,2048,0,14,1,1.6251,0.6921,0.6043,536.8,1950,7501
3767,mountain_flight,2065.300,13.5651,7.2817,6.2834,5.3064,0.2970,2.2794,1.8196,0.1638,0.6574,770044,1969,1279,948,0,14,1,1.5949,0.6500,0.6569,536.8,1950,7501
3768,mountain_flight,2065.800,11.9396,6.1435,5.7961,5.3484,0.3471,2.2671,1.8196,0.1638,0.6605,768946,765,1599,2697,0,14,1,1.5751,0.8076,0.2853,536.8,1950,7501
3769,mountain_flight,2066.400,13.1548,7.0846,6.0702,5.2040,0.1935,2.2743,1.8145,0.1638,0.6676,768866,1139,767,847,0,14,1,1.5781,0.5824,0.3080,536.8,1950,7501
3770,mountain_flight,2066.800,12.7402,6.2622,6.4780,5.3217,0.2857,2.2907,1.8217,0.1638,0.6717,768461,1404,1215,1620,0,14,1,1.5524,0.6415,0.3859,536.8,1950,7501
3771,mountain_flight,2066.900,12.7696,6.9064,5.8632,6.1553,0.2191,2.6388,2.3818,0.1638,0.6625,768431,1456,895,925,0,14,1,1.5762,0.6741,0.4378,536.8,1950,7501
3772,mountain_flight,2067.100,12.6497,6.6620,5.9877,5.4272,0.3912,2.3101,1.8125,0.1659,0.6584,769865,894,1727,293,0,14,1,1.5586,0.6603,0.3302,536.8,1950,7501
3773,mountain_flight,2067.400,8.7533,4.1493,4.6040,5.2449,0.1976,2.3173,1.7971,0.1669,0.6769,770759,0,894,0,0,14,1,0.4083,0.3875,0.0874,536.8,1950,7501
3774,mountain_flight,2067.800,9.0440,4.1901,4.8539,5.0371,0.0010,2.3091,1.8074,0.1649,0.6646,770759,0,0,0,0,14,1,0.0138,0.0007,0.1096,536.8,1950,7501
3775,mountain_flight,2068.000,12.6744,6.1276,6.5468,5.4774,0.4413,2.3091,1.8074,0.1628,0.6656,771314,573,1983,1428,0,14,1,1.5135,0.8588,0.2184,536.8,1950,7501
3776,mountain_flight,2068.100,12.3198,5.6530,6.6668,5.1814,0.1567,2.3050,1.8145,0.1628,0.6533,771887,0,573,0,0,14,1,0.4389,0.3883,0.1270,536.8,1950,7501
3777,mountain_flight,2068.300,13.8342,7.7749,6.0593,5.6607,0.0707,2.8570,1.8156,0.1659,0.6625,769379,331,63,2571,0,14,1,1.6527,0.8943,0.3464,536.8,1950,7501
3778,mountain_flight,2068.500,12.0791,5.7785,6.3006,5.4794,0.4291,2.3163,1.8156,0.1638,0.6636,769979,1584,1919,1319,0,14,1,1.5197,0.5680,0.3196,536.8,1950,7501
3779,mountain_flight,2068.800,9.4767,4.9878,4.4889,5.5153,0.4895,2.3030,1.8176,0.1618,0.6533,772242,0,2263,0,0,14,1,0.9483,0.5903,0.1101,536.8,1950,7501
3780,mountain_flight,2069.100,8.5490,4.2277,4.3213,6.0365,0.1864,2.7443,2.1852,0.1751,0.6564,771545,0,676,1373,0,14,1,0.7696,0.4732,0.1058,536.8,1950,7501
3781,mountain_flight,2069.600,9.0294,4.2010,4.8284,5.0463,0.0010,2.3255,1.8135,0.1638,0.6574,771545,0,0,0,0,14,1,0.0155,0.0008,0.1160,536.8,1950,7501
3782,mountain_flight,2069.900,12.3133,6.3193,5.9940,5.4292,0.3635,2.3429,1.8156,0.1649,0.6543,770787,0,1582,2340,0,14,1,1.4925,0.7099,0.0994,536.8,1950,7501
3783,mountain_flight,2070.100,9.4010,5.0753,4.3257,5.3023,0.0020,2.3224,1.7981,0.1649,0.9277,770787,0,0,0,0,14,1,0.0130,0.0008,0.0911,536.8,1950,7501
3784,mountain_flight,2070.300,10.5749,4.2127,6.3622,5.0463,0.0010,2.3357,1.8053,0.1649,0.6533,770787,0,0,0,0,14,1,0.0146,0.0008,0.1237,536.8,1950,7501
3785,mountain_flight,2070.400,14.5347,7.9433,6.5914,5.1190,0.0696,2.3163,1.8207,0.1659,0.6595,768612,1692,63,2238,0,14,1,1.6812,0.6175,0.5398,536.8,1950,7501
3786,mountain_flight,2070.600,12.6859,6.8485,5.8374,6.2116,0.5591,2.9276,1.8104,0.1638,0.6656,768742,1838,1471,1341,0,14,1,1.5775,0.7108,0.4872,536.8,1950,7501
3787,mountain_flight,2070.700,9.9569,5.4291,4.5278,5.4815,0.4311,2.3050,1.8186,0.1638,0.6769,768698,1606,1919,1963,0,14,1,1.5666,0.7519,0.4123,536.8,1950,7501
3788,mountain_flight,2070.900,9.8765,5.4194,4.4571,5.5235,0.5079,2.2948,1.8166,0.1679,0.6513,771004,0,2306,0,0,14,1,0.9025,0.7318,0.1366,536.8,1950,7501
3789,mountain_flight,2071.100,6.9926,6.9898,0.0028,5.1231,0.0870,2.2927,1.8237,0.1628,0.6707,769233,1692,191,1962,0,14,1,1.5271,0.6370,0.4140,536.8,1950,7501
3790,mountain_flight,2071.100,9.1123,4.5584,4.5539,5.4129,0.3799,2.2968,1.8156,0.1649,0.6697,770925,0,1692,0,0,14,1,0.8988,0.5016,0.1046,536.8,1950,7501
3791,mountain_flight,2071.100,11.5189,7.0915,4.4274,5.2736,0.0205,2.5160,1.8350,0.1659,0.6523,767085,0,0,3840,0,14,1,1.6095,0.7823,0.1970,536.8,1950,7501
3792,mountain_flight,2071.100,13.0847,6.8719,6.2128,5.0135,0.0174,2.2682,1.8196,0.1618,0.6605,764525,0,0,2560,0,14,1,1.5517,0.6413,0.1377,536.8,1950,7501
3793,mountain_flight,2071.300,11.6437,5.8816,5.7621,5.3094,0.0184,2.3040,2.0787,0.1628,0.6595,761453,0,0,3072,0,14,1,1.5533,0.5716,0.1203,536.8,1950,7501
3794,mountain_flight,2071.500,11.2386,5.4100,5.8286,5.0412,0.0195,2.2845,1.8166,0.1649,0.6697,757869,0,0,3584,0,14,1,1.5737,0.5778,0.1102,536.8,1950,7501
3795,mountain_flight,2071.700,12.6316,6.3897,6.2419,5.0063,0.0184,2.2641,1.8227,0.1608,0.6543,755821,0,0,2048,0,14,1,1.5691,0.6533,0.1555,536.8,1950,7501
3796,mountain_flight,2071.600,9.9490,5.5837,4.3653,5.0524,0.0225,2.2804,1.8330,0.1659,0.6646,750701,0,0,5120,0,14,1,1.5172,0.6612,0.1458,536.8,1950,7501
3797,mountain_flight,2071.200,12.4335,5.8823,6.5512,5.0493,0.0225,2.2774,1.8360,0.1608,0.6676,745581,0,0,5120,0,14,1,1.5748,0.5846,0.0905,536.8,1950,7501
3798,mountain_flight,2070.900,10.5125,6.0792,4.4333,5.0647,0.0174,2.2886,1.8340,0.1669,0.6687,743533,0,0,2048,0,14,1,1.7656,0.6163,0.1295,536.8,1950,7501
3799,mountain_flight,2070.600,12.8980,6.7928,6.1052,5.7047,0.0195,2.2948,2.0920,0.1628,1.0465,740378,0,0,3155,0,14,1,1.5422,0.5623,0.1199,536.8,1950,7501
3800,mountain_flight,2070.500,11.1280,5.7761,5.3519,5.0524,0.0215,2.2815,1.8248,0.1669,0.6687,735258,0,0,5120,0,14,1,1.5275,0.6320,0.1434,536.8,1950,7501
3801,mountain_flight,2070.400,9.7513,5.4514,4.2999,5.0627,0.0215,2.2774,1.8350,0.1618,0.6769,730906,0,0,4352,0,14,1,1.6005,0.6412,0.1065,536.8,1950,7501
3802,mountain_flight,2070.600,11.4696,7.1304,4.3392,6.2249,0.0174,3.1601,1.8268,0.1659,0.9636,729114,0,0,1792,0,14,1,1.6259,0.5033,0.1260,536.8,1950,7501
3803,mountain_flight,2070.700,11.7100,5.9776,5.7324,5.0760,0.0666,2.2651,1.8217,0.1669,0.6687,729118,9409,63,59,0,14,1,1.5719,0.3452,0.1720,536.8,1950,7501
3804,mountain_flight,2070.900,10.1572,5.8600,4.2972,5.2900,0.2683,2.2764,1.8248,0.1659,0.6666,730269,16450,1151,0,0,14,1,1.8157,0.4168,0.0912,536.8,1950,7501
3805,mountain_flight,2071.200,10.9059,6.4848,4.4211,6.0959,0.4352,2.2712,2.1033,0.1761,1.0209,732252,22403,1983,0,0,14,1,2.0294,0.5584,0.1373,536.8,1950,7501
3806,mountain_flight,2071.200,12.6182,6.4243,6.1939,5.3903,0.3676,2.2661,1.8196,0.1628,0.6830,733915,28875,1663,0,0,14,1,2.2329,0.5534,0.1406,536.8,1950,7501
3807,mountain_flight,2071.300,14.2276,8.0709,6.1567,5.3903,0.3727,2.2661,1.8319,0.1659,0.6625,735322,36487,1663,256,0,14,1,2.4282,0.5405,0.1068,536.8,1950,7501
3808,mountain_flight,2071.200,22.6324,9.0445,13.5879,5.2204,0.2109,2.2600,1.8237,0.1628,0.6738,734728,37073,831,1425,0,14,1,2.8575,0.7729,0.3217,536.8,1950,7501
3809,mountain_flight,2071.200,14.4904,7.7917,6.6987,5.4682,0.4393,2.2702,1.8309,0.1649,0.6738,736711,36879,1983,0,0,14,1,2.6731,0.7206,0.3547,536.8,1950,7501
3810,mountain_flight,2071.000,15.8602,9.7340,6.1262,5.5060,0.4782,2.2651,1.8360,0.1628,0.6728,737156,36110,2175,1730,0,14,1,2.6639,0.7430,0.4460,536.8,1950,7501
3811,mountain_flight,2071.000,13.2816,8.1276,5.1540,5.4641,0.4413,2.2620,1.8309,0.1638,0.6748,739008,32094,1983,131,0,14,1,2.6717,0.6709,0.4465,536.8,1950,7501
3812,mountain_flight,2071.000,14.6280,8.4157,6.2123,6.0109,0.5437,2.7023,1.8452,0.1638,0.6656,739046,30898,1343,1305,0,14,1,2.5167,0.6610,0.5700,536.8,1950,7501
3813,mountain_flight,2071.200,14.9767,8.7042,6.2725,5.4589,0.4454,2.2569,1.8217,0.1659,0.6789,739206,31565,1983,1823,0,14,1,2.4957,0.9299,1.1980,536.8,1950,7501
3814,mountain_flight,2071.200,16.0160,10.1259,5.8901,5.4333,0.4342,2.2589,1.8094,0.1628,0.6758,738906,30184,1919,2219,0,14,1,2.5348,0.8817,2.2097,536.8,1950,7501
3815,mountain_flight,2071.200,20.0505,8.9706,11.0799,5.8726,0.8868,2.2446,1.8227,0.1649,0.6615,743129,26417,4223,0,0,14,1,2.4745,0.9733,0.9220,536.8,1950,7501
3816,mountain_flight,2071.300,16.1398,7.6767,8.4631,5.3084,0.3338,2.2467,1.8074,0.1638,0.6656,742217,26737,1407,2319,0,14,1,2.3516,0.7773,0.6758,536.8,1950,7501
3817,mountain_flight,2071.500,13.4610,9.1763,4.2847,5.4129,0.3942,2.2528,1.8309,0.1638,0.6789,740791,23600,1727,3153,0,14,1,2.3706,0.8366,1.2726,536.8,1950,7501
3818,mountain_flight,2071.600,18.5655,7.6444,10.9211,5.3647,0.3789,2.2323,1.8248,0.1669,0.6707,740062,20233,1663,2392,0,14,1,2.2858,0.7727,1.1351,536.8,1950,7501
3819,mountain_flight,2071.800,12.8683,8.5636,4.3047,5.5501,0.5663,2.2313,1.8289,0.1669,0.6666,741420,21063,2623,1265,0,14,1,2.1546,0.8828,1.1256,536.8,1950,7501
3820,mountain_flight,2071.800,17.6761,8.1624,9.5137,6.5792,0.8202,3.0106,1.8248,0.1649,0.6676,742793,24594,2623,1250,0,14,1,2.1777,0.6558,1.0196,536.8,1950,7501
3821,mountain_flight,2071.500,11.9747,7.6764,4.2983,5.7395,0.7455,2.2313,1.8299,0.1649,0.6738,744625,20281,3519,1687,0,14,1,2.2849,0.9400,1.1659,536.8,1950,7501
3822,mountain_flight,2071.400,21.1226,8.6702,12.4524,6.7328,0.8202,2.5702,2.4064,0.1649,0.6789,748459,19403,3839,5,0,14,1,2.1494,0.9508,1.3546,536.8,1950,7501
3823,mountain_flight,2071.300,13.9051,8.8157,5.0894,6.1348,1.1418,2.2374,1.8258,0.1710,0.6666,753898,13964,5439,0,0,14,1,2.1356,0.9611,1.3619,536.8,1950,7501
3824,mountain_flight,2071.400,18.2516,8.5250,9.7266,6.1153,0.2570,2.5252,2.4115,0.1638,0.6676,753070,13680,1023,1851,0,14,1,1.9744,0.7461,0.7087,536.8,1950,7501
3825,mountain_flight,2071.600,12.6308,7.0708,5.5600,5.3955,0.3820,2.2764,1.8156,0.1638,0.6656,752198,12019,1663,2535,0,14,1,1.9423,0.6876,0.7720,536.8,1950,7501
3826,mountain_flight,2071.500,12.8313,7.3830,5.4483,5.4333,0.4383,2.2272,1.8319,0.1669,0.6758,751597,11864,1919,2520,0,14,1,1.8998,0.7221,1.1602,536.8,1950,7501
3827,mountain_flight,2071.400,12.7004,8.1212,4.5792,5.6893,0.7322,2.2129,1.8268,0.1608,0.6646,751728,11409,1727,1596,0,14,1,1.9036,0.6912,1.4133,536.8,1950,7501
3828,mountain_flight,2071.500,13.1297,7.4045,5.7252,5.6125,0.6523,2.2067,1.8299,0.1638,0.6656,754472,14684,3007,263,0,14,1,1.8791,0.5790,1.3344,536.8,1950,7501
3829,mountain_flight,2071.600,13.4378,8.0586,5.3792,6.7553,1.1233,2.5201,2.1791,0.1659,0.6758,759847,9309,5375,0,0,14,1,1.9824,0.9153,1.5751,536.8,1950,7501
3830,mountain_flight,2072.000,13.9781,7.4151,6.5630,5.3647,0.3707,2.2190,1.8401,0.1628,0.6810,759753,8186,1599,1693,0,14,1,1.8026,0.6664,1.6651,536.8,1950,7501
3831,mountain_flight,2072.400,12.0591,7.5477,4.5114,5.9320,0.9513,2.2344,1.8145,0.1649,0.6738,764296,3643,4543,0,0,14,1,1.7860,0.9608,0.8501,536.8,1950,7501
3832,mountain_flight,2072.700,10.8208,6.0832,4.7376,6.4440,0.9892,2.7064,1.8309,0.1649,0.6595,767939,0,3643,0,0,14,1,1.4831,0.8033,0.1125,536.8,1950,7501
3833,mountain_flight,2072.800,12.9345,8.0424,4.8921,5.1067,0.0881,2.2784,1.8156,0.1638,0.6717,766436,4190,191,1694,0,14,1,1.5354,0.5495,0.8391,536.8,1950,7501
3834,mountain_flight,2073.000,10.8476,6.2258,4.6218,5.5009,0.4700,2.2702,1.8268,0.1638,0.6799,766209,2878,2111,2338,0,14,1,1.6602,0.6771,0.5764,536.8,1950,7501
3835,mountain_flight,2073.500,11.2054,6.8127,4.3927,6.3928,0.6287,3.0136,1.8217,0.1628,0.6728,769087,0,2878,0,0,14,1,1.2097,0.7406,0.1576,536.8,1950,7501
3836,mountain_flight,2073.800,13.3535,5.8978,7.4557,5.5030,0.4598,2.2845,1.8299,0.1659,0.6717,769463,177,2047,1671,0,14,1,1.5122,0.6938,0.1934,536.8,1950,7501
3837,mountain_flight,2074.000,9.2927,4.7924,4.5003,5.2070,0.1894,2.2456,1.8289,0.1720,0.6820,768579,0,699,1583,0,14,1,0.8829,0.4909,0.0968,536.8,1950,7501
3838,mountain_flight,2074.400,8.3380,4.0549,4.2831,5.7344,0.0010,2.5713,1.8330,0.1679,1.0711,768579,0,0,0,0,14,1,0.0294,0.0007,0.1779,536.8,1950,7501
3839,mountain_flight,2074.700,10.4600,4.1176,6.3424,4.9961,0.0010,2.2415,1.8268,0.1669,0.6697,768579,0,0,0,0,14,1,0.0110,0.0005,0.0933,536.8,1950,7501
3840,mountain_flight,2075.200,11.1182,5.4164,5.7018,5.0002,0.0010,2.2446,1.8289,0.1649,0.6717,768579,0,0,0,0,14,1,0.0140,0.0006,0.1118,536.8,1950,7501
3841,mountain_flight,2075.500,15.4748,6.6125,8.8623,5.0668,0.0717,2.2446,1.8227,0.1649,0.6738,765493,2319,63,3149,0,14,1,1.5779,0.7039,0.3433,536.8,1950,7501
3842,mountain_flight,2075.800,15.9605,7.0023,8.9582,5.3268,0.3533,2.2385,1.8084,0.1649,0.6717,765474,1494,1471,1490,0,14,1,1.6503,1.1591,0.5641,536.8,1950,7501
3843,mountain_flight,2076.100,9.3185,4.8075,4.5110,5.3094,0.3482,2.2262,1.8084,0.1638,0.6728,766968,0,1494,0,0,14,1,0.6318,0.4721,0.1014,536.8,1950,7501
3844,mountain_flight,2076.600,11.4283,6.0269,5.4014,5.0145,0.0707,2.2139,1.8074,0.1638,0.6697,764679,591,63,2352,0,14,1,1.6310,0.5786,0.2356,536.8,1950,7501
3845,mountain_flight,2077.100,9.8652,5.2403,4.6249,5.4702,0.5048,2.2262,1.8166,0.1608,0.6728,765606,0,2189,1262,0,14,1,1.3915,0.6958,0.1086,536.8,1950,7501
3846,mountain_flight,2077.600,12.4735,4.9810,7.4925,5.1958,0.0010,2.2272,1.8063,0.1649,0.9073,765606,0,0,0,0,14,1,0.0339,0.0008,0.1315,536.8,1950,7501
3847,mountain_flight,2077.900,9.1448,4.2659,4.8789,4.9510,0.0010,2.2241,1.8104,0.1649,0.6625,765606,0,0,0,0,14,1,0.0106,0.0005,0.0758,536.8,1950,7501
3848,mountain_flight,2078.200,10.3518,4.0111,6.3407,4.9244,0.0010,2.2139,1.7940,0.1659,0.6605,765606,0,0,0,0,14,1,0.0171,0.0012,0.1466,536.8,1950,7501
3849,mountain_flight,2078.500,12.5539,5.7722,6.7817,4.9582,0.0020,2.2231,1.8002,0.1659,0.6779,765606,0,0,0,0,14,1,0.0398,0.0009,0.1534,536.8,1950,7501
3850,mountain_flight,2078.700,17.2582,9.6808,7.5774,5.0196,0.0737,2.2139,1.7971,0.1649,0.6789,762297,2719,63,3372,0,14,1,1.5619,0.5923,0.6584,536.8,1950,7501
3851,mountain_flight,2078.900,12.9883,6.8703,6.1180,5.1466,0.2171,2.1965,1.8115,0.1618,0.6687,762018,2966,831,1110,0,14,1,1.6255,0.6259,0.7691,536.8,1950,7501
3852,mountain_flight,2079.000,12.2980,7.9780,4.3200,5.3760,0.4588,2.1934,1.7971,0.1679,0.6676,763190,4091,1983,811,0,14,1,1.6028,0.5667,0.8617,536.8,1950,7501
3853,mountain_flight,2079.200,13.1901,7.4831,5.7070,5.4405,0.4833,2.2108,1.8094,0.1638,0.6799,764088,2726,2111,1213,0,14,1,1.6694,0.6588,0.7665,536.8,1950,7501
3854,mountain_flight,2079.400,12.6388,7.1543,5.4845,5.9464,0.5386,2.2077,2.2682,0.1649,0.6758,765916,1859,2367,539,0,14,1,1.6172,0.7295,0.5360,536.8,1950,7501
3855,mountain_flight,2079.700,13.2322,7.1386,6.0936,5.3197,0.3656,2.2180,1.8022,0.1638,0.6707,767451,324,1535,0,0,14,1,1.6009,0.6328,0.2423,536.8,1950,7501
3856,mountain_flight,2079.700,16.9819,5.7497,11.2322,5.3955,0.4557,2.2190,1.7961,0.1638,0.6697,767395,208,1983,2039,0,14,1,1.5333,0.6313,0.1389,536.8,1950,7501
3857,mountain_flight,2079.700,11.2438,6.8185,4.4253,5.2705,0.3133,2.2231,1.8033,0.1628,0.6799,766961,0,1309,1743,0,14,1,1.4617,0.7149,0.1177,536.8,1950,7501
3858,mountain_flight,2079.900,9.1582,4.8553,4.3029,5.5808,0.6164,2.2170,1.8094,0.1638,0.6820,769569,0,2795,187,0,14,1,1.2272,0.6149,0.1275,536.8,1950,7501
3859,mountain_flight,2079.900,8.6392,4.2042,4.4350,4.9439,0.0010,2.2129,1.8074,0.1628,0.6687,769569,0,0,0,0,14,1,0.0112,0.0005,0.0768,536.8,1950,7501
3860,mountain_flight,2080.100,13.0901,7.0911,5.9990,5.6771,0.2335,2.6962,1.8196,0.1638,0.6728,769536,38,895,928,0,14,1,1.5260,0.5725,0.1887,536.8,1950,7501
3861,mountain_flight,2080.400,10.0121,5.3531,4.6590,5.2183,0.2580,2.2047,1.8227,0.1659,0.6769,769529,0,1001,1008,0,14,1,1.1204,0.5234,0.1446,536.8,1950,7501
3862,mountain_flight,2080.300,11.8868,4.8219,7.0649,5.0299,0.0850,2.2016,1.8156,0.1659,0.6748,767323,0,139,2345,0,14,1,0.9157,0.5093,0.1048,536.8,1950,7501
3863,mountain_flight,2080.700,7.9735,3.6771,4.2964,5.7928,0.0010,2.2036,2.2753,0.1638,1.0588,767323,0,0,0,0,14,1,0.0142,0.0004,0.0763,536.8,1950,7501
3864,mountain_flight,2080.900,8.9557,3.7398,5.2159,4.9428,0.0010,2.2088,1.8084,0.1659,0.6697,767323,0,0,0,0,14,1,0.0110,0.0004,0.0775,536.8,1950,7501
3865,mountain_flight,2081.100,15.9964,5.8400,10.1564,4.9910,0.0748,2.1955,1.7848,0.1628,0.6830,764775,2501,63,2611,0,14,1,1.5519,0.5086,0.4038,536.8,1950,7501
3866,mountain_flight,2081.200,14.3450,6.9121,7.4329,5.2378,0.2796,2.2026,1.8217,0.1638,0.6840,764672,3054,1087,1190,0,14,1,1.6108,0.5259,0.6882,536.8,1950,7501
3867,mountain_flight,2081.400,9.8343,5.4104,4.4239,5.6627,0.7383,2.2047,1.7900,0.1669,0.6728,767941,0,3269,0,0,14,1,1.2674,0.6610,0.1141,536.8,1950,7501
3868,mountain_flight,2081.500,8.0313,3.4239,4.6074,4.9306,0.0010,2.2016,1.7992,0.1649,0.6769,767941,0,0,0,0,14,1,0.0148,0.0010,0.0887,536.8,1950,7501
3869,mountain_flight,2081.900,10.2908,5.9691,4.3217,5.9392,0.3154,2.4863,2.2006,0.1649,0.6851,767583,985,1279,1637,0,14,1,1.5225,0.7197,0.3184,536.8,1950,7501
3870,mountain_flight,2082.100,10.4424,5.8016,4.6408,5.4190,0.4465,2.2180,1.8063,0.1659,0.6912,768481,0,1902,1004,0,14,1,1.1481,0.9983,0.1593,536.8,1950,7501
3871,mountain_flight,2082.300,9.0898,3.8078,5.2820,4.9316,0.0010,2.2088,1.7838,0.1638,0.6892,768481,0,0,0,0,14,1,0.0118,0.0006,0.0807,536.8,1950,7501
3872,mountain_flight,2082.400,12.3851,6.5197,5.8654,5.6883,0.0768,2.6501,2.0326,0.1649,0.6758,765647,1435,63,2897,0,14,1,1.5601,0.6396,0.3975,536.8,1950,7501
3873,mountain_flight,2082.700,10.7123,5.5624,5.1499,5.5060,0.5622,2.2231,1.7910,0.1597,0.6799,767024,1188,2431,1054,0,14,1,1.5607,0.6132,0.2946,536.8,1950,7501
3874,mountain_flight,2083.100,9.9181,5.3164,4.6017,5.2132,0.2959,2.2129,1.7715,0.1649,0.6820,768212,0,1188,0,0,14,1,0.8363,0.5548,0.2004,536.8,1950,7501
3875,mountain_flight,2083.200,7.9538,3.6042,4.3496,4.9142,0.0010,2.1996,1.7848,0.1638,0.6769,768212,0,0,0,0,14,1,0.0093,0.0006,0.0657,536.8,1950,7501
3876,mountain_flight,2083.700,10.9416,6.0475,4.8941,4.9920,0.0768,2.2026,1.7859,0.1608,0.6799,765290,21,63,2985,0,14,1,1.6268,0.6477,0.1476,536.8,1950,7501
3877,mountain_flight,2084.000,11.3129,5.2130,6.0999,5.2890,0.3625,2.2016,1.7940,0.1638,0.6799,764842,0,1486,1934,0,14,1,1.2500,0.5167,0.1115,536.8,1950,7501
3878,mountain_flight,2084.300,11.9275,3.9940,7.9335,4.9408,0.0010,2.2077,1.7951,0.1649,0.6840,764842,0,0,0,0,14,1,0.0299,0.0007,0.0967,536.8,1950,7501
3879,mountain_flight,2084.600,11.6583,4.3604,7.2979,4.9265,0.0010,2.2129,1.7869,0.1638,0.6748,764842,0,0,0,0,14,1,0.0119,0.0008,0.1005,536.8,1950,7501
3880,mountain_flight,2085.000,9.3085,3.7923,5.5162,4.9521,0.0010,2.2129,1.8043,0.1638,0.6830,764842,0,0,0,0,14,1,0.0119,0.0005,0.0920,536.8,1950,7501
3881,mountain_flight,2085.400,13.4582,4.3937,9.0645,5.8327,0.0010,2.5231,2.3634,0.1700,0.6881,764842,0,0,0,0,14,1,0.0127,0.0006,0.1022,536.8,1950,7501
3882,mountain_flight,2085.700,12.0025,6.3434,5.6591,5.0053,0.0758,2.2026,1.7910,0.1638,0.6871,763068,2619,63,1837,0,14,1,1.5874,0.5195,0.7033,536.8,1950,7501
3883,mountain_flight,2086.000,11.9424,6.1241,5.8183,5.1937,0.2519,2.1985,1.7910,0.1761,0.6922,762564,3360,959,1463,0,14,1,1.5954,0.6541,0.4548,536.8,1950,7501
3884,mountain_flight,2086.300,11.5999,6.2738,5.3261,6.2577,0.4639,2.2088,2.2446,0.1659,1.0875,762045,2101,2047,2566,0,14,1,1.6144,0.6668,0.3707,536.8,1950,7501
3885,mountain_flight,2086.600,10.9549,6.3429,4.6120,5.3422,0.3830,2.2426,1.7756,0.1638,0.6881,762250,2620,1663,1458,0,14,1,1.6231,0.5899,0.5863,536.8,1950,7501
3886,mountain_flight,2086.800,11.6525,6.3470,5.3055,5.3023,0.3830,2.2077,1.7684,0.1669,0.6912,762162,3151,1663,1751,0,14,1,1.6140,0.5971,0.6504,536.8,1950,7501
3887,mountain_flight,2087.100,14.4537,7.9268,6.5269,6.2044,0.6820,2.5784,1.7818,0.1649,0.6830,764273,1395,2111,0,0,14,1,1.6237,1.3721,0.5589,536.8,1950,7501
3888,mountain_flight,2087.500,11.9576,5.9933,5.9643,5.2265,0.3082,2.2129,1.7756,0.1638,0.6799,763913,987,1343,1703,0,14,1,1.5684,0.6283,0.3189,536.8,1950,7501
3889,mountain_flight,2087.900,10.7847,6.3936,4.3911,5.2951,0.3707,2.1955,1.7828,0.1649,0.6932,763964,1768,1663,1612,0,14,1,1.5579,0.8088,0.3588,536.8,1950,7501
3890,mountain_flight,2088.300,11.2399,6.1378,5.1021,6.1501,0.5079,2.9491,1.7541,0.1649,0.6881,763508,1716,1087,1543,0,14,1,1.6050,0.5925,0.5064,536.8,1950,7501
3891,mountain_flight,2088.800,12.4404,7.3201,5.1203,5.0801,0.1966,2.1791,1.7705,0.1638,0.6861,762500,1436,767,1775,0,14,1,1.5690,0.6343,0.4183,536.8,1950,7501
3892,mountain_flight,2089.000,11.6075,5.5111,6.0964,5.4129,0.5356,2.1821,1.7613,0.1669,0.6789,763228,326,2495,1767,0,14,1,1.5714,0.6450,0.1515,536.8,1950,7501
3893,mountain_flight,2089.100,9.2201,4.9287,4.2914,5.9228,0.0963,2.8928,1.9855,0.1649,0.6881,763554,0,326,0,0,14,1,0.2122,0.3126,0.0771,536.8,1950,7501
3894,mountain_flight,2089.100,12.4887,6.5779,5.9108,5.3094,0.4219,2.1791,1.7592,0.1628,0.6994,765409,1207,1855,0,0,14,1,1.5438,0.6008,0.3434,536.8,1950,7501
3895,mountain_flight,2089.200,11.4829,5.9618,5.5211,5.1692,0.2888,2.1862,1.7613,0.1628,0.6840,766616,0,1207,0,0,14,1,0.7556,0.4782,0.1210,536.8,1950,7501
3896,mountain_flight,2089.400,9.3186,4.6636,4.6550,5.5142,0.0020,2.1883,1.9907,0.1628,1.0854,766616,0,0,0,0,14,1,0.0147,0.0008,0.1513,536.8,1950,7501
3897,mountain_flight,2089.600,12.6172,6.7026,5.9146,4.9582,0.0727,2.1740,1.7705,0.1638,0.6902,764622,1753,63,2057,0,14,1,1.6424,0.6201,0.4635,536.8,1950,7501
3898,mountain_flight,2089.800,11.6447,6.4119,5.2328,5.1599,0.2816,2.1811,1.7521,0.1649,0.6943,764140,1461,1151,1633,0,14,1,1.5926,0.5715,0.4290,536.8,1950,7501
3899,mountain_flight,2090.100,11.0701,6.7832,4.2869,5.0913,0.2017,2.1719,1.7736,0.1638,0.6881,764054,1718,767,853,0,14,1,1.5667,0.5250,0.5567,536.8,1950,7501
3900,mountain_flight,2090.200,10.0272,5.6762,4.3510,5.2347,0.3584,2.1811,1.7582,0.1628,0.6871,764055,1086,1535,1534,0,14,1,1.5735,0.6363,0.3235,536.8,1950,7501
3901,mountain_flight,2090.100,9.9365,5.4068,4.5297,5.5460,0.6697,2.1801,1.7490,0.1649,0.6943,766049,255,3071,1077,0,14,1,1.5565,0.6489,0.1518,536.8,1950,7501
3902,mountain_flight,2090.200,8.1327,3.8747,4.2580,5.7702,0.0911,2.1627,2.2385,0.1638,1.0281,766304,0,255,0,0,14,1,0.1939,0.3353,0.1160,536.8,1950,7501
3903,mountain_flight,2090.300,8.8014,3.8065,4.9949,4.8712,0.0010,2.1801,1.7510,0.1659,0.6861,766304,0,0,0,0,14,1,0.0127,0.0009,0.1033,536.8,1950,7501
3904,mountain_flight,2090.500,8.9388,3.9042,5.0346,4.8957,0.0020,2.1709,1.7838,0.1659,0.6871,766304,0,0,0,0,14,1,0.0124,0.0006,0.0796,536.8,1950,7501
3905,mountain_flight,2090.900,12.1291,6.1700,5.9591,4.9551,0.0717,2.1893,1.7521,0.1669,0.6902,764217,1817,63,2150,0,14,1,1.6233,0.6002,0.5388,536.8,1950,7501
3906,mountain_flight,2091.400,11.8069,6.9940,4.8129,5.1282,0.2550,2.1688,1.7664,0.1649,0.6881,763598,1652,1023,1642,0,14,1,1.5699,0.6861,0.4760,536.8,1950,7501
3907,mountain_flight,2091.500,11.3942,5.8734,5.5208,5.3484,0.4854,2.1729,1.7541,0.1628,0.6881,765390,0,2211,419,0,14,1,1.2383,0.6829,0.1283,536.8,1950,7501
3908,mountain_flight,2091.800,10.5021,5.7840,4.7181,4.9654,0.0707,2.1924,1.7766,0.1618,0.6799,761869,0,24,3545,0,14,1,1.5687,0.6320,0.1114,536.8,1950,7501
3909,mountain_flight,2091.800,11.5293,6.7309,4.7984,5.2756,0.2990,2.1709,1.7541,0.2744,0.6912,762662,1511,1279,486,0,14,1,1.5290,0.6348,0.3603,536.8,1950,7501
3910,mountain_flight,2091.900,10.0112,5.5080,4.5032,5.2275,0.3400,2.1709,1.7715,0.1649,0.6932,764173,0,1511,0,0,14,1,0.8740,0.5006,0.1793,536.8,1950,7501
3911,mountain_flight,2092.200,10.2001,4.0118,6.1883,4.8988,0.0010,2.1914,1.7736,0.1628,0.6851,764173,0,0,0,0,14,1,0.0121,0.0008,0.1466,536.8,1950,7501
3912,mountain_flight,2092.300,10.2231,4.6621,5.5610,5.8993,0.0010,3.2000,1.7654,0.1638,0.6820,764173,0,0,0,0,14,1,0.0124,0.0008,0.0954,536.8,1950,7501
3913,mountain_flight,2092.500,9.0866,3.8119,5.2747,4.8988,0.0010,2.1903,1.7633,0.1628,0.6943,764173,0,0,0,0,14,1,0.0114,0.0004,0.0766,536.8,1950,7501
3914,mountain_flight,2092.900,11.2579,6.3902,4.8677,4.9152,0.0727,2.1617,1.7541,0.1628,0.6789,761289,3858,63,2947,0,14,1,1.5697,0.5828,0.6948,536.8,1950,7501
3915,mountain_flight,2093.200,13.2496,7.2530,5.9966,5.0565,0.2007,2.1688,1.7377,0.1669,0.6973,760257,3520,767,1799,0,14,1,1.6336,0.8284,0.5955,536.8,1950,7501
3916,mountain_flight,2093.400,13.0237,7.7636,5.2601,5.1200,0.2755,2.1617,1.7541,0.1638,0.6799,760233,4284,1151,1175,0,14,1,1.6341,0.6252,0.8063,536.8,1950,7501
3917,mountain_flight,2093.800,11.6403,6.4674,5.1729,5.2992,0.4444,2.1565,1.7562,0.1649,0.6902,760990,2723,1983,1226,0,14,1,1.6715,0.7356,0.6945,536.8,1950,7501
3918,mountain_flight,2094.200,13.2661,7.1304,6.1357,5.3586,0.5448,2.1535,1.7316,0.1638,0.6799,763549,164,2559,0,0,14,1,1.6275,0.6632,0.1521,536.8,1950,7501
3919,mountain_flight,2094.800,13.5768,6.1263,7.4505,4.9203,0.0758,2.1699,1.7418,0.1638,0.6851,762197,0,164,1516,0,14,1,1.0309,0.4682,0.1264,536.8,1950,7501
3920,mountain_flight,2095.300,14.4407,8.4238,6.0169,5.6146,0.0717,2.8795,1.7336,0.1628,0.6810,760249,2136,63,2011,0,14,1,1.7457,0.6700,0.6018,536.8,1950,7501
3921,mountain_flight,2095.700,10.7123,6.2647,4.4476,5.1046,0.2673,2.1658,1.7336,0.1659,0.6861,759465,1891,1087,1871,0,14,1,1.6012,0.6400,0.5096,536.8,1950,7501
3922,mountain_flight,2096.100,12.4524,6.5793,5.8731,5.1599,0.3103,2.1555,1.7398,0.1751,0.6953,759486,2212,1343,1322,0,14,1,1.5897,0.6493,0.5782,536.8,1950,7501
3923,mountain_flight,2096.500,11.9866,6.7896,5.1970,5.1087,0.3000,2.1484,1.7295,0.1669,0.6789,759849,2106,1279,916,0,14,1,1.5870,0.6232,0.6118,536.8,1950,7501
3925,mountain_flight,2097.800,7.1658,2.8758,4.2900,4.8343,0.0102,2.1432,1.7418,0.1669,0.6851,761670,0,0,0,0,14,1,0.0261,0.0005,0.0742,536.8,1950,7501
3926,mountain_flight,2098.100,9.3533,4.6497,4.7036,5.4559,0.0010,2.4166,2.0992,0.1638,0.6871,761670,0,0,0,0,14,1,0.0118,0.0004,0.0871,536.8,1950,7501
3927,mountain_flight,2098.400,12.3684,6.2429,6.1255,4.8486,0.0195,2.1432,1.7490,0.1649,0.6881,758449,0,0,3221,0,14,1,1.6029,0.5783,0.1015,536.8,1950,7501
3928,mountain_flight,2098.900,8.5835,3.4809,5.1026,4.8005,0.0010,2.1432,1.7172,0.1638,0.6892,758449,0,0,0,0,14,1,0.0325,0.0008,0.0797,536.8,1950,7501
3929,mountain_flight,2099.300,10.4791,6.1342,4.3449,5.6310,0.0727,2.5405,2.0767,0.1638,0.6902,755861,2265,63,2651,0,14,1,1.5787,0.6108,0.4762,536.8,1950,7501
3930,mountain_flight,2099.800,16.4345,6.6685,9.7660,5.2142,0.3983,2.1494,1.7265,0.1638,0.6871,756914,2979,1791,738,0,14,1,1.5964,0.6153,0.6758,536.8,1950,7501
3931,mountain_flight,2100.300,14.3251,8.2264,6.0987,5.8102,0.3932,2.1443,2.3368,0.1649,0.6820,758705,1188,1791,0,0,14,1,1.6297,0.5822,0.4556,536.8,1950,7501
3932,mountain_flight,2100.800,12.2916,6.1280,6.1636,5.0995,0.2816,2.1504,1.7265,0.1669,0.6861,757845,0,1188,2048,0,14,1,1.5611,0.6590,0.1372,536.8,1950,7501
3933,mountain_flight,2101.300,12.2695,6.5064,5.7631,4.8292,0.0195,2.1484,1.7121,0.1638,0.6963,754591,0,0,3254,0,14,1,1.6043,0.7155,0.1848,536.8,1950,7501
3934,mountain_flight,2101.800,11.1323,6.0966,5.0357,6.2925,0.5212,2.8877,1.9313,0.1638,0.6994,756931,467,2367,27,0,14,1,1.5278,0.5636,0.2300,536.8,1950,7501
3935,mountain_flight,2102.100,10.7022,4.5605,6.1417,4.9490,0.1393,2.1473,1.7234,0.1638,0.6881,757398,0,467,0,0,14,1,0.3299,0.3405,0.1121,536.8,1950,7501
3936,mountain_flight,2102.400,9.4069,3.5679,5.8390,4.7872,0.0010,2.1391,1.7111,0.1669,0.6789,757398,0,0,0,0,14,1,0.0106,0.0005,0.0806,536.8,1950,7501
3937,mountain_flight,2102.500,10.8231,6.4623,4.3608,5.4108,0.1331,2.1412,2.1883,0.1638,0.6943,755612,3142,447,2233,0,14,1,1.5356,0.5616,0.6129,536.8,1950,7501
3938,mountain_flight,2102.700,12.2893,6.7285,5.5608,5.3627,0.5458,2.1484,1.7152,0.1659,0.6984,757858,2541,2495,249,0,14,1,1.6265,0.6444,0.5304,536.8,1950,7501
3939,mountain_flight,2102.900,5.8598,5.8577,0.0021,5.0719,0.2662,2.1422,1.7213,0.1628,0.6871,757527,2695,1087,1418,0,14,1,1.6102,0.5883,0.4073,536.8,1950,7501
3940,mountain_flight,2103.300,12.0491,6.9322,5.1169,5.2244,0.4229,2.1432,1.7183,0.1669,0.6810,757620,1754,1855,1762,0,14,1,1.6168,0.6405,0.2329,536.8,1950,7501
3941,mountain_flight,2103.900,12.9583,7.0386,5.9197,5.4753,0.1997,2.6092,1.7080,0.1659,0.6994,756851,987,767,1536,0,14,1,1.5944,0.7301,0.2960,536.8,1950,7501
3942,mountain_flight,2104.600,9.9805,5.6430,4.3375,5.0422,0.2509,2.1463,1.6988,0.1618,0.6943,755790,0,987,2048,0,14,1,1.5192,0.6467,0.1515,536.8,1950,7501
3943,mountain_flight,2105.000,12.4011,6.4032,5.9979,4.8230,0.0184,2.1535,1.7121,0.1638,0.6830,753230,0,0,2560,0,14,1,1.5543,0.5601,0.1243,536.8,1950,7501
3944,mountain_flight,2105.400,10.6482,6.3506,4.2976,5.6463,0.0215,2.9839,1.7080,0.1628,0.6789,748622,0,0,4608,0,14,1,1.6368,0.6723,0.1077,536.8,1950,7501
3945,mountain_flight,2105.800,11.0858,5.8161,5.2697,4.8486,0.0225,2.1535,1.7172,0.1659,0.6973,743502,0,0,5120,0,14,1,1.5631,0.6246,0.0992,536.8,1950,7501
3946,mountain_flight,2106.100,10.2639,5.5393,4.7246,4.8282,0.0195,2.1565,1.7101,0.1638,0.6861,739918,0,0,3584,0,14,1,1.5967,0.6196,0.1146,536.8,1950,7501
3947,mountain_flight,2106.500,10.3586,6.0920,4.2666,4.8251,0.0205,2.1586,1.7121,0.1649,0.6799,736078,0,0,3840,0,14,1,1.7433,0.7809,0.1172,536.8,1950,7501
3948,mountain_flight,2106.700,15.0874,7.9912,7.0962,4.8200,0.0184,2.1453,1.7009,0.1679,0.6973,733301,0,0,2777,0,14,1,1.5978,0.5628,0.1222,536.8,1950,7501
3949,mountain_flight,2107.000,11.6955,5.6421,6.0534,4.8138,0.0184,2.1494,1.6988,0.1628,0.6932,730229,0,0,3072,0,14,1,1.5285,0.6104,0.1430,536.8,1950,7501
3950,mountain_flight,2107.400,10.9871,6.1458,4.8413,4.8415,0.0215,2.1852,1.6886,0.1649,0.6902,725877,0,0,4352,0,14,1,1.5263,0.8237,0.1489,536.8,1950,7501
3951,mountain_flight,2107.800,10.4941,5.6723,4.8218,4.8333,0.0184,2.1914,1.6835,0.1638,0.6851,722805,0,0,3072,0,14,1,1.6347,0.4999,0.0986,536.8,1950,7501
3952,mountain_flight,2108.200,10.2001,5.7629,4.4372,4.8886,0.0696,2.1924,1.6845,0.1659,0.6840,721391,4033,63,1477,0,14,1,1.5644,0.5055,0.1096,536.8,1950,7501
3953,mountain_flight,2108.600,11.2411,6.8508,4.3903,5.2634,0.4280,2.1934,1.6804,0.1638,0.7045,723310,8770,1919,0,0,14,1,1.6549,0.5016,0.1137,536.8,1950,7501
3954,mountain_flight,2108.900,11.8655,7.4350,4.4305,5.6566,0.3072,2.7167,1.6845,0.1659,0.6892,724653,16131,1343,0,0,14,1,1.8003,0.4476,0.1063,536.8,1950,7501
3955,mountain_flight,2109.100,10.7424,5.9612,4.7812,5.2777,0.4833,2.1750,1.6783,0.1649,0.6840,726892,23326,2239,0,0,14,1,2.0198,0.5052,0.1462,536.8,1950,7501
3956,mountain_flight,2109.200,11.7219,7.1851,4.5368,5.4723,0.6820,2.1729,1.6855,0.1628,0.6769,729067,29035,2175,0,0,14,1,2.2474,0.7670,0.1536,536.8,1950,7501
3957,mountain_flight,2109.400,11.5305,6.9018,4.6287,5.4313,0.5990,2.1750,1.6916,0.1649,0.7055,730087,27939,2751,1731,0,14,1,2.4295,0.6932,0.2362,536.8,1950,7501
3958,mountain_flight,2109.700,12.0834,7.7362,4.3472,5.1978,0.3615,2.1801,1.6937,0.1638,0.6984,731686,31629,1599,0,0,14,1,2.4144,0.5066,0.2905,536.8,1950,7501
3959,mountain_flight,2110.000,21.4037,8.3725,13.0312,5.3975,0.5632,2.1852,1.6865,0.1659,0.7025,734309,36430,2623,0,0,14,1,2.5041,0.6249,0.1001,536.8,1950,7501
3960,mountain_flight,2110.300,16.5213,9.6909,6.8304,5.2296,0.1096,2.1934,1.6906,0.1638,0.9810,733860,38439,319,768,0,14,1,3.1468,1.0992,0.1543,536.8,1950,7501
3961,mountain_flight,2110.400,15.6843,7.2549,8.4294,5.4856,0.7025,2.1340,1.6876,0.1638,0.7045,735356,37208,3263,1767,0,14,1,2.7317,0.7691,0.3632,536.8,1950,7501
3962,mountain_flight,2110.200,13.8071,9.4490,4.3581,5.3494,0.5786,2.1432,1.6763,0.1638,0.6943,737714,36080,2687,329,0,14,1,2.6834,0.9901,0.6908,536.8,1950,7501
3963,mountain_flight,2110.200,18.1249,9.2805,8.8444,5.2429,0.4792,2.1371,1.6742,0.1669,0.6912,738007,34765,2175,1882,0,14,1,2.6443,0.8017,1.1975,536.8,1950,7501
3964,mountain_flight,2110.200,15.2753,9.5633,5.7120,4.9818,0.2099,2.1340,1.6968,0.1638,0.6871,737418,31514,831,1420,0,14,1,2.6007,0.6631,2.0426,536.8,1950,7501
3965,mountain_flight,2110.300,21.5325,10.8446,10.6879,5.1251,0.3318,2.1402,1.6876,0.1618,0.7117,737133,27703,1407,1692,0,14,1,2.4993,0.6158,1.3799,536.8,1950,7501
3966,mountain_flight,2110.800,12.2073,7.4921,4.7152,5.3207,0.5468,2.1268,1.6845,0.1638,0.7045,737281,23439,2495,2347,0,14,1,2.3841,0.7552,1.0238,536.8,1950,7501
3967,mountain_flight,2111.000,13.1532,8.2344,4.9188,5.2163,0.4495,2.1309,1.6896,0.1628,0.6912,739328,27024,2047,0,0,14,1,2.2692,0.9743,0.7107,536.8,1950,7501
3968,mountain_flight,2111.300,15.1599,7.6084,7.5515,5.1282,0.3666,2.1299,1.6824,0.1628,0.6892,740304,25510,1599,623,0,14,1,2.3688,0.6115,0.7950,536.8,1950,7501
3969,mountain_flight,2111.300,18.5614,8.3458,10.2156,5.0831,0.3000,2.1228,1.6957,0.1649,0.7096,739926,23573,1279,1657,0,14,1,2.3508,0.7452,0.8691,536.8,1950,7501
3970,mountain_flight,2111.400,13.4871,8.3468,5.1403,5.0166,0.2662,2.1238,1.6722,0.1649,0.6973,739280,21659,1087,1733,0,14,1,2.2923,0.7864,1.0572,536.8,1950,7501
3971,mountain_flight,2111.400,15.0796,9.0247,6.0549,5.9566,0.4833,2.8580,1.6691,0.1659,0.6881,739265,22837,959,974,0,14,1,2.6148,0.6994,1.3608,536.8,1950,7501
3972,mountain_flight,2111.400,13.9176,8.2275,5.6901,5.3053,0.5509,2.1197,1.6763,0.1638,0.7004,741824,28726,2559,0,0,14,1,2.2470,0.6655,1.4957,536.8,1950,7501
3973,mountain_flight,2111.400,13.9652,9.6495,4.3157,6.1348,0.4557,2.1340,2.1750,0.1669,1.1080,742416,29290,2047,1455,0,14,1,2.4140,1.0020,1.3258,536.8,1950,7501
3974,mountain_flight,2111.200,13.7571,8.1923,5.5648,5.1620,0.3881,2.1166,1.6978,0.1638,0.7025,743198,22620,1727,945,0,14,1,2.4781,0.6643,1.4015,536.8,1950,7501
3975,mountain_flight,2111.300,12.9540,7.7729,5.1811,5.2767,0.5192,2.1217,1.6835,0.1638,0.6943,745227,26888,2367,338,0,14,1,2.2337,0.6103,1.1207,536.8,1950,7501
3976,mountain_flight,2111.300,13.6497,8.2582,5.3915,5.1702,0.4209,2.1135,1.6865,0.1669,0.6902,745361,28606,1855,1721,0,14,1,2.3541,0.6893,0.4687,536.8,1950,7501
3977,mountain_flight,2111.400,14.5650,8.9334,5.6316,5.1702,0.3994,2.1217,1.6783,0.1659,0.7127,745120,27477,1791,2032,0,14,1,2.4142,1.4898,1.2061,536.8,1950,7501
3978,mountain_flight,2111.500,14.7549,7.8507,6.9042,6.3662,1.1500,2.5784,1.6773,0.1638,0.7025,748639,24881,4415,896,0,14,1,2.3788,1.1627,0.7420,536.8,1950,7501
3979,mountain_flight,2111.500,14.1110,8.7779,5.3331,6.0938,1.3660,2.1084,1.6640,0.1649,0.6963,755294,18226,6655,0,0,14,1,2.3093,1.0436,0.8719,536.8,1950,7501
3980,mountain_flight,2111.600,13.9502,9.5302,4.4200,5.9505,0.7455,2.1043,1.6742,0.1679,1.1643,757237,16819,3519,1576,0,14,1,2.0882,0.9605,1.1284,536.8,1950,7501
3981,mountain_flight,2111.500,13.3161,7.8741,5.4420,5.6402,0.9011,2.1094,1.6620,0.1638,0.7066,760604,13460,4287,920,0,14,1,2.0458,0.8436,1.0627,536.8,1950,7501
3982,mountain_flight,2111.200,13.1194,7.3506,5.7688,5.2562,0.5202,2.0982,1.6671,0.1659,0.7086,761735,11858,2367,1236,0,14,1,1.9589,0.8360,1.4234,536.8,1950,7501
3983,mountain_flight,2111.200,11.8691,7.6044,4.2647,6.1245,0.5960,2.0961,2.1381,0.1659,1.0322,763803,10194,2751,683,0,14,1,1.9080,0.8297,1.1433,536.8,1950,7501
3984,mountain_flight,2111.200,13.5670,8.4883,5.0787,5.3361,0.6052,2.0849,1.6773,0.1720,0.7004,765861,8692,2815,757,0,14,1,1.8389,0.6851,1.3550,536.8,1950,7501
3985,mountain_flight,2111.000,12.7488,8.4470,4.3018,5.5603,0.8243,2.0818,1.6753,0.1669,0.7158,768899,5665,3967,929,0,14,1,1.7981,0.8090,1.7325,536.8,1950,7501
3986,mountain_flight,2110.900,16.5949,6.3977,10.1972,5.5224,0.7793,2.1166,1.6589,0.1669,0.7055,772028,3504,3711,582,0,14,1,1.7009,0.7724,0.6547,536.8,1950,7501
3987,mountain_flight,2110.600,9.7440,5.3477,4.3963,5.4804,0.7025,2.1340,1.6712,0.1659,0.7107,775532,0,3504,0,0,14,1,1.3960,0.7030,0.1011,536.8,1950,7501
3988,mountain_flight,2110.200,13.9764,6.5387,7.4377,6.2269,0.3103,3.0894,1.8729,0.1649,0.6953,776060,0,1296,768,0,14,1,1.4214,0.6335,0.1313,536.8,1950,7501
3989,mountain_flight,2110.200,17.8550,7.2149,10.6401,4.8200,0.0164,2.1371,1.6998,0.1638,0.7096,775111,0,0,949,0,14,1,1.5966,0.4758,0.2291,536.8,1950,7501
3990,mountain_flight,2110.100,10.2769,6.0537,4.2232,4.8671,0.0737,2.1340,1.6650,0.1700,0.7301,771590,869,63,3584,0,14,1,1.6206,0.5931,0.2725,536.8,1950,7501
3991,mountain_flight,2110.400,14.0349,7.6995,6.3354,4.9869,0.2120,2.1350,1.6681,0.1659,0.7137,771141,38,831,1280,0,14,1,1.5754,0.7063,0.2223,536.8,1950,7501
3992,mountain_flight,2110.800,11.1623,6.6914,4.4709,4.8476,0.0686,2.1402,1.6640,0.1690,0.7137,768619,0,38,2560,0,14,1,1.0335,0.5765,0.1837,536.8,1950,7501
3993,mountain_flight,2111.000,15.7102,9.7092,6.0010,5.5122,0.0717,2.8283,1.6486,0.1628,0.7076,766655,823,63,2027,0,14,1,1.6266,1.9137,0.7115,536.8,1950,7501
3994,mountain_flight,2111.100,9.9256,5.5771,4.3485,5.2398,0.4649,2.1350,1.6712,0.1628,0.7096,768273,4837,2111,493,0,14,1,1.5491,0.5865,0.3974,536.8,1950,7501
3995,mountain_flight,2111.200,12.9578,7.1052,5.8526,6.1215,0.2867,2.1330,2.5262,0.1679,0.9124,768759,4316,1215,729,0,14,1,1.6904,0.5841,0.7340,536.8,1950,7501
3996,mountain_flight,2111.400,12.6560,7.8393,4.8167,5.7231,0.9554,2.1422,1.6609,0.1669,0.7014,772278,1498,3519,0,0,14,1,1.6575,0.8544,0.4306,536.8,1950,7501
3997,mountain_flight,2111.600,11.3155,6.2096,5.1059,5.5306,0.4649,2.1402,1.9354,0.1700,0.7240,772673,1422,2111,1716,0,14,1,1.5865,0.8379,0.4505,536.8,1950,7501
3998,mountain_settle,3379.800,4.9901,4.9610,0.0291,3.4683,0.3523,1.3496,1.2728,0.1925,0.2304,774257,0,1584,0,0,14,1,0.9851,0.6559,0.2005,536.8,1950,7501
3999,mountain_settle,3379.800,6.0171,5.9960,0.0211,3.4806,0.0010,1.3517,1.6312,0.1935,0.2345,774257,0,0,0,0,14,1,0.0117,0.0009,0.1458,536.8,1950,7501
4000,mountain_settle,3379.800,7.3477,7.3193,0.0284,3.9383,0.1976,1.9702,1.2800,0.1925,0.2314,773658,0,733,1332,0,14,1,1.3956,0.6938,0.1397,536.8,1950,7501
4001,mountain_settle,3379.800,4.1613,4.1307,0.0306,3.1273,0.0020,1.3496,1.2810,0.1946,0.2355,773658,0,0,0,0,14,1,0.0100,0.0007,0.0831,536.8,1950,7501
4002,mountain_settle,3379.800,3.7525,3.7276,0.0249,3.1201,0.0010,1.3486,1.2769,0.1925,0.2314,773658,0,0,0,0,14,1,0.0077,0.0007,0.1065,536.8,1950,7501
4003,mountain_settle,3379.800,4.1989,4.1745,0.0244,3.6055,0.0020,1.5913,1.5165,0.1915,0.2345,773658,0,0,0,0,14,1,0.0100,0.0008,0.0988,536.8,1950,7501
4004,mountain_settle,3379.800,5.2820,3.4396,1.8424,3.1242,0.0010,1.3496,1.2780,0.1905,0.2355,773658,0,0,0,0,14,1,0.0093,0.0009,0.0784,536.8,1950,7501
4005,mountain_settle,3379.800,6.1599,3.1882,2.9717,3.1273,0.0010,1.3496,1.2820,0.1925,0.2335,773658,0,0,0,0,14,1,0.0080,0.0007,0.0872,536.8,1950,7501
4006,mountain_settle,3379.800,2.8763,2.8301,0.0462,3.9731,0.0010,1.3496,1.7674,0.1956,0.2324,773658,0,0,0,0,14,1,0.0085,0.0005,0.0717,536.8,1950,7501
4007,mountain_settle,3379.800,6.7121,3.6460,3.0661,3.1242,0.0010,1.3507,1.2800,0.1905,0.2324,773658,0,0,0,0,14,1,0.0100,0.0011,0.0787,536.8,1950,7501
4008,mountain_settle,3379.800,5.7274,5.6828,0.0446,3.1222,0.0010,1.3507,1.2790,0.1946,0.2314,773658,0,0,0,0,14,1,0.0086,0.0006,0.0827,536.8,1950,7501
4009,mountain_settle,3379.800,6.9539,6.9275,0.0264,3.5072,0.0010,1.7234,1.2851,0.1925,0.2345,773658,0,0,0,0,14,1,0.0094,0.0007,0.0970,536.8,1950,7501
4010,mountain_settle,3379.800,3.9397,3.9045,0.0352,3.1375,0.0010,1.3517,1.2780,0.1946,0.2437,773658,0,0,0,0,14,1,0.0093,0.0007,0.0977,536.8,1950,7501
4011,mountain_settle,3379.800,3.4939,3.4708,0.0231,3.1273,0.0010,1.3496,1.2769,0.1915,0.2386,773658,0,0,0,0,14,1,0.0095,0.0008,0.1061,536.8,1950,7501
4012,mountain_settle,3379.800,4.9520,4.9279,0.0241,3.1263,0.0010,1.3517,1.2790,0.1946,0.2304,773658,0,0,0,0,14,1,0.0084,0.0005,0.0752,536.8,1950,7501
4014,mountain_settle,3379.800,8.5926,8.5703,0.0223,3.3556,0.0655,1.4950,1.2769,0.1915,0.2324,773721,28353,63,0,0,15,0,4.0738,0.3643,0.1452,536.8,1950,7501
4015,mountain_settle,3379.800,8.3707,8.3471,0.0236,5.8573,0.5929,1.8545,2.5170,0.1956,0.6021,776472,39938,2751,0,0,15,0,4.0073,0.7174,0.1135,536.8,1950,7501
4016,mountain_settle,3379.800,10.2573,10.2319,0.0254,5.1067,0.1516,1.8053,2.2374,0.1915,0.6287,776727,50619,511,256,0,15,0,4.0519,0.5591,0.1881,536.8,1950,7501
4017,mountain_settle,3379.800,9.2240,9.1919,0.0321,7.1977,0.9830,2.3112,2.9379,0.1966,0.6717,773206,45948,4671,8192,0,15,0,4.0136,1.5549,0.1095,536.8,1950,7501
4018,mountain_settle,3379.800,9.3717,9.3455,0.0262,6.3539,0.9339,2.0040,2.4177,0.1966,0.7055,770645,41597,4351,6912,0,15,0,4.0136,1.3776,0.1711,536.8,1950,7501
4020,mountain_settle,3379.800,8.6421,8.6200,0.0221,6.3652,0.7885,2.1463,2.4678,0.1925,0.6738,763027,33855,3647,7168,0,15,0,4.0258,1.2683,0.1018,536.8,1950,7501
4021,mountain_settle,3379.800,10.1613,10.1357,0.0256,7.0533,0.5734,2.7894,2.7167,0.1976,0.6789,761042,31232,2623,4608,0,15,0,4.0355,1.3965,0.1410,536.8,1950,7501
4022,mountain_settle,3379.800,9.0232,8.9954,0.0278,6.4604,0.8428,2.1637,2.4842,0.1966,0.6748,760657,27265,3967,4352,0,15,0,4.0141,1.1342,0.1461,536.8,1950,7501
4023,mountain_settle,3379.800,9.4356,9.4123,0.0233,6.6888,0.5243,2.7003,2.4975,0.1946,0.6707,754768,24962,2303,8192,0,15,0,4.0489,1.4915,0.0976,536.8,1950,7501
4025,mountain_settle,3379.800,8.6922,8.6696,0.0226,6.5096,0.7997,2.2354,2.5098,0.1956,0.6707,750542,16644,3711,6400,0,15,0,4.0278,1.2454,0.1015,536.8,1950,7501
4026,mountain_settle,3379.800,10.4742,10.4546,0.0196,6.9110,1.1244,2.3224,2.5129,0.1925,0.6595,746253,12485,4159,8448,0,15,0,4.0603,1.8961,0.1481,536.8,1950,7501
4028,mountain_settle,3379.800,8.9407,8.9106,0.0301,6.1993,0.3461,2.3777,2.5190,0.1956,0.6574,745163,6919,1471,2048,0,15,0,4.0336,0.9716,0.1594,536.8,1950,7501
4029,mountain_settle,3379.800,9.0896,9.0535,0.0361,7.6718,1.0148,3.1447,2.5313,0.1884,0.6728,745354,2120,4799,4608,0,15,0,4.0183,1.2337,0.4271,536.8,1950,7501
4030,mountain_settle,3379.800,9.2375,9.2155,0.0220,6.8925,1.0168,2.3767,2.5221,0.1925,0.6625,748621,5449,4863,1596,0,15,0,4.0198,1.2213,0.4568,536.8,1950,7501
4031,mountain_settle,3379.800,8.5628,8.5437,0.0191,8.2831,1.1008,2.9624,3.1191,0.1956,0.7864,753932,20106,5311,0,0,15,0,4.0223,0.9072,0.4550,536.8,1950,7501
4032,mountain_settle,3379.800,8.3517,8.3303,0.0214,6.5546,0.5519,2.3818,2.5252,0.1925,0.7844,756491,33931,2559,0,0,15,0,4.0237,0.7222,0.5082,536.8,1950,7501
4034,mountain_settle,3379.800,10.1560,10.1307,0.0253,7.0840,0.8919,2.5160,2.5539,0.1935,0.8049,754249,38414,4159,5120,0,15,0,4.0272,1.3857,0.5035,536.8,1950,7501
4035,mountain_settle,3379.800,11.7936,11.7594,0.0342,7.5561,0.8499,3.0116,2.5702,0.1987,0.8049,752200,35599,2815,4864,0,15,0,4.0209,1.3661,0.5934,536.8,1950,7501
4036,mountain_settle,3379.800,8.5688,8.5405,0.0283,8.2248,1.0742,2.5999,2.8518,0.1935,1.3865,749319,30544,5055,7936,0,15,0,4.0131,1.4210,0.4375,536.8,1950,7501
4037,mountain_settle,3379.800,9.3530,9.3341,0.0189,7.1148,0.8131,2.6061,2.5856,0.1894,0.7977,745926,26769,3775,7168,0,15,0,4.0182,1.6059,0.4990,536.8,1950,7501
4038,mountain_settle,3379.800,9.0728,9.0531,0.0197,7.7517,1.1346,2.6665,2.6143,0.1925,1.0240,742597,21394,5375,8704,0,15,0,4.0136,1.5067,0.4281,536.8,1950,7501
4039,mountain_settle,3379.800,9.5896,9.5642,0.0254,6.9499,0.5775,2.6911,2.6204,0.1925,0.7455,740100,18771,2623,5120,0,15,0,4.0424,1.3450,0.5773,536.8,1950,7501
4040,mountain_settle,3379.800,9.6300,9.6006,0.0294,8.4132,1.1110,3.6157,2.6307,0.1966,0.7393,737155,13524,5247,8192,0,15,0,4.0174,1.6801,0.5214,536.8,1950,7501
4041,mountain_settle,3379.800,8.8957,8.8713,0.0244,8.1951,0.9247,2.7658,3.0802,0.5417,0.7578,735106,9173,4351,6400,0,15,0,4.0175,1.3439,0.4439,536.8,1950,7501
4042,mountain_settle,3379.800,9.1018,9.0801,0.0217,7.3533,0.8960,2.7699,2.6204,0.1894,0.7547,731329,5014,4159,7936,0,15,0,4.0228,1.3636,0.8078,536.8,1950,7501
4043,mountain_settle,3379.800,8.9713,8.9476,0.0237,7.4476,1.0025,2.7535,2.6286,0.1966,0.7455,730944,279,4735,5120,0,15,0,4.0202,1.3082,0.1461,536.8,1950,7501
4044,mountain_settle,3379.800,9.5190,9.4855,0.0335,7.8920,0.9380,2.7535,2.8703,0.1925,1.0107,733541,6296,4479,1882,0,15,0,4.0249,1.0595,0.2022,536.8,1950,7501
4045,mountain_settle,3379.800,10.7404,10.6817,0.0587,7.1475,0.6042,2.7505,2.6255,0.1966,0.8458,736356,17561,2815,0,0,15,0,4.0269,0.8572,0.2842,536.8,1950,7501
4046,mountain_settle,3379.800,9.9341,9.8999,0.0342,7.7312,0.4157,3.1498,2.9768,0.1987,0.8673,738211,27994,1855,0,0,15,0,4.0795,0.7159,0.3471,536.8,1950,7501
4047,mountain_settle,3379.800,10.1128,10.0772,0.0356,6.9366,0.3625,2.7668,2.6276,0.2028,0.8540,739810,40475,1599,0,0,15,0,4.0181,0.6309,0.2564,536.8,1950,7501
4048,mountain_settle,3379.800,11.0238,10.9774,0.0464,7.7220,0.5274,2.7597,3.2543,0.1956,0.8591,739105,41106,2367,3072,0,15,0,4.0483,1.6075,0.2193,536.8,1950,7501
4049,mountain_settle,3379.800,9.7803,9.7519,0.0284,7.0287,0.3748,2.7709,2.6348,0.1976,0.9236,736352,39507,1599,4352,0,15,0,4.0294,1.2294,0.2297,536.8,1950,7501
4050,mountain_settle,3379.800,9.3902,9.3643,0.0259,7.7476,1.0066,2.9204,2.6470,0.1925,0.8561,735967,34772,4735,5120,0,15,0,4.0135,1.2480,0.1607,536.8,1950,7501
4051,mountain_settle,3379.800,9.5647,9.5399,0.0248,7.2540,0.5468,2.9501,2.6685,0.1946,0.7700,731998,32341,2431,6400,0,15,0,4.3466,1.4929,0.2085,536.8,1950,7501
4052,mountain_settle,3379.800,9.1574,9.1328,0.0246,8.2852,1.5135,2.9952,2.6808,0.1956,0.7741,728477,26902,5439,8960,0,15,0,4.0083,1.7817,0.1687,536.8,1950,7501
4053,mountain_settle,3379.800,9.8552,9.8343,0.0209,7.8612,0.9984,3.0444,2.7034,0.1987,0.7905,726492,22231,4671,6656,0,15,0,4.0079,1.2543,0.1418,536.8,1950,7501
4054,mountain_settle,3379.800,11.4822,11.4536,0.0286,7.3615,0.4874,3.0495,2.7105,0.1987,0.7895,724315,20056,2175,4352,0,15,0,4.0161,1.4972,0.4658,536.8,1950,7501
4055,mountain_settle,3379.800,10.3745,10.3452,0.0293,8.0589,0.6216,3.6250,2.7003,0.1935,0.7956,722266,17241,2815,4864,0,15,0,4.0155,1.4130,0.2322,536.8,1950,7501
4056,mountain_settle,3379.800,9.2024,9.1751,0.0273,8.4378,0.9165,3.1191,3.2860,0.1935,0.7977,721433,12954,4287,5120,0,15,0,4.0076,1.4902,0.1886,536.8,1950,7501
4057,mountain_settle,3379.800,9.6180,9.5947,0.0233,8.0466,1.1039,3.1109,2.7075,0.1987,0.8018,718936,7771,5183,7680,0,15,0,4.0191,1.5048,0.2183,536.8,1950,7501
4058,mountain_settle,3379.800,9.9679,9.9328,0.0351,8.8545,1.0138,3.6485,3.0730,0.1966,0.7977,719895,2972,4799,3840,0,15,0,4.0251,1.2041,0.5141,536.8,1950,7501
4059,mountain_settle,3379.800,9.2031,9.1794,0.0237,7.7097,0.7670,3.1140,2.7085,0.2017,0.7916,722012,4701,3647,1530,0,15,0,4.0323,0.9690,0.5901,536.8,1950,7501
4060,mountain_settle,3379.800,8.9112,8.8850,0.0262,8.2381,1.1899,3.1171,2.7044,0.1966,0.9042,727835,16030,5823,0,0,15,0,4.0082,0.8736,0.4971,536.8,1950,7501
4061,mountain_settle,3379.800,8.8730,8.8514,0.0216,8.9846,0.9994,3.1130,3.6362,0.1987,0.9144,732442,28575,4607,0,0,15,0,4.0186,0.9442,0.5825,536.8,1950,7501
4062,mountain_settle,3379.800,10.8893,8.2394,2.6499,8.1746,0.9912,3.2225,2.7136,0.1925,0.9288,735641,38099,4735,1536,0,15,0,4.0144,1.0103,0.5580,536.8,1950,7501
4063,mountain_settle,3379.800,11.4072,8.7683,2.6389,7.7906,0.6154,3.2266,2.7095,0.1966,0.9155,733336,35284,2815,5120,0,15,0,4.0108,1.2870,0.6605,536.8,1950,7501
4064,mountain_settle,3379.800,9.6338,9.5869,0.0469,8.4326,0.7229,3.2266,2.9686,0.1966,1.1940,730839,31893,3391,5888,0,15,0,4.0235,1.3628,0.7175,536.8,1950,7501
4065,mountain_settle,3379.800,10.4162,8.7439,1.6723,8.2350,1.0230,3.2522,2.7075,0.2007,0.9257,727254,27030,4863,8448,0,15,0,4.0125,1.5571,0.4896,536.8,1950,7501
4066,mountain_settle,3379.800,11.4045,9.2743,2.1302,8.0609,0.8550,3.2532,2.7156,0.1935,0.9155,722581,22999,4031,8704,0,15,0,4.0270,1.7399,0.6622,536.8,1950,7501
4067,mountain_settle,3379.800,10.6343,8.9249,1.7094,8.4541,1.0957,3.2594,2.7146,0.1956,1.0650,718612,17752,5247,9216,0,15,0,4.0212,1.5311,0.5383,536.8,1950,7501
4068,mountain_settle,3379.800,10.3552,8.7960,1.5592,8.2606,1.1192,3.2758,2.7126,0.1997,0.8264,716691,14041,3711,5632,0,15,0,4.0266,1.2287,0.6164,536.8,1950,7501
4069,mountain_settle,3379.800,11.1421,9.4680,1.6741,7.8930,0.7301,3.2819,2.7218,0.1946,0.8397,714962,10650,3391,5120,0,15,0,4.0367,1.5041,0.6730,536.8,1950,7501
4070,mountain_settle,3379.800,10.6402,9.0312,1.6090,7.7107,0.5673,3.2696,2.7054,0.1987,0.8458,712977,8027,2623,4608,0,15,0,4.0297,1.2182,0.6861,536.8,1950,7501
4071,mountain_settle,3379.800,10.2104,10.1607,0.0497,8.6364,0.6892,3.7038,3.0863,0.1905,0.8387,713104,4828,3199,3072,0,15,0,4.0182,1.1625,0.9113,536.8,1950,7501
4072,mountain_settle,3379.800,9.4857,9.4580,0.0277,8.0200,0.9042,3.2696,2.7023,0.1935,0.8243,716664,13533,4095,535,0,15,0,4.0123,0.9500,1.0181,536.8,1950,7501
4073,mountain_settle,3379.800,10.2605,8.6947,1.5658,8.2565,1.0148,3.2655,2.7085,0.1956,0.9462,721335,23966,4671,0,0,15,0,4.0127,0.7548,0.8348,536.8,1950,7501
4074,mountain_settle,3379.800,10.3457,8.7853,1.5604,9.1546,0.7373,4.4308,2.7095,0.1976,0.9554,724662,37023,3327,0,0,15,0,4.0082,0.6771,0.9389,536.8,1950,7501
4075,mountain_settle,3379.800,10.9280,9.2921,1.6359,8.0148,0.8212,3.3239,2.7269,0.1905,0.8264,726837,42712,3967,1792,0,15,0,4.0277,0.9200,0.9278,536.8,1950,7501
4076,mountain_settle,3379.800,10.9287,9.3006,1.6281,8.0036,0.7485,3.3864,2.7136,0.1915,0.8376,725044,39129,3583,5376,0,15,0,4.0266,1.1993,0.9301,536.8,1950,7501
4077,mountain_settle,3379.800,9.9140,9.8806,0.0334,8.8607,0.7301,4.2578,2.7075,0.1925,0.8468,722611,35674,3455,5888,0,15,0,4.0190,1.2805,0.8725,536.8,1950,7501
4078,mountain_settle,3379.800,10.3093,10.2838,0.0255,8.4060,1.0824,3.4150,2.7228,0.1935,0.8643,719922,30427,5247,7936,0,15,0,4.0084,1.4545,0.7930,536.8,1950,7501
4079,mountain_settle,3379.800,11.6547,11.6298,0.0249,7.8582,0.5939,3.3792,2.7136,0.1935,0.8540,717809,27676,2751,4864,0,15,0,4.0374,1.8737,1.4158,536.8,1950,7501
4080,mountain_settle,3379.800,10.8578,10.8306,0.0272,8.0640,0.4618,3.4058,2.7300,0.1976,1.1448,715056,25565,2111,4864,0,15,0,4.0189,1.5599,1.3707,536.8,1950,7501
4081,mountain_settle,3379.800,9.6339,9.6034,0.0305,8.3528,0.9933,3.4365,2.7259,0.1956,0.8704,713199,20766,4799,6656,0,15,0,4.0087,1.3626,0.7852,536.8,1950,7501
4082,mountain_settle,3379.800,10.5733,10.5511,0.0222,8.0353,0.7014,3.4202,2.7228,0.1956,0.8694,708782,17503,3263,7680,0,15,0,4.0325,1.3198,0.9607,536.8,1950,7501
4083,mountain_settle,3379.800,10.6265,10.6006,0.0259,8.0128,0.7025,3.4099,2.7187,0.1925,0.8591,706477,14176,3327,5632,0,15,0,4.0175,1.5156,0.8864,536.8,1950,7501
4084,mountain_settle,3379.800,9.6761,9.6429,0.0332,8.5412,0.9728,3.6762,2.7310,0.1905,0.8448,707372,9441,4735,3840,0,15,0,4.0167,1.2104,0.8077,536.8,1950,7501
4085,mountain_settle,3379.800,9.9765,9.9503,0.0262,8.2012,0.8776,3.4079,2.7269,0.1966,0.8612,710358,15074,4351,1365,0,15,0,4.0109,1.0313,0.8726,536.8,1950,7501
4086,mountain_settle,3379.800,12.1691,8.9161,3.2530,8.0097,0.7516,3.4079,2.7259,0.1976,0.7987,714133,27171,3775,0,0,15,0,4.0171,0.7617,0.8892,536.8,1950,7501
4087,mountain_settle,3379.800,9.5448,9.5035,0.0413,8.4838,1.2431,3.4099,2.7177,0.1966,0.7905,718676,43620,4543,0,0,15,0,4.0227,0.8547,0.8014,536.8,1950,7501
4088,mountain_settle,3379.800,11.1473,9.5184,1.6289,8.2084,0.9841,3.4038,2.7156,0.1997,0.7782,720083,45726,4991,3584,0,15,0,4.0250,1.1370,0.8890,536.8,1950,7501
4089,mountain_settle,3379.800,10.9237,10.8771,0.0466,7.6964,0.4547,3.4048,2.7208,0.1956,0.7854,716882,43551,2175,5376,0,15,0,4.0284,1.3138,1.2964,536.8,1950,7501
4090,mountain_settle,3379.800,10.8297,9.2362,1.5935,9.2826,0.9902,4.4595,2.7218,0.1956,0.7864,714961,38560,4991,6912,0,15,0,4.0133,1.3448,0.7686,536.8,1950,7501
4091,mountain_settle,3379.800,10.6521,10.6117,0.0404,7.9852,0.7485,3.3925,2.7300,0.1935,0.7946,713296,34849,3711,5376,0,15,0,4.0269,1.5035,0.9932,536.8,1950,7501
4092,mountain_settle,3379.800,9.8082,9.7811,0.0271,7.8838,0.6748,3.3956,2.7146,0.1894,0.7813,711247,31522,3327,5376,0,15,0,4.0084,1.2681,0.9395,536.8,1950,7501
4093,mountain_settle,3379.800,11.1664,9.2714,1.8950,9.6932,0.9769,4.8763,2.7238,0.1915,0.7956,709774,26595,4927,6400,0,15,0,4.0255,1.2706,0.7795,536.8,1950,7501
4094,mountain_settle,3379.800,10.8121,10.7751,0.0370,7.5745,0.3379,3.3976,2.7156,0.1997,0.8008,707725,25060,1535,3584,0,15,0,4.0104,0.8261,0.7789,536.8,1950,7501
4095,mountain_settle,3379.800,10.7784,9.1118,1.6666,8.2094,1.0045,3.3751,2.7259,0.1956,0.7823,705548,20069,4991,7168,0,15,0,4.0207,1.3619,0.7705,536.8,1950,7501
4096,mountain_settle,3379.800,9.3558,9.3080,0.0478,9.0081,0.9574,4.2240,2.7300,0.1915,0.7772,708646,24038,4991,1893,0,15,0,4.0126,1.0923,0.7633,536.8,1950,7501
4097,mountain_settle,3379.800,10.9549,8.7495,2.2054,8.1971,0.9769,3.3823,2.7279,0.1925,0.7916,713573,39335,4927,0,0,15,0,4.0212,0.8125,0.8159,536.8,1950,7501
4098,mountain_settle,3379.800,12.3442,12.2768,0.0674,7.8193,0.6185,3.3731,2.7167,0.1956,0.7926,716708,46440,3135,0,0,15,0,4.0258,0.6894,1.1882,536.8,1942,7501
4099,mountain_settle,3379.800,9.6698,9.6446,0.0252,8.1132,0.3932,3.3864,2.9532,0.1925,1.0506,715491,49881,1855,3072,0,15,0,4.0105,0.9687,1.0102,536.8,1942,7501
4100,mountain_settle,3379.800,9.7096,9.6815,0.0281,7.8991,0.7188,3.3628,2.7228,0.1997,0.7711,712930,46298,3583,6144,0,15,0,4.0172,1.1237,0.8061,536.8,1942,7501
4101,mountain_settle,3379.800,10.2841,10.2616,0.0225,7.7240,0.5407,3.3577,2.7279,0.1946,0.7793,707617,43675,2623,7936,0,15,0,4.0338,1.7435,0.8422,536.8,1942,7501
4102,mountain_settle,3379.800,11.1383,11.1170,0.0213,8.9743,1.1059,3.7458,2.7228,0.1946,1.0793,704864,39260,4415,7168,0,15,0,4.0090,1.7896,1.0317,536.8,1942,7501
4103,mountain_settle,3379.800,10.6644,10.6402,0.0242,7.4486,0.2683,3.3577,2.7259,0.1946,0.7772,705456,44893,1279,687,0,15,0,4.0845,1.0497,0.9926,536.8,1942,7501
4104,mountain_settle,3379.800,9.5066,9.4736,0.0330,7.7640,0.5960,3.3628,2.7177,0.1915,0.7711,708591,56350,3135,0,0,15,0,4.0256,0.8114,0.8763,536.8,1942,7501
4105,mountain_settle,3379.800,9.2081,9.1870,0.0211,8.0896,0.8796,3.3567,2.7372,0.2007,0.7864,705710,54826,4543,7424,0,15,0,4.0130,1.2729,0.9314,536.8,1942,7501
4106,mountain_settle,3379.800,11.1334,9.5279,1.6055,8.9969,1.1325,4.0407,2.7126,0.2007,0.7823,705090,50155,4671,5291,0,15,0,4.0202,1.2458,0.7612,536.8,1942,7501
4107,mountain_settle,3379.800,10.1671,10.1296,0.0375,7.6216,0.4465,3.3618,2.7075,0.1997,0.7772,706177,60503,2111,1024,0,15,0,4.0593,0.8235,1.0046,536.8,1942,7501
4108,mountain_settle,3379.800,11.4953,9.9198,1.5755,7.7425,0.5652,3.3577,2.7249,0.1956,0.7721,703616,57688,2815,5376,0,15,0,4.0716,1.6048,0.9298,536.8,1942,7501
4109,mountain_settle,3379.800,10.0313,9.9955,0.0358,9.2303,0.6052,4.8026,2.7095,0.1976,0.7895,703286,61308,3071,3401,0,15,0,4.0275,0.9968,0.9872,536.8,1942,7501
4110,mountain_settle,3379.800,10.6797,10.6526,0.0271,7.7455,0.5775,3.3587,2.7187,0.1925,0.7885,704035,67671,2943,2194,0,15,0,4.0375,0.9202,2.0284,536.8,1942,7501
4111,mountain_settle,3379.800,10.5921,10.5637,0.0284,8.7060,1.5503,3.3516,2.7156,0.1935,0.7844,712354,59800,8319,0,0,15,0,4.0275,1.1979,1.9227,536.8,1942,7501
4112,mountain_settle,3379.800,10.5871,10.5590,0.0281,10.0229,1.8944,4.3233,2.7177,0.1966,0.7813,722529,49625,10175,0,0,15,0,4.0089,1.4400,2.0145,536.8,1942,7501
4113,mountain_settle,3379.800,12.0095,11.9872,0.0223,8.9856,1.9548,3.2225,2.7238,0.1946,0.7793,733152,39002,10623,0,0,15,0,4.0288,1.4314,2.8962,536.8,1942,7501
4114,mountain_settle,3379.800,13.1942,13.1660,0.0282,8.5361,1.7900,2.9604,2.7136,0.1915,0.7803,742943,29211,9791,0,0,15,0,4.0150,1.3584,3.9658,536.8,1942,7501
4115,mountain_settle,3379.800,11.7956,11.7590,0.0366,8.9180,2.1402,2.9614,2.7249,0.1976,0.7885,753054,19100,10111,0,0,15,0,4.0272,1.4427,2.9035,536.8,1942,7501
4116,mountain_settle,3379.800,11.2741,11.2470,0.0271,8.7798,2.0531,2.9481,2.7126,0.1956,0.7700,763421,8733,10367,0,0,15,0,4.0159,1.5513,1.9014,536.8,1942,7501
4117,mountain_settle,3379.800,10.7855,9.1683,1.6172,8.6948,1.4572,2.9522,3.2072,0.1987,0.7803,771804,350,8383,0,0,15,0,4.0267,1.5068,0.2087,536.8,1942,7501
4118,mountain_settle,3379.800,11.9826,3.9470,8.0356,6.8260,0.0840,2.9491,2.7126,0.1966,0.7844,772154,0,350,0,0,15,0,0.2499,0.3451,0.1293,536.8,1942,7501
4119,mountain_settle,3379.800,12.1400,3.3919,8.7481,6.7318,0.0010,2.9471,2.7156,0.1956,0.7731,772154,0,0,0,0,15,0,0.0090,0.0007,0.1116,536.8,1942,7501
4120,mountain_settle,3379.800,8.1325,3.1887,4.9438,6.7471,0.0010,2.9491,2.7290,0.1946,0.7721,772154,0,0,0,0,15,0,0.0086,0.0008,0.1016,536.8,1942,7501
4122,mountain_walk,3379.800,8.7508,3.3783,5.3725,6.6601,0.0010,2.9757,2.6112,0.1874,0.7752,772154,0,0,0,0,15,0,0.0283,0.0009,0.1180,536.8,1942,7501
4123,mountain_walk,3379.900,3.7097,3.7079,0.0018,6.6243,0.0010,2.9665,2.6040,0.1874,0.7660,772154,0,0,0,0,15,0,0.0313,0.0008,0.1240,536.8,1942,7501
4124,mountain_walk,3379.900,6.8905,4.5919,2.2986,7.0359,0.0010,3.3587,2.6132,0.1853,0.7782,772154,0,0,0,0,15,0,0.0318,0.0007,0.1049,536.8,1942,7501
4125,mountain_walk,3379.900,6.5598,4.0646,2.4952,6.6263,0.0020,2.9553,2.6102,0.1874,0.7731,772154,0,0,0,0,15,0,0.0318,0.0007,0.0861,536.8,1942,7501
4126,mountain_walk,3379.900,6.0964,3.9275,2.1689,6.6437,0.0010,2.9532,2.6102,0.1946,0.7854,772154,0,0,0,0,15,0,0.0285,0.0007,0.0852,536.8,1942,7501
4127,mountain_walk,3379.900,10.1402,5.3111,4.8291,7.2827,0.0010,2.9604,2.8580,0.1853,1.1807,772154,0,0,0,0,15,0,0.0279,0.0007,0.1162,536.8,1942,7501
4128,mountain_walk,3379.900,7.8782,3.9976,3.8806,6.6284,0.0010,2.9614,2.6112,0.1874,0.7680,772154,0,0,0,0,15,0,0.0299,0.0008,0.1059,536.8,1942,7501
4129,mountain_walk,3379.900,6.9792,3.3034,3.6758,6.6437,0.0010,2.9665,2.6061,0.1864,0.7834,772154,0,0,0,0,15,0,0.0251,0.0009,0.1130,536.8,1942,7501
4130,mountain_walk,3379.900,8.9356,3.0176,5.9180,6.6376,0.0020,2.9614,2.6132,0.1884,0.7721,772154,0,0,0,0,15,0,0.0328,0.0007,0.0909,536.8,1942,7501
4131,mountain_walk,3379.900,8.6444,3.4553,5.1891,7.3021,0.0010,2.9655,2.8672,0.1997,1.1704,772154,0,0,0,0,15,0,0.0269,0.0011,0.1181,536.8,1942,7501
4132,mountain_walk,3379.900,8.9496,5.5117,3.4379,6.6468,0.0020,2.9747,2.6092,0.1884,0.7721,772154,0,0,0,0,15,0,0.0353,0.0007,0.1526,536.8,1942,7501
4133,mountain_walk,3379.900,9.9832,4.1657,5.8175,6.6478,0.0010,2.9655,2.6122,0.1823,0.7854,772154,0,0,0,0,15,0,0.0312,0.0009,0.1062,536.8,1942,7501
4134,mountain_walk,3379.900,9.2575,5.7338,3.5237,6.9745,0.0020,3.2799,2.6092,0.1894,0.7844,772154,0,0,0,0,15,0,0.0255,0.0009,0.1182,536.8,1942,7501
4135,mountain_walk,3380.000,6.2861,3.6823,2.6038,7.3196,0.0010,3.6168,2.6194,0.2007,0.7793,772154,0,0,0,0,15,0,0.0274,0.0009,0.0923,536.8,1942,7501
4136,mountain_walk,3380.000,10.3581,3.3337,7.0244,7.0226,0.0020,2.9757,2.9747,0.1966,0.7731,772154,0,0,0,0,15,0,0.0256,0.0005,0.0727,536.8,1942,7501
4137,mountain_walk,3380.000,10.3419,5.2804,5.0615,6.6683,0.0010,2.9737,2.6020,0.1976,0.7844,772154,0,0,0,0,15,0,0.0349,0.0011,0.1107,536.8,1942,7501
4138,mountain_walk,3380.000,9.9899,4.4019,5.5880,6.6509,0.0020,2.9727,2.6153,0.1874,0.7741,772154,0,0,0,0,15,0,0.0292,0.0006,0.0962,536.8,1942,7501
4139,mountain_walk,3379.900,6.0714,3.9043,2.1671,7.4353,0.0010,3.5185,2.6071,0.1864,0.7690,772154,0,0,0,0,15,0,0.0320,0.0007,0.0821,536.8,1942,7501
4140,mountain_walk,3379.900,8.3193,3.7850,4.5343,6.6550,0.0010,2.9809,2.6092,0.1884,0.7639,772154,0,0,0,0,15,0,0.0311,0.0006,0.0871,536.8,1942,7501
4141,mountain_walk,3379.900,9.6164,3.2185,6.3979,6.6550,0.0010,2.9798,2.6040,0.1874,0.7834,772154,0,0,0,0,15,0,0.0299,0.0007,0.1063,536.8,1942,7501
4142,mountain_walk,3379.900,7.1835,4.2615,2.9220,6.6365,0.0010,2.9706,2.6030,0.1853,0.7762,772154,0,0,0,0,15,0,0.0311,0.0008,0.0891,536.8,1942,7501
4143,mountain_walk,3379.900,9.3370,3.6665,5.6705,7.0328,0.0010,3.3690,2.5969,0.1935,0.7721,772154,0,0,0,0,15,0,0.0249,0.0008,0.0749,536.8,1942,7501
4144,mountain_walk,3379.900,9.0558,3.1771,5.8787,6.6447,0.0010,2.9850,2.6051,0.1853,0.7680,772154,0,0,0,0,15,0,0.0255,0.0008,0.0733,536.8,1942,7501
4145,mountain_walk,3379.900,9.0324,4.1251,4.9073,6.6468,0.0010,2.9727,2.6071,0.1874,0.7782,772154,0,0,0,0,15,0,0.0294,0.0006,0.1284,536.8,1942,7501
4146,mountain_walk,3379.900,8.2535,3.7281,4.5254,8.5268,0.0020,4.6060,2.6081,0.4383,0.7731,772154,0,0,0,0,15,0,0.0337,0.0008,0.1717,536.8,1942,7501
4147,mountain_walk,3379.900,9.4646,6.2005,3.2641,7.1086,0.4516,3.0003,2.6092,0.1884,0.7588,774197,440,2047,4,0,15,0,1.5517,0.6635,0.2590,536.8,1942,7501
4148,mountain_walk,3379.900,9.4338,4.6942,4.7396,6.8178,0.1331,3.0157,2.6112,0.1864,0.7721,774637,0,440,0,0,15,0,0.2738,0.3491,0.1087,536.8,1942,7501
4149,mountain_walk,3379.900,9.6901,3.4378,6.2523,6.6959,0.0010,3.0106,2.6194,0.1905,0.7741,774637,0,0,0,0,15,0,0.0263,0.0004,0.0728,536.8,1942,7501
4150,mountain_walk,3379.900,9.2715,3.4132,5.8583,7.6739,0.0020,3.4171,3.1898,0.1915,0.7721,774637,0,0,0,0,15,0,0.0323,0.0007,0.0901,536.8,1942,7501
4151,mountain_walk,3379.900,7.5906,3.9884,3.6022,6.6714,0.0020,3.0177,2.6040,0.1853,0.7629,774637,0,0,0,0,15,0,0.0293,0.0007,0.0963,536.8,1942,7501
4152,mountain_walk,3379.900,10.1678,3.0853,7.0825,6.6724,0.0102,3.0065,2.5938,0.1884,0.7731,774637,0,0,0,0,15,0,0.0297,0.0006,0.0831,536.8,1942,7501
4153,mountain_walk,3379.900,7.8992,4.3099,3.5893,6.6683,0.0010,3.0126,2.5948,0.1915,0.7680,774637,0,0,0,0,15,0,0.0314,0.0008,0.2012,536.8,1942,7501
4154,mountain_walk,3379.900,10.4273,5.2150,5.2123,7.9012,0.0020,4.2414,2.6020,0.1843,0.7721,774637,0,0,0,0,15,0,0.0392,0.0010,0.1424,536.8,1942,7501
4155,mountain_walk,3379.900,9.8393,6.7745,3.0648,6.6724,0.0020,3.0065,2.6051,0.1966,0.7578,774637,0,0,0,0,15,0,0.0450,0.0007,0.1824,536.8,1942,7501
4156,mountain_walk,3379.900,6.3735,3.3541,3.0194,6.6785,0.0010,3.0044,2.6040,0.2038,0.7639,774637,0,0,0,0,15,0,0.0293,0.0008,0.0845,536.8,1942,7501
4157,mountain_walk,3379.900,9.4367,3.8594,5.5773,6.9632,0.0010,2.9952,2.6081,0.1987,1.0598,774637,0,0,0,0,15,0,0.0316,0.0012,0.0986,536.8,1942,7501
4158,mountain_walk,3379.900,8.4573,2.8323,5.6250,6.6734,0.0010,3.0034,2.6010,0.1946,0.7731,774637,0,0,0,0,15,0,0.0269,0.0005,0.0744,536.8,1942,7501
4159,mountain_walk,3379.900,9.0599,5.9681,3.0918,6.6703,0.0010,3.0106,2.6081,0.1864,0.7629,774637,0,0,0,0,15,0,0.0307,0.0012,0.1354,536.8,1942,7501
4160,mountain_walk,3379.900,8.7410,2.8187,5.9223,6.6519,0.0010,2.9972,2.5969,0.1946,0.7629,774637,0,0,0,0,15,0,0.0279,0.0006,0.0784,536.8,1942,7501
4161,mountain_walk,3379.900,8.5941,2.9695,5.6246,7.5971,0.0010,3.0085,2.8703,0.1812,1.4346,774637,0,0,0,0,15,0,0.0286,0.0007,0.0993,536.8,1942,7501
4162,mountain_walk,3379.900,11.5761,6.5462,5.0299,6.6744,0.0010,3.0167,2.5897,0.1894,0.7793,774637,0,0,0,0,15,0,0.0272,0.0007,0.1145,536.8,1942,7501
4163,mountain_walk,3379.900,7.6178,4.1222,3.4956,6.6693,0.0010,3.0106,2.6122,0.1853,0.7619,774637,0,0,0,0,15,0,0.0220,0.0008,0.1250,536.8,1942,7501
4164,mountain_walk,3379.900,6.9951,3.8932,3.1019,6.6601,0.0031,3.0095,2.5969,0.1935,0.7578,774637,0,0,0,0,15,0,0.0247,0.0009,0.1144,536.8,1942,7501
4165,mountain_walk,3379.900,8.2694,3.1794,5.0900,7.7640,0.0010,3.0106,3.0761,0.1915,1.3855,774637,0,0,0,0,15,0,0.0252,0.0008,0.1281,536.8,1942,7501
4166,mountain_walk,3380.000,9.5957,3.3668,6.2289,6.6949,0.0010,3.0167,2.6071,0.1915,0.7782,774637,0,0,0,0,15,0,0.0296,0.0008,0.0889,536.8,1942,7501
4167,mountain_walk,3380.000,8.4203,3.7542,4.6661,6.6765,0.0010,3.0116,2.6051,0.1884,0.7690,774637,0,0,0,0,15,0,0.0263,0.0010,0.1190,536.8,1942,7501
4168,mountain_walk,3380.000,9.4028,3.3623,6.0405,6.6785,0.0020,3.0136,2.6081,0.1894,0.7639,774637,0,0,0,0,15,0,0.0266,0.0006,0.1066,536.8,1942,7501
4169,mountain_walk,3380.000,7.6519,2.8967,4.7552,7.5776,0.0010,3.5082,3.0065,0.1894,0.7721,774637,0,0,0,0,15,0,0.0299,0.0009,0.0884,536.8,1942,7501
4170,mountain_walk,3380.000,9.5989,3.4663,6.1326,6.7021,0.0010,3.0167,2.6143,0.1894,0.7813,774637,0,0,0,0,15,0,0.0321,0.0007,0.1088,536.8,1942,7501
4171,mountain_walk,3380.000,9.2808,5.4995,3.7813,7.0103,0.3502,2.9921,2.6071,0.1915,0.7690,775869,0,1521,289,0,15,0,1.1112,0.5616,0.1291,536.8,1942,7501
4172,mountain_walk,3380.000,7.2873,4.3826,2.9047,6.8557,0.2048,2.9942,2.6010,0.1925,0.7670,775884,0,837,822,0,15,0,0.6962,0.4363,0.1318,536.8,1942,7501
4173,mountain_walk,3380.000,9.9495,3.8142,6.1353,6.9202,0.0010,3.2420,2.5989,0.1853,0.7926,775884,0,0,0,0,15,0,0.0361,0.0009,0.1472,536.8,1942,7501
4174,mountain_walk,3380.000,9.4985,4.7309,4.7676,6.6570,0.0020,2.9911,2.5938,0.1864,0.7823,775884,0,0,0,0,15,0,0.0260,0.0008,0.1128,536.8,1942,7501
4175,mountain_walk,3380.000,8.5128,3.0555,5.4573,6.6775,0.0010,2.9901,2.6235,0.1874,0.7741,775884,0,0,0,0,15,0,0.0274,0.0008,0.0817,536.8,1942,7501
4176,mountain_walk,3380.000,8.8510,3.1791,5.6719,6.9274,0.0010,2.9983,2.8692,0.1884,0.7711,775884,0,0,0,0,15,0,0.0256,0.0004,0.0829,536.8,1942,7501
4177,mountain_walk,3380.000,8.8920,4.7292,4.1628,6.6703,0.0010,2.9921,2.6102,0.1905,0.7772,775884,0,0,0,0,15,0,0.0247,0.0007,0.1158,536.8,1942,7501
4178,mountain_walk,3380.000,8.6050,3.1824,5.4226,6.6714,0.0010,2.9962,2.5958,0.1925,0.7834,775884,0,0,0,0,15,0,0.0246,0.0004,0.0966,536.8,1942,7501
4179,mountain_walk,3380.000,8.6054,3.8959,4.7095,6.6662,0.0010,2.9952,2.6040,0.1853,0.7782,775884,0,0,0,0,15,0,0.0247,0.0008,0.1295,536.8,1942,7501
4180,mountain_walk,3380.000,9.0191,3.6457,5.3734,7.2878,0.0010,3.0003,3.2338,0.1946,0.7598,775884,0,0,0,0,15,0,0.0276,0.0008,0.0914,536.8,1942,7501
4181,mountain_walk,3380.000,8.5943,2.7343,5.8600,6.6673,0.0010,2.9952,2.5999,0.1874,0.7834,775884,0,0,0,0,15,0,0.0284,0.0005,0.0856,536.8,1942,7501
4182,mountain_walk,3380.100,7.9830,5.0275,2.9555,6.6621,0.0010,2.9932,2.5958,0.1946,0.7782,775884,0,0,0,0,15,0,0.0311,0.0008,0.1410,536.8,1942,7501
4183,mountain_walk,3380.100,8.9878,3.7992,5.1886,6.6816,0.0010,2.9983,2.6122,0.1905,0.7793,775884,0,0,0,0,15,0,0.0357,0.0005,0.0879,536.8,1942,7501
4184,mountain_walk,3380.100,8.6461,4.9991,3.6470,7.5520,0.0010,3.4949,2.9850,0.1915,0.7803,775884,0,0,0,0,15,0,0.0252,0.0009,0.1024,536.8,1942,7501
4185,mountain_walk,3380.100,8.4727,3.2781,5.1946,6.6652,0.0010,2.9983,2.5989,0.1874,0.7803,775884,0,0,0,0,15,0,0.0308,0.0006,0.1107,536.8,1942,7501
4186,mountain_walk,3380.100,9.2069,3.8126,5.3943,6.6939,0.0010,3.0085,2.6071,0.1966,0.7813,775884,0,0,0,0,15,0,0.0249,0.0006,0.0847,536.8,1942,7501
4187,mountain_walk,3380.100,8.6686,2.6514,6.0172,6.6540,0.0010,2.9952,2.5989,0.1853,0.7752,775884,0,0,0,0,15,0,0.0262,0.0005,0.0843,536.8,1942,7501
4188,mountain_walk,3380.100,8.7081,2.8603,5.8478,7.2970,0.0010,3.2676,2.9645,0.1925,0.7721,775884,0,0,0,0,15,0,0.0267,0.0006,0.0757,536.8,1942,7501
4189,mountain_walk,3380.100,7.6933,3.9895,3.7038,6.6929,0.0010,3.0106,2.6143,0.1864,0.7803,775884,0,0,0,0,15,0,0.0242,0.0008,0.0970,536.8,1942,7501
4190,mountain_walk,3380.100,9.5611,3.2770,6.2841,6.6836,0.0010,3.0075,2.5999,0.1946,0.7803,775884,0,0,0,0,15,0,0.0314,0.0008,0.0979,536.8,1942,7501
4191,mountain_walk,3380.100,8.5495,2.9719,5.5776,6.6540,0.0010,3.0147,2.5969,0.1915,0.7516,775884,0,0,0,0,15,0,0.0288,0.0006,0.0850,536.8,1942,7501
4192,mountain_walk,3380.100,8.0065,4.2923,3.7142,7.4148,0.0010,3.7663,2.5979,0.1823,0.7660,775884,0,0,0,0,15,0,0.0270,0.0010,0.1055,536.8,1942,7501
4193,mountain_walk,3380.100,9.1098,3.7620,5.3478,6.6918,0.0010,3.0188,2.5928,0.1894,0.7895,775884,0,0,0,0,15,0,0.0248,0.0012,0.0927,536.8,1942,7501
4194,mountain_walk,3380.100,8.8190,4.7096,4.1094,6.6939,0.0031,3.0095,2.6112,0.1935,0.7721,775884,0,0,0,0,15,0,0.0288,0.0012,0.0980,536.8,1942,7501
4195,mountain_walk,3380.100,9.1135,5.0497,4.0638,6.9745,0.0031,3.0310,2.6071,0.1884,1.0363,775884,0,0,0,0,15,0,0.0269,0.0008,0.1201,536.8,1942,7501
4196,mountain_walk,3380.100,10.1594,6.9538,3.2056,7.6104,0.0031,3.9178,2.6122,0.1925,0.7700,775884,0,0,0,0,15,0,0.0285,0.0007,0.1102,536.8,1942,7501
4197,mountain_walk,3380.100,9.3860,6.3583,3.0277,7.1721,0.2181,3.0147,2.8692,0.1946,0.7700,775885,0,847,846,0,15,0,1.3118,0.5632,0.1284,536.8,1942,7501
4198,mountain_walk,3380.100,7.9053,4.8814,3.0239,6.6980,0.0031,3.0177,2.6020,0.1894,0.7813,775885,0,0,0,0,15,0,0.0305,0.0007,0.0985,536.8,1942,7501
4199,mountain_walk,3380.100,10.2506,7.1217,3.1289,6.7185,0.0031,3.0198,2.6173,0.1843,0.7854,775885,0,0,0,0,15,0,0.0289,0.0009,0.1176,536.8,1942,7501
4200,mountain_walk,3380.100,7.4834,4.4928,2.9906,6.7154,0.0031,3.0218,2.6173,0.1915,0.7731,775885,0,0,0,0,15,0,0.0287,0.0005,0.1087,536.8,1942,7501
4201,mountain_walk,3380.200,9.3119,5.2901,4.0218,6.7502,0.0031,3.0331,2.6153,0.1925,0.7997,775885,0,0,0,0,15,0,0.0278,0.0006,0.0936,536.8,1942,7501
4202,mountain_walk,3380.200,9.0863,4.1705,4.9158,6.7492,0.0031,3.0341,2.6163,0.1915,0.7905,775885,0,0,0,0,15,0,0.0252,0.0008,0.1112,536.8,1942,7501
4203,mountain_walk,3380.200,8.9328,4.4296,4.5032,7.9380,0.0031,4.2260,2.6132,0.1894,0.7926,775885,0,0,0,0,15,0,0.0255,0.0010,0.0921,536.8,1942,7501
4204,mountain_walk,3380.200,8.4312,4.5977,3.8335,6.7318,0.0031,3.0382,2.6153,0.1915,0.7793,775885,0,0,0,0,15,0,0.0303,0.0009,0.1249,536.8,1942,7501
4205,mountain_walk,3380.100,10.0401,4.0929,5.9472,7.8705,0.0031,4.1830,2.6132,0.1946,0.7690,775885,0,0,0,0,15,0,0.0251,0.0005,0.0713,536.8,1942,7501
4206,mountain_walk,3380.100,8.5948,4.9556,3.6392,6.7482,0.0031,3.0382,2.6102,0.1935,0.7926,775885,0,0,0,0,15,0,0.0270,0.0005,0.0743,536.8,1942,7501
4207,mountain_walk,3380.100,10.5707,4.7138,5.8569,6.7400,0.0031,3.0321,2.6286,0.1884,0.7731,775885,0,0,0,0,15,0,0.0221,0.0006,0.0689,536.8,1942,7501
4208,mountain_walk,3380.200,7.6045,4.5512,3.0533,6.7267,0.0031,3.0372,2.6184,0.1915,0.7690,775885,0,0,0,0,15,0,0.0287,0.0008,0.1006,536.8,1942,7501
4209,mountain_walk,3380.200,9.2967,2.8647,6.4320,6.6857,0.0020,3.0290,2.5958,0.1884,0.7711,775885,0,0,0,0,15,0,0.0247,0.0005,0.0779,536.8,1942,7501
4210,mountain_walk,3380.200,8.5136,3.2317,5.2819,7.5878,0.0010,3.0321,2.8641,0.1915,1.3998,775885,0,0,0,0,15,0,0.0274,0.0007,0.0895,536.8,1942,7501
4211,mountain_walk,3380.200,7.8855,4.9628,2.9227,6.7185,0.0031,3.0321,2.6112,0.1884,0.7741,775885,0,0,0,0,15,0,0.0252,0.0007,0.0921,536.8,1942,7501
4212,mountain_walk,3380.200,9.9582,3.8096,6.1486,6.7328,0.0031,3.0290,2.6245,0.1905,0.7752,775885,0,0,0,0,15,0,0.0254,0.0007,0.1261,536.8,1942,7501
4213,mountain_walk,3380.200,8.5816,4.3596,4.2220,6.7502,0.0031,3.0372,2.6266,0.1935,0.7772,775885,0,0,0,0,15,0,0.0279,0.0009,0.0758,536.8,1942,7501
4214,mountain_walk,3380.200,9.2625,3.9493,5.3132,7.5305,0.0031,3.4458,3.0075,0.1864,0.7834,775885,0,0,0,0,15,0,0.0261,0.0009,0.0792,536.8,1942,7501
4215,mountain_walk,3380.200,8.8531,4.1524,4.7007,6.7400,0.0031,3.0382,2.6255,0.1946,0.7670,775885,0,0,0,0,15,0,0.0253,0.0012,0.1158,536.8,1942,7501
4216,mountain_walk,3380.200,9.4458,4.7420,4.7038,8.4613,0.0031,4.7503,2.6255,0.1956,0.7741,775885,0,0,0,0,15,0,0.0278,0.0012,0.0736,536.8,1942,7501
4217,mountain_walk,3380.200,8.2560,5.1813,3.0747,6.7502,0.0031,3.0484,2.6184,0.1894,0.7803,775885,0,0,0,0,15,0,0.0253,0.0009,0.1058,536.8,1942,7501
4218,mountain_walk,3380.200,11.1486,4.7197,6.4289,6.7226,0.0031,3.0392,2.6092,0.1823,0.7854,775885,0,0,0,0,15,0,0.0224,0.0012,0.1054,536.8,1942,7501
4219,mountain_walk,3380.200,9.7624,6.7268,3.0356,7.4629,0.2836,3.0290,2.8529,0.4127,0.7731,776499,0,1125,511,0,15,0,1.0436,0.6109,0.1498,536.8,1942,7501
4220,mountain_walk,3380.200,9.3270,6.2705,3.0565,7.1086,0.4096,3.0106,2.6235,0.1925,0.7649,776500,0,802,801,0,15,0,1.0158,0.5688,0.1382,536.8,1942,7501
4221,mountain_walk,3380.200,8.3147,5.8858,2.4289,6.7144,0.0031,3.0147,2.6081,0.1915,0.7854,776500,0,0,0,0,15,0,0.0316,0.0010,0.1463,536.8,1942,7501
4222,mountain_walk,3380.200,9.3739,5.4125,3.9614,6.9028,0.2089,2.9891,2.6255,0.1935,0.7741,776496,0,829,833,0,15,0,0.7073,0.4327,0.0912,536.8,1942,7501
4223,mountain_walk,3380.200,8.5110,3.8161,4.6949,7.7384,0.0031,2.9942,3.6792,0.1987,0.7598,776496,0,0,0,0,15,0,0.0383,0.0009,0.1128,536.8,1942,7501
4224,mountain_walk,3380.200,9.5685,4.7203,4.8482,6.6908,0.0031,3.0075,2.6143,0.1987,0.7588,776496,0,0,0,0,15,0,0.0241,0.0008,0.1051,536.8,1942,7501
4225,mountain_walk,3380.200,9.3618,5.0370,4.3248,6.6990,0.0031,2.9993,2.6092,0.1925,0.7793,776496,0,0,0,0,15,0,0.0384,0.0009,0.0976,536.8,1942,7501
4226,mountain_walk,3380.200,8.3872,4.3148,4.0724,6.6990,0.0031,2.9932,2.6255,0.1956,0.7711,776496,0,0,0,0,15,0,0.0311,0.0007,0.0804,536.8,1942,7501
4227,mountain_walk,3380.200,8.7200,3.5692,5.1508,7.3482,0.0010,3.7018,2.5989,0.1874,0.7619,776496,0,0,0,0,15,0,0.0292,0.0013,0.0965,536.8,1942,7501
4228,mountain_walk,3380.200,8.7517,2.7638,5.9879,6.6427,0.0020,2.9921,2.5969,0.1894,0.7639,776496,0,0,0,0,15,0,0.0241,0.0003,0.0721,536.8,1942,7501
4229,mountain_walk,3380.200,9.3561,3.7380,5.6181,6.6785,0.0031,2.9983,2.6061,0.1915,0.7660,776496,0,0,0,0,15,0,0.0263,0.0006,0.1372,536.8,1942,7501
4230,mountain_walk,3380.200,8.9804,4.4368,4.5436,6.6939,0.0031,2.9962,2.6040,0.1956,0.7844,776496,0,0,0,0,15,0,0.0204,0.0005,0.0837,536.8,1942,7501
4231,mountain_walk,3380.200,8.1499,4.1789,3.9710,6.7062,0.0031,3.0116,2.6092,0.1956,0.7629,776496,0,0,0,0,15,0,0.0295,0.0007,0.0958,536.8,1942,7501
4232,mountain_walk,3380.200,9.5485,4.4992,5.0493,6.6775,0.0031,2.9983,2.6132,0.1874,0.7619,776496,0,0,0,0,15,0,0.0283,0.0006,0.1579,536.8,1942,7501
4233,mountain_walk,3380.200,8.7421,4.5327,4.2094,6.6888,0.0031,2.9942,2.6194,0.1884,0.7752,776496,0,0,0,0,15,0,0.0243,0.0005,0.0772,536.8,1942,7501
4234,mountain_walk,3380.200,9.3090,5.2685,4.0405,7.7701,0.0031,3.0126,3.4304,0.1894,1.0230,776496,0,0,0,0,15,0,0.0227,0.0008,0.1022,536.8,1942,7501
4235,mountain_walk,3380.200,8.8724,5.8061,3.0663,6.6632,0.0031,2.9942,2.6061,0.1894,0.7660,776496,0,0,0,0,15,0,0.0240,0.0006,0.0935,536.8,1942,7501
4236,mountain_walk,3380.200,9.2257,4.5811,4.6446,6.6918,0.0031,3.0034,2.6163,0.1976,0.7608,776496,0,0,0,0,15,0,0.0266,0.0009,0.1156,536.8,1942,7501
4237,mountain_walk,3380.200,8.1828,5.0539,3.1289,6.7011,0.0031,3.0034,2.6204,0.1915,0.7690,776496,0,0,0,0,15,0,0.0273,0.0008,0.1315,536.8,1942,7501
4238,mountain_walk,3380.200,9.0941,4.0279,5.0662,7.5233,0.0031,3.4898,2.9665,0.1905,0.7670,776496,0,0,0,0,15,0,0.0260,0.0009,0.1025,536.8,1942,7501
4239,mountain_walk,3380.200,8.7095,4.1967,4.5128,6.6806,0.0031,3.0075,2.6092,0.1956,0.7619,776496,0,0,0,0,15,0,0.0299,0.0006,0.0817,536.8,1942,7501
4240,mountain_walk,3380.200,9.3994,4.2204,5.1790,6.6755,0.0031,3.0044,2.6051,0.1946,0.7567,776496,0,0,0,0,15,0,0.0264,0.0004,0.0767,536.8,1942,7501
4241,mountain_walk,3380.200,8.1356,5.0888,3.0468,6.6959,0.0031,3.0003,2.6225,0.1915,0.7690,776496,0,0,0,0,15,0,0.0260,0.0014,0.1207,536.8,1942,7501
4242,mountain_walk,3380.100,8.5620,5.4714,3.0906,7.4342,0.0031,2.9245,3.4396,0.1946,0.7598,776496,0,0,0,0,15,0,0.0275,0.0006,0.0985,536.8,1942,7501
4243,mountain_walk,3380.100,9.5496,4.8670,4.6826,6.6222,0.0031,2.9235,2.6327,0.1884,0.7649,776496,0,0,0,0,15,0,0.0290,0.0006,0.0955,536.8,1942,7501
4244,mountain_walk,3380.100,9.5722,4.3130,5.2592,6.5864,0.0031,2.9245,2.6173,0.1833,0.7547,776496,0,0,0,0,15,0,0.0236,0.0007,0.1108,536.8,1942,7501
4245,mountain_walk,3380.100,8.6502,3.9601,4.6901,6.7768,0.0010,2.9225,2.5887,0.1915,0.9728,776496,0,0,0,0,15,0,0.0311,0.0006,0.1007,536.8,1942,7501
4246,mountain_walk,3380.100,8.7487,3.4547,5.2940,7.8182,0.0010,4.1789,2.5999,0.1925,0.7485,776496,0,0,0,0,15,0,0.0301,0.0011,0.0991,536.8,1942,7501
4247,mountain_walk,3380.100,8.1123,5.9115,2.2008,7.7036,0.2150,3.8636,2.5907,0.1915,0.7465,776511,0,845,830,0,15,0,1.2455,0.5977,0.1831,536.8,1942,7501
4248,mountain_walk,3380.100,9.9496,4.1610,5.7886,6.5260,0.0031,2.8641,2.6102,0.1905,0.7475,776511,0,0,0,0,15,0,0.0310,0.0005,0.1026,536.8,1942,7501
4249,mountain_walk,3380.100,9.8020,3.4057,6.3963,7.3636,0.0031,2.8652,3.4396,0.1843,0.7588,776511,0,0,0,0,15,0,0.0322,0.0008,0.0937,536.8,1942,7501
4250,mountain_walk,3380.100,7.9275,4.9053,3.0222,6.5311,0.0031,2.8631,2.6153,0.1935,0.7547,776511,0,0,0,0,15,0,0.0238,0.0010,0.1079,536.8,1942,7501
4251,mountain_walk,3380.100,9.5990,4.2375,5.3615,6.5485,0.0031,2.8764,2.6153,0.1884,0.7578,776511,0,0,0,0,15,0,0.0297,0.0005,0.1051,536.8,1942,7501
4252,mountain_walk,3380.100,8.9583,4.0830,4.8753,6.5434,0.0031,2.8672,2.6184,0.1976,0.7475,776511,0,0,0,0,15,0,0.0322,0.0010,0.0940,536.8,1942,7501
4253,mountain_walk,3380.100,8.6298,3.9948,4.6350,7.4117,0.0031,3.7396,2.6122,0.1853,0.7588,776511,0,0,0,0,15,0,0.0278,0.0008,0.0992,536.8,1942,7501
4254,mountain_walk,3380.100,8.6087,5.7681,2.8406,6.5413,0.0041,2.8611,2.6204,0.1915,0.7516,776511,0,0,0,0,15,0,0.0310,0.0012,0.1059,536.8,1942,7501
4255,mountain_walk,3380.100,9.1709,3.6411,5.5298,6.5516,0.0031,2.8662,2.6163,0.1935,0.7608,776511,0,0,0,0,15,0,0.0256,0.0008,0.0765,536.8,1942,7501
4256,mountain_walk,3380.100,8.1161,3.7183,4.3978,6.5577,0.0031,2.8764,2.6163,0.1925,0.7567,776511,0,0,0,0,15,0,0.0315,0.0009,0.1289,536.8,1942,7501
4257,mountain_walk,3380.100,8.8078,4.1929,4.6149,6.5516,0.0031,2.8795,2.6030,0.1976,0.7557,776511,0,0,0,0,15,0,0.0303,0.0006,0.1035,536.8,1942,7501
4258,mountain_walk,3380.100,8.6095,4.1500,4.4595,7.3298,0.0031,3.2860,2.9850,0.1925,0.7578,776511,0,0,0,0,15,0,0.0287,0.0004,0.0773,536.8,1942,7501
4259,mountain_walk,3380.100,8.7348,5.4455,3.2893,6.5300,0.0031,2.8692,2.6112,0.1905,0.7455,776511,0,0,0,0,15,0,0.0280,0.0007,0.1469,536.8,1942,7501
4260,mountain_walk,3380.100,8.8749,4.4447,4.4302,6.5311,0.0031,2.8764,2.6020,0.1905,0.7485,776511,0,0,0,0,15,0,0.0302,0.0007,0.1162,536.8,1942,7501
4261,mountain_walk,3380.100,8.8819,4.3653,4.5166,7.6268,0.0031,3.7499,2.8170,0.1925,0.7588,776511,0,0,0,0,15,0,0.0294,0.0008,0.0999,536.8,1942,7501
4262,mountain_walk,3380.000,8.6713,5.3594,3.3119,6.5219,0.0031,2.8621,2.6112,0.1925,0.7496,776511,0,0,0,0,15,0,0.0319,0.0012,0.1200,536.8,1942,7501
4263,mountain_walk,3380.100,9.5854,4.0851,5.5003,6.5618,0.0031,2.8744,2.6173,0.1915,0.7608,776511,0,0,0,0,15,0,0.0281,0.0006,0.0786,536.8,1942,7501
4264,mountain_walk,3380.100,8.7751,3.8166,4.9585,7.1649,0.0031,2.8785,3.2276,0.1935,0.7506,776511,0,0,0,0,15,0,0.0292,0.0009,0.1034,536.8,1942,7501
4265,mountain_walk,3380.100,8.1493,3.4045,4.7448,6.5055,0.0010,2.8733,2.5897,0.1935,0.7455,776511,0,0,0,0,15,0,0.0307,0.0007,0.0993,536.8,1942,7501
4266,mountain_walk,3380.100,9.0492,3.6301,5.4191,6.5004,0.0010,2.8744,2.5876,0.1894,0.7485,776511,0,0,0,0,15,0,0.0289,0.0006,0.1242,536.8,1942,7501
4267,mountain_walk,3380.100,8.3691,3.6479,4.7212,6.5556,0.0031,2.8826,2.6092,0.1935,0.7608,776511,0,0,0,0,15,0,0.0320,0.0006,0.0964,536.8,1942,7501
4268,mountain_walk,3380.100,8.3616,4.2766,4.0850,7.3667,0.0031,2.8815,3.2256,0.3942,0.7506,776511,0,0,0,0,15,0,0.0259,0.0011,0.0893,536.8,1942,7501
4269,mountain_walk,3380.100,9.6367,6.6299,3.0068,6.7379,0.2079,2.8764,2.6102,0.1874,0.7455,776508,0,811,814,0,15,0,1.0940,0.5551,0.1319,536.8,1942,7501
4270,mountain_walk,3380.100,8.3661,3.7539,4.6122,6.5485,0.0031,2.8877,2.6061,0.1915,0.7506,776508,0,0,0,0,15,0,0.0262,0.0006,0.0861,536.8,1942,7501
4272,mountain_walk,3380.100,8.6218,5.6481,2.9737,7.6421,0.2068,3.7765,2.6092,0.1935,0.7465,776490,0,824,842,0,15,0,0.7746,0.4637,0.1169,536.8,1942,7501
4273,mountain_walk,3380.100,5.8298,5.8279,0.0019,6.5546,0.0031,2.8805,2.6214,0.1935,0.7547,776490,0,0,0,0,15,0,0.0281,0.0008,0.1238,536.8,1942,7501
4274,mountain_walk,3380.100,7.4019,3.8788,3.5231,6.5321,0.0031,2.8846,2.6092,0.1874,0.7393,776490,0,0,0,0,15,0,0.0304,0.0008,0.0950,536.8,1942,7501
4275,mountain_walk,3380.100,6.0994,3.8863,2.2131,6.5659,0.0031,2.8867,2.6163,0.1956,0.7557,776490,0,0,0,0,15,0,0.0267,0.0007,0.0908,536.8,1942,7501
4276,mountain_walk,3380.100,6.3742,4.2065,2.1677,7.4168,0.0031,3.3731,2.9850,0.1915,0.7516,776490,0,0,0,0,15,0,0.0295,0.0009,0.0838,536.8,1942,7501
4277,mountain_walk,3380.100,7.9455,5.4803,2.4652,6.5608,0.0031,2.8836,2.6173,0.1956,0.7547,776490,0,0,0,0,15,0,0.0302,0.0005,0.0884,536.8,1942,7501
4278,mountain_walk,3380.100,8.6659,3.5100,5.1559,6.5434,0.0031,2.8764,2.6081,0.1905,0.7588,776490,0,0,0,0,15,0,0.0264,0.0005,0.0759,536.8,1942,7501
4279,mountain_walk,3380.200,8.5047,5.4500,3.0547,6.5454,0.0031,2.8877,2.6092,0.1976,0.7383,776490,0,0,0,0,15,0,0.0359,0.0009,0.1139,536.8,1942,7501
4280,mountain_walk,3380.200,7.8927,4.8382,3.0545,7.6165,0.0031,3.3690,3.1908,0.1956,0.7455,776490,0,0,0,0,15,0,0.0251,0.0008,0.1128,536.8,1942,7501
4281,mountain_walk,3380.200,9.1086,4.3762,4.7324,6.5331,0.0031,2.8846,2.5969,0.1905,0.7496,776490,0,0,0,0,15,0,0.0355,0.0006,0.1143,536.8,1942,7501
4282,mountain_walk,3380.200,9.8507,4.1142,5.7365,6.5761,0.0113,2.8959,2.6051,0.2007,0.7485,776490,0,0,0,0,15,0,0.0261,0.0004,0.0812,536.8,1942,7501
4283,mountain_walk,3380.200,7.8208,3.9185,3.9023,6.8526,0.0031,2.9030,2.6051,0.1915,1.0363,776490,0,0,0,0,15,0,0.0297,0.0008,0.0989,536.8,1942,7501
4284,mountain_walk,3380.200,8.7305,5.6962,3.0343,6.5475,0.0031,2.8959,2.6030,0.1925,0.7506,776490,0,0,0,0,15,0,0.0299,0.0010,0.1008,536.8,1942,7501
4285,mountain_walk,3380.200,9.3711,3.3370,6.0341,6.5669,0.0020,2.8928,2.6071,0.1966,0.7578,776490,0,0,0,0,15,0,0.0262,0.0008,0.1227,536.8,1942,7501
4286,mountain_walk,3380.200,8.8841,3.1367,5.7474,6.5300,0.0010,2.8938,2.5846,0.1935,0.7496,776490,0,0,0,0,15,0,0.0290,0.0007,0.0936,536.8,1942,7501
4287,mountain_walk,3380.300,8.5284,2.9969,5.5315,7.0267,0.0010,2.9030,2.8088,0.1905,1.0250,776490,0,0,0,0,15,0,0.0341,0.0015,0.1132,536.8,1942,7501
4288,mountain_walk,3380.300,8.5440,3.9600,4.5840,6.8209,0.0031,3.1488,2.6153,0.1966,0.7526,776490,0,0,0,0,15,0,0.0276,0.0006,0.1031,536.8,1942,7501
4289,mountain_walk,3380.300,8.8262,5.7289,3.0973,6.6028,0.0031,2.9133,2.6143,0.1946,0.7639,776490,0,0,0,0,15,0,0.0277,0.0019,0.1545,536.8,1942,7501
4290,mountain_walk,3380.300,9.5943,4.8038,4.7905,6.5874,0.0031,2.9112,2.6245,0.1956,0.7496,776490,0,0,0,0,15,0,0.0260,0.0008,0.1318,536.8,1942,7501
4291,mountain_walk,3380.300,7.3420,4.7157,2.6263,7.4813,0.0031,3.4417,2.9839,0.1976,0.7496,776490,0,0,0,0,15,0,0.0323,0.0010,0.0875,536.8,1942,7501
4292,mountain_walk,3380.300,9.5841,5.1802,4.4039,6.5966,0.0031,2.9010,2.6255,0.2007,0.7578,776490,0,0,0,0,15,0,0.0347,0.0006,0.0923,536.8,1942,7501
4293,mountain_walk,3380.300,10.9459,5.8175,5.1284,6.5792,0.0031,2.9102,2.6010,0.1935,0.7567,776490,0,0,0,0,15,0,0.0380,0.0016,0.1854,536.8,1942,7501
4294,mountain_walk,3380.300,7.8481,4.8416,3.0065,6.5802,0.0031,2.9133,2.6092,0.1905,0.7537,776490,0,0,0,0,15,0,0.0268,0.0006,0.0966,536.8,1942,7501
4295,mountain_walk,3380.300,7.6375,4.6287,3.0088,7.7896,0.0031,4.1277,2.6010,0.1915,0.7547,776490,0,0,0,0,15,0,0.0263,0.0008,0.1100,536.8,1942,7501
4296,mountain_walk,3380.300,8.7568,3.9019,4.8549,6.5741,0.0031,2.9194,2.5979,0.1935,0.7455,776490,0,0,0,0,15,0,0.0275,0.0006,0.0906,536.8,1942,7501
4297,mountain_walk,3380.300,8.8335,6.5868,2.2467,6.7604,0.2181,2.9010,2.6010,0.1894,0.7424,776500,0,848,838,0,15,0,0.7365,0.4325,0.0970,536.8,1942,7501
4298,mountain_walk,3380.300,9.5716,4.2789,5.2927,6.5731,0.0031,2.9061,2.6153,0.1935,0.7434,776500,0,0,0,0,15,0,0.0265,0.0005,0.0759,536.8,1942,7501
4299,mountain_walk,3380.300,8.9786,4.1671,4.8115,6.9407,0.0031,2.9164,2.6040,0.1925,0.7547,776500,0,0,0,0,15,0,0.0313,0.0011,0.1021,536.8,1942,7501
4300,mountain_walk,3380.300,9.1553,4.1928,4.9625,6.5659,0.0031,2.9051,2.6092,0.1976,0.7404,776500,0,0,0,0,15,0,0.0264,0.0008,0.1226,536.8,1942,7501
4301,mountain_walk,3380.300,9.9815,6.9107,3.0708,6.5710,0.0031,2.9245,2.6020,0.1915,0.7414,776500,0,0,0,0,15,0,0.0342,0.0009,0.1478,536.8,1942,7501
4302,mountain_walk,3380.300,7.9251,5.5655,2.3596,7.0267,0.0031,2.9092,3.0710,0.1884,0.7444,776500,0,0,0,0,15,0,0.0312,0.0006,0.0893,536.8,1942,7501
4303,mountain_walk,3380.300,7.4242,4.3779,3.0463,6.5516,0.0031,2.9061,2.6092,0.1884,0.7424,776500,0,0,0,0,15,0,0.0292,0.0007,0.0980,536.8,1942,7501
4304,mountain_walk,3380.300,10.0934,5.9479,4.1455,6.5608,0.0031,2.9092,2.6061,0.1894,0.7352,776500,0,0,0,0,15,0,0.0279,0.0004,0.0833,536.8,1942,7501
4305,mountain_walk,3380.300,8.3267,3.9767,4.3500,6.5403,0.0020,2.9051,2.6071,0.1843,0.7424,776500,0,0,0,0,15,0,0.0303,0.0004,0.0811,536.8,1942,7501
4306,mountain_walk,3380.300,9.6025,4.4933,5.1092,7.0195,0.0092,2.9030,3.0669,0.1894,0.7393,776500,0,0,0,0,15,0,0.0265,0.0007,0.0930,536.8,1942,7501
4307,mountain_walk,3380.300,8.8016,5.7511,3.0505,6.5608,0.0031,2.9123,2.6040,0.1946,0.7404,776500,0,0,0,0,15,0,0.0234,0.0009,0.1023,536.8,1942,7501
4308,mountain_walk,3380.300,7.5212,4.5813,2.9399,6.5782,0.0031,2.9194,2.6112,0.1915,0.7434,776500,0,0,0,0,15,0,0.0294,0.0006,0.0893,536.8,1942,7501
4309,mountain_walk,3380.300,9.5078,4.1080,5.3998,6.5833,0.0031,2.9256,2.6030,0.1946,0.7547,776500,0,0,0,0,15,0,0.0309,0.0007,0.1006,536.8,1942,7501
4310,mountain_walk,3380.300,8.5172,3.8622,4.6550,7.5039,0.0031,3.8400,2.6132,0.1905,0.7424,776500,0,0,0,0,15,0,0.0253,0.0007,0.0801,536.8,1942,7501
4311,mountain_walk,3380.300,9.1456,6.1090,3.0366,6.5925,0.0041,2.9307,2.6122,0.1894,0.7444,776500,0,0,0,0,15,0,0.0308,0.0007,0.1009,536.8,1942,7501
4312,mountain_walk,3380.300,8.3442,3.5990,4.7452,6.5751,0.0031,2.9204,2.6061,0.1946,0.7352,776500,0,0,0,0,15,0,0.0307,0.0006,0.1085,536.8,1942,7501
4313,mountain_walk,3380.400,9.2673,3.5923,5.6750,6.6068,0.0031,2.9368,2.6040,0.1894,0.7649,776500,0,0,0,0,15,0,0.0301,0.0010,0.0939,536.8,1942,7501
4314,mountain_walk,3380.400,7.4102,4.3388,3.0714,7.3626,0.0031,3.4642,2.5999,0.1946,0.7608,776500,0,0,0,0,15,0,0.0277,0.0007,0.0976,536.8,1942,7501
4315,mountain_walk,3380.400,9.2579,4.8929,4.3650,6.8188,0.2376,2.9174,2.6153,0.1956,0.7475,776821,0,954,633,0,15,0,0.6409,0.4071,0.1668,536.8,1942,7501
4316,mountain_walk,3380.300,12.0454,7.9978,4.0476,6.6683,0.1300,2.8754,2.5979,0.1925,0.7608,776482,355,447,786,0,15,0,1.5503,0.5529,0.2910,536.8,1942,7501
4317,mountain_walk,3380.400,8.2944,5.1215,3.1729,7.3247,0.1126,2.8826,2.8672,0.1884,1.1653,776837,0,355,0,0,15,0,0.2782,0.3821,0.1269,536.8,1942,7501
4318,mountain_walk,3380.400,9.0693,6.0234,3.0459,6.6877,0.2089,2.8140,2.6051,0.1935,0.7567,776843,0,819,813,0,15,0,0.9257,0.5420,0.1282,536.8,1942,7501
4319,mountain_walk,3380.400,12.5996,6.8155,5.7841,6.4911,0.0031,2.8221,2.6051,0.1905,0.7598,776843,0,0,0,0,15,0,0.0363,0.0009,0.1815,536.8,1942,7501
4320,mountain_walk,3380.400,8.0389,4.3800,3.6589,6.4625,0.0031,2.8170,2.5969,0.1874,0.7516,776843,0,0,0,0,15,0,0.0299,0.0006,0.0815,536.8,1942,7501
4321,mountain_walk,3380.400,7.2713,5.0910,2.1803,7.3441,0.0031,2.8334,3.4406,0.1894,0.7700,776843,0,0,0,0,15,0,0.0301,0.0013,0.0937,536.8,1942,7501
4322,mountain_walk,3380.400,7.6089,5.3351,2.2738,6.6867,0.2089,2.8119,2.6112,0.1894,0.7557,776837,0,837,843,0,15,0,0.6692,0.4705,0.0900,536.8,1942,7501
4323,mountain_walk,3380.400,6.7027,3.9088,2.7939,6.4266,0.0010,2.8088,2.5805,0.1884,0.7506,776837,0,0,0,0,15,0,0.0320,0.0004,0.0806,536.8,1942,7501
4324,mountain_walk,3380.400,9.3424,2.9081,6.4343,6.4287,0.0010,2.8058,2.5907,0.1884,0.7455,776837,0,0,0,0,15,0,0.0278,0.0005,0.0786,536.8,1942,7501
4325,mountain_walk,3380.400,8.2561,4.4869,3.7692,6.9202,0.0010,2.8088,3.0669,0.1925,0.7547,776837,0,0,0,0,15,0,0.0275,0.0011,0.1275,536.8,1942,7501
4326,mountain_walk,3380.400,7.7667,4.6944,3.0723,6.5065,0.0031,2.8160,2.6102,0.2028,0.7629,776837,0,0,0,0,15,0,0.0240,0.0004,0.0723,536.8,1942,7501
4327,mountain_walk,3380.400,9.7506,3.9494,5.8012,6.4748,0.0031,2.8119,2.6102,0.1884,0.7516,776837,0,0,0,0,15,0,0.0277,0.0012,0.0976,536.8,1942,7501
4328,mountain_walk,3380.400,8.4638,5.8690,2.5948,6.4850,0.0031,2.8221,2.6020,0.1966,0.7485,776837,0,0,0,0,15,0,0.0317,0.0008,0.0842,536.8,1942,7501
4329,mountain_walk,3380.400,7.5854,4.6506,2.9348,7.7896,0.0031,4.1124,2.6102,0.1956,0.7598,776837,0,0,0,0,15,0,0.0322,0.0005,0.0884,536.8,1942,7501
4330,mountain_walk,3380.500,8.9156,4.4731,4.4425,6.5004,0.0031,2.8191,2.6051,0.1905,0.7741,776837,0,0,0,0,15,0,0.0275,0.0011,0.1190,536.8,1942,7501
4331,mountain_walk,3380.500,10.2559,3.6634,6.5925,6.4973,0.0031,2.8426,2.6061,0.1935,0.7506,776837,0,0,0,0,15,0,0.0257,0.0006,0.0777,536.8,1942,7501
4332,mountain_walk,3380.500,7.6074,4.5828,3.0246,6.4911,0.0031,2.8283,2.6112,0.1925,0.7455,776837,0,0,0,0,15,0,0.0286,0.0008,0.1079,536.8,1942,7501
4333,mountain_walk,3380.500,9.0590,4.4595,4.5995,7.3595,0.0031,3.4488,2.6102,0.1874,0.7762,776837,0,0,0,0,15,0,0.0320,0.0007,0.1192,536.8,1942,7501
4334,mountain_walk,3380.500,9.4667,6.4046,3.0621,6.5044,0.0031,2.8314,2.6071,0.1935,0.7588,776837,0,0,0,0,15,0,0.0320,0.0007,0.1218,536.8,1942,7501
4335,mountain_walk,3380.500,10.8521,6.6381,4.2140,6.4983,0.0031,2.8303,2.6163,0.1915,0.7475,776837,0,0,0,0,15,0,0.0307,0.0008,0.1297,536.8,1942,7501
4336,mountain_walk,3380.500,8.3234,5.2822,3.0412,6.9949,0.0041,2.8334,2.8262,0.1935,1.0168,776837,0,0,0,0,15,0,0.0309,0.0007,0.1096,536.8,1942,7501
4337,mountain_walk,3380.500,8.5583,5.4649,3.0934,6.5014,0.0031,2.8396,2.6061,0.1905,0.7526,776837,0,0,0,0,15,0,0.0248,0.0011,0.1143,536.8,1942,7501
4338,mountain_walk,3380.500,7.9951,5.5785,2.4166,6.5055,0.0031,2.8365,2.6051,0.1884,0.7619,776837,0,0,0,0,15,0,0.0265,0.0008,0.1479,536.8,1942,7501
4339,mountain_walk,3380.500,7.7567,3.9160,3.8407,6.4952,0.0061,2.8426,2.5999,0.1925,0.7444,776837,0,0,0,0,15,0,0.0311,0.0007,0.0883,536.8,1942,7501
4340,mountain_walk,3380.500,7.8617,5.1872,2.6745,7.2806,0.0041,2.8426,3.1037,0.1997,1.0220,776837,0,0,0,0,15,0,0.0323,0.0004,0.0902,536.8,1942,7501
4341,mountain_walk,3380.500,8.8801,4.0579,4.8222,6.4840,0.0020,2.8375,2.5917,0.1946,0.7516,776837,0,0,0,0,15,0,0.0297,0.0007,0.0970,536.8,1942,7501
4342,mountain_walk,3380.500,9.4064,4.4719,4.9345,6.5331,0.0031,2.8549,2.6081,0.1987,0.7608,776837,0,0,0,0,15,0,0.0313,0.0007,0.0926,536.8,1942,7501
4343,mountain_walk,3380.500,9.4189,5.6724,3.7465,6.4594,0.0010,2.8436,2.5846,0.1894,0.7414,776837,0,0,0,0,15,0,0.0286,0.0007,0.1073,536.8,1942,7501
4344,mountain_walk,3380.500,7.6384,4.3034,3.3350,7.2991,0.0010,2.8529,3.4181,0.1894,0.7393,776837,0,0,0,0,15,0,0.0283,0.0010,0.0945,536.8,1942,7501
4345,mountain_walk,3380.500,8.2962,3.6078,4.6884,6.5260,0.0031,2.8600,2.6040,0.1915,0.7649,776837,0,0,0,0,15,0,0.0286,0.0007,0.1196,536.8,1942,7501
4346,mountain_walk,3380.500,9.2645,4.3665,4.8980,6.5372,0.0031,2.8641,2.5948,0.1925,0.7813,776837,0,0,0,0,15,0,0.0310,0.0008,0.1350,536.8,1942,7501
4347,mountain_walk,3380.500,9.7452,6.5142,3.2310,6.7123,0.2089,2.8518,2.6143,0.1935,0.7444,776833,0,823,827,0,15,0,0.9273,0.4700,0.1086,536.8,1942,7501
4348,mountain_walk,3380.500,9.1787,6.3011,2.8776,7.1281,0.0031,3.2338,2.8508,0.1905,0.7465,776833,0,0,0,0,15,0,0.0319,0.0008,0.0993,536.8,1942,7501
4349,mountain_walk,3380.500,6.7448,4.5983,2.1465,7.5049,0.0031,2.8580,2.9614,0.1894,1.3855,776833,0,0,0,0,15,0,0.0259,0.0008,0.1253,536.8,1942,7501
4350,mountain_walk,3380.500,8.9208,4.3580,4.5628,6.5096,0.0031,2.8498,2.5969,0.1905,0.7547,776833,0,0,0,0,15,0,0.0289,0.0008,0.1211,536.8,1942,7501
4351,mountain_walk,3380.500,9.9146,4.2456,5.6690,6.5219,0.0031,2.8539,2.6102,0.1946,0.7537,776833,0,0,0,0,15,0,0.0231,0.0008,0.1095,536.8,1942,7501
4352,mountain_walk,3380.500,8.5051,4.9707,3.5344,7.0584,0.0031,3.4243,2.5948,0.1935,0.7414,776833,0,0,0,0,15,0,0.0311,0.0008,0.1257,536.8,1942,7501
4353,mountain_walk,3380.500,8.6646,4.5714,4.0932,6.4952,0.0031,2.8611,2.5948,0.1935,0.7342,776833,0,0,0,0,15,0,0.0306,0.0008,0.0929,536.8,1942,7501
4354,mountain_walk,3380.500,9.0143,3.7371,5.2772,6.5331,0.0031,2.8662,2.6173,0.1894,0.7557,776833,0,0,0,0,15,0,0.0277,0.0007,0.0934,536.8,1942,7501
4355,mountain_walk,3380.500,7.9026,4.8687,3.0339,6.5331,0.0031,2.8703,2.6081,0.1956,0.7455,776833,0,0,0,0,15,0,0.0271,0.0007,0.0938,536.8,1942,7501
4356,mountain_walk,3380.500,8.6547,4.1158,4.5389,6.7604,0.0031,3.1109,2.6092,0.1935,0.7352,776833,0,0,0,0,15,0,0.0275,0.0009,0.0905,536.8,1942,7501
4357,mountain_walk,3380.500,8.9346,3.3837,5.5509,6.5321,0.0031,2.8795,2.6092,0.1915,0.7404,776833,0,0,0,0,15,0,0.0255,0.0009,0.0824,536.8,1942,7501
4358,mountain_walk,3380.500,9.2267,3.6874,5.5393,6.5280,0.0031,2.8723,2.6071,0.1925,0.7496,776833,0,0,0,0,15,0,0.0276,0.0008,0.1218,536.8,1942,7501
4359,mountain_walk,3380.500,8.1111,3.9279,4.1832,6.5137,0.0031,2.8754,2.5999,0.1935,0.7373,776833,0,0,0,0,15,0,0.0273,0.0006,0.0841,536.8,1942,7501
4360,mountain_walk,3380.500,8.8012,4.1704,4.6308,6.5229,0.0031,2.8815,2.6081,0.1905,0.7383,776833,0,0,0,0,15,0,0.0251,0.0005,0.0858,536.8,1942,7501
4362,audit,3380.500,9.0723,3.5039,5.5684,6.4952,0.0051,2.8723,2.5897,0.1925,0.7383,776833,0,0,0,0,15,0,0.0300,0.0005,0.0856,536.8,1942,7501
4363,dig_prepare,108.500,5.2152,5.2108,0.0044,34.2303,0.0031,4.9428,17.9620,5.0330,5.6084,776833,0,0,0,0,15,0,0.0240,0.0010,0.1263,536.8,210,405
4364,dig_prepare,108.500,5.3191,5.2873,0.0318,33.3855,0.0031,4.9009,19.7642,3.1089,4.9418,776833,0,0,0,0,15,0,0.0104,0.0014,0.1499,536.8,210,405
4365,dig_prepare,108.500,51.2355,3.3637,47.8718,28.9864,0.0031,3.5553,16.5929,3.5430,4.7708,776833,0,0,0,0,15,0,0.0094,0.0009,0.1183,536.8,210,405
4366,dig_prepare,108.500,56.4166,3.8140,52.6026,28.7345,0.0020,6.3642,13.6315,3.0781,5.1395,776833,0,0,0,0,15,0,0.0083,0.0007,0.0803,536.8,210,405
4367,dig_prepare,108.500,47.1528,9.7232,37.4296,29.9295,0.2519,3.5594,17.0435,3.6536,4.9029,768129,0,0,8704,0,14,0,4.1025,2.6832,0.1225,536.8,210,405
4368,dig_prepare,108.500,50.7518,9.4217,41.3301,29.1451,0.2212,6.5587,13.8230,3.0341,4.9807,762241,0,0,5888,0,14,0,4.0182,2.1048,0.1351,536.8,210,405
4369,dig_prepare,108.500,50.1992,10.0479,40.1513,5.9924,0.3287,2.8815,1.8002,0.2898,0.1597,750209,0,0,12032,0,14,0,4.0741,2.6798,0.0937,536.8,210,405
4371,dig_prepare,108.500,9.8998,9.8515,0.0483,2.9573,0.0338,0.5796,1.7992,0.2898,0.1659,729473,0,0,8192,0,14,0,4.0158,1.4929,0.1322,536.8,210,405
4372,dig_prepare,108.500,9.7485,9.7226,0.0259,3.3341,0.0338,0.9605,1.8012,0.2929,0.1567,721537,0,0,7936,0,14,0,4.1090,1.2224,0.1044,536.8,210,405
4373,dig_prepare,108.500,7.8401,7.8151,0.0250,2.9737,0.0655,0.5683,1.7971,0.2929,0.1618,720460,25537,63,1140,0,14,0,4.0399,0.5095,0.0877,536.8,210,405
4374,dig_prepare,108.500,8.0500,8.0291,0.0209,7.6995,1.0424,0.9667,4.4964,0.2877,0.8172,725067,40130,4607,0,0,14,0,4.0091,0.8134,0.0954,536.8,210,405
4375,dig_prepare,108.500,8.0037,7.9822,0.0215,8.5514,0.9441,0.9953,4.9807,0.2898,1.2544,725322,44810,4095,3840,0,14,0,4.0186,1.2121,0.1494,536.8,210,405
4376,dig_prepare,108.500,9.0754,9.0546,0.0208,7.9401,1.0609,1.0916,4.4820,0.2847,0.9308,722249,40203,4607,7680,0,14,0,4.0284,1.5862,0.1330,536.8,210,405
4377,dig_prepare,108.500,8.0494,8.0267,0.0227,7.7148,0.8366,1.0926,4.4831,0.2918,0.9226,717384,36620,3583,8448,0,14,0,4.0204,1.2377,0.0975,536.8,210,405
4378,dig_prepare,108.500,8.8621,8.8411,0.0210,8.7992,1.0076,1.0957,4.9674,0.2918,1.3486,713031,32269,4351,8704,0,14,0,4.0141,1.5400,0.1112,536.8,210,405
4379,dig_prepare,108.500,9.5729,9.5475,0.0254,7.3134,0.4270,1.0967,4.4851,0.2929,0.9236,708614,30542,1727,6144,0,14,0,4.0332,1.4209,0.1730,536.8,210,405
4380,dig_prepare,108.500,11.1227,11.0817,0.0410,7.3042,0.4209,1.0947,4.4820,0.2898,0.9298,706693,28879,1663,3584,0,14,0,4.0274,1.3454,0.2062,536.8,210,405
4381,dig_prepare,108.500,9.7565,9.7278,0.0287,7.9483,1.1807,1.0967,4.4636,0.2857,0.8335,704132,23760,5119,7680,0,14,0,4.0210,1.4332,0.1003,536.8,210,405
4382,dig_prepare,108.500,10.1015,10.0723,0.0292,8.0845,0.9349,1.0936,4.8445,0.2888,0.8346,702083,20945,2815,4864,0,14,0,4.0321,1.3377,0.1310,536.8,210,405
4383,dig_prepare,108.500,10.9923,10.9664,0.0259,7.7865,1.0281,1.0947,4.4657,0.2918,0.8100,702466,16466,4479,4096,0,14,0,4.0179,1.8445,0.1731,536.8,210,405
4384,dig_prepare,108.500,10.0056,8.5186,1.4870,7.9821,1.1817,1.0988,4.4575,0.2888,0.8561,707564,27091,5247,149,0,14,0,4.0084,0.8673,0.0974,536.8,210,405
4385,dig_prepare,108.500,10.3879,8.7152,1.6727,8.4029,0.6625,1.4223,5.0749,0.2888,0.8591,709355,40404,1791,0,0,14,0,4.0344,0.5877,0.1587,536.8,210,405
4386,dig_prepare,108.500,11.0467,10.9803,0.0664,7.5213,0.7127,1.0936,4.4636,0.2888,0.8663,712490,51093,3135,0,0,14,0,4.0286,0.8137,0.2487,536.8,210,405
4387,dig_prepare,108.500,10.6845,8.4000,2.2845,8.0835,1.0977,1.0926,4.4503,0.2908,1.0527,715305,55006,4863,2048,0,14,0,4.0222,1.0001,0.0980,536.8,210,405
4388,dig_prepare,108.500,11.1785,11.1348,0.0437,8.3436,0.5775,1.5995,4.8374,0.2898,0.9411,713384,52575,2431,4352,0,14,0,4.0424,1.5343,0.1716,536.8,210,405
4389,dig_prepare,108.500,10.1330,10.0984,0.0346,7.1629,0.5530,1.0916,4.2977,0.2642,0.8581,711335,50272,2303,4352,0,14,0,4.0450,1.1047,0.1434,536.8,210,405
4390,dig_prepare,108.500,9.6595,9.6314,0.0281,7.2008,0.9257,0.9964,4.0530,0.2683,0.8684,710054,45921,4351,5632,0,14,0,4.0261,1.2982,0.1035,536.8,210,405
4391,dig_prepare,108.500,10.0368,9.0427,0.9941,8.0589,0.6943,0.9943,4.5107,0.2642,1.5032,707685,42658,3263,5632,0,14,0,4.0185,1.3437,0.1184,536.8,210,405
4392,dig_prepare,108.500,9.7157,8.1954,1.5203,7.2356,1.0117,0.9953,4.0550,0.2591,0.8233,705636,37795,4863,6912,0,14,0,4.0190,1.3760,0.0979,536.8,210,405
4393,dig_prepare,108.500,10.5480,8.8271,1.7209,6.6038,0.3420,0.9994,4.0581,0.2673,0.8448,701731,36324,1471,5376,0,14,0,4.0399,0.9700,0.1163,536.8,210,405
4394,dig_prepare,108.500,9.1671,9.1260,0.0411,6.8127,0.5612,0.9943,4.0591,0.2601,0.8479,699746,33701,2623,4608,0,14,0,4.0274,1.2501,0.1333,536.8,210,405
4395,dig_prepare,108.500,9.1343,9.1125,0.0218,7.8264,1.2401,1.3527,4.0602,0.2601,0.8233,696545,28966,4735,7936,0,14,0,4.0195,1.6189,0.1191,536.8,210,405
4396,dig_prepare,108.500,9.3069,9.2737,0.0332,7.2550,1.0117,0.9943,4.0561,0.2642,0.8325,695264,24103,4863,6144,0,14,0,4.0195,1.4473,0.1126,536.8,210,405
4397,dig_prepare,108.500,10.7482,8.9938,1.7544,7.1956,0.9400,0.9943,4.0550,0.2601,0.8479,698227,28008,4543,1580,0,14,0,4.0255,0.9918,0.1020,536.8,210,405
4398,dig_prepare,108.500,9.3977,9.3488,0.0489,8.1981,1.0762,0.9923,4.0550,0.2611,1.7162,703410,40233,5183,0,0,14,0,4.0146,0.8622,0.0968,536.8,210,405
4399,dig_prepare,108.500,11.0567,9.1876,1.8691,7.6227,0.4516,1.5514,4.2772,0.2611,0.9830,705521,53482,2111,0,0,14,0,4.1219,0.6408,0.1359,536.8,210,405
4400,dig_prepare,108.500,10.3314,10.2776,0.0538,6.9089,0.4977,0.9964,4.0561,0.2621,0.9994,707568,63533,2303,256,0,14,0,4.0173,0.6891,0.1358,536.8,210,405
4401,dig_prepare,108.500,10.6324,9.0218,1.6106,7.5653,0.6431,0.9964,4.4984,0.2611,1.0680,704687,60526,3007,5888,0,14,0,4.0309,1.3416,0.1427,536.8,210,405
4402,dig_prepare,108.500,9.1409,9.1040,0.0369,7.4998,1.0547,0.9953,4.0561,0.2621,1.0332,701550,55471,5055,8192,0,14,0,4.0100,1.4470,0.0995,536.8,1965,7501
4403,dig_prepare,108.500,10.6402,9.0574,1.5828,7.1199,0.6636,0.9933,4.0581,0.2642,1.0435,698797,52336,3135,5888,0,14,0,4.0251,1.2056,0.1206,536.8,1965,7501
4404,dig_prepare,108.500,10.1347,8.5501,1.5846,7.0001,0.7178,0.9953,4.0550,0.2662,0.8684,696812,48945,3391,5376,0,14,0,4.0201,1.2796,0.1189,536.8,1965,7501
4405,dig_prepare,108.500,8.8935,8.8575,0.0360,7.6268,0.9288,1.3660,4.0765,0.2632,0.8940,694187,45682,3263,5888,0,14,0,4.0091,1.4057,0.1334,536.8,1965,7501
4406,dig_prepare,108.500,9.7254,9.7004,0.0250,7.3636,1.0189,1.0004,4.0755,0.2642,0.9062,690602,40819,4863,8448,0,14,0,4.0302,1.7469,0.1349,536.8,1965,7501
4407,dig_prepare,108.500,10.7634,8.3061,2.4573,8.1367,0.9615,1.0025,4.5496,0.2632,1.2605,686697,36276,4543,8448,0,14,0,4.0157,1.3343,0.1328,536.8,1965,7501
4408,dig_prepare,108.500,10.7271,10.6799,0.0472,7.3882,0.5960,1.0015,4.5466,0.2601,0.8847,685864,33525,2751,3584,0,14,0,4.0256,1.1126,0.1242,536.8,1965,7501
4409,dig_prepare,108.500,10.2613,8.5890,1.6723,6.9018,0.5581,1.0004,4.0796,0.2662,0.9011,686067,31030,2495,2292,0,14,0,4.0307,1.0781,0.1337,536.8,1965,7501
4410,dig_prepare,108.500,9.5133,9.4582,0.0551,6.6396,0.2918,0.9994,4.0765,0.2652,0.8980,687410,43255,1343,0,0,14,0,4.0334,0.5949,0.2058,536.8,1965,7501
4411,dig_prepare,108.500,10.1439,7.4734,2.6705,7.8223,0.8438,1.0015,4.3315,0.2673,1.2780,691569,59576,4159,0,0,14,0,4.0254,0.9062,0.0986,536.8,1965,7501
4412,dig_prepare,108.500,9.0033,8.9685,0.0348,7.4281,0.9789,0.9974,4.0786,0.2693,1.0045,696432,71609,4863,0,0,14,0,4.0113,0.8088,0.0958,536.8,1965,7501
4413,dig_prepare,108.500,10.4737,8.8775,1.5962,6.9212,0.3748,1.0117,4.0765,0.2621,1.0977,696111,72504,1727,2048,0,14,0,4.0396,0.8242,0.1433,536.8,1965,7501
4414,dig_prepare,108.500,10.1362,8.6236,1.5126,7.5909,1.0312,1.0025,4.0776,0.2652,1.1141,692654,67513,4991,8448,0,14,0,4.0231,1.4190,0.1051,536.8,1965,7501
4415,dig_prepare,108.500,8.8360,8.7942,0.0418,7.9698,0.8120,1.2575,4.4319,0.2642,1.1039,688365,63610,3903,8192,0,14,0,4.0197,1.3185,0.1464,536.8,1965,7501
4416,dig_prepare,108.500,11.1861,8.7369,2.4492,7.2899,0.7086,1.0004,4.0755,0.2652,1.1407,685868,60219,3391,5888,0,14,0,4.0227,1.4002,0.1320,536.8,1965,7501
4417,dig_prepare,108.500,10.1922,10.1424,0.0498,7.1496,0.6584,1.0004,4.0735,0.2683,1.0496,684331,57148,3071,4608,0,14,0,4.0288,1.1745,0.1181,536.8,1965,7501
4418,dig_prepare,108.500,10.0720,10.0405,0.0315,8.4900,0.9359,1.2370,4.8865,0.2611,1.0691,682986,52605,4543,5888,0,14,0,4.0091,1.2304,0.1019,536.8,1965,7501
4419,dig_prepare,108.500,9.1179,9.0930,0.0249,7.5315,1.0660,0.9974,4.0817,0.2611,1.0250,679465,47422,5183,8704,0,14,0,4.0104,1.5977,0.0974,536.8,1965,7501
4420,dig_prepare,108.500,11.4037,9.1942,2.2095,7.2714,0.7885,0.9994,4.0827,0.2621,1.0394,676584,43647,3775,6656,0,14,0,4.0118,1.3677,0.1046,536.8,1965,7501
4421,dig_prepare,108.500,9.8218,8.2753,1.5465,8.0486,0.5663,1.0015,4.3448,0.2621,1.7766,676199,40960,2687,3072,0,14,0,4.0098,1.0275,0.0979,536.8,1965,7501
4422,dig_prepare,108.500,10.2979,8.0120,2.2859,7.2305,0.7342,0.9984,4.0796,0.2642,1.0547,679406,49089,3647,440,0,14,0,4.0160,0.8240,0.1137,536.8,1965,7501
4423,dig_prepare,108.500,9.9618,8.2982,1.6636,7.4885,0.8458,0.9994,4.0786,0.2621,1.2042,683565,59522,4159,0,0,14,0,4.0508,0.8219,0.1085,536.8,1965,7501
4424,dig_prepare,108.500,10.1470,10.1035,0.0435,7.3359,0.7117,0.9994,4.0786,0.2632,1.1868,687148,73347,3583,0,0,14,0,4.0176,0.7365,0.1403,536.8,1965,7501
4425,dig_prepare,108.500,9.7761,7.6521,2.1240,7.6759,0.5990,1.3691,4.0786,0.2611,1.2708,689579,80202,2943,512,0,14,0,4.0177,0.6964,0.1360,536.8,1965,7501
4426,dig_prepare,108.500,11.1853,11.1486,0.0367,7.3226,0.6595,0.9994,4.0796,0.2632,1.2247,687658,77003,3199,5120,0,14,0,4.0187,1.5065,0.1691,536.8,1965,7501
4427,dig_prepare,108.500,9.2306,9.2057,0.0249,7.2509,0.6441,1.0004,4.0806,0.2652,1.1622,685161,73868,3135,5632,0,14,0,4.0441,1.3314,0.1549,536.8,1965,7501
4428,dig_prepare,108.500,9.3750,9.3499,0.0251,8.2186,0.7045,1.2452,4.6510,0.2683,1.2503,683496,70413,3455,5120,0,14,0,4.0150,1.2875,0.1103,536.8,1965,7501
4429,dig_prepare,108.500,9.9417,8.2587,1.6830,7.3226,0.6431,0.9984,4.0776,0.2673,1.2380,681511,67278,3135,5120,0,14,0,4.0206,1.1258,0.1314,536.8,1965,7501
4430,dig_prepare,108.500,11.0806,8.8823,2.1983,7.0994,0.4250,0.9994,4.0765,0.2611,1.2380,679398,65295,1983,4096,0,14,0,4.0368,1.3269,0.1325,536.8,1965,7501
4431,dig_prepare,108.500,9.7647,7.5372,2.2275,7.8182,0.6072,0.9984,4.0796,0.2652,1.7684,676837,62480,2815,5376,0,14,0,4.0237,1.2143,0.1179,536.8,1965,7501
4432,dig_prepare,108.500,9.0333,8.9944,0.0389,7.2704,0.6195,0.9984,4.0776,0.2662,1.2104,674468,59473,3007,5376,0,14,0,4.0325,1.1972,0.1146,536.8,1965,7501
4433,dig_prepare,108.500,10.7926,8.4605,2.3321,7.2868,0.6195,0.9964,4.0776,0.2652,1.2298,672867,56466,3007,4608,0,14,0,4.0110,1.2912,0.1381,536.8,1965,7501
4434,dig_prepare,108.500,9.1556,9.1117,0.0439,7.5418,0.9851,1.0004,4.0786,0.2652,1.1141,669282,51603,4863,8448,0,14,0,4.0246,1.3564,0.1182,536.8,1965,7501
4435,dig_prepare,108.500,10.3814,8.7872,1.5942,7.5315,0.9943,1.0015,4.0786,0.2632,1.0947,669544,46804,4799,4537,0,14,0,4.0199,1.3319,0.1343,536.8,1965,7501
4436,dig_prepare,108.500,10.0055,8.4023,1.6032,7.4516,0.7455,0.9984,4.0806,0.2662,1.2605,673383,63445,3839,0,0,14,0,4.0186,0.8388,0.1049,536.8,1965,7501
4437,dig_prepare,108.500,10.7167,7.6416,3.0751,7.6206,0.8980,0.9984,4.0806,0.2662,1.2769,677926,77846,4543,0,0,14,0,4.0223,0.7693,0.0901,536.8,1965,7501
4438,dig_prepare,108.500,10.1792,8.5664,1.6128,8.2924,1.2104,0.9964,4.4421,0.2611,1.2841,680741,86880,5119,2304,0,14,0,4.0221,0.9921,0.1893,536.8,1965,7501
4439,dig_prepare,108.500,9.5034,9.4415,0.0619,7.5837,0.9114,0.9984,4.0786,0.2632,1.2329,677668,82273,4607,7680,0,14,0,4.0226,1.5490,0.1406,536.8,1965,7501
4440,dig_prepare,108.500,11.4701,10.0012,1.4689,7.6687,0.9554,0.9953,4.0765,0.2632,1.2790,677603,77474,4799,4864,0,14,0,4.0231,1.1446,0.1472,536.8,1965,7501
4441,dig_prepare,108.500,10.8557,10.8198,0.0359,8.7224,1.0168,1.2257,4.8855,0.2621,1.2308,674594,72291,5183,8192,0,14,0,4.0268,1.5852,0.3158,536.8,1965,7501
4442,dig_prepare,108.500,12.1814,12.1231,0.0583,7.6892,0.9851,1.0004,4.0765,0.2673,1.2595,670881,67300,4991,8704,0,14,0,4.0140,1.7485,0.1434,536.8,1965,7501
4443,dig_prepare,108.500,9.9664,9.9441,0.0223,7.5049,0.8806,0.9984,4.0765,0.2591,1.1909,667424,62821,4479,7936,0,14,0,4.0142,1.3424,0.1018,536.8,1965,7501
4444,dig_prepare,108.500,9.0650,9.0394,0.0256,7.9288,0.6881,0.9984,4.6766,0.2632,1.2042,664991,59366,3455,5888,0,14,0,4.0339,1.2474,0.0991,536.8,1965,7501
4445,dig_prepare,108.500,10.2683,8.0250,2.2433,7.5950,0.9380,0.9974,4.0776,0.2662,1.2155,663390,54823,4543,6144,0,14,0,4.0165,1.2701,0.1063,536.8,1965,7501
4446,dig_prepare,108.500,10.7069,7.4704,3.2365,7.4988,0.8172,0.9974,4.0786,0.2673,1.2390,665254,52776,4095,2231,0,14,0,4.0285,1.0188,0.0932,536.8,1965,7501
4447,dig_prepare,108.500,10.1872,8.7070,1.4802,7.3431,0.5786,0.9974,4.0755,0.2621,1.3322,668261,67433,3007,0,0,14,0,4.0292,0.7601,0.2921,536.8,1965,7501
4448,dig_prepare,108.500,9.7008,7.6626,2.0382,7.9063,0.8602,1.2288,4.0776,0.2611,1.3783,672804,84138,4543,0,0,14,0,4.0212,0.7503,0.0935,536.8,1965,7501
4449,dig_prepare,108.500,10.2437,7.8089,2.4348,7.5090,0.6636,0.9964,4.0786,0.2673,1.4039,675491,93304,3455,768,0,14,0,4.0102,0.8756,0.1206,536.8,1965,7501
4450,dig_prepare,108.500,11.2412,8.3791,2.8621,7.8459,0.9349,0.9974,4.0776,0.2673,1.4684,671778,88569,4735,8448,0,14,0,4.0097,1.4923,0.1111,536.8,1965,7501
4451,dig_prepare,108.500,8.6604,8.6194,0.0410,8.0015,1.1622,1.0004,4.0745,0.2632,1.4008,667297,84346,4223,8704,0,14,0,4.0093,1.4723,0.1091,536.8,1965,7501
4452,dig_prepare,108.500,11.8040,8.3346,3.4694,7.5018,0.8550,0.9984,4.0755,0.2611,1.2114,663776,79931,4415,7936,0,14,0,4.0089,1.3592,0.1018,536.8,1950,7501
4453,dig_prepare,108.500,10.5820,9.0223,1.5597,7.5284,0.8602,0.9994,4.0786,0.2652,1.2247,660191,75580,4351,7936,0,14,0,4.0209,1.7105,0.1952,536.8,1950,7501
4454,dig_prepare,108.500,9.5645,9.5196,0.0449,8.1777,1.1684,1.3619,4.0817,0.2632,1.2012,658014,70845,4735,6912,0,14,0,4.0139,1.2345,0.0972,536.8,1950,7501
4455,dig_prepare,108.500,10.5485,8.9049,1.6436,7.5622,0.9257,0.9974,4.0786,0.2642,1.1950,654877,66046,4799,7936,0,14,0,4.0168,1.2896,0.0935,536.8,1950,7501
4456,dig_prepare,108.500,10.8400,8.9317,1.9083,7.2018,0.5601,0.9974,4.0776,0.2632,1.1960,654108,63231,2815,3584,0,14,0,4.0294,1.1989,0.1172,536.8,1950,7501
4457,dig_prepare,108.500,9.6947,8.0990,1.5957,8.0005,0.7352,0.9964,4.6828,0.2632,1.2155,656171,64576,3775,1712,0,14,0,4.0331,0.9560,0.1200,536.8,1950,7501
4458,dig_prepare,108.500,9.6465,8.0378,1.6087,7.3288,0.7608,0.9984,4.0776,0.2632,1.1203,660266,77377,4095,0,0,14,0,4.0107,0.7284,0.1073,536.8,1950,7501
4459,dig_prepare,108.500,10.5667,7.9693,2.5974,7.2376,0.7014,0.9964,4.0786,0.2673,1.0854,663913,89858,3647,0,0,14,0,4.0199,0.6690,0.1082,536.8,1950,7501
4460,dig_prepare,108.500,10.2311,8.6217,1.6094,7.5694,0.7711,0.9974,4.0765,0.2652,1.3517,668072,100803,4159,0,0,14,0,4.0643,0.8818,0.1404,536.8,1950,7501
4461,dig_prepare,108.500,9.2823,9.2491,0.0332,7.0472,0.4833,0.9953,4.0765,0.2683,1.1172,665127,98690,2431,5376,0,14,0,4.0424,1.3742,0.1740,536.8,1950,7501
4462,dig_prepare,108.500,10.6020,8.4312,2.1708,7.2151,0.6513,0.9984,4.0776,0.2611,1.1192,662246,95427,3263,6144,0,14,0,4.0129,1.3389,0.1286,536.8,1950,7501
4463,dig_prepare,108.500,9.2796,9.2361,0.0435,7.2407,0.7209,0.9964,4.0755,0.2621,1.0772,660133,91652,3775,5888,0,14,0,4.0271,1.3858,0.1162,536.8,1950,7501
4464,dig_prepare,108.500,10.0276,10.0036,0.0240,8.1736,0.6216,0.9974,5.0872,0.2611,1.0895,657700,88453,3199,5632,0,14,0,4.0172,2.5435,0.1511,536.8,1950,7501
4465,dig_prepare,108.500,9.2403,9.2142,0.0261,7.4230,0.8387,0.9974,4.0796,0.2652,1.1325,653539,84166,4287,8448,0,14,0,4.0136,1.5392,0.1021,536.8,1950,7501
4466,dig_prepare,108.500,11.4393,8.7318,2.7075,7.1731,0.6062,0.9974,4.0755,0.2662,1.1213,650018,81031,3135,6656,0,14,0,4.0211,1.7057,0.1523,536.8,1950,7501
4467,dig_prepare,108.500,9.9419,8.3866,1.5553,7.9862,0.6318,0.9974,4.8937,0.2611,1.0936,647649,77768,3263,5632,0,14,0,4.0083,1.3470,0.0980,536.8,1950,7501
4468,dig_prepare,108.500,9.0759,9.0429,0.0330,7.4168,0.8847,0.9964,4.0776,0.2632,1.0865,644768,73225,4543,7424,0,14,0,4.0092,1.5611,0.1132,536.8,1950,7501
4469,dig_prepare,108.500,10.8978,8.1425,2.7553,7.1424,0.5816,0.9974,4.0735,0.2632,1.1162,645215,70218,3007,2560,0,14,0,4.0241,1.1178,0.1155,536.8,1950,7501
4470,dig_prepare,108.500,9.9821,7.9353,2.0468,7.5899,0.7311,0.9953,4.0735,0.2611,1.4193,648938,82187,3903,180,0,14,0,4.0290,0.8060,0.1014,536.8,1950,7501
4471,dig_prepare,108.500,9.1462,7.5486,1.5976,7.2305,0.6881,0.9974,4.0765,0.2652,1.0926,652713,98124,3775,0,0,14,0,4.0121,0.6918,0.0949,536.8,1950,7501
4472,dig_prepare,108.500,10.9384,7.9622,2.9762,7.1107,0.5560,0.9974,4.0745,0.2642,1.1080,655080,113214,2879,512,0,14,0,4.0287,0.6939,0.1113,536.8,1950,7501
4473,dig_prepare,108.500,9.3327,9.2856,0.0471,7.3452,0.7834,0.9953,4.0765,0.2662,1.1131,650855,108991,4223,8448,0,14,0,4.0100,1.3693,0.1054,536.8,1950,7501
4474,dig_prepare,108.500,9.7192,9.6726,0.0466,7.7885,0.8602,0.9984,4.4360,0.2632,1.1182,647078,104320,4671,8448,0,14,0,4.0194,1.5402,0.1072,536.8,1950,7501
4475,dig_prepare,108.500,10.1617,8.5417,1.6200,7.4240,0.8919,0.9964,4.0776,0.2642,1.0834,642853,99585,4735,8960,0,14,0,4.0103,1.5552,0.0994,536.8,1950,7501
4476,dig_prepare,108.500,10.3515,8.2168,2.1347,7.2591,0.7168,0.9964,4.0755,0.2652,1.0926,638500,95746,3839,8192,0,14,0,4.0085,1.2798,0.1007,536.8,1950,7501
4477,dig_prepare,108.500,9.8043,9.7675,0.0368,7.8285,0.6420,0.9953,4.6838,0.2621,1.1336,636451,92419,3327,5376,0,14,0,4.0170,1.2261,0.1192,536.8,1950,7501
4478,dig_prepare,108.500,9.9009,8.3720,1.5289,7.2233,0.6420,0.9964,4.0786,0.2652,1.1284,634786,88964,3455,5120,0,14,0,4.0161,1.1697,0.1095,536.8,1950,7501
4479,dig_prepare,108.500,10.2113,8.5962,1.6151,7.0134,0.4567,0.9984,4.0776,0.2611,1.1080,632801,86597,2367,4352,0,14,0,4.0221,1.0013,0.1129,536.8,1950,7501
4480,dig_prepare,108.500,9.7209,8.1844,1.5365,7.2540,0.7137,0.9974,4.0755,0.2621,1.0895,633504,82822,3775,3072,0,14,0,4.0123,0.9767,0.0922,536.8,1950,7501
4481,dig_prepare,108.500,8.5796,8.5461,0.0335,7.5162,0.7045,1.2308,4.0765,0.2652,1.1213,635765,86279,3711,1450,0,14,0,4.0232,0.9883,0.1057,536.8,1950,7501
4482,dig_prepare,108.500,9.8785,9.8571,0.0214,7.4619,0.9001,0.9964,4.0745,0.2642,1.1049,640692,101576,4927,0,0,14,0,4.1391,2.4190,0.1578,536.8,1950,7501
4483,dig_prepare,108.500,11.3605,8.2222,3.1383,7.3441,0.7936,0.9984,4.0796,0.2642,1.0895,645107,114825,4415,0,0,14,0,4.0079,0.9640,0.0990,536.8,1950,7501
4484,dig_prepare,108.500,9.9997,7.8137,2.1860,7.7025,0.7946,0.9953,4.4442,0.2642,1.0854,645874,118994,4351,3584,0,14,0,4.0173,1.0180,0.0980,536.8,1950,7501
4485,dig_prepare,108.500,9.5759,9.5389,0.0370,7.3400,0.7721,0.9974,4.0765,0.2652,1.1100,642609,114835,4159,7424,0,14,0,4.0148,1.3191,0.1001,536.8,1950,7501
4486,dig_prepare,108.500,10.7714,8.6641,2.1073,7.1332,0.5622,0.9964,4.0745,0.2652,1.1162,640304,111764,3071,5376,0,14,0,4.0353,1.3175,0.0963,536.8,1950,7501
4487,dig_prepare,108.500,9.6676,9.6298,0.0378,7.7855,0.6205,0.9953,4.6940,0.2662,1.0895,637551,108373,3391,6144,0,14,0,4.0314,1.3668,0.1135,536.8,1950,7501
4488,dig_prepare,108.500,9.7485,9.7245,0.0240,7.4004,0.8468,0.9974,4.0796,0.2611,1.0957,635502,103766,4607,6656,0,14,0,4.0181,1.2637,0.0991,536.8,1950,7501
4489,dig_prepare,108.500,10.3277,8.8433,1.4844,7.2970,0.7229,0.9943,4.0776,0.2642,1.1192,634541,99863,3903,4864,0,14,0,4.0210,1.1128,0.0951,536.8,1950,7501
4490,dig_prepare,108.500,10.3436,8.6955,1.6481,7.0185,0.4567,0.9953,4.0776,0.2621,1.1049,632876,97432,2431,4096,0,14,0,4.0259,1.0608,0.1306,536.8,1950,7501
4491,dig_prepare,108.500,8.7896,8.7561,0.0335,7.3861,0.8530,0.9943,4.0765,0.2632,1.0742,630187,94745,2687,5376,0,14,0,4.0333,1.2526,0.1246,536.8,1950,7501
4492,dig_prepare,108.500,10.3086,8.5171,1.7915,7.3605,0.8223,0.9974,4.0765,0.2652,1.0793,627178,90330,4415,7424,0,14,0,4.0217,1.4619,0.1553,536.8,1950,7501
4493,dig_prepare,108.500,9.1713,9.1273,0.0440,7.4701,0.8868,0.9984,4.0745,0.2642,1.1274,628915,88923,4735,2998,0,14,0,4.0268,1.1773,0.1035,536.8,1950,7501
4494,dig_prepare,108.500,10.6520,7.4613,3.1907,8.0189,0.8929,0.9943,4.6356,0.2632,1.1141,633842,103708,4927,0,0,14,0,4.0263,0.7600,0.1032,536.8,1950,7501
4495,dig_prepare,108.500,10.3123,7.9940,2.3183,7.1700,0.6257,0.9974,4.0735,0.2632,1.0875,637105,116573,3263,0,0,14,0,4.0367,0.6786,0.1213,536.8,1950,7501
4496,dig_prepare,108.500,10.3525,8.7053,1.6472,7.1076,0.5857,0.9943,4.0724,0.2621,1.0742,640048,127784,3199,256,0,14,0,4.0331,0.7745,0.1302,536.8,1950,7501
4497,dig_prepare,108.500,9.7260,8.1124,1.6136,7.1649,0.5868,0.9974,4.0745,0.2652,1.1203,637679,124521,3263,5632,0,14,0,4.0295,1.2503,0.1228,536.8,1950,7501
4498,dig_prepare,108.500,9.0914,9.0554,0.0360,7.1444,0.5857,0.9943,4.0786,0.2621,1.1028,635310,121258,3263,5632,0,14,0,4.0286,1.2574,0.1244,536.8,1950,7501
4499,dig_prepare,108.500,11.1440,9.0496,2.0944,7.0769,0.5130,0.9943,4.0909,0.2652,1.0926,633005,118443,2815,5120,0,14,0,4.0117,0.9886,0.1047,536.8,1950,7501
4500,dig_prepare,108.500,8.8834,8.8314,0.0520,7.7261,1.1284,1.0025,4.1021,0.2662,1.1049,628524,113964,4479,8960,0,14,0,4.0198,1.4657,0.0995,536.8,1950,7501
4501,dig_prepare,108.500,9.6312,9.5943,0.0369,7.7588,0.7741,1.0015,4.4790,0.2673,1.1141,624427,109613,4351,8448,0,14,0,4.0231,1.6698,0.1277,536.8,1950,7501
4502,dig_prepare,108.500,11.5790,8.7187,2.8603,7.2837,0.6728,1.0035,4.0980,0.2652,1.1203,622506,105902,3711,5632,0,14,0,4.0102,1.4438,0.1235,536.8,1950,7501
4503,dig_prepare,108.500,10.2693,7.9924,2.2769,7.2858,0.7158,0.9994,4.0980,0.2621,1.0916,619625,101871,4031,6912,0,14,0,4.0137,1.1658,0.0946,536.8,1950,7501
4504,dig_prepare,108.500,9.7494,8.0770,1.6724,7.7670,0.5601,1.2483,4.4677,0.2642,1.1008,618664,98736,3135,4096,0,14,0,4.0276,1.2148,0.1386,536.8,1950,7501
4505,dig_prepare,108.500,10.1890,8.4597,1.7293,7.1598,0.5448,0.9994,4.1011,0.2662,1.1274,618855,95729,3007,2816,0,14,0,4.0218,1.0793,0.1564,536.8,1950,7501
4506,dig_prepare,108.500,10.2754,7.5735,2.7019,7.1895,0.5775,1.0004,4.1001,0.2683,1.1254,621920,104242,3519,454,0,14,0,4.0247,0.8784,0.1275,536.8,1950,7501
4507,dig_prepare,108.500,9.3664,7.8612,1.5052,8.3620,0.9359,1.3844,4.5650,0.2662,1.0916,626079,121331,4159,0,0,14,0,4.0365,0.7226,0.1022,536.8,1950,7501
4508,dig_prepare,108.500,9.6352,7.9625,1.6727,7.4230,0.8571,1.0015,4.0991,0.2642,1.0824,629150,134388,3071,0,0,14,0,4.0248,0.6859,0.1380,536.8,1950,7501
4509,dig_prepare,108.500,11.0455,8.6913,2.3542,6.9294,0.3308,1.0025,4.0980,0.2621,1.1172,628189,136705,1855,2816,0,14,0,4.0230,0.8934,0.1184,536.8,1950,7501
4510,dig_prepare,108.500,9.3709,9.3258,0.0451,7.3544,0.7444,1.0015,4.1011,0.2673,1.1213,625180,132290,4415,7424,0,14,0,4.0234,1.3007,0.3664,536.8,1950,7501
4511,dig_prepare,108.500,9.0623,9.0410,0.0213,7.6677,1.0957,1.0015,4.1001,0.2632,1.0885,620571,127939,4351,8960,0,14,0,4.0176,1.5343,0.0964,536.8,1950,7501
4512,dig_prepare,108.500,11.0688,8.8352,2.2336,7.3370,0.7690,0.9984,4.1001,0.2652,1.0844,616474,123332,4607,8704,0,14,0,4.0078,1.8124,0.1911,536.8,1950,7501
4513,dig_prepare,108.500,10.2207,8.1129,2.1078,7.3021,0.6973,1.0004,4.0991,0.2662,1.1192,612697,119173,4159,7936,0,14,0,4.0110,1.3239,0.0953,536.8,1950,7501
4514,dig_prepare,108.500,9.4032,9.3675,0.0357,7.5889,0.5212,1.0025,4.5681,0.2621,1.1162,609880,116102,3071,5888,0,14,0,4.0232,1.2849,0.1245,536.8,1950,7501
4515,dig_prepare,108.500,10.0966,10.0685,0.0281,7.1219,0.5622,1.0004,4.1001,0.2652,1.0742,607575,112775,3327,5632,0,14,0,4.0467,1.7907,0.1721,536.8,1950,7501
4516,dig_prepare,108.500,10.4908,8.8270,1.6638,6.9222,0.3430,1.0035,4.0991,0.2642,1.0936,605910,110856,1919,3584,0,14,0,4.0453,1.1504,0.1307,536.8,1950,7501
4517,dig_prepare,108.500,9.9167,9.8662,0.0505,7.5407,0.3471,0.9994,4.3530,0.2673,1.4561,605845,108873,1983,2048,0,14,0,4.0142,0.7588,0.1082,536.8,1950,7501
4518,dig_prepare,108.500,8.2735,8.2493,0.0242,7.1588,0.5622,1.0015,4.1001,0.2632,1.1151,608494,113930,3647,998,0,14,0,4.0154,0.8805,0.1184,536.8,1950,7501
4519,dig_prepare,108.500,10.7781,8.6701,2.1080,6.9755,0.3953,0.9994,4.0980,0.2693,1.0885,610477,128613,2495,512,0,14,0,4.0394,0.7195,0.1396,536.8,1950,7501
4520,dig_prepare,108.500,9.4412,9.4007,0.0405,7.1250,0.5376,1.0015,4.0970,0.2652,1.0967,606956,125222,3391,6912,0,14,0,4.0257,1.4797,0.1135,536.8,1950,7501
4521,dig_prepare,108.500,10.0922,8.3532,1.7390,8.0394,0.8479,1.0045,4.6653,0.2652,1.1274,603243,121255,3967,7680,0,14,0,4.0300,1.2959,0.0949,536.8,1950,7501
4522,dig_prepare,108.500,9.3453,9.3006,0.0447,7.8121,1.2022,1.0004,4.0929,0.2662,1.1305,609648,113256,7999,1594,0,14,0,4.0160,1.4809,0.1065,536.8,1950,7501
4523,dig_prepare,108.500,10.7342,8.5812,2.1530,7.5336,0.9482,1.0015,4.0991,0.2673,1.0977,615535,107369,5887,0,0,14,0,4.0264,0.9803,0.1024,536.8,1950,7501
4524,dig_prepare,108.500,10.6806,8.9467,1.7339,9.2672,2.1074,1.5862,4.1001,0.2652,1.0916,624942,97962,9407,0,0,14,0,4.0113,1.4186,0.1794,536.8,1950,7501
4525,dig_prepare,108.500,10.7926,10.7252,0.0674,7.6390,1.0465,1.0004,4.0980,0.2652,1.1100,630637,92267,5695,0,0,14,0,4.0411,1.1290,0.1580,536.8,1950,7501
4526,dig_prepare,108.500,12.1423,9.4037,2.7386,7.8182,1.3036,0.9984,4.0970,0.2662,1.0312,637868,85036,7231,0,0,14,0,4.0220,1.4310,0.6335,536.8,1950,7501
4527,dig_prepare,108.500,10.3699,10.3364,0.0335,9.1515,2.0787,1.3640,4.3069,0.2673,1.0148,646123,76781,8255,0,0,14,0,4.0390,1.6909,0.7154,536.8,1950,7501
4528,dig_prepare,108.500,10.9155,9.0593,1.8562,7.8346,1.3220,1.0035,4.0991,0.2673,1.0199,653738,69166,7615,0,0,14,0,4.0291,1.4744,0.7371,536.8,1950,7501
4530,dig_prepare,108.500,16.2423,16.2202,0.0221,9.2006,1.6773,1.4991,4.6551,0.2652,1.0025,670632,52272,9087,0,0,14,0,4.0246,1.6052,5.8308,536.8,1950,7501
4531,dig_prepare,108.500,17.4662,17.4388,0.0274,7.8244,1.3978,0.9994,4.0991,0.2652,0.9605,678247,44657,7615,0,0,14,0,4.0339,1.4377,6.1232,536.8,1950,7501
4532,dig_prepare,108.500,17.3016,17.2632,0.0384,7.9380,0.8735,1.0004,4.7196,0.2662,0.9759,682534,40370,4287,0,0,14,0,4.0413,1.0351,7.9395,536.8,1950,7501
4533,dig_prepare,108.500,17.2788,17.2261,0.0527,7.4260,0.9503,0.9984,4.0970,0.2693,1.0086,687525,35379,4991,0,0,14,0,4.0247,1.0484,7.7183,536.8,1950,7501
4534,dig_prepare,108.500,14.8017,14.7709,0.0308,8.2770,1.1336,1.0015,4.3653,0.2642,1.4090,694180,28724,6655,0,0,14,0,4.0150,1.2452,5.1169,536.8,1950,7501
4535,dig_prepare,108.500,12.0856,12.0625,0.0231,8.2381,1.8104,0.9984,4.0960,0.2611,0.9718,703203,19701,9023,0,0,14,0,4.0451,1.4311,3.2390,536.8,1950,7501
4536,dig_prepare,108.500,10.5435,10.5214,0.0221,8.3139,1.8575,0.9984,4.0991,0.2683,0.9779,712994,9910,9791,0,0,14,0,4.0163,1.3850,1.6748,536.8,1950,7501
4537,dig_prepare,108.500,8.4617,8.4422,0.0195,8.4982,1.6609,1.0015,4.4605,0.2693,1.0025,722904,0,9910,0,0,14,0,3.6744,1.6548,0.1303,536.8,1950,7501
4538,dig_prepare,108.500,4.6377,3.0286,1.6091,6.4696,0.0010,0.9984,4.0980,0.2642,1.0015,722904,0,0,0,0,14,0,0.0076,0.0006,0.0884,536.8,1950,7501
4539,dig_prepare,108.500,12.3422,3.9812,8.3610,6.4410,0.0010,1.0015,4.0991,0.2642,0.9748,722904,0,0,0,0,14,0,0.0088,0.0007,0.1004,536.8,1950,7501
4541,dig,108.500,7.9315,3.5540,4.3775,6.8823,0.0471,1.0086,4.0991,0.2714,0.9953,722904,0,12,0,0,14,0,0.0650,0.0497,0.1026,536.8,1950,7501
4542,dig,108.500,3.4986,3.4956,0.0030,6.5260,0.0492,1.0097,4.0980,0.2652,1.0035,722904,0,12,0,0,14,0,0.0215,0.0328,0.0732,536.8,1950,7501
4543,dig,108.500,3.8942,3.8921,0.0021,6.7348,0.0563,1.0189,4.0980,0.2611,1.2001,722904,0,8,0,0,14,0,0.0262,0.0451,0.0973,536.8,1950,7501
4544,dig,108.500,5.4896,5.4877,0.0019,6.5260,0.0625,1.0322,4.0991,0.2673,0.9626,722904,0,17,0,0,14,0,0.0547,0.1107,0.1304,536.8,1950,7501
4545,dig,108.500,5.3103,5.3086,0.0017,6.9038,0.0666,1.1059,4.0909,0.2683,1.2708,722904,0,19,0,0,14,0,0.3030,0.0830,0.1051,536.8,1950,7501
4546,dig,108.500,4.8795,4.8774,0.0021,6.6806,0.0922,1.1121,4.0919,0.2652,1.0189,722904,0,19,0,0,14,0,0.0769,0.1353,0.1579,536.8,1942,7501
4547,dig,108.500,4.1567,4.1550,0.0017,6.6488,0.0901,1.1203,4.0919,0.2611,0.9851,722904,0,22,0,0,14,0,0.0909,0.0910,0.1009,536.8,1942,7501
4548,dig,108.500,3.4553,3.4531,0.0022,6.6202,0.0614,1.1223,4.0960,0.2652,0.9759,722904,0,9,0,0,14,0,0.0236,0.0418,0.0918,536.8,1942,7501
4549,dig,108.500,3.1092,3.1076,0.0016,6.6621,0.0676,1.1244,4.0929,0.2683,1.0086,722904,0,15,0,0,14,0,0.0262,0.0384,0.0775,536.8,1942,7501
4550,dig,108.500,3.7250,3.7227,0.0023,7.4865,0.0748,1.1233,4.9050,0.2662,1.0168,722904,0,15,0,0,14,0,0.0314,0.0534,0.0889,536.8,1942,7501
4551,dig,108.500,3.6753,3.6735,0.0018,6.6642,0.0911,1.1254,4.0970,0.2621,0.9871,722904,0,18,0,0,14,0,0.0457,0.0744,0.0880,536.8,1942,7501
4552,dig,108.500,4.0730,4.0664,0.0066,6.6857,0.0952,1.1305,4.1062,0.2673,0.9861,722904,0,22,0,0,14,0,0.0511,0.0767,0.0827,536.8,1942,7501
4553,dig,108.500,4.4856,4.4833,0.0023,6.7133,0.0963,1.1489,4.0960,0.2632,1.0097,722904,0,19,0,0,14,0,0.0709,0.1131,0.1167,536.8,1942,7501
4554,dig,108.500,5.1566,5.1547,0.0019,6.7287,0.1044,1.1459,4.0970,0.2662,1.0138,722904,0,26,0,0,14,0,0.0829,0.1482,0.1246,536.8,1942,7501
4555,dig,108.500,3.2436,3.2420,0.0016,6.6755,0.0737,1.1459,4.1042,0.2642,0.9871,722904,0,7,0,0,14,0,0.0200,0.0233,0.0984,536.8,1942,7501
4556,dig,108.500,4.6079,4.6054,0.0025,6.6888,0.0788,1.1489,4.0940,0.2673,0.9871,722904,0,10,0,0,14,0,0.0467,0.0720,0.1204,536.8,1942,7501
4557,dig,108.500,4.1471,4.1452,0.0019,6.7215,0.0973,1.1540,4.0960,0.2662,1.0076,722904,0,17,0,0,14,0,0.0457,0.0677,0.1075,536.8,1942,7501
4558,dig,108.500,4.0015,4.0000,0.0015,6.7236,0.1024,1.1530,4.0940,0.2632,1.0097,722904,0,17,0,0,14,0,0.0363,0.0626,0.1139,536.8,1942,7501
4559,dig,108.500,4.0412,4.0396,0.0016,7.4926,0.0840,1.1592,4.8927,0.2693,0.9871,722904,0,16,0,0,14,0,0.0439,0.0709,0.1013,536.8,1942,7501
4560,dig,108.500,2.8388,2.8373,0.0015,6.6929,0.0829,1.1592,4.0950,0.2703,0.9861,722904,0,16,0,0,14,0,0.0419,0.0695,0.0995,536.8,1942,7501
4561,dig,108.500,3.0184,3.0162,0.0022,6.9980,0.1004,1.1581,4.0950,0.2662,1.2790,722904,0,19,0,0,14,0,0.0304,0.0503,0.0677,536.8,1942,7501
4562,dig,108.500,3.6950,3.6934,0.0016,6.7471,0.1096,1.1602,4.0970,0.2642,1.0158,722904,0,7,0,0,14,0,0.0260,0.0404,0.1113,536.8,1942,7501
4563,dig,108.500,4.4664,4.4643,0.0021,6.7185,0.1116,1.1592,4.0960,0.2652,0.9871,722904,0,11,0,0,14,0,0.0354,0.0576,0.1041,536.8,1942,7501
4564,dig,108.500,3.6932,3.6916,0.0016,6.7164,0.1116,1.1643,4.0950,0.2652,0.9810,722904,0,16,0,0,14,0,0.0370,0.0767,0.0945,536.8,1942,7501
4565,dig,108.500,4.2101,4.2083,0.0018,6.7697,0.1219,1.1602,4.0970,0.2662,1.0250,722904,0,19,0,0,14,0,0.0533,0.0978,0.1159,536.8,1942,7501
4566,dig,108.500,4.0342,4.0316,0.0026,7.3984,0.1423,1.4182,4.4564,0.2673,1.0138,722904,0,21,0,0,14,0,0.0573,0.0747,0.0935,536.8,1942,7501
4567,dig,108.500,3.8029,3.8009,0.0020,6.7656,0.1556,1.1612,4.0970,0.2652,0.9871,722904,0,21,0,0,14,0,0.1129,0.1333,0.1163,536.8,1942,7501
4568,dig,108.500,4.0485,4.0463,0.0022,7.5622,0.1403,1.1622,4.9111,0.2642,0.9851,722904,0,26,0,0,14,0,0.0542,0.0927,0.0867,536.8,1942,7501
4569,dig,108.500,2.6189,2.6172,0.0017,6.7195,0.0840,1.1663,4.0970,0.2662,1.0076,722904,0,12,0,0,14,0,0.0303,0.0350,0.0797,536.8,1942,7501
4570,dig,108.500,3.2810,3.2792,0.0018,7.0851,0.0983,1.1633,4.2373,0.2642,1.2216,722904,0,21,0,0,14,0,0.0493,0.0781,0.0867,536.8,1942,7501
4571,dig,108.500,3.6269,3.6252,0.0017,6.8659,0.1116,1.1643,4.2353,0.2673,0.9871,722904,0,21,0,0,14,0,0.0547,0.0850,0.1016,536.8,1942,7501
4572,dig,108.500,3.8495,3.8476,0.0019,6.8854,0.1331,1.1684,4.2363,0.2642,0.9830,722904,0,17,0,0,14,0,0.0394,0.0634,0.0870,536.8,1942,7501
4573,dig,108.500,4.0379,4.0362,0.0017,6.8966,0.1188,1.1653,4.2332,0.2683,1.0107,722904,0,16,0,0,14,0,0.0414,0.0629,0.1022,536.8,1942,7501
4574,dig,108.500,3.7377,3.7351,0.0026,6.9243,0.1444,1.1674,4.2322,0.2652,1.0158,722904,0,23,0,0,14,0,0.0325,0.0566,0.0974,536.8,1942,7501
4575,dig,108.500,4.0177,4.0155,0.0022,7.4291,0.4383,1.4080,4.2312,0.2703,0.9820,722904,0,26,0,0,14,0,0.0379,0.0683,0.0865,536.8,1942,7501
4576,dig,108.500,3.8353,3.8330,0.0023,6.9018,0.1382,1.1684,4.2322,0.2703,0.9953,722904,0,12,0,0,14,0,0.0470,0.0690,0.1276,536.8,1942,7501
4577,dig,108.500,4.3034,4.3001,0.0033,7.4373,0.1403,1.1684,4.7524,0.2652,1.0086,722904,0,8,0,0,14,0,0.0238,0.0522,0.0853,536.8,1942,7501
4578,dig,108.500,4.0601,4.0571,0.0030,6.9530,0.1556,1.1694,4.2404,0.2683,1.0199,722904,0,16,0,0,14,0,0.0262,0.0423,0.0695,536.8,1942,7501
4579,dig,108.500,4.7162,4.7129,0.0033,7.7660,0.1669,1.3978,4.8486,0.2632,0.9902,722904,0,16,0,0,14,0,0.0264,0.0413,0.0771,536.8,1942,7501
4580,dig,108.500,2.8751,2.8739,0.0012,6.9499,0.1823,1.1704,4.2291,0.2724,0.9964,722904,0,31,0,0,14,0,0.0396,0.0704,0.0700,536.8,1942,7501
4582,dig_settle,108.500,2.6526,2.6327,0.0199,6.7881,0.0010,1.1715,4.2301,0.2714,1.0148,722904,0,0,0,0,14,0,0.0067,0.0005,0.0761,536.8,1942,7501
4583,audit,108.500,3.4147,3.4111,0.0036,6.7185,0.0010,1.1725,4.1789,0.2662,0.9882,722904,0,0,0,0,14,0,0.0082,0.0007,0.1134,536.8,1942,7501
4584,orbital_edit,300108.500,43.6867,43.6850,0.0017,80.5100,42.2564,5.6781,24.3476,3.3976,4.0858,722904,22418,8179,0,0,14,0,16.3662,21.1902,0.2292,536.8,210,405
4585,orbital_edit,300108.500,59.1322,59.1112,0.0210,9.0409,5.2593,0.6574,2.4586,0.2847,0.2519,710872,6560,12288,12032,0,5,12,12.3877,42.2639,0.1908,536.8,210,405
4587,orbital_edit,300108.500,72.0661,12.3622,59.7039,4.5466,0.3686,1.0516,2.4596,0.2867,0.2488,692952,0,175,7424,390,5,12,4.3086,3.1041,0.1379,536.8,210,405
4589,orbital_edit,300108.500,8.4120,8.3826,0.0294,4.0796,0.3052,0.6574,2.4586,0.2918,0.2447,669656,0,4,12032,9620,5,12,4.0864,1.2602,0.0887,536.8,1777,7501
4590,orbital_edit,300108.500,10.7256,10.7103,0.0153,4.4974,0.0420,0.6584,3.1437,0.2847,0.2488,656273,0,0,13383,9620,5,12,4.0710,1.2701,0.0906,536.8,1777,7501
4591,orbital_edit,300108.500,8.7254,8.7041,0.0213,3.8205,0.0451,0.6554,2.4596,0.2877,0.2499,640913,0,0,15360,9620,5,12,4.0418,1.3736,0.1240,536.8,1777,7501
4592,orbital_edit,300108.500,8.2850,8.2663,0.0187,3.8216,0.0451,0.6564,2.4648,0.2898,0.2468,626577,0,0,14336,9620,5,12,4.0184,1.2940,0.0877,536.8,1777,7501
4593,orbital_edit,300108.500,8.0732,8.0519,0.0213,3.7949,0.0389,0.6564,2.4596,0.2867,0.2478,615753,0,0,10824,9620,5,12,4.0114,1.2062,0.0904,536.8,1777,7501
4594,orbital_edit,300108.500,8.7737,8.7458,0.0279,4.1943,0.0471,1.0455,2.4607,0.2888,0.2458,600649,0,0,15104,9620,5,12,4.0691,1.4837,0.1352,536.8,1777,7501
4595,orbital_edit,300108.500,9.0006,8.9792,0.0214,3.8134,0.0471,0.6554,2.4566,0.2918,0.2560,585033,0,0,15616,9620,5,12,4.0275,1.2924,0.0887,536.8,1777,7501
4596,orbital_edit,300108.500,7.9535,7.9312,0.0223,3.8083,0.0451,0.6564,2.4617,0.2888,0.2488,569929,0,0,15104,9620,5,12,4.0866,1.2876,0.1046,536.8,1777,7501
4597,orbital_edit,300108.500,8.9573,8.9368,0.0205,3.7847,0.0369,0.6574,2.4484,0.2939,0.2468,559111,0,0,10818,9620,5,12,4.0417,1.1584,0.1408,536.8,1777,7501
4598,orbital_edit,300108.500,8.5312,8.5020,0.0292,3.7888,0.0420,0.6564,2.4566,0.2857,0.2468,546567,0,0,12544,9620,5,12,4.0727,1.1646,0.0935,536.8,1777,7501
4599,orbital_edit,300108.500,8.6175,8.5992,0.0183,3.8011,0.0471,0.6554,2.4566,0.2877,0.2529,531719,0,0,14848,9620,5,12,4.0255,1.2744,0.1221,536.8,1777,7501
4600,orbital_edit,300108.500,8.4105,8.3907,0.0198,3.7827,0.0471,0.6564,2.4494,0.2888,0.2499,516615,0,0,15104,9620,5,12,4.0372,1.2701,0.0866,536.8,1777,7501
4601,orbital_edit,300108.500,8.2332,8.2126,0.0206,3.7878,0.0358,0.6595,2.4607,0.2877,0.2509,507081,0,0,9534,9620,5,12,4.0647,1.0630,0.0896,536.8,1777,7501
4602,orbital_edit,300108.500,8.7196,8.6977,0.0219,3.7693,0.0379,0.6554,2.4494,0.2888,0.2478,495561,0,0,11520,9620,5,12,4.0757,1.1670,0.0930,536.8,1777,7501
4603,orbital_edit,300108.500,8.2768,8.2582,0.0186,3.7755,0.0492,0.6533,2.4474,0.2898,0.2437,480457,0,0,15104,9620,5,12,4.0231,1.2335,0.1108,536.8,1777,7501
4604,orbital_edit,300108.500,8.2802,8.2616,0.0186,3.7765,0.0492,0.6533,2.4484,0.2857,0.2468,465353,0,0,15104,9620,5,12,4.0644,1.2323,0.0944,536.8,1777,7501
4605,orbital_edit,300108.500,8.8869,8.8664,0.0205,3.7775,0.0399,0.6533,2.4515,0.2939,0.2499,454531,0,0,10822,9620,5,12,4.0240,1.3259,0.0962,536.8,1777,7501
4606,orbital_edit,300108.500,8.8563,8.8348,0.0215,3.4580,0.0348,0.6001,2.2497,0.2652,0.2263,442755,0,0,11776,9620,5,12,4.0552,1.0967,0.0941,536.8,1777,7501
4607,orbital_edit,300108.500,8.8940,8.8758,0.0182,3.4796,0.0430,0.6011,2.2487,0.2652,0.2406,426883,0,0,15872,9620,5,12,4.0353,1.7438,0.0967,536.8,1777,7501
4608,orbital_edit,300108.500,8.0415,8.0203,0.0212,3.4642,0.0379,0.6011,2.2508,0.2632,0.2294,414083,0,0,12800,9620,5,12,4.0095,0.9643,0.0891,536.8,1777,7501
4609,orbital_edit,300108.500,8.5175,8.4965,0.0210,3.4519,0.0379,0.5990,2.2446,0.2642,0.2284,401795,0,0,12288,9620,5,12,4.0739,1.1543,0.1089,536.8,1777,7501
4610,orbital_edit,300108.500,9.0721,9.0482,0.0239,3.4458,0.0317,0.6011,2.2426,0.2642,0.2273,391482,0,0,10313,9620,5,12,4.0338,1.1144,0.0976,536.8,1777,7501
4611,orbital_edit,300108.500,8.8113,8.7911,0.0202,3.4662,0.0389,0.6001,2.2508,0.2662,0.2335,376634,0,0,14848,9620,5,12,4.0414,1.2597,0.0964,536.8,1777,7501
4612,orbital_edit,300108.500,8.4723,8.4469,0.0254,3.4509,0.0348,0.6001,2.2477,0.2632,0.2273,364090,0,0,12544,9620,5,12,4.0640,1.0089,0.1219,536.8,1777,7501
4613,orbital_edit,300108.500,8.4294,8.4097,0.0197,3.7263,0.0389,0.6011,2.5170,0.2621,0.2314,350266,0,0,13824,9620,5,12,4.0354,1.1967,0.1023,536.8,1777,7501
4614,orbital_edit,300108.500,8.9547,8.9298,0.0249,3.4580,0.0317,0.6052,2.2497,0.2642,0.2294,341997,0,0,8269,9620,5,12,4.0125,0.9193,0.0845,536.8,1777,7501
4615,orbital_edit,300108.500,8.7437,8.7210,0.0227,3.4949,0.0399,0.6103,2.2579,0.2683,0.2324,331245,0,0,10752,9620,5,12,4.0360,0.7996,0.0861,536.8,1777,7501
4616,orbital_edit,300108.500,9.4588,9.4397,0.0191,3.4806,0.0410,0.6031,2.2538,0.2662,0.2304,319981,0,0,11264,9620,5,12,4.0209,1.1946,0.1647,536.8,1777,7501
4617,orbital_edit,300108.500,9.3536,9.3309,0.0227,4.0694,0.0420,0.6093,2.6204,0.2662,0.2345,308461,0,0,11520,9620,5,12,4.0442,0.8249,0.1296,536.8,1777,7501
4618,orbital_edit,300108.500,8.7330,8.7121,0.0209,3.4847,0.0430,0.6093,2.2569,0.2673,0.2324,295405,0,0,13056,9620,5,12,4.0100,1.0951,0.0900,536.8,1777,7501
4619,orbital_edit,300108.500,8.6488,8.6274,0.0214,3.4908,0.0389,0.6072,2.2651,0.2632,0.2355,285615,0,0,9790,9620,5,12,4.0680,0.7994,0.0836,536.8,1777,7501
4620,orbital_edit,300108.500,8.8986,8.8795,0.0191,3.5195,0.0584,0.6093,2.2630,0.2775,0.2304,268975,0,0,16640,9620,5,12,4.0319,1.2148,0.0852,536.8,1777,7501
4621,orbital_edit,300108.500,9.2104,9.1836,0.0268,3.4836,0.0410,0.6052,2.2548,0.2693,0.2355,258223,0,0,10752,9620,5,12,4.0599,1.0805,0.1146,536.8,1777,7501
4622,orbital_edit,300108.500,8.8403,8.8219,0.0184,3.4918,0.0532,0.6062,2.2548,0.2652,0.2335,243375,0,0,14848,9620,5,12,4.0119,1.1899,0.0872,536.8,1777,7501
4623,orbital_edit,300108.500,8.9325,8.9100,0.0225,3.4796,0.0287,0.6083,2.2600,0.2642,0.2386,237694,0,0,5681,9620,5,12,4.0687,0.8447,0.0915,536.8,1777,7501
4624,orbital_edit,300108.500,9.2317,9.2072,0.0245,3.5021,0.0563,0.6093,2.2569,0.2693,0.2335,222078,0,0,15616,9620,5,12,4.0268,1.6502,0.0953,536.8,1777,7501
4625,orbital_edit,300108.500,8.6813,8.6572,0.0241,3.4898,0.0440,0.6083,2.2559,0.2642,0.2365,211582,0,0,10496,9620,5,12,4.0113,0.8978,0.0955,536.8,1777,7501
4626,orbital_edit,300108.500,9.0816,9.0553,0.0263,3.4898,0.0543,0.6052,2.2579,0.2642,0.2324,195454,0,0,16128,9620,5,12,4.1262,1.3581,0.1253,536.8,1777,7501
4627,orbital_edit,300108.500,8.9817,8.9581,0.0236,3.4550,0.0369,0.6031,2.2436,0.2662,0.2284,187262,0,0,8192,9620,5,12,4.1138,0.8838,0.0825,536.8,1777,7501
4628,orbital_edit,300108.500,9.0876,9.0686,0.0190,4.3274,0.0553,0.6031,2.8774,0.4833,0.2324,171830,0,0,15432,9620,5,12,4.0423,1.1410,0.1004,536.8,1777,7501
4629,orbital_edit,300108.500,8.9280,8.9074,0.0206,3.4785,0.0522,0.6083,2.2508,0.2673,0.2314,156214,0,0,15616,9620,5,12,4.0497,1.1295,0.0899,536.8,1777,7501
4630,orbital_edit,300108.500,9.1081,9.0887,0.0194,3.4785,0.0502,0.6072,2.2487,0.2673,0.2294,141366,0,0,14848,9620,5,12,4.0439,1.4516,0.1118,536.8,1777,7501
4631,orbital_edit,300108.500,8.8906,8.8656,0.0250,3.4775,0.0369,0.6072,2.2630,0.2662,0.2304,133612,0,0,7754,9620,5,12,4.0083,0.9162,0.0870,536.8,1777,7501
4632,orbital_edit,300108.500,9.9246,9.8938,0.0308,4.0591,0.0604,0.8264,2.2538,0.2765,0.2335,117484,0,0,16128,9620,5,12,4.0544,1.2825,0.1005,536.8,1777,7501
4633,orbital_edit,300108.500,9.4824,9.4566,0.0258,3.4755,0.0471,0.6031,2.2426,0.2734,0.2355,106220,0,0,11264,9620,5,12,4.0989,1.1300,0.1184,536.8,1777,7501
4634,orbital_edit,300108.500,8.8534,8.8341,0.0193,3.4888,0.0584,0.6083,2.2518,0.2642,0.2314,91116,0,0,15104,9620,5,12,4.0272,1.1980,0.0879,536.8,1777,7501
4635,orbital_edit,300108.500,9.3006,9.2765,0.0241,3.7079,0.0410,0.6072,2.2548,0.4997,0.2376,81388,0,0,9728,9620,5,12,4.1414,0.9420,0.0859,536.8,1777,7501
4636,orbital_edit,300108.500,8.5054,8.4838,0.0216,3.4775,0.0532,0.6052,2.2467,0.2621,0.2304,80095,14273,63,1356,9620,5,12,4.2014,0.3184,0.0868,536.8,1777,7501
4637,orbital_edit,300108.500,8.1212,8.1017,0.0195,3.6424,0.6441,0.6216,1.8278,0.2673,0.2099,84698,24262,4603,0,9620,5,12,3.9863,0.6000,0.0967,536.8,1777,7501
4638,orbital_edit,300108.500,8.4302,8.4070,0.0232,3.4683,0.5345,0.6267,1.7510,0.2642,0.2150,88473,40340,3775,0,9620,5,12,4.0066,0.4743,0.1039,536.8,1777,7501
4639,orbital_edit,300108.500,8.4151,8.3950,0.0201,3.9711,0.5591,0.6339,2.2067,0.2673,0.2243,92696,55573,4223,0,9620,5,12,4.0086,0.6865,0.1000,536.8,1777,7501
4640,orbital_edit,300108.500,8.0895,8.0677,0.0218,3.2522,0.3236,0.6257,1.7326,0.2662,0.2253,95063,63958,2367,0,9620,5,12,4.0156,0.2915,0.1051,536.8,1777,7501
4641,orbital_edit,300108.500,8.5184,8.4986,0.0198,4.2312,1.3138,0.6369,1.7091,0.2673,0.2273,100054,84391,4991,0,9620,5,12,4.0227,0.7949,0.1032,536.8,1777,7501
4642,orbital_edit,300108.500,8.1554,8.1292,0.0262,3.3823,0.4588,0.6369,1.7132,0.2703,0.2273,103893,99496,3839,0,9620,5,12,4.0108,0.4470,0.1031,536.8,1777,7501
4643,orbital_edit,300108.500,9.3532,9.3341,0.0191,4.9859,1.4776,0.6277,2.3255,0.2662,0.2171,115668,88754,11775,0,9620,5,12,4.0230,1.6058,0.0968,536.8,1777,7501
4644,orbital_edit,300108.500,9.1761,9.1495,0.0266,3.8349,0.9236,0.6318,1.7234,0.2662,0.2161,122835,81587,7167,0,9620,5,12,4.0146,1.0121,0.1243,536.8,1942,7501
4645,orbital_edit,300108.500,9.3087,9.2893,0.0194,4.4605,1.5401,0.6308,1.7254,0.2683,0.2243,135058,69364,12223,0,9620,5,12,4.0128,1.3404,0.0944,536.8,1942,7501
4646,orbital_edit,300108.500,9.0548,9.0364,0.0184,4.3684,1.4684,0.6277,1.7111,0.2652,0.2161,146705,57717,11647,0,9620,5,12,4.0151,1.3126,0.0937,536.8,1942,7501
4647,orbital_edit,300108.500,9.9022,9.8822,0.0200,4.7913,1.8924,0.6267,1.7101,0.2683,0.2150,158993,45429,12288,0,9620,5,12,3.8862,1.6174,0.1459,536.8,1942,7501
4648,orbital_edit,300108.500,10.5387,10.5176,0.0211,4.4442,1.5401,0.6328,1.7111,0.2662,0.2150,171216,33206,12223,0,9620,5,12,4.0169,1.6361,0.1159,536.8,1942,7501
4649,orbital_edit,300108.500,9.6251,9.6056,0.0195,4.1533,1.2708,0.6277,1.7070,0.2611,0.2130,181199,23223,9983,0,9620,5,12,4.0223,1.4840,0.1497,536.8,1942,7501
4650,orbital_edit,300108.500,9.8412,9.8162,0.0250,4.4216,1.0772,1.0834,1.7060,0.2652,0.2130,189518,14904,8319,0,9620,5,12,4.0401,1.1116,0.4066,536.8,1942,7501
4651,orbital_edit,300108.500,9.3612,9.3411,0.0201,4.4759,1.2247,0.6267,2.0695,0.2611,0.2181,199117,5305,9599,0,9620,5,12,4.0127,1.1125,0.8044,536.8,1942,7501
4652,orbital_edit,300108.500,6.9169,6.8931,0.0238,3.5891,0.6963,0.6318,1.7039,0.2632,0.2171,204422,0,5305,0,9620,5,12,2.7693,0.9138,0.1538,536.8,1942,7501
4653,orbital_edit,300108.500,3.9559,3.9271,0.0288,2.9000,0.0031,0.6277,1.7060,0.2673,0.2202,204422,0,0,0,9620,5,12,0.0084,0.0006,0.0683,536.8,1942,7501
4655,orbital_edit,300108.500,4.2582,4.2289,0.0293,3.5021,0.0102,0.6318,2.3081,0.2632,0.2212,204422,0,0,0,9620,5,12,0.0077,0.0007,0.0788,536.8,1942,7501
4656,crater,258.500,3.4001,3.3987,0.0014,2.4453,0.0031,0.4792,1.4746,0.2632,0.1505,204422,0,0,0,9620,5,12,0.0215,0.0004,0.0805,536.8,1942,7501
4657,crater,258.500,3.3530,3.3337,0.0193,2.4504,0.0041,0.4782,1.4817,0.2621,0.1556,204422,0,0,0,9620,5,12,0.0075,0.0005,0.0672,536.8,1942,7501
4658,crater,258.500,4.2116,4.1941,0.0175,2.4596,0.0031,0.4782,1.4828,0.2652,0.1526,204422,0,0,0,9620,5,12,0.0100,0.0007,0.1199,536.8,1942,7501
4659,crater,258.500,4.5514,4.5207,0.0307,2.9000,0.0031,0.4751,1.9282,0.2662,0.1536,204422,0,0,0,9620,5,12,0.0079,0.0005,0.0751,536.8,1942,7501
4660,crater,258.500,4.8915,4.8707,0.0208,2.4412,0.0031,0.4762,1.4756,0.2611,0.1505,204422,0,0,0,9620,5,12,0.0088,0.0006,0.0974,536.8,1942,7501
4661,crater,258.500,4.2866,4.2643,0.0223,2.4351,0.0031,0.4721,1.4746,0.2621,0.1556,204422,0,0,0,9620,5,12,0.0081,0.0007,0.0783,536.8,1942,7501
4662,crater,258.500,4.5778,4.5543,0.0235,2.4494,0.0041,0.4751,1.4828,0.2652,0.1526,204422,0,0,0,9620,5,12,0.0076,0.0006,0.0840,536.8,1942,7501
4663,crater,258.500,4.7924,4.7708,0.0216,2.4525,0.0031,0.4741,1.4797,0.2642,0.1546,204422,0,0,0,9620,5,12,0.0074,0.0005,0.0637,536.8,1942,7501
4664,crater,258.500,4.6468,4.6253,0.0215,2.4474,0.0113,0.4782,1.4766,0.2632,0.1475,204422,0,0,0,9620,5,12,0.0083,0.0006,0.0705,536.8,1942,7501
4666,crater,258.500,3.9127,3.8931,0.0196,2.7044,0.0031,0.4751,1.4828,0.5110,0.1587,204422,0,0,0,9620,5,12,0.0069,0.0008,0.0656,536.8,1942,7501
4667,crater,258.500,11.8896,11.8699,0.0197,2.7136,0.2642,0.4762,1.4756,0.2673,0.1536,204485,18881,63,0,9620,14,0,4.2867,0.3305,0.1419,536.8,1942,7501
4668,crater,258.500,12.8526,12.8299,0.0227,4.5548,1.9907,0.5949,1.4817,0.2632,0.1516,206596,38274,2111,0,9620,14,0,4.0554,4.8718,0.1203,536.8,1942,7501
4669,crater,258.500,14.5118,14.4871,0.0247,4.1155,1.4991,0.6461,1.4735,0.2673,0.1526,207747,54346,1151,0,9620,14,0,4.0236,4.6877,0.0964,536.8,1942,7501
4670,crater,258.500,15.4271,15.4037,0.0234,5.9566,1.5094,1.4776,1.7859,0.2724,0.8417,209922,77003,2175,0,9620,14,0,4.0352,5.7045,0.0951,536.8,1942,7501
4671,crater,258.500,12.4694,12.4438,0.0256,5.2838,0.6380,1.5913,1.8360,0.2611,0.8837,211137,95756,1215,0,9620,14,0,4.0814,1.8926,0.1063,536.8,1942,7501
4672,crater,258.500,12.0178,11.9901,0.0277,5.6289,0.8038,1.7060,1.8739,0.2662,0.9083,212096,107916,959,0,9620,14,0,4.0764,3.1369,0.1468,536.8,1942,7501
4673,crater,258.500,10.7472,10.7251,0.0221,6.6785,0.5550,2.2897,1.9732,0.2632,1.5227,213247,123917,1151,0,9620,14,0,4.0619,2.4152,0.0926,536.8,1942,7501
4674,crater,258.500,10.3580,10.3321,0.0259,6.5823,0.3318,2.3470,1.7889,0.2632,1.7746,214142,142222,895,0,9620,14,0,4.0560,1.5610,0.1073,536.8,1942,7501
4675,crater,258.500,8.6417,8.6128,0.0289,7.0636,0.3666,2.4791,1.8545,0.2683,2.0193,215421,161492,1279,0,9620,14,0,4.0924,0.8282,0.1379,536.8,1942,7501
4676,crater,258.500,9.8975,9.8791,0.0184,7.0472,0.3308,2.4822,1.8319,0.2662,2.0685,215932,181205,511,0,9620,14,0,4.0189,1.0916,0.1013,536.8,1942,7501
4677,crater,258.500,9.5349,9.5135,0.0214,6.9734,0.1853,2.5129,1.8330,0.2765,2.0920,216507,200342,575,0,9620,14,0,4.0863,0.5173,0.1192,536.8,1942,7501
4678,crater,258.500,9.2026,9.1803,0.0223,7.8397,0.4096,2.9839,1.7695,0.2673,2.3337,217082,217998,575,0,9620,14,0,4.0606,0.1817,0.0847,536.8,1942,7501
4679,crater,258.500,9.1704,9.1462,0.0242,7.2202,0.2150,2.5405,1.7367,0.2621,2.3951,217977,239375,895,0,9620,14,0,4.0320,0.4663,0.0901,536.8,1942,7501
4680,crater,258.500,8.3712,8.3500,0.0212,7.2305,0.1505,2.5416,1.7388,0.2652,2.4648,218552,255510,575,0,9620,14,0,4.0573,0.1893,0.1340,536.8,1942,7501
4681,crater,258.500,8.3138,8.2901,0.0237,7.9852,0.1516,2.5426,1.7234,0.4997,2.9921,219127,274647,575,0,9620,14,0,4.0721,0.1811,0.1026,536.8,1942,7501
4682,crater,258.500,8.9736,8.9499,0.0237,7.2131,0.1485,2.5416,1.7244,0.2611,2.4637,219702,292760,575,0,9620,14,0,4.0768,0.2816,0.1012,536.8,1942,7501
4683,crater,258.500,7.8118,7.7815,0.0303,7.4189,0.2314,2.5446,1.7234,0.2642,2.5825,220725,312543,1023,0,9620,14,0,4.0253,0.2240,0.0934,536.8,1942,7501
4684,crater,258.500,7.9167,7.8953,0.0214,7.7097,0.2458,2.5416,1.7203,0.2734,2.8580,221876,333408,1151,0,9620,14,0,4.0625,0.2541,0.0888,536.8,1942,7501
4685,crater,258.500,9.8394,7.5334,2.3060,7.6995,0.2406,2.5477,1.7285,0.2632,2.8539,222963,356385,1087,0,9620,14,0,4.1103,0.2192,0.0890,536.8,1942,7501
4686,crater,258.500,10.8645,7.8986,2.9659,7.6872,0.1475,2.5344,1.7142,0.2621,2.9655,223538,374816,575,0,9620,14,0,4.1730,0.2156,0.1232,536.8,1942,7501
4687,crater,258.500,9.8175,7.8029,2.0146,7.5971,0.1393,2.5354,1.7080,0.2601,2.8918,224113,391905,575,0,9620,14,0,4.0488,0.2197,0.0884,536.8,1942,7501
4688,crater,258.500,10.0983,7.5705,2.5278,8.8883,0.2314,3.4703,1.7234,0.2632,3.1242,225200,412902,1087,0,9620,14,0,4.0387,0.2324,0.0865,536.8,1942,7501
4689,crater,258.500,10.1287,7.7070,2.4217,7.9759,0.2355,2.5395,1.7213,0.2652,3.1375,226351,435559,1151,0,9620,14,0,4.0597,0.2254,0.0847,536.8,1942,7501
4690,crater,258.500,11.0156,7.7853,3.2303,7.8828,0.2314,2.5416,1.7224,0.2673,3.0505,227438,457512,1087,0,9620,14,0,4.0442,0.2271,0.0861,536.8,1942,7501
4691,crater,258.500,10.0787,7.9260,2.1527,9.8550,0.2202,2.5385,1.7213,0.2714,5.0309,228461,479078,1023,0,9620,14,0,4.0168,0.2232,0.0839,536.8,1942,7501
4692,crater,258.500,10.1700,7.4918,2.6782,8.1142,0.2120,2.6081,1.7254,0.2652,3.2328,229484,503399,1023,0,9620,14,0,4.0519,0.2277,0.0862,536.8,1942,7501
4693,crater,258.500,11.9644,8.6491,3.3153,8.0241,0.1761,2.6030,1.7244,0.2662,3.1785,230315,518001,831,0,9620,14,0,4.0335,0.2197,0.0931,536.8,1942,7501
4694,crater,258.500,10.6934,8.0602,2.6332,8.7153,0.1802,2.6061,2.3347,0.2632,3.2553,231210,538354,895,0,9620,14,0,4.0422,0.2379,0.0856,536.8,1957,7501
4695,crater,258.500,10.2710,8.1121,2.1589,7.9473,0.1597,2.6010,1.7285,0.2662,3.1181,231913,557619,703,0,9620,14,0,4.0953,0.2168,0.1161,536.8,1957,7501
4696,crater,258.500,10.6831,8.0192,2.6639,8.1357,0.2243,2.6071,1.7193,0.2652,3.2451,233000,576321,1087,0,9620,14,0,4.0593,0.2124,0.0953,536.8,1957,7501
4697,crater,258.500,10.5079,7.8547,2.6532,7.9739,0.1690,2.6112,1.7193,0.2642,3.1334,233831,594690,831,0,9620,14,0,4.0171,0.2061,0.1069,536.8,1957,7501
4698,crater,258.500,10.1359,8.1348,2.0011,9.1884,0.1597,2.6030,1.7244,0.2632,4.3612,234342,612685,767,256,9620,14,0,4.0251,0.2195,0.1120,536.8,1957,7501
4699,crater,258.500,10.1741,10.1418,0.0323,8.3722,0.1812,2.9583,1.7183,0.2642,3.1805,229477,611918,767,5632,9620,14,0,4.1982,0.7096,0.1096,536.8,1957,7501
4700,crater,258.500,11.6703,8.8099,2.8604,9.2918,0.1731,3.0044,1.7275,0.2642,4.0550,226020,611279,639,4096,9620,14,0,4.0365,0.4938,0.1078,536.8,1957,7501
4701,crater,258.500,10.8808,9.2836,1.5972,8.6579,0.2458,2.6040,1.7224,0.2683,3.7499,216995,610320,959,9984,9620,14,0,4.1801,0.9850,0.0957,536.8,1957,7501
4702,crater,258.500,11.6758,8.0700,3.6058,8.1992,0.1638,2.8969,1.7091,0.2621,3.0935,212002,609681,639,5632,9620,14,0,4.1424,0.7925,0.1163,536.8,1957,7501
4703,crater,258.500,10.5457,8.4087,2.1370,8.8873,0.1679,3.0280,1.7265,0.2601,3.6403,207073,608978,703,5632,9620,14,0,4.0790,0.6876,0.1116,536.8,1957,7501
4704,crater,258.500,10.4831,8.3946,2.0885,8.8934,0.2540,2.6061,1.7254,0.2662,3.9649,198816,608019,959,9216,9620,14,0,4.0260,0.7947,0.0887,536.8,1957,7501
4705,crater,258.500,10.9093,8.3104,2.5989,8.3374,0.1853,2.9123,1.7132,0.2642,3.1846,193119,607316,703,6400,9620,14,0,4.0463,0.8829,0.0971,536.8,1957,7501
4706,crater,258.500,11.6224,8.7726,2.8498,8.4654,0.1536,3.0607,1.7193,0.2621,3.1990,187921,606741,575,5773,9620,14,0,4.0189,0.8993,0.1124,536.8,1957,7501
4707,crater,258.500,10.1070,8.6159,1.4911,8.4972,0.2642,2.6010,1.7285,0.2652,3.5656,179408,605526,1215,9728,9620,14,0,4.0767,0.7881,0.0928,536.8,1957,7501
4708,crater,258.500,11.2131,9.0797,2.1334,8.5750,0.1567,2.8385,1.9651,0.2652,3.2727,173519,605015,511,6400,9620,14,0,4.0399,0.8454,0.1176,536.8,1957,7501
4709,crater,258.500,11.1562,8.8902,2.2660,9.4454,0.1638,3.2625,1.7244,0.2621,3.9537,167694,604440,575,6400,9620,14,0,4.1015,0.8353,0.1291,536.8,1957,7501
4710,crater,258.500,10.7876,8.0815,2.7061,9.3583,0.2488,2.6040,1.7213,0.2673,4.4401,161357,603353,1087,7424,9620,14,0,4.0634,0.6723,0.0888,536.8,1957,7501
4711,crater,258.500,11.1738,9.1545,2.0193,8.4582,0.1761,2.9501,1.7234,0.2632,3.2748,157004,602586,767,5120,9620,14,0,4.0342,0.6222,0.1004,536.8,1957,7501
4712,crater,258.500,11.9837,9.0949,2.8888,9.3000,0.2499,3.0372,1.7285,0.2652,3.9485,151435,601755,831,6400,9620,14,0,4.0993,0.9709,0.1225,536.8,1957,7501
4713,crater,258.500,10.9606,8.6846,2.2760,9.3686,0.1649,2.6245,1.7326,0.2632,4.5025,147914,601180,575,4096,9620,14,0,4.0618,0.6430,0.1084,536.8,1957,7501
4714,crater,258.500,11.2363,8.4557,2.7806,8.0435,0.1874,2.6214,1.7254,0.2632,3.1683,142393,600477,703,6224,9620,14,0,4.0122,0.7089,0.0931,536.8,1957,7501
4715,crater,258.500,11.7452,8.9966,2.7486,8.5535,0.1526,2.6214,1.7254,0.2662,3.7120,136760,599966,511,6144,9620,14,0,4.0752,0.9058,0.0981,536.8,1957,7501
4716,crater,258.500,10.6207,8.9693,1.6514,8.1244,0.2376,2.6214,1.7213,0.2632,3.2000,130871,598943,1023,6912,9620,14,0,4.0389,0.6888,0.0931,536.8,1957,7501
4717,crater,258.500,10.7933,8.0737,2.7196,8.7081,0.2099,2.9512,2.0797,0.2621,3.1406,125430,597984,959,6400,9620,14,0,4.0571,0.9428,0.1289,536.8,1957,7501
4718,crater,258.500,10.5611,8.2057,2.3554,9.4300,0.9411,2.4791,1.7336,0.2642,3.9475,126316,582407,1407,521,9620,14,0,4.0506,1.3407,0.0856,536.8,1957,7501
4719,crater,258.500,10.8616,8.0852,2.7764,8.2340,0.4936,2.4904,1.7336,0.2652,3.1754,128811,579912,2495,0,9620,14,0,4.0927,0.3206,0.0875,536.8,1957,7501
4720,crater,258.500,12.1268,8.7904,3.3364,9.3153,0.8243,3.1816,1.7275,0.2621,3.2492,130602,578121,1791,0,9620,14,0,4.0167,1.0682,0.1574,536.8,1957,7501
4721,crater,258.500,11.3296,8.9955,2.3341,9.8150,0.8489,2.5651,1.7490,0.2673,4.3110,133353,575370,2751,0,9620,14,0,4.0324,1.2583,0.0856,536.8,1957,7501
4722,crater,258.500,11.7024,8.7367,2.9657,8.5862,0.4700,2.5682,1.7418,0.2703,3.4560,135912,572811,2559,0,9620,14,0,4.0229,0.3381,0.0886,536.8,1957,7501
4723,crater,258.500,13.2576,10.9011,2.3565,9.6113,1.4305,2.6378,1.7541,0.2662,3.4427,138023,570700,2111,0,9620,14,0,4.1422,2.4512,0.1216,536.8,1957,7501
4724,crater,258.500,10.9977,8.1442,2.8535,9.5867,0.3052,3.6137,1.7562,0.2652,3.5738,139430,569293,1407,0,9620,14,0,4.0091,0.2443,0.1085,536.8,1957,7501
4725,crater,258.500,13.7025,8.4196,5.2829,10.0854,0.7772,2.6378,1.7531,0.5192,4.3182,142373,566350,2943,0,9620,14,0,4.0536,0.6771,0.1287,536.8,1957,7501
4726,crater,258.500,11.4753,8.7910,2.6843,9.6461,0.8571,2.7126,1.7644,0.2683,3.9639,145188,563535,2815,0,9620,14,0,4.0278,1.4462,0.0858,536.8,1957,7501
4727,crater,258.500,13.0611,8.1407,4.9204,8.5555,0.3041,2.7136,1.7623,0.2673,3.4345,146659,562064,1471,0,9620,14,0,4.0631,0.3091,0.1127,536.8,1957,7501
4728,crater,258.500,13.4626,8.2512,5.2114,8.5924,0.3103,2.7116,1.7592,0.2714,3.4683,148322,560401,1663,0,9620,14,0,4.0094,0.2666,0.1089,536.8,1957,7501
4729,crater,258.500,10.2151,10.1807,0.0344,10.9435,1.0240,2.7361,1.7613,0.2642,5.0770,151457,557266,3135,0,9620,14,0,4.0296,1.8970,0.0982,536.8,1957,7501
4730,crater,258.500,11.4700,7.7042,3.7658,9.0798,0.5059,2.7382,1.7684,0.2662,3.7243,154144,554579,2687,0,9620,14,0,4.0621,0.3160,0.0779,536.8,1957,7501
4731,crater,258.500,14.9879,9.8059,5.1820,9.3788,1.0127,2.7587,1.7582,0.2652,3.5164,157343,551380,3199,0,9620,14,0,4.1327,2.3342,0.1004,536.8,1957,7501
4732,crater,258.500,11.5490,7.6115,3.9375,9.1382,0.5581,3.1048,1.7572,0.2642,3.3864,158878,549845,1535,0,9620,14,0,4.0960,0.2522,0.0933,536.8,1957,7501
4733,crater,258.500,13.6442,7.6756,5.9686,9.7915,0.5120,3.8861,1.7684,0.2642,3.2819,161629,547094,2751,0,9620,14,0,4.0294,0.3126,0.0776,536.8,1957,7501
4734,crater,258.500,11.5311,9.7059,1.8252,9.3911,1.0967,2.7945,1.7818,0.2652,3.3741,165084,543639,3455,0,9620,14,0,4.0991,1.8514,0.0878,536.8,1957,7501
4735,crater,258.500,11.5903,8.3831,3.2072,9.2754,0.3103,3.5113,1.7684,0.2673,3.3454,166555,542168,1471,0,9620,14,0,4.0895,0.2941,0.1110,536.8,1957,7501
4736,crater,258.500,13.4994,8.0072,5.4922,8.7265,0.3594,2.8027,1.7715,0.2642,3.4560,168410,540313,1855,0,9620,14,0,4.0140,0.2951,0.0860,536.8,1957,7501
4737,crater,258.500,12.1177,12.0796,0.0381,10.3219,1.0885,2.8344,1.7848,0.2673,4.2752,171865,536858,3455,0,9620,14,0,4.0494,2.1047,0.0977,536.8,1950,7501
4738,crater,258.500,10.7772,8.1099,2.6673,8.6610,0.3072,2.8365,1.7848,0.2693,3.3915,173272,535451,1407,0,9620,14,0,4.0200,0.2299,0.1090,536.8,1950,7501
4739,crater,258.500,14.2155,8.4441,5.7714,8.7040,0.4444,2.8314,1.7766,0.2755,3.3034,175575,533148,2303,0,9620,14,0,4.0556,0.3691,0.0961,536.8,1950,7501
4740,crater,258.500,10.6388,7.8128,2.8260,10.0106,0.9533,2.8426,1.7797,0.4803,3.8769,177366,531357,1791,0,9620,14,0,4.0252,0.8071,0.1098,536.8,1950,7501
4741,crater,258.500,11.9012,11.8614,0.0398,9.3788,0.7404,3.2307,1.7848,0.2652,3.2850,179541,529182,2175,0,9620,14,0,4.1937,2.3692,0.1776,536.8,1950,7501
4742,crater,258.500,12.5954,8.2727,4.3227,8.6508,0.3072,2.8191,1.7859,0.2601,3.3997,180948,527775,1407,0,9620,14,0,4.1326,0.3147,0.1145,536.8,1950,7501
4743,crater,258.500,12.8860,8.2085,4.6775,9.6850,0.4198,3.4212,2.1412,0.2662,3.3567,183123,525600,2175,0,9620,14,0,4.0818,0.3194,0.0897,536.8,1950,7501
4744,crater,258.500,10.6473,8.1600,2.4873,8.6149,0.3133,2.8140,1.7828,0.2673,3.3567,184850,523873,1727,0,9620,14,0,4.0128,0.3186,0.1153,536.8,1950,7501
4745,crater,258.500,12.3722,9.6076,2.7646,9.2170,0.8970,2.8652,1.7766,0.2601,3.3505,187409,521314,2559,0,9620,14,0,4.1181,1.9911,0.0941,536.8,1950,7501
4746,crater,258.500,10.4385,7.3353,3.1032,8.9283,0.4782,2.8652,1.7756,0.2611,3.4714,189776,518947,2367,0,9620,14,0,4.0303,0.3421,0.0864,536.8,1950,7501
4747,crater,258.500,13.2625,8.0711,5.1914,8.9508,0.4833,2.8764,1.8012,0.2632,3.4519,192399,516324,2623,0,9620,14,0,4.0285,0.3891,0.1011,536.8,1950,7501
4748,crater,258.500,11.1956,9.0523,2.1433,9.6942,1.2114,2.9010,1.7961,0.2652,3.4427,196046,512677,3647,0,9620,14,0,4.0283,1.7022,0.0875,536.8,1950,7501
4749,crater,258.500,11.5990,8.4167,3.1823,9.4310,0.4680,2.9041,1.7992,0.2683,3.9107,198349,510374,2303,0,9620,14,0,4.0568,0.3201,0.0897,536.8,1950,7501
4750,crater,258.500,13.7633,9.8729,3.8904,8.7050,0.2959,2.9000,1.7940,0.2673,3.3669,199820,508903,1471,0,9620,14,0,4.1184,0.2682,0.1087,536.8,1950,7501
4751,crater,258.500,11.5651,8.4413,3.1238,9.5805,0.3133,2.9061,1.7971,0.2673,4.2158,201547,507176,1727,0,9620,14,0,4.0438,0.3804,0.1258,536.8,1950,7501
4752,crater,258.500,11.1551,9.6447,1.5104,9.6113,1.1694,2.8682,1.8053,0.2632,3.4273,205130,503593,3583,0,9620,14,0,4.0979,1.7657,0.1229,536.8,1950,7501
4753,crater,258.500,12.0646,8.4072,3.6574,8.7542,0.3645,2.8641,1.8033,0.2734,3.3690,206921,501802,1791,0,9620,14,0,4.0804,0.3804,0.1214,536.8,1950,7501
4754,crater,258.500,13.5513,9.3819,4.1694,9.5048,0.3052,2.8631,2.6460,0.2673,3.3505,208456,500267,1535,0,9620,14,0,4.1092,0.3730,0.0889,536.8,1950,7501
4755,crater,258.500,10.8121,8.6677,2.1444,8.6303,0.3092,2.8641,1.8002,0.2642,3.3116,210119,498604,1663,0,9620,14,0,4.0133,0.2825,0.0966,536.8,1950,7501
4756,crater,258.500,11.7789,10.2070,1.5719,9.5754,1.1663,2.9143,1.8156,0.2632,3.3352,212614,496109,2495,0,9620,14,0,4.0617,2.0998,0.1110,536.8,1950,7501
4757,crater,258.500,11.3803,8.7896,2.5907,9.6492,0.4936,3.6424,1.8135,0.2662,3.3618,214981,493742,2367,0,9620,14,0,4.0934,0.4946,0.1220,536.8,1950,7501
4758,crater,258.500,13.1355,8.4948,4.6407,8.7869,0.3164,2.9194,1.8115,0.2652,3.4007,216452,492271,1471,0,9620,14,0,4.1042,0.3123,0.1112,536.8,1950,7501
4759,crater,258.500,11.8584,7.9592,3.8992,8.7634,0.3011,2.9082,1.7951,0.2662,3.4243,217987,490736,1535,0,9620,14,0,4.0061,0.2711,0.1039,536.8,1950,7501
4760,crater,258.500,11.1462,7.7972,3.3490,9.5775,0.3410,3.5963,1.7951,0.2642,3.5123,219842,488881,1855,0,9620,14,0,4.0526,0.4149,0.1298,536.8,1950,7501
4761,crater,258.500,10.7494,9.1295,1.6199,9.8294,1.2288,2.9747,1.8166,0.2662,3.4621,223297,485426,3455,0,9620,14,0,4.0532,1.5007,0.0900,536.8,1950,7501
4762,crater,258.500,12.0563,8.2616,3.7947,8.9426,0.4045,2.9727,1.8156,0.2662,3.4109,225280,483443,1983,0,9620,14,0,4.1307,0.4743,0.1642,536.8,1950,7501
4763,crater,258.500,13.4865,8.8857,4.6008,9.6451,0.2980,3.7069,1.8156,0.2744,3.4734,226751,481972,1471,0,9620,14,0,4.1454,0.3468,0.1504,536.8,1950,7501
4764,crater,258.500,10.9786,8.6715,2.3071,8.9508,0.3123,2.9809,1.8237,0.2673,3.4929,228414,480309,1663,0,9620,14,0,4.1176,0.3781,0.1279,536.8,1950,7501
4765,crater,258.500,12.0826,9.9448,2.1378,10.0362,1.0353,3.0106,1.8278,0.2642,3.8175,231165,477558,2751,0,9620,14,0,4.0995,1.6670,0.1226,536.8,1950,7501
4766,crater,258.500,11.4308,8.7152,2.7156,9.2477,0.5376,3.0095,1.8227,0.2683,3.5277,233788,474935,2623,0,9620,14,0,4.0189,0.3906,0.0880,536.8,1950,7501
4767,crater,258.500,13.8752,8.6139,5.2613,9.0061,0.3174,3.0085,1.8217,0.2673,3.5174,235323,473400,1535,0,9620,14,0,4.0768,0.3304,0.0965,536.8,1950,7501
4768,crater,258.500,11.3413,9.2007,2.1406,9.6031,0.3052,3.0167,2.4248,0.2621,3.5123,236858,471865,1535,0,9620,14,0,4.0376,0.2970,0.1068,536.8,1950,7501
4769,crater,258.500,11.7490,9.0552,2.6938,10.0413,1.3578,2.9952,1.8299,0.2632,3.5154,240633,468090,3775,0,9620,14,0,4.0309,1.6262,0.1434,536.8,1950,7501
4770,crater,258.500,11.8452,8.0855,3.7597,8.9907,0.3645,2.9901,1.8217,0.2642,3.4703,242296,466427,1663,0,9620,14,0,4.0186,0.3371,0.1117,536.8,1950,7501
4771,crater,258.500,13.5222,7.9133,5.6089,9.7464,0.5018,3.4140,1.8237,0.2673,3.6577,244791,463932,2495,0,9620,14,0,4.0249,0.3456,0.1442,536.8,1950,7501
4772,crater,258.500,11.2293,7.8319,3.3974,9.3225,0.3789,2.9870,1.8268,0.2683,3.7816,246710,462013,1919,0,9620,14,0,4.0091,0.3401,0.0925,536.8,1950,7501
4773,crater,258.500,12.6334,7.5730,5.0604,9.0010,0.3062,2.9798,1.8115,0.2632,3.5707,248373,460350,1663,0,9620,14,0,4.0569,0.2880,0.1035,536.8,1950,7501
4774,crater,258.500,11.2094,9.1828,2.0266,9.9256,1.2544,2.9727,1.8186,0.2673,3.5430,250868,457855,2495,0,9620,14,0,4.0781,1.4889,0.0952,536.8,1950,7501
4775,crater,258.500,12.1334,8.2108,3.9226,8.9866,0.4895,2.9788,1.8330,0.2632,3.3475,253171,455552,2303,0,9620,14,0,4.0088,0.3362,0.0867,536.8,1950,7501
4776,crater,258.500,13.4725,7.9111,5.5614,8.9027,0.4147,2.9829,1.8340,0.2642,3.3290,255218,453505,2047,0,9620,14,0,4.0320,0.4238,0.0966,536.8,1950,7501
4777,crater,258.500,11.1139,8.3615,2.7524,8.7388,0.3072,2.9819,1.8299,0.2652,3.2696,256753,451970,1535,0,9620,14,0,4.0872,0.2895,0.1016,536.8,1950,7501
4778,crater,258.500,11.6426,8.2152,3.4274,8.8156,0.3052,2.9829,1.8360,0.2673,3.3434,258352,450371,1599,0,9620,14,0,4.0177,0.3958,0.1226,536.8,1950,7501
4779,crater,258.500,11.4017,8.6834,2.7183,10.7244,1.5022,3.2522,2.0593,0.6205,3.2133,261679,447044,3327,0,9620,14,0,4.0467,1.4355,0.0908,536.8,1950,7501
4780,crater,258.500,10.9890,8.3174,2.6716,8.8003,0.3400,2.9870,1.8371,0.2642,3.2922,263214,445509,1535,0,9620,14,0,4.0407,0.2918,0.0992,536.8,1950,7501
4781,crater,258.500,14.8393,7.9487,6.8906,8.7091,0.2857,2.9870,1.8401,0.2642,3.2573,264557,444166,1343,0,9620,14,0,4.0825,0.4690,0.1122,536.8,1950,7501
4782,crater,258.500,10.6656,8.5367,2.1289,8.8340,0.3072,2.9911,1.8299,0.2652,3.3659,266028,442695,1471,0,9620,14,0,4.0165,0.3433,0.1539,536.8,1950,7501
4783,crater,258.500,10.9192,8.2424,2.6768,9.7669,0.3062,3.9404,1.8319,0.2632,3.3485,267563,441160,1535,0,9620,14,0,4.0443,0.3267,0.1050,536.8,1950,7501
4784,crater,258.500,11.5975,8.1082,3.4893,8.9518,0.3461,2.9880,1.8350,0.2611,3.4386,269418,439305,1855,0,9620,14,0,4.0781,0.4088,0.1318,536.8,1950,7501
4785,crater,258.500,12.1744,10.4582,1.7162,10.5615,1.1274,3.8758,1.8432,0.2632,3.3710,271977,436746,2559,0,9620,14,0,4.0611,1.9694,0.1237,536.8,1950,7501
4786,crater,258.500,11.2659,8.8217,2.4442,10.6394,0.5151,2.9727,2.2917,0.2734,4.5036,274408,434315,2431,0,9620,14,0,4.0231,0.5380,0.1303,536.8,1950,7501
4787,crater,258.500,13.3591,7.8657,5.4934,8.9385,0.4639,2.9676,1.8237,0.2611,3.3475,276711,432012,2303,0,9620,14,0,4.0988,0.3828,0.0878,536.8,1950,7501
4788,crater,258.500,13.0661,7.2660,5.8001,8.8105,0.3430,2.9645,1.8217,0.2632,3.3485,278502,430221,1791,0,9620,14,0,4.0834,0.3820,0.0976,536.8,1950,7501
4789,crater,258.500,11.4792,7.7723,3.7069,9.6410,0.5294,3.6444,1.8217,0.2642,3.3106,281445,427278,2943,0,9620,14,0,4.0745,0.5203,0.0890,536.8,1950,7501
4790,crater,258.500,10.4677,10.4325,0.0352,9.6092,1.0916,2.9757,1.8432,0.2642,3.3516,284196,424527,2751,0,9620,14,0,4.1588,1.8649,0.1121,536.8,1950,7501
4791,crater,258.500,12.4532,8.6208,3.8324,8.9620,0.4393,2.9788,1.8401,0.2703,3.3536,286307,422416,2111,0,9620,14,0,4.1143,0.3783,0.1033,536.8,1950,7501
4792,crater,258.500,12.8685,8.5493,4.3192,9.5150,0.4854,3.4048,1.8381,0.2683,3.4406,288802,419921,2495,0,9620,14,0,4.0617,0.4167,0.0935,536.8,1950,7501
4793,crater,258.500,11.6432,9.3108,2.3324,9.0051,0.4772,2.9716,1.8391,0.2621,3.3812,291425,417298,2623,0,9620,14,0,4.0887,0.4787,0.0951,536.8,1950,7501
4794,crater,258.500,11.9601,9.7237,2.2364,10.4622,1.3097,2.9891,1.8381,0.2652,3.9772,295456,413267,4031,0,9620,14,0,4.0858,1.5018,0.1104,536.8,1950,7501
4795,crater,258.500,11.3799,8.2445,3.1354,8.9119,0.3154,2.9891,1.8360,0.2642,3.4294,296863,411860,1407,0,9620,14,0,4.1108,0.2757,0.0975,536.8,1950,7501
4796,crater,258.500,14.5429,8.2973,6.2456,9.1699,0.4280,2.9911,1.8412,0.2693,3.5615,298974,409749,2111,0,9620,14,0,4.0971,0.3527,0.0853,536.8,1950,7501
4797,crater,258.500,10.9460,8.2682,2.6778,10.2636,0.3174,2.9880,2.0890,0.2673,4.5189,300509,408214,1535,0,9620,14,0,4.1610,0.3272,0.1144,536.8,1950,7501
4798,crater,258.500,12.0480,8.8637,3.1843,8.9692,0.3103,2.9911,1.8442,0.2621,3.4877,302108,406615,1599,0,9620,14,0,4.1237,0.2898,0.0932,536.8,1950,7501
4799,crater,258.500,12.2340,7.8457,4.3883,8.9242,0.2929,2.9891,1.8422,0.2693,3.4550,303707,405016,1599,0,9620,14,0,4.0772,0.4214,0.1466,536.8,1950,7501
4800,crater,258.500,11.5739,9.4577,2.1162,10.9046,1.4889,3.7417,1.8412,0.2662,3.4877,307738,400985,4031,0,9620,14,0,4.1031,1.5979,0.1235,536.8,1950,7501
4801,crater,258.500,11.4797,9.2970,2.1827,9.0470,0.4864,3.0044,1.8401,0.2652,3.3690,310105,398618,2367,0,9620,14,0,4.0291,0.5072,0.1034,536.8,1950,7501
4802,crater,258.500,14.2057,6.9969,7.2088,8.9723,0.4465,2.9952,1.8299,0.2703,3.3597,312408,396315,2303,0,9620,14,0,4.0631,0.5363,0.0902,536.8,1950,7501
4803,crater,258.500,11.7236,7.8047,3.9189,9.2846,0.3062,3.4816,1.8268,0.2662,3.3321,314007,394716,1599,0,9620,14,0,4.0124,0.3229,0.1063,536.8,1950,7501
4804,crater,258.500,10.9229,9.0711,1.8518,8.9047,0.3195,3.0013,1.8442,0.2652,3.3915,315798,392925,1791,0,9620,14,0,4.1046,0.4400,0.1307,536.8,1950,7501
4805,crater,258.500,11.8179,10.2295,1.5884,9.6297,1.0957,2.9901,1.8360,0.2714,3.3567,318677,390046,2879,0,9620,14,0,4.0773,1.7793,0.1072,536.8,1950,7501
4806,crater,258.500,11.7612,8.0271,3.7341,8.9446,0.5100,2.9901,1.8371,0.2683,3.2532,321108,387615,2431,0,9620,14,0,4.0759,0.3757,0.0890,536.8,1950,7501
4807,crater,258.500,13.2381,9.3975,3.8406,8.8852,0.5130,2.9850,1.8391,0.2621,3.2031,323731,384992,2623,0,9620,14,0,4.0774,0.3737,0.0824,536.8,1950,7501
4808,crater,258.500,11.4636,7.5882,3.8754,9.5836,0.3062,2.9962,1.8371,0.2642,4.0980,325266,383457,1535,0,9620,14,0,4.0407,0.3494,0.1192,536.8,1950,7501
4809,crater,258.500,11.4793,8.1983,3.2810,8.7265,0.3144,2.9891,1.8422,0.2652,3.2389,326929,381794,1663,0,9620,14,0,4.1278,0.2966,0.0917,536.8,1950,7501
4810,crater,258.500,11.9458,9.2757,2.6701,9.1535,0.7997,2.9737,1.8422,0.2642,3.1928,329104,379619,2175,0,9620,14,0,4.0979,1.3042,0.1194,536.8,1950,7501
4811,crater,258.500,11.2980,8.6184,2.6796,9.8918,0.8499,3.2410,2.1893,0.2683,3.2614,332559,376164,3455,0,9620,14,0,4.1630,0.9606,0.0865,536.8,1950,7501
4812,crater,258.500,11.8665,7.7286,4.1379,8.8842,0.5130,2.9624,1.8360,0.2652,3.2317,335118,373605,2559,0,9620,14,0,4.0428,0.3553,0.0776,536.8,1950,7501
4813,crater,258.500,13.1207,8.1916,4.9291,8.5903,0.3031,2.9604,1.8391,0.2673,3.1427,336589,372134,1471,0,9620,14,0,4.0669,0.3708,0.1127,536.8,1950,7501
4814,crater,258.500,10.9893,8.8360,2.1533,9.5160,0.2355,3.2645,2.3869,0.2632,3.2840,337740,370983,1151,0,9620,14,0,4.1869,0.3198,0.1391,536.8,1950,7501
4815,crater,258.500,10.9291,8.1407,2.7884,9.0245,0.3604,3.2809,1.8360,0.2642,3.2072,339659,369064,1919,0,9620,14,0,4.0954,0.4180,0.0980,536.8,1950,7501
4816,crater,258.500,12.1121,8.7765,3.3356,10.6342,0.8817,2.9522,1.8217,0.2642,4.6408,341898,366825,2239,0,9620,14,0,4.0481,1.8179,0.1099,536.8,1950,7501
4817,crater,258.500,11.1558,7.5183,3.6375,9.0501,0.7250,2.9553,1.8258,0.2601,3.2143,345353,363370,3455,0,9620,14,0,4.0480,0.5630,0.0874,536.8,1950,7501
4818,crater,258.500,14.2378,7.4129,6.8249,8.6405,0.3256,2.9594,1.8268,0.2611,3.1877,346888,361835,1535,0,9620,14,0,4.0582,0.3404,0.1180,536.8,1950,7501
4819,crater,258.500,11.8130,7.6687,4.1443,8.5320,0.4782,2.9665,1.8309,0.2621,2.9174,349319,359404,2431,0,9620,14,0,4.0081,0.3821,0.0896,536.8,1950,7501
4820,crater,258.500,11.3004,8.0469,3.2535,9.4300,0.5089,3.7222,1.8330,0.2642,3.0208,352070,356653,2751,0,9620,14,0,4.0671,0.3911,0.0855,536.8,1950,7501
4821,crater,258.500,10.7369,10.7078,0.0291,9.1750,1.1325,2.9532,1.8391,0.2621,2.9051,356165,352558,4095,0,9620,14,0,4.0068,1.8977,0.1530,536.8,1950,7501
4822,crater,258.500,11.7685,8.5873,3.1812,8.5596,0.5468,2.9594,1.8381,0.2642,2.8744,358788,349935,2623,0,9620,14,0,4.0176,0.4457,0.0907,536.8,1950,7501
4823,crater,258.500,13.1936,8.5659,4.6277,9.3440,0.3052,2.9563,1.8350,0.2652,3.9035,360195,348528,1407,0,9620,14,0,4.0380,0.3384,0.1083,536.8,1950,7501
4824,crater,258.500,10.7385,8.5285,2.2100,8.6108,0.4946,2.9542,1.8452,0.2673,2.9665,362754,345969,2559,0,9620,14,0,4.1111,0.5139,0.0993,536.8,1950,7501
4825,crater,258.500,11.7761,8.4031,3.3730,9.1853,0.3584,2.9532,1.8391,0.2652,3.6925,364609,344114,1855,0,9620,14,0,4.0385,0.4799,0.1170,536.8,1950,7501
4826,crater,258.500,11.3795,8.1500,3.2295,8.3446,0.3215,2.9553,1.8391,0.2642,2.8836,366400,342323,1791,0,9620,14,0,4.1238,0.3274,0.0904,536.8,1950,7501
4827,crater,258.500,11.9100,10.2999,1.6101,8.8412,0.8919,2.9071,1.8452,0.2703,2.8436,368959,339764,2559,0,9620,14,0,4.0404,2.0651,0.1457,536.8,1950,7501
4828,crater,258.500,10.5108,8.7878,1.7230,10.0301,0.4424,2.9092,2.2927,0.2683,4.0366,371006,337717,2047,0,9620,14,0,4.1455,0.4643,0.1596,536.8,1950,7501
4829,crater,258.500,12.6382,7.9359,4.7023,8.5299,0.5100,2.9123,1.8401,0.2652,2.9164,373501,335222,2495,0,9620,14,0,4.0409,0.3938,0.0859,536.8,1950,7501
4830,crater,258.500,11.9602,7.7085,4.2517,8.3323,0.3133,2.9102,1.8422,0.2662,2.9143,374972,333751,1471,0,9620,14,0,4.1730,0.3909,0.1190,536.8,1950,7501
4831,crater,258.500,10.9535,8.2972,2.6563,8.9805,0.3748,2.9092,2.0787,0.6246,2.9102,376891,331832,1919,0,9620,14,0,4.0367,0.3939,0.1032,536.8,1950,7501
4832,crater,258.500,11.0077,7.1499,3.8578,8.3395,0.3041,2.8989,1.8258,0.2652,2.9737,378490,330233,1599,0,9620,14,0,4.0370,0.3276,0.1060,536.8,1950,7501
4833,crater,258.500,10.8670,7.7753,3.0917,8.3436,0.3297,2.9051,1.8268,0.2621,2.9481,380345,328378,1855,0,9620,14,0,4.1078,0.4698,0.1176,536.8,1950,7501
4834,crater,258.500,10.9773,8.9965,1.9808,10.5503,1.1950,2.8764,1.8401,0.4915,4.0622,384440,324283,4095,0,9620,14,0,4.0077,1.6269,0.0945,536.8,1950,7501
4835,crater,258.500,10.4418,7.8085,2.6333,8.4951,0.5212,2.8774,1.8381,0.2662,2.9082,386935,321788,2495,0,9620,14,0,4.0465,0.3877,0.0833,536.8,1950,7501
4836,crater,258.500,14.2902,8.4762,5.8140,8.2739,0.2990,2.8774,1.8391,0.2652,2.9153,388342,320381,1407,0,9620,14,0,4.0505,0.4027,0.1215,536.8,1950,7501
4837,crater,258.500,10.5213,8.3933,2.1280,8.9160,0.3092,3.1846,2.2129,0.2652,2.8641,389877,318846,1535,0,9620,14,0,4.1520,0.3973,0.1388,536.8,1950,7501
4838,crater,258.500,10.7832,8.1167,2.6665,8.2196,0.3062,2.8754,1.8412,0.2621,2.8498,391412,317311,1535,0,9620,14,0,4.0600,0.4110,0.1171,536.8,1950,7501
4839,crater,258.500,11.2361,9.1042,2.1319,8.4285,0.4669,2.8764,1.8422,0.2673,2.8928,394099,314624,2687,0,9620,14,0,4.0385,0.4674,0.0887,536.8,1950,7501
4840,crater,258.500,10.1581,10.1246,0.0335,9.8099,1.2155,3.5830,1.8391,0.2611,2.8324,398322,310401,4223,0,9620,14,0,4.0978,1.7127,0.1031,536.8,1950,7501
4841,crater,258.500,11.3199,7.6195,3.7004,8.0374,0.2918,2.8385,1.8442,0.2652,2.7228,399665,309058,1343,0,9620,14,0,4.0443,0.3308,0.1089,536.8,1950,7501
4842,crater,258.500,13.8135,8.1774,5.6361,8.1644,0.4495,2.8314,1.8371,0.2642,2.7023,401904,306819,2239,0,9620,14,0,4.0693,0.4398,0.0913,536.8,1950,7501
4843,crater,258.500,10.3504,8.7079,1.6425,9.0071,0.3052,3.4284,2.1914,0.2652,2.7351,403375,305348,1471,0,9620,14,0,4.0241,0.3902,0.1214,536.8,1950,7501
4844,crater,258.500,10.3067,8.1828,2.1239,8.2401,0.4977,2.8375,1.8473,0.2642,2.7095,406062,302661,2687,0,9620,14,0,4.0107,0.4681,0.0872,536.8,1950,7501
4845,crater,258.500,11.6029,8.3775,3.2254,8.1019,0.4239,2.8457,1.8412,0.2632,2.6501,408429,300294,2367,0,9620,14,0,4.0085,0.5007,0.1341,536.8,1950,7501
4846,crater,258.500,9.9976,9.9611,0.0365,9.4228,0.9830,3.1826,2.1975,0.2652,2.7136,411372,297351,2943,0,9620,14,0,4.0999,2.1131,0.1098,536.8,1950,7501
4847,crater,258.500,11.4235,7.5933,3.8302,8.2483,0.5704,2.8283,1.8258,0.2642,2.6870,414123,294600,2751,0,9620,14,0,4.1811,0.5616,0.0942,536.8,1950,7501
4848,crater,258.500,12.9176,7.9172,5.0004,8.0732,0.3809,2.8314,1.8268,0.2601,2.7034,415978,292745,1855,0,9620,14,0,4.0108,0.4028,0.0933,536.8,1950,7501
4849,crater,258.500,10.5159,8.9268,1.5891,9.6502,0.3144,2.8385,2.0931,0.2652,4.0489,417513,291210,1535,0,9620,14,0,4.1527,0.4597,0.1340,536.8,1950,7501
4850,crater,258.500,9.4934,9.4523,0.0411,8.1510,0.3922,2.8447,1.8371,0.2652,2.7269,419560,289163,2047,0,9620,14,0,4.0413,0.4799,0.0927,536.8,1950,7501
4851,crater,258.500,12.4504,9.1426,3.3078,8.1418,0.4024,2.8426,1.8463,0.2662,2.6972,421799,286924,2239,0,9620,14,0,4.0493,0.5377,0.1441,536.8,1950,7501
4852,crater,258.500,10.9825,9.3888,1.5937,9.7546,0.9820,3.8472,1.8442,0.2621,2.7351,424742,283981,2943,0,9620,14,0,4.0228,2.0533,0.1116,536.8,1950,7501
4853,crater,258.500,10.7343,8.5140,2.2203,8.1766,0.4966,2.8467,1.8350,0.2662,2.6552,427045,281678,2303,0,9620,14,0,4.1577,0.5087,0.1080,536.8,1950,7501
4854,crater,258.500,12.7982,8.1870,4.6112,8.2340,0.4813,2.8416,1.8381,0.2642,2.7290,429348,279375,2303,0,9620,14,0,4.0554,0.4202,0.0935,536.8,1950,7501
4855,crater,258.500,10.8024,8.1183,2.6841,8.9436,0.3123,3.5400,2.0500,0.2683,2.6941,430819,277904,1471,0,9620,14,0,4.0772,0.3624,0.1072,536.8,1950,7501
4856,crater,258.500,10.2536,8.1619,2.0917,8.1142,0.3082,2.8406,1.8381,0.2632,2.7771,432290,276433,1471,0,9620,14,0,4.0193,0.3648,0.1098,536.8,1950,7501
4857,crater,258.500,11.7139,8.4705,3.2434,8.1736,0.4762,2.8344,1.8401,0.2662,2.6706,434849,273874,2559,0,9620,14,0,4.0408,0.4702,0.0870,536.8,1950,7501
4858,crater,258.500,10.4166,8.2839,2.1327,8.7757,0.3164,3.1437,2.1934,0.2703,2.7750,436576,272147,1727,0,9620,14,0,4.1161,0.3974,0.1093,536.8,1950,7501
4859,crater,258.500,10.0920,10.0604,0.0316,8.8627,1.1837,2.8365,1.8412,0.2652,2.6583,440671,268052,4095,0,9620,14,0,4.0533,1.7626,0.0988,536.8,1950,7501
4860,crater,258.500,11.5868,7.8333,3.7535,8.1859,0.5130,2.8375,1.8452,0.2673,2.6368,443102,265621,2431,0,9620,14,0,4.0615,0.4714,0.0928,536.8,1950,7501
4861,crater,258.500,13.1876,8.6592,4.5284,9.1341,0.4506,3.4294,2.1924,0.2662,2.7116,445341,263382,2239,0,9620,14,0,4.0667,0.6768,0.1346,536.8,1950,7501
4862,crater,258.500,10.2451,8.4506,1.7945,7.9534,0.2908,2.8262,1.8268,0.2642,2.6716,446748,261975,1407,0,9620,14,0,4.1846,0.4609,0.1258,536.8,1950,7501
4863,crater,258.500,11.4714,8.0883,3.3831,7.9432,0.2857,2.8232,1.8299,0.2591,2.6726,448155,260568,1407,0,9620,14,0,4.1147,0.4985,0.1237,536.8,1950,7501
4864,crater,258.500,9.8542,7.6989,2.1553,9.2600,0.4833,2.8293,2.0859,0.2632,3.5267,450842,257881,2687,0,9620,14,0,4.0699,0.4869,0.0924,536.8,1950,7501
4865,crater,258.500,10.1945,8.2170,1.9775,8.7532,1.1223,2.8273,1.8340,0.2662,2.6307,454745,253978,3903,0,9620,14,0,4.0335,1.7003,0.0942,536.8,1950,7501
4866,crater,258.500,11.5412,7.9418,3.5994,8.2207,0.5212,2.8293,1.8289,0.2621,2.6972,457176,251547,2431,0,9620,14,0,4.1122,0.4991,0.0948,536.8,1950,7501
4867,crater,258.500,12.0623,7.7766,4.2857,9.1556,0.5079,3.4099,2.1811,0.2673,2.7167,459671,249052,2495,0,9620,14,0,4.0856,0.4174,0.1167,536.8,1950,7501
4868,crater,258.500,10.6185,7.2621,3.3564,8.2033,0.4956,2.8273,1.8237,0.2714,2.7136,462230,246493,2559,0,9620,14,0,4.0906,0.4787,0.0874,536.8,1950,7501
4869,crater,258.500,11.3499,7.4139,3.9360,8.1961,0.4751,2.8262,1.8258,0.2611,2.7331,464789,243934,2559,0,9620,14,0,4.0798,0.4606,0.0907,536.8,1950,7501
4870,crater,258.500,10.5164,6.9343,3.5821,8.8596,0.5161,3.1232,2.1750,0.2632,2.7095,467796,240927,3007,0,9620,14,0,4.0258,0.5583,0.1123,536.8,1950,7501
4871,crater,258.500,10.8303,8.7444,2.0859,8.8791,1.2431,2.8180,1.8289,0.2632,2.6532,472339,236384,4543,0,9620,14,0,4.1558,1.6884,0.0934,536.8,1950,7501
4872,crater,258.500,11.4706,7.6841,3.7865,8.1172,0.4393,2.8129,1.8258,0.2683,2.6972,474450,234273,2111,0,9620,14,0,4.0676,0.4189,0.0894,536.8,1950,7501
4873,crater,258.500,11.8461,7.4741,4.3720,8.7060,0.3912,3.1355,2.1791,0.2662,2.6614,476369,232354,1919,0,9620,14,0,4.1184,0.5549,0.1054,536.8,1950,7501
4874,crater,258.500,10.4038,7.8198,2.5840,8.1951,0.4864,2.8170,1.8278,0.2673,2.7238,478928,229795,2559,0,9620,14,0,4.0137,0.4908,0.1026,536.8,1950,7501
4875,crater,258.500,11.0870,7.9691,3.1179,8.2125,0.5018,2.8140,1.8309,0.2652,2.7279,481679,227044,2751,0,9620,14,0,4.0787,0.4825,0.0944,536.8,1950,7501
4876,crater,258.500,10.8953,10.8496,0.0457,9.5027,1.0772,3.1386,2.1924,0.2632,2.7587,485582,223141,3903,0,9620,14,0,4.0388,1.4399,0.1047,536.8,1950,7501
4877,crater,258.500,10.0126,7.4521,2.5605,8.2504,0.5960,2.8180,1.8309,0.2632,2.6685,488397,220326,2815,0,9620,14,0,4.0609,0.5497,0.0932,536.8,1950,7501
4878,crater,258.500,13.1128,7.3316,5.7812,8.0558,0.3533,2.8150,1.8350,0.2591,2.7218,490060,218663,1663,0,9620,14,0,4.0906,0.4034,0.0941,536.8,1950,7501
4879,crater,258.500,10.0403,7.4508,2.5895,9.3082,0.4946,2.8170,2.2979,0.2642,3.3628,492555,216168,2495,0,9620,14,0,4.0791,0.4754,0.0883,536.8,1950,7501
4880,crater,258.500,10.3722,6.8001,3.5721,8.1336,0.4250,2.8160,1.8360,0.2642,2.7197,494794,213929,2239,0,9620,14,0,4.0067,0.4268,0.1220,536.8,1950,7501
4881,crater,258.500,11.5596,7.3090,4.2506,8.0599,0.3635,2.8221,1.8268,0.2652,2.7085,496713,212010,1919,0,9620,14,0,4.0092,0.4323,0.0893,536.8,1950,7501
4882,crater,258.500,10.8090,8.3163,2.4927,9.5611,0.5868,2.8150,2.0961,0.2642,3.7263,500040,208683,3327,0,9620,14,0,4.0302,0.4775,0.7653,536.8,1950,7501
4883,crater,258.500,10.3124,8.8727,1.4397,8.8402,1.1674,2.8180,1.8268,0.2580,2.6972,504327,204396,4287,0,9620,14,0,4.0753,1.5651,0.5582,536.8,1950,7501
4884,crater,258.500,11.6104,8.0205,3.5899,8.1531,0.4495,2.8211,1.8278,0.2632,2.7064,506502,202221,2175,0,9620,14,0,4.0310,0.4653,0.5839,536.8,1950,7501
4885,crater,258.500,12.5217,8.1142,4.4075,9.0143,0.5028,3.0802,2.4156,0.2642,2.6798,509061,199662,2559,0,9620,14,0,4.0646,0.4424,0.5470,536.8,1950,7501
4886,crater,258.500,10.4663,7.9051,2.5612,8.2555,0.5018,2.8150,1.8319,0.2601,2.7720,511748,196975,2687,0,9620,14,0,4.0926,0.4996,0.5485,536.8,1950,7501
4887,crater,258.500,11.0238,7.9407,3.0831,7.9636,0.3502,2.8119,1.8319,0.2601,2.6378,513603,195120,1855,0,9620,14,0,4.0879,0.4473,0.5221,536.8,1950,7501
4888,crater,258.500,10.7461,8.1917,2.5544,9.3420,0.4270,2.8160,2.0746,0.2652,3.6854,516034,192689,2431,0,9620,14,0,4.0483,0.4411,0.6175,536.8,1950,7501
4889,crater,258.500,10.2562,8.7577,1.4985,8.8668,1.2032,2.8150,1.8299,0.2621,2.6829,520513,188210,4479,0,9620,14,0,4.0935,1.5276,0.4071,536.8,1950,7501
4890,crater,258.500,11.8414,8.2804,3.5610,8.0773,0.4076,2.8201,1.8237,0.2642,2.6900,522432,186291,1919,0,9620,14,0,4.0682,0.5388,0.4874,536.8,1950,7501
4891,crater,258.500,11.9395,7.7028,4.2367,9.0296,0.4966,2.8170,2.6348,0.2673,2.7402,524927,183796,2495,0,9620,14,0,4.0639,0.4475,0.3541,536.8,1950,7501
4892,crater,258.500,10.4844,7.7391,2.7453,8.1336,0.4956,2.8150,1.8268,0.2632,2.6593,527550,181173,2623,0,9620,14,0,4.0129,0.4705,0.3954,536.8,1950,7501
4893,crater,258.500,11.3391,7.7055,3.6336,8.1265,0.4495,2.8160,1.8268,0.2642,2.6962,529981,178742,2431,0,9620,14,0,4.0344,0.5297,0.3676,536.8,1950,7501
4894,crater,258.500,10.1088,7.5907,2.5181,8.8330,0.5550,2.8150,1.8391,0.2611,3.2901,533116,175607,3135,0,9620,14,0,4.0340,0.5272,0.2532,536.8,1950,7501
4895,crater,258.500,10.8240,9.0797,1.7443,8.7613,1.0353,2.8191,1.8278,0.2652,2.7402,536763,171960,3647,0,9620,14,0,4.0252,1.5383,0.1700,536.8,1950,7501
4896,crater,258.500,11.4149,8.0897,3.3252,7.9585,0.2703,2.8170,1.8237,0.2642,2.7116,537978,170745,1215,0,9620,14,0,4.0650,0.5180,0.2529,536.8,1950,7501
4897,crater,258.500,12.1002,7.7387,4.3615,9.0624,0.3297,2.8150,2.2794,0.2621,3.3014,539513,169210,1535,0,9620,14,0,4.0660,0.4957,0.2070,536.8,1950,7501
4898,crater,258.500,9.8023,7.8138,1.9885,8.2319,0.4936,2.8150,1.8360,0.2621,2.7525,542008,166715,2495,0,9620,14,0,4.1820,0.6491,0.2048,536.8,1950,7501
4899,crater,258.500,11.5694,7.4550,4.1144,8.1388,0.4434,2.8180,1.8258,0.2652,2.7146,544311,164412,2303,0,9620,14,0,4.0973,0.5203,0.1561,536.8,1950,7501
4900,crater,258.500,10.2259,7.7240,2.5019,9.3972,0.5120,2.8119,2.0675,0.2652,3.6669,547126,161597,2815,0,9620,14,0,4.0723,0.4678,0.1503,536.8,1950,7501
4901,crater,258.500,10.7236,8.2097,2.5139,8.4480,0.8049,2.8150,1.8237,0.2570,2.6737,551093,157630,3967,0,9620,14,0,4.0523,1.2786,0.0890,536.8,1950,7501
4902,crater,258.500,11.9051,7.5816,4.3235,8.2524,0.5929,2.8160,1.8268,0.2611,2.6819,553908,154815,2815,0,9620,14,0,4.0450,0.5962,0.0941,536.8,1950,7501
4903,crater,258.500,11.0822,7.4542,3.6280,9.1648,0.5038,2.8150,2.0972,0.2611,3.4130,556403,152320,2495,0,9620,14,0,4.0970,0.4692,0.0855,536.8,1950,7501
4904,crater,258.500,10.5259,7.4568,3.0691,9.0450,0.4762,3.1355,2.5405,0.2601,2.5590,558834,149889,2431,0,9620,14,0,4.0812,0.4500,0.0872,536.8,1950,7501
4905,crater,258.500,11.5214,7.5055,4.0159,7.9370,0.4485,2.8180,1.8248,0.2621,2.5098,561201,147522,2367,0,9620,14,0,4.0102,0.5279,0.0949,536.8,1950,7501
4906,crater,258.500,11.3838,6.9085,4.4753,8.3558,0.2939,2.8170,1.8299,0.2642,3.0771,562736,145987,1535,0,9620,14,0,4.1224,0.4895,0.1292,536.8,1950,7501
4907,crater,258.500,10.4405,7.2694,3.1711,8.0896,0.5847,2.8150,1.8350,0.2673,2.5129,565999,142724,3263,0,9620,14,0,4.0237,0.5500,0.0896,536.8,1950,7501
4908,crater,258.500,10.8600,8.1195,2.7405,8.1951,0.6932,2.8180,1.8319,0.2632,2.5149,569326,139397,3327,0,9620,14,0,4.1128,0.6618,0.1357,536.8,1950,7501
4909,crater,258.500,10.7118,7.5555,3.1563,8.4470,0.4977,2.8191,1.8278,0.2611,2.9686,571757,136966,2431,0,9620,14,0,4.0253,0.4843,0.0890,536.8,1950,7501
4910,crater,258.500,10.5343,7.3136,3.2207,7.9514,0.4915,2.8180,1.8299,0.2611,2.4760,574252,134471,2495,0,9620,14,0,4.0123,0.4545,0.0828,536.8,1950,7501
4911,crater,258.500,11.2639,7.6335,3.6304,7.9811,0.4925,2.8160,1.8319,0.2611,2.5068,576875,131848,2623,0,9620,14,0,4.1527,0.6692,0.1484,536.8,1950,7501
4912,crater,258.500,10.6232,7.2780,3.3452,8.0005,0.4997,2.8211,1.8278,0.2642,2.5129,579626,129097,2751,0,9620,14,0,4.0385,0.5241,0.0880,536.8,1950,7501
4913,crater,258.500,10.0641,7.9606,2.1035,8.4756,0.6062,2.8160,1.8289,0.2642,2.8856,582889,125834,3263,0,9620,14,0,4.0140,0.5478,0.0877,536.8,1950,7501
4914,crater,258.500,10.6207,7.9188,2.7019,8.1705,0.6369,2.8160,1.8340,0.2683,2.5416,585960,122763,3071,0,9620,14,0,4.0613,0.6579,0.2235,536.8,1950,7501
4915,crater,258.500,10.8531,8.2113,2.6418,7.8653,0.3287,2.8201,1.8289,0.2652,2.5498,587495,121228,1535,0,9620,14,0,4.0251,0.5032,0.1498,536.8,1950,7501
4916,crater,258.500,10.6815,7.6600,3.0215,8.1039,0.4936,2.8180,1.8381,0.2611,2.6081,589990,118733,2495,0,9620,14,0,4.0740,0.4629,0.0883,536.8,1950,7501
4917,crater,258.500,10.4601,7.7785,2.6816,7.9432,0.4762,2.8191,1.8289,0.2642,2.4699,592485,116238,2495,0,9620,14,0,4.0614,0.4927,0.0877,536.8,1950,7501
4918,crater,258.500,10.7188,7.5372,3.1816,7.9708,0.4884,2.8129,1.8360,0.2683,2.4914,595172,113551,2687,0,9620,14,0,4.0122,0.4755,0.0856,536.8,1950,7501
4919,crater,258.500,10.4963,7.4455,3.0508,9.0388,0.8253,3.5451,1.8258,0.2642,2.5047,598563,110160,3391,0,9620,14,0,4.0345,0.5487,0.0867,536.8,1950,7501
4920,crater,258.500,10.4859,7.6691,2.8168,8.2770,0.7270,2.8160,1.8268,0.2642,2.5682,602082,106641,3519,0,9620,14,0,4.0886,0.5927,0.0910,536.8,1950,7501
4921,crater,258.500,11.3212,7.7093,3.6119,8.0425,0.5089,2.8283,1.8248,0.2714,2.5354,604577,104146,2495,0,9620,14,0,4.0976,0.4803,0.0872,536.8,1950,7501
4922,crater,258.500,10.8403,7.2797,3.5606,8.7276,0.4915,3.5185,1.8309,0.2621,2.5508,607072,101651,2495,0,9620,14,0,4.0091,0.4960,0.0883,536.8,1950,7501
4923,crater,258.500,10.8435,7.4407,3.4028,8.0148,0.4823,2.8129,1.8350,0.2632,2.5487,609631,99092,2559,0,9620,14,0,4.0374,0.5057,0.0909,536.8,1950,7501
4924,crater,258.500,10.6430,7.8931,2.7499,7.8766,0.3830,2.8170,1.8299,0.2621,2.5119,611678,97045,2047,0,9620,14,0,4.0765,0.4593,0.1257,536.8,1950,7501
4925,crater,258.500,10.7464,7.6252,3.1212,9.0542,0.4925,3.0904,2.6092,0.2683,2.5190,614557,94166,2879,0,9620,14,0,4.0580,0.6572,0.1300,536.8,1950,7501
4926,crater,258.500,10.0356,6.8897,3.1459,8.2627,0.8079,2.8180,1.8268,0.2652,2.4699,618460,90263,3903,0,9620,14,0,4.0420,0.6972,0.0948,536.8,1950,7501
4927,crater,258.500,11.2621,8.0854,3.1767,7.8090,0.3308,2.8180,1.8278,0.2652,2.4945,619995,88728,1535,0,9620,14,0,4.1153,0.4573,0.0918,536.8,1950,7501
4928,crater,258.500,10.6609,7.4804,3.1805,9.1351,0.5130,2.8201,2.3030,0.2652,3.1621,622554,86169,2559,0,9620,14,0,4.0621,0.4782,0.1255,536.8,1950,7501
4929,crater,258.500,10.4223,7.3356,3.0867,8.0067,0.5018,2.8140,1.8278,0.2632,2.5272,625177,83546,2623,0,9620,14,0,4.0448,0.4919,0.0902,536.8,1950,7501
4930,crater,258.500,11.3113,7.6279,3.6834,7.9636,0.3809,2.8180,1.8350,0.2621,2.5938,627160,81563,1983,0,9620,14,0,4.0654,0.5030,0.1641,536.8,1950,7501
4931,crater,258.500,10.3641,7.5733,2.7908,9.1494,0.4854,2.8160,2.2651,0.2632,3.2451,629847,78876,2687,0,9620,14,0,4.0696,0.4836,0.0832,536.8,1950,7501
4932,crater,258.500,10.3958,7.8625,2.5333,8.3292,0.7629,2.8170,1.8330,0.2611,2.5815,633878,74845,4031,0,9620,14,0,4.0394,0.5999,0.0849,536.8,1950,7501
4933,crater,258.500,11.1941,7.5966,3.5975,8.0312,0.5120,2.8262,1.8258,0.2652,2.5272,636309,72414,2431,0,9620,14,0,4.0796,0.5411,0.1166,536.8,1950,7501
4934,crater,258.500,11.0284,7.8081,3.2203,9.0481,0.4444,2.8150,1.8340,0.2642,3.6168,638484,70239,2175,0,9620,14,0,4.0858,0.4632,0.0921,536.8,1950,7501
4935,crater,258.500,10.6640,7.5103,3.1537,8.0466,0.5151,2.8109,1.8237,0.2632,2.5600,641107,67616,2623,0,9620,14,0,4.0946,0.4677,0.0800,536.8,1950,7501
4936,crater,258.500,11.0887,7.4430,3.6457,7.9043,0.3195,2.8191,1.8319,0.2662,2.5938,642706,66017,1599,0,9620,14,0,4.0309,0.4648,0.1030,536.8,1950,7501
4937,crater,258.500,10.2557,7.6048,2.6509,8.0251,0.4721,2.8180,1.8289,0.2652,2.5672,645265,63458,2559,0,9620,14,0,4.0752,0.5031,0.0866,536.8,1950,7501
4938,crater,258.500,10.5720,6.8930,3.6790,8.3149,0.5376,3.1027,1.8278,0.2591,2.5119,648400,60323,3135,0,9620,14,0,4.0635,0.5306,0.0900,536.8,1950,7501
4939,crater,258.500,10.7073,8.9356,1.7717,8.2319,0.6984,2.8160,1.8381,0.2642,2.5426,651791,56932,3391,0,9620,14,0,4.0585,0.6550,1.3523,536.8,1950,7501
4940,crater,258.500,10.1235,10.0837,0.0398,7.8479,0.3574,2.8191,1.8309,0.2652,2.5027,653454,55269,1663,0,9620,14,0,4.0075,0.4672,1.7520,536.8,1950,7501
4941,crater,258.500,12.1113,10.1870,1.9243,8.8228,0.3318,3.5133,1.8289,0.2601,2.5866,654989,53734,1535,0,9620,14,0,4.0168,0.4208,2.2646,536.8,1950,7501
4942,crater,258.500,11.1493,11.1023,0.0470,7.7476,0.3215,2.8191,1.8299,0.2673,2.4351,656524,52199,1535,0,9620,14,0,4.0188,0.5420,2.8936,536.8,1950,7501
4943,crater,258.500,11.3566,11.3314,0.0252,7.7578,0.3277,2.8006,1.8289,0.2673,2.4678,658123,50600,1599,0,9620,14,0,4.1465,0.4891,3.2102,536.8,1950,7501
4944,crater,258.500,11.2820,11.2543,0.0277,8.4500,0.3287,3.5052,1.8268,0.2621,2.4627,659786,48937,1663,0,9620,14,0,4.1408,0.4460,3.6647,536.8,1950,7501
4945,crater,258.500,11.3004,11.2767,0.0237,7.8408,0.4096,2.8017,1.8299,0.2652,2.4719,661961,46762,2175,0,9620,14,0,4.0900,0.5589,3.9177,536.8,1950,7501
4946,crater,258.500,11.5419,11.5186,0.0233,7.8592,0.4710,2.8047,1.8258,0.2611,2.4351,664584,44139,2623,0,9620,14,0,4.0809,0.6739,4.3142,536.8,1950,7501
4948,crater,258.500,11.8063,11.7860,0.0203,7.9145,0.4690,2.7986,1.8278,0.2601,2.4965,671046,37677,2239,0,9620,14,0,4.0405,0.5395,4.3463,536.8,1950,7501
4949,crater,258.500,12.2309,12.1993,0.0316,7.9759,0.5069,2.8006,1.8248,0.2662,2.5160,673541,35182,2495,0,9620,14,0,4.0540,0.5117,4.1888,536.8,1950,7501
4950,crater,258.500,12.7272,12.7000,0.0272,8.8873,0.3185,3.7745,2.0429,0.2652,2.4248,675076,33647,1535,0,9620,14,0,4.0741,0.4473,4.4874,536.8,1950,7501
4951,crater,258.500,12.1257,12.0896,0.0361,7.8920,0.4598,2.8017,1.8258,0.2652,2.4781,677443,31280,2367,0,9620,14,0,4.0734,0.5246,3.9451,536.8,1950,7501
4952,crater,258.500,11.7441,11.7215,0.0226,7.9811,0.4946,2.7976,1.8258,0.2601,2.5426,680130,28593,2687,0,9620,14,0,4.0862,0.5391,3.7155,536.8,1950,7501
4953,crater,258.500,12.8474,12.8062,0.0412,7.8705,0.4956,2.7986,1.8289,0.2652,2.4197,681601,27122,1471,0,9620,14,0,4.0137,0.4947,4.1435,536.8,1950,7501
4954,crater,258.500,11.4273,11.4019,0.0254,7.9718,0.5499,2.8078,1.8309,0.2683,2.4535,684672,24051,3071,0,9620,14,0,4.0164,0.5640,3.3846,536.8,1950,7501
4955,crater,258.500,10.9835,10.9633,0.0202,8.5658,0.8858,2.8017,1.8289,0.2683,2.7177,688959,19764,4287,0,9620,14,0,4.0070,0.6948,3.2762,536.8,1950,7501
4956,crater,258.500,10.3293,10.2991,0.0302,7.9575,0.5181,2.8047,1.8248,0.2724,2.4771,691454,17269,2495,0,9620,14,0,4.0780,0.4839,2.7005,536.8,1950,7501
4957,crater,258.500,10.2418,10.2215,0.0203,7.9206,0.4956,2.8006,1.8258,0.2652,2.4730,693885,14838,2431,0,9620,14,0,4.0628,0.4715,2.1603,536.8,1950,7501
4958,crater,258.500,9.8324,9.8119,0.0205,7.8080,0.3656,2.7986,1.8227,0.2621,2.4986,695676,13047,1791,0,9620,14,0,4.1505,0.5337,2.2358,536.8,1950,7501
4959,crater,258.500,9.0424,9.0215,0.0209,8.6579,0.5069,3.5154,1.8278,0.2621,2.4822,698299,10424,2623,0,9620,14,0,4.0871,0.5422,1.5098,536.8,1950,7501
4960,crater,258.500,9.2892,9.2662,0.0230,7.9002,0.4424,2.7986,1.8309,0.2621,2.5037,700602,8121,2303,0,9620,14,0,4.0507,0.5782,1.2596,536.8,1950,7501
4961,crater,258.500,8.8438,8.8196,0.0242,7.7916,0.3799,2.8006,1.8299,0.2632,2.4556,702585,6138,1983,0,9620,14,0,4.0162,0.5006,0.9199,536.8,1950,7501
4962,crater,258.500,8.1659,8.1437,0.0222,8.9528,0.5294,3.8011,1.8289,0.2611,2.4719,705528,3195,2943,0,9620,14,0,4.0394,0.5437,0.5220,536.8,1950,7501
4963,crater,258.500,9.5737,7.2126,2.3611,7.9380,0.5407,2.8047,1.8258,0.2632,2.4422,708723,0,3195,0,9620,14,0,3.7689,0.5562,0.0929,536.8,1950,7501
4964,crater,258.500,10.9596,3.0625,7.8971,7.4465,0.0010,2.8037,1.8401,0.2611,2.4801,708723,0,0,0,9620,14,0,0.0072,0.0005,0.0739,536.8,1950,7501
4965,crater,258.500,10.3768,2.7247,7.6521,8.5422,0.0010,2.7996,2.2702,0.2642,3.1457,708723,0,0,0,9620,14,0,0.0068,0.0005,0.0609,536.8,1950,7501
4966,crater,258.500,9.3208,2.8435,6.4773,7.4250,0.0010,2.8017,1.8145,0.2591,2.4883,708723,0,0,0,9620,14,0,0.0071,0.0005,0.0681,536.8,1950,7501
4967,crater,258.500,10.7304,3.7250,7.0054,7.4353,0.0010,2.8037,1.8125,0.2662,2.4914,708723,0,0,0,9620,14,0,0.0114,0.0010,0.1492,536.8,1950,7501
4968,crater,258.500,9.5112,3.7266,5.7846,7.6759,0.0010,2.8037,1.8156,0.2642,2.7300,708723,0,0,0,9620,14,0,0.0081,0.0005,0.0946,536.8,1950,7501
4969,crater,258.500,9.3413,3.4423,5.8990,7.4353,0.0020,2.8047,1.8145,0.2673,2.4863,708723,0,0,0,9620,14,0,0.0073,0.0006,0.0744,536.8,1950,7501
4970,crater,258.500,10.2344,3.1753,7.0591,7.3851,0.0010,2.7996,1.8125,0.2662,2.4443,708723,0,0,0,9620,14,0,0.0080,0.0007,0.0789,536.8,1950,7501
4971,crater,258.500,9.5056,2.5414,6.9642,7.3677,0.0010,2.7996,1.8156,0.2632,2.4289,708723,0,0,0,9620,14,0,0.0069,0.0005,0.0598,536.8,1950,7501
4972,crater,258.500,9.2435,2.8384,6.4051,8.3671,0.0010,3.3577,2.1668,0.2642,2.5170,708723,0,0,0,9620,14,0,0.0080,0.0008,0.0870,536.8,1950,7501
4973,crater,258.500,9.4813,2.4397,7.0416,7.3871,0.0010,2.8047,1.8145,0.2611,2.4443,708723,0,0,0,9620,14,0,0.0066,0.0004,0.0726,536.8,1950,7501
4974,crater,258.500,10.4667,2.7892,7.6775,7.4220,0.0010,2.8047,1.8156,0.2611,2.4730,708723,0,0,0,9620,14,0,0.0074,0.0004,0.0731,536.8,1950,7501
4975,crater,258.500,9.6644,3.1640,6.5004,7.6657,0.0010,2.8058,1.8166,0.2642,2.7167,708723,0,0,0,9620,14,0,0.0079,0.0007,0.0867,536.8,1950,7501
4976,crater,258.500,9.5154,2.6911,6.8243,7.4680,0.0020,2.8006,1.8135,0.2683,2.5231,708723,0,0,0,9620,14,0,0.0070,0.0005,0.0581,536.8,1950,7501
4977,crater,258.500,9.8134,3.8258,5.9876,7.3636,0.0010,2.7986,1.8125,0.2642,2.4259,708723,0,0,0,9620,14,0,0.0072,0.0006,0.0737,536.8,1950,7501
4978,crater,258.500,9.3822,2.4953,6.8869,7.4353,0.0010,2.8037,1.8176,0.2611,2.4904,708723,0,0,0,9620,14,0,0.0201,0.0005,0.0660,536.8,1950,7501
4979,crater,258.500,9.6214,3.6825,5.9389,8.2944,0.0010,3.5072,2.0265,0.2642,2.4340,708723,0,0,0,9620,14,0,0.0077,0.0006,0.1010,536.8,1950,7501
4980,crater,258.500,9.7707,3.6245,6.1462,7.4281,0.0010,2.8037,1.8166,0.2632,2.4822,708723,0,0,0,9620,14,0,0.0075,0.0007,0.0788,536.8,1950,7501
4982,crater,258.500,9.3917,3.4806,5.9111,8.3866,0.0020,2.8017,1.8125,0.2652,3.4437,708723,0,0,0,9620,14,0,0.0072,0.0006,0.0754,536.8,1950,7501
4983,resize,108.500,224.5167,224.5139,0.0028,13.9612,0.0010,10.2963,1.9907,0.2447,1.3629,708723,0,0,0,9620,14,0,0.0289,0.0009,0.1115,541.1,1950,7501
4984,resize,108.500,12.9360,12.8714,0.0646,15.2545,0.0010,10.3096,2.8140,0.2427,1.8258,708723,0,0,0,9620,14,0,0.0099,0.0006,0.1095,541.1,1950,7501
4985,resize,108.500,9.3319,9.3144,0.0175,14.5418,0.2744,10.3875,2.0019,0.2468,1.5688,704099,19137,63,4687,9620,14,0,4.1029,0.8049,0.0932,541.1,1950,7501
4986,resize,108.500,18.5821,12.6262,5.9559,20.8323,1.4449,11.6613,3.8932,0.2458,3.5226,700648,21364,1471,4922,9620,14,0,4.0528,5.3710,0.1239,541.1,1950,7501
4987,resize,108.500,16.2942,9.6466,6.6476,20.5855,0.9636,10.8831,3.9086,0.2468,4.5199,700312,33982,1663,1999,9620,14,0,4.0390,2.4631,0.1129,541.1,1950,7501
4988,resize,108.500,25.7525,11.5515,14.2010,19.8369,1.2575,10.8237,3.9188,0.2519,3.5215,703447,37209,3135,0,9620,14,0,4.0220,3.0677,1.0179,541.1,1950,7501
4989,resize,108.500,22.9287,10.0454,12.8833,20.7411,0.9462,12.0238,3.9291,0.2509,3.5277,707542,33114,4095,0,9620,14,0,4.0323,1.1279,0.9451,541.1,1950,7501
4990,resize,108.500,23.6656,9.2379,14.4277,20.2117,0.7762,10.8360,4.3858,0.5990,3.5492,711253,29403,3711,0,9620,14,0,4.0197,0.6859,1.1175,541.1,1950,7501
4991,resize,108.500,22.8498,8.8186,14.0312,19.3270,0.7219,10.8831,3.9096,0.2488,3.5011,714708,25948,3455,0,9620,14,0,4.0334,0.7771,1.1402,541.1,1950,7501
4992,resize,108.500,22.6569,9.3986,13.2583,20.2281,0.7332,11.7053,3.9219,0.2478,3.5564,718227,22429,3519,0,9620,14,0,4.0273,0.7133,1.1295,541.1,1950,7501
4993,resize,108.500,21.6882,10.5841,11.1041,20.1462,0.7004,10.8564,4.7340,0.2550,3.5348,721554,19102,3327,0,9620,14,0,4.0327,0.6438,2.1706,541.1,1950,7501
4994,resize,108.500,22.6959,10.6749,12.0210,19.1898,0.5304,10.8820,3.9066,0.2509,3.5574,724049,16607,2495,0,9620,14,0,4.0468,0.6545,2.6313,541.1,1950,7501
4995,resize,108.500,22.4605,9.8700,12.5905,20.4708,0.7608,11.9757,3.9260,0.2468,3.4980,727696,12960,3647,0,9620,14,0,4.1005,0.7230,1.8858,541.1,1950,7501
4996,resize,108.500,21.6600,9.8663,11.7937,20.2301,0.7864,10.8974,4.3848,0.2437,3.8543,731471,9185,3775,0,9620,14,0,4.1112,0.9430,1.8057,541.1,1950,7501
4997,resize,108.500,22.6471,9.3159,13.3312,19.0659,0.4229,10.8902,3.9311,0.2437,3.5154,733454,7202,1983,0,9620,14,0,4.0262,0.5824,1.3813,541.1,1950,7501
4998,resize,108.500,23.0953,8.7639,14.3314,20.1175,0.6871,11.6705,3.9188,0.2509,3.5246,736717,3939,3263,0,9620,14,0,4.0714,0.8342,0.7280,541.1,1950,7501
4999,resize,108.500,21.2842,8.3167,12.9675,19.4939,0.3594,10.9056,4.1759,0.5868,3.4028,738380,2276,1663,0,9620,14,0,4.1395,0.5436,0.5361,541.1,1950,7501
5000,resize,108.500,22.0455,8.4960,13.5495,19.0362,0.4741,10.8790,3.9219,0.2468,3.4509,740656,0,2276,0,9620,14,0,4.0575,0.5362,0.0972,541.1,1950,7501
5001,resize,108.500,22.1715,5.2929,16.8786,19.4591,0.0010,11.7146,3.9229,0.2519,3.5062,740656,0,0,0,9620,14,0,0.0097,0.0006,0.0896,541.1,1950,7501
5004,grid_0.3,108.500,81.4678,81.4660,0.0018,0.7506,0.0010,0.4086,0.1823,0.0317,0.1024,0,0,0,0,0,0,0,0.0303,0.0008,0.1930,541.1,1950,7501
5005,grid_0.3,108.500,4.2093,4.1892,0.0201,0.7506,0.0010,0.4096,0.1935,0.0307,0.0922,0,0,0,0,0,0,0,0.0075,0.0007,0.0830,541.1,1950,7501
5006,grid_0.3,108.500,6.4799,6.4542,0.0257,0.7526,0.0010,0.4096,0.1946,0.0317,0.0922,0,0,0,0,0,0,0,0.0072,0.0007,0.0929,541.1,1950,7501
5007,grid_0.3,108.500,3.6962,3.6705,0.0257,0.7516,0.0020,0.4086,0.1956,0.0317,0.0901,0,0,0,0,0,0,0,0.0105,0.0008,0.1148,541.1,1950,7501
5008,grid_0.3,108.500,3.7744,3.7507,0.0237,0.7506,0.0020,0.4086,0.1925,0.0317,0.0911,0,0,0,0,0,0,0,0.0078,0.0005,0.0770,541.1,1950,7501
5009,grid_0.3,108.500,4.5191,4.4957,0.0234,0.7516,0.0010,0.4086,0.1935,0.0317,0.0922,0,0,0,0,0,0,0,0.0104,0.0012,0.1156,541.1,1950,7501
5010,grid_0.3,108.500,3.7763,3.7522,0.0241,0.7526,0.0020,0.4086,0.1946,0.0317,0.0911,0,0,0,0,0,0,0,0.0078,0.0007,0.0786,541.1,1950,7501
5011,grid_0.3,108.500,4.9219,4.9010,0.0209,1.2083,0.0020,0.6441,0.4157,0.0317,0.0901,0,0,0,0,0,0,0,0.0066,0.0005,0.0691,541.1,1950,7501
5012,grid_0.3,108.500,4.5513,4.5220,0.0293,0.7526,0.0010,0.4096,0.1956,0.0307,0.0922,0,0,0,0,0,0,0,0.0116,0.0008,0.4891,541.1,1950,7501
5013,grid_0.3,108.500,3.9837,3.9385,0.0452,0.7526,0.0010,0.4086,0.1956,0.0317,0.0922,0,0,0,0,0,0,0,0.0088,0.0008,0.0973,541.1,1950,7501
5014,grid_0.3,108.500,4.5035,4.4705,0.0330,0.7557,0.0010,0.4086,0.1976,0.0317,0.0922,0,0,0,0,0,0,0,0.0077,0.0004,0.1000,541.1,1950,7501
5015,grid_0.3,108.500,5.3825,5.3539,0.0286,0.7485,0.0010,0.4096,0.1925,0.0307,0.0901,0,0,0,0,0,0,0,0.0126,0.0017,0.1910,541.1,1950,7501
5016,grid_0.3,108.500,3.5983,3.5477,0.0506,0.7496,0.0010,0.4086,0.1935,0.0307,0.0911,0,0,0,0,0,0,0,0.0072,0.0005,0.0672,541.1,1950,7501
5017,grid_0.3,108.500,3.9246,3.8985,0.0261,0.7516,0.0010,0.4086,0.1935,0.0317,0.0922,0,0,0,0,0,0,0,0.0084,0.0008,0.0735,541.1,1950,7501
5018,grid_0.3,108.500,4.9843,4.9514,0.0329,0.7506,0.0010,0.4096,0.1925,0.0307,0.0922,0,0,0,0,0,0,0,0.0104,0.0012,0.1261,541.1,1950,7501
5019,grid_0.3,108.500,5.4693,5.4341,0.0352,0.7485,0.0010,0.4096,0.1935,0.0307,0.0901,0,0,0,0,0,0,0,0.0093,0.0008,0.1227,541.1,1950,7501
5020,grid_0.3,108.500,4.8430,4.8121,0.0309,0.7506,0.0010,0.4086,0.1946,0.0317,0.0911,0,0,0,0,0,0,0,0.0086,0.0010,0.1275,541.1,1950,7501
5021,grid_0.3,108.500,4.5793,4.5501,0.0292,0.7506,0.0010,0.4096,0.1925,0.0307,0.0922,0,0,0,0,0,0,0,0.0076,0.0006,0.3047,541.1,1950,7501
5022,grid_0.3,108.500,5.0784,5.0532,0.0252,1.3281,0.0010,0.7711,0.4076,0.0317,0.0922,0,0,0,0,0,0,0,0.0081,0.0005,0.1111,541.1,1950,7501
5023,grid_0.3,108.500,4.4979,4.4682,0.0297,0.7506,0.0010,0.4086,0.1946,0.0317,0.0901,0,0,0,0,0,0,0,0.0089,0.0007,0.1031,541.1,1950,7501
5024,grid_0.3,108.500,9.5755,9.5476,0.0279,0.9810,0.0635,0.6195,0.1454,0.0307,0.0901,63,27329,63,0,0,12,0,4.9103,0.0632,0.1647,541.1,1950,7501
5025,grid_0.3,108.500,8.0447,8.0213,0.0234,5.8808,1.1991,0.9032,3.2164,0.2284,0.3000,4678,32698,4615,0,0,12,0,3.5723,0.6581,0.1285,541.1,1950,7501
5027,grid_0.3,108.500,8.2123,8.1807,0.0316,5.9382,1.0977,0.9861,3.2696,0.2386,0.3082,13316,62806,4479,0,0,12,0,4.0276,0.5931,0.1411,541.1,1950,7501
5028,grid_0.3,108.500,9.1786,9.1557,0.0229,6.5874,1.5124,1.0926,3.3638,0.2488,0.3277,18115,69783,4799,0,0,12,0,4.0178,0.5675,0.1691,541.1,1950,7501
5029,grid_0.3,108.500,8.1977,8.1694,0.0283,6.8608,1.7654,1.0885,3.3884,0.2447,0.3348,24962,84952,6847,0,0,12,0,4.1339,0.8191,0.1549,541.1,1950,7501
5030,grid_0.3,108.500,8.4798,8.4556,0.0242,7.5325,1.9220,1.5739,3.3997,0.2458,0.3512,31041,97132,6079,0,0,12,0,4.0193,0.6781,0.1599,541.1,1950,7501
5031,grid_0.3,108.500,8.9490,8.9207,0.0283,5.3156,0.1659,1.1325,3.3894,0.2406,0.3482,31552,112749,511,0,0,12,0,4.0073,0.1197,0.1237,541.1,1950,7501
5033,grid_0.3,108.500,9.5293,9.4925,0.0368,6.3846,0.9912,1.2196,3.5072,0.2468,0.3779,42238,134408,4159,0,0,12,0,4.0800,0.7247,0.1404,541.1,1950,7501
5034,grid_0.3,108.500,10.2735,10.2454,0.0281,7.2315,1.6589,1.3496,3.5615,0.2478,0.3707,49533,144521,7295,0,0,12,0,4.4585,0.9628,0.1060,541.1,1950,7501
5035,grid_0.3,108.500,7.3512,7.3241,0.0271,6.8229,0.2284,1.5790,4.3561,0.2458,0.3666,50364,154698,831,0,0,12,0,4.0272,0.1866,0.1340,541.1,1950,7501
5036,grid_0.3,108.500,8.5591,8.5400,0.0191,6.8168,1.1602,1.3814,3.5942,0.2550,0.3779,55419,167563,5055,0,0,12,0,4.0259,0.6363,0.0976,541.1,1950,7501
5037,grid_0.3,108.500,8.6735,8.6483,0.0252,7.3994,1.4080,1.7347,3.5779,0.2468,0.3840,61370,175767,5951,0,0,12,0,4.0104,0.6906,0.1651,541.1,1950,7501
5038,grid_0.3,108.500,8.0766,8.0489,0.0277,7.0994,0.9574,1.4090,4.0561,0.2468,0.3820,65529,183128,4159,0,0,12,0,4.0305,0.7038,0.1419,541.1,1950,7501
5039,grid_0.3,108.500,7.8786,7.8519,0.0267,6.5403,0.6369,1.4152,3.5830,0.4803,0.3758,68152,193049,2623,0,0,12,0,4.0140,0.3630,0.1271,541.1,1950,7501
5040,grid_0.3,108.500,9.7176,7.5695,2.1481,6.6867,0.9830,1.4254,3.6004,0.2509,0.3779,72311,210138,4159,0,0,12,0,4.0741,0.7012,0.2480,541.1,1950,7501
5041,grid_0.3,108.500,8.6687,8.6226,0.0461,7.6042,1.0015,1.4193,4.4872,0.2540,0.3932,76470,219120,4159,0,0,12,0,4.0864,0.7040,0.1832,541.1,1950,7501
5042,grid_0.3,108.500,9.1662,9.1428,0.0234,7.4824,1.8227,1.4182,3.5707,0.2437,0.3779,83061,229425,6591,0,0,12,0,4.0130,0.8153,0.2549,541.1,1950,7501
5043,grid_0.3,108.500,10.2487,7.9558,2.2929,6.9222,1.1981,1.4612,3.5901,0.2509,0.3738,86708,234738,3647,0,0,12,0,4.0170,0.6076,0.1895,541.1,1950,7501
5044,grid_0.3,108.500,10.0360,7.7282,2.3078,7.2008,1.4838,1.4633,3.5727,0.2468,0.3850,93171,250035,6463,0,0,12,0,4.0182,0.7341,0.1531,541.1,1950,7501
5045,grid_0.3,108.500,9.3457,7.6327,1.7130,7.7210,0.9677,1.4674,4.0458,0.5765,0.6144,97394,262016,4223,0,0,12,0,4.0130,0.6779,0.1890,541.1,1950,7501
5046,grid_0.3,108.500,9.7641,7.5972,2.1669,6.3222,0.5468,1.5145,3.5809,0.2488,0.3779,99569,274945,2175,0,0,12,0,4.0124,0.3834,0.1077,541.1,1950,7501
5047,grid_0.3,108.500,10.6314,7.8571,2.7743,6.3386,0.5489,1.5196,3.5901,0.2509,0.3748,101936,290498,2367,0,0,12,0,4.0281,0.5399,0.1695,541.1,1950,7501
5048,grid_0.3,108.500,7.9461,7.9146,0.0315,7.1117,1.3251,1.5186,3.5860,0.2458,0.3830,108079,301852,6143,0,0,12,0,4.0111,0.7100,0.1328,541.1,1950,7501
5049,grid_0.3,108.500,8.2332,8.2070,0.0262,6.8700,1.0711,1.5176,3.5922,0.2478,0.3871,112814,309405,4735,0,0,12,0,4.0136,0.6464,0.1148,541.1,1950,7501
5050,grid_0.3,108.500,10.4183,7.0571,3.3612,6.9356,0.4844,1.5380,4.2260,0.2488,0.3840,114925,318558,2111,0,0,12,0,4.0318,0.3598,0.1350,541.1,1950,7501
5051,grid_0.3,108.500,9.0407,9.0008,0.0399,6.7953,0.9759,1.5596,3.5779,0.2499,0.3789,119468,331679,4543,0,0,12,0,4.0180,0.7320,0.1354,541.1,1950,7501
5052,grid_0.3,108.500,9.9705,8.2456,1.7249,6.8700,0.6072,1.5636,3.5871,0.2509,0.8069,122283,344561,2815,0,0,12,0,4.0321,0.6069,0.1666,541.1,1950,7501
5053,grid_0.3,108.500,8.1257,8.0927,0.0330,7.3472,1.3251,1.5616,3.5881,0.2458,0.5734,128426,355570,6143,0,0,12,0,4.0084,0.7347,0.0983,541.1,1950,7501
5054,grid_0.3,108.500,10.3268,7.6588,2.6680,6.7348,0.6994,1.5800,3.5912,0.2458,0.5642,131881,363635,3455,0,0,12,0,4.0245,0.5829,0.1718,541.1,1950,7501
5055,grid_0.3,108.500,10.3693,7.6147,2.7546,6.8516,0.8202,1.5780,3.6004,0.2458,0.5540,135848,382024,3967,0,0,12,0,4.0261,0.6751,0.1827,541.1,1950,7501
5056,grid_0.3,108.500,9.1626,7.6744,1.4882,7.6605,1.2472,1.5800,3.9608,0.2509,0.5673,141799,394505,5951,0,0,12,0,4.0143,0.6781,0.0938,541.1,1950,7501
5057,grid_0.3,108.500,9.0568,9.0262,0.0306,6.9519,0.8888,1.5770,3.6076,0.2468,0.5714,146150,402186,4351,0,0,12,0,4.0149,0.6916,0.1119,541.1,1950,7501
5058,grid_0.3,108.500,10.6539,8.0709,2.5830,7.1270,0.9503,1.5770,3.5738,0.2478,0.7168,150885,415115,4735,0,0,12,0,4.0176,0.7099,0.1367,541.1,1950,7501
5059,grid_0.3,108.500,9.2419,9.1214,0.1205,8.0220,1.0015,1.5892,3.8482,0.2427,1.2800,155812,427959,4927,0,0,12,0,4.0110,0.7000,0.1703,541.1,1950,7501
5060,grid_0.3,108.500,9.7202,8.0459,1.6743,6.9642,0.7926,1.5770,3.5840,0.2458,0.7035,160163,436664,4351,0,0,12,0,4.0178,0.8439,0.1444,541.1,1950,7501
5061,grid_0.3,108.500,10.5484,7.7049,2.8435,6.9960,0.6195,1.5790,3.5891,0.2447,0.9032,163426,444153,3263,0,0,12,0,4.0157,0.5230,0.1041,541.1,1950,7501
5062,grid_0.3,108.500,9.7376,8.0470,1.6906,7.3236,0.9769,1.5759,3.5963,0.2499,0.8632,169441,457849,6015,0,0,12,0,4.0162,0.7239,0.0980,541.1,1950,7501
5063,grid_0.3,108.500,9.1012,9.0533,0.0479,7.7179,1.3783,1.5790,3.5953,0.2478,0.8561,176992,473850,7551,0,0,12,0,4.0149,0.8536,0.0971,541.1,1950,7501
5064,grid_0.3,108.500,10.2052,7.5984,2.6068,6.9591,0.5591,1.5872,3.5922,0.2509,0.8899,180703,481403,3711,0,0,12,0,4.0174,0.4728,0.1094,541.1,1950,7501
5065,grid_0.3,108.500,11.0568,7.9463,3.1105,7.1168,0.7332,1.5749,3.5799,0.2488,0.9011,185758,496060,5055,0,0,12,0,4.0308,0.8361,0.1015,541.1,1950,7501
5066,grid_0.3,108.500,9.3961,7.7866,1.6095,7.5971,0.5908,1.5831,4.2158,0.2458,0.8827,190045,508925,4287,0,0,12,0,4.0173,0.6184,0.1083,541.1,1950,7501
5067,grid_0.3,108.500,9.7693,7.0980,2.6713,6.8854,0.5315,1.5759,3.5830,0.2509,0.8653,193884,508158,3839,0,0,12,0,4.0101,0.4518,0.1368,541.1,1950,7501
5068,grid_0.3,108.500,9.6343,7.5543,2.0800,6.9325,0.5294,1.5811,3.5912,0.2509,0.9021,197211,519429,3327,0,0,12,0,4.0273,0.5734,0.1099,541.1,1950,7501
5069,grid_0.3,108.500,9.1958,7.6927,1.5031,7.5080,0.8305,1.5770,3.5850,0.2529,1.1827,202714,513926,5503,0,0,12,0,4.0102,0.7254,0.1637,541.1,1950,7501
5070,grid_0.3,108.500,9.5779,7.5671,2.0108,8.0927,1.7060,1.5811,3.5994,0.2458,0.8806,215002,501638,12288,0,0,12,0,3.3390,1.4454,0.1130,541.1,1950,7501
5071,grid_0.3,108.500,10.3878,8.2780,2.1098,7.5663,1.2114,1.5770,3.5891,0.2458,0.8653,223833,492807,8831,0,0,12,0,4.0214,1.2408,0.1069,541.1,1950,7501
5072,grid_0.3,108.500,12.0300,8.7423,3.2877,8.4838,1.5739,1.5872,3.5707,0.2499,1.4244,235288,481352,11455,0,0,12,0,4.0188,1.5218,0.2159,541.1,1950,7501
5073,grid_0.3,108.500,10.3697,7.7284,2.6413,8.0435,1.6364,1.5852,3.5901,0.2499,0.9032,247576,469064,12288,0,0,12,0,3.2533,1.3823,0.1091,541.1,1950,7501
5074,grid_0.3,108.500,12.2100,9.1399,3.0701,7.8756,1.5135,1.5872,3.5799,0.2519,0.8643,259159,457481,11583,0,0,12,0,4.0300,1.7848,0.3881,541.1,1950,7501
5075,grid_0.3,108.500,11.6417,8.3563,3.2854,8.3087,1.6476,1.5780,3.5922,0.2427,1.1694,267926,448714,8767,0,0,12,0,4.0176,1.2166,0.1151,541.1,1950,7501
5076,grid_0.3,108.500,11.4035,8.3470,3.0565,9.0092,2.6143,1.5616,3.5901,0.2550,0.9093,280214,436426,12288,0,0,12,0,3.6312,1.4284,0.1724,541.1,1950,7501
5077,grid_0.3,108.500,11.6944,9.1149,2.5795,8.9354,2.5047,1.5585,3.5983,0.2488,0.9462,291733,424907,11519,0,0,12,0,4.0192,1.6014,0.1495,541.1,1950,7501
5078,grid_0.3,108.500,12.4845,9.7605,2.7240,10.0065,2.6880,2.0306,4.1656,0.2437,0.7987,304021,412619,12288,0,0,12,0,3.7847,2.3964,0.1627,541.1,1950,7501
5079,grid_0.3,108.500,12.6960,9.4034,3.2926,8.7849,2.5426,1.5227,3.5881,0.2509,0.8008,315732,400908,11711,0,0,12,0,4.0164,1.8161,0.3023,541.1,1950,7501
5080,grid_0.3,108.500,13.0034,9.2475,3.7559,8.4808,2.1791,1.5176,3.6024,0.2468,0.8561,325907,390733,10175,0,0,12,0,4.0204,1.3749,0.1228,541.1,1950,7501
5081,grid_0.3,108.500,12.7396,8.3244,4.4152,8.5463,2.2743,1.4909,3.5983,0.2417,0.8612,335250,381390,9343,0,0,12,0,4.0134,1.3851,0.1115,541.1,1950,7501
5082,grid_0.3,108.500,11.4576,9.3096,2.1480,8.5740,2.2682,1.5063,3.6096,0.2540,0.8561,345553,371087,10303,0,0,12,0,4.0121,1.3715,0.1538,541.1,1950,7501
5083,grid_0.3,108.500,11.8013,9.1712,2.6301,8.7327,2.2016,1.5258,3.6045,0.2488,1.0721,355600,361040,10047,0,0,12,0,4.0342,1.4929,0.1296,541.1,1950,7501
5084,grid_0.3,108.500,11.6380,8.9453,2.6927,8.4132,2.1606,1.5340,3.6168,0.2509,0.7711,365519,351121,9919,0,0,12,0,4.0120,1.4652,0.1456,541.1,1950,7501
5085,grid_0.3,108.500,12.1090,8.3887,3.7203,8.4828,2.2897,1.5370,3.6065,0.2468,0.7219,376206,340434,10687,0,0,12,0,4.0138,1.6047,0.1605,541.1,1950,7501
5086,grid_0.3,108.500,12.0117,8.8220,3.1897,9.4034,2.2139,1.5432,4.6070,0.2540,0.7045,386637,330003,10431,0,0,12,0,4.0287,1.4531,0.1167,541.1,1950,7501
5087,grid_0.3,108.500,11.9327,8.7685,3.1642,8.1111,1.9476,1.5360,3.6076,0.2488,0.6912,395212,321428,8575,0,0,12,0,4.0234,1.2597,0.2057,541.1,1950,7501
5088,grid_0.3,108.500,12.5043,9.2201,3.2842,8.3067,2.1647,1.5340,3.6024,0.2427,0.6820,405195,311445,9983,0,0,12,0,4.0250,1.5244,0.1205,541.1,1950,7501
5089,grid_0.3,108.500,10.9512,9.3301,1.6211,8.5678,1.4572,1.5350,4.5384,0.2468,0.7086,412042,304598,6847,0,0,12,0,5.4878,1.0664,0.1108,541.1,1950,7501
5090,grid_0.3,108.500,11.7407,9.1346,2.6061,8.5565,2.3982,1.5380,3.6065,0.2509,0.6830,422921,293719,10879,0,0,12,0,4.0289,1.6662,0.1181,541.1,1950,7501
5091,grid_0.3,108.500,11.4773,9.2463,2.2310,8.1500,2.0511,1.5411,3.6270,0.2427,0.6072,432392,284248,9471,0,0,12,0,4.0202,1.5316,0.1343,541.1,1950,7501
5092,grid_0.3,108.500,11.8768,10.1303,1.7465,9.1658,2.3357,1.8964,3.9731,0.2468,0.6216,443399,273241,11007,0,0,12,0,4.0243,2.0130,0.1603,541.1,1950,7501
5093,grid_0.3,108.500,11.0971,8.4765,2.6206,7.4701,1.3312,1.5708,3.6014,0.2509,0.6339,449222,267418,5823,0,0,12,0,4.0144,0.7802,0.1609,541.1,1950,7501
5094,grid_0.3,108.500,12.2428,9.0583,3.1845,8.1838,2.0296,1.5852,3.6137,0.2499,0.6236,458757,257883,9535,0,0,12,0,4.1119,1.2937,0.1149,541.1,1950,7501
5095,grid_0.3,108.500,10.3538,8.3113,2.0425,8.4070,2.2671,1.5872,3.6086,0.2458,0.6164,469252,247388,10495,0,0,12,0,4.0097,1.5907,0.1286,541.1,1950,7501
5096,grid_0.3,108.500,11.2184,8.4771,2.7413,8.8627,2.6962,1.5841,3.6209,0.2478,0.6318,479811,236829,10559,0,0,12,0,4.0252,1.4595,0.1129,541.1,1950,7501
5097,grid_0.3,108.500,12.6152,9.1908,3.4244,8.4296,2.2467,1.5933,3.6147,0.2540,0.6400,490242,226398,10431,0,0,12,0,4.0177,1.6444,0.1299,541.1,1950,7501
5098,grid_0.3,108.500,11.9383,8.7707,3.1676,9.3276,2.6112,1.5800,4.1738,0.2550,0.6257,500417,216223,10175,0,0,12,0,4.0096,1.4458,0.1105,541.1,1950,7501
5099,grid_0.3,108.500,11.7567,8.4683,3.2884,8.8545,2.7259,1.5647,3.6198,0.2468,0.6154,512705,203935,12288,0,0,12,0,3.7686,1.4412,0.1042,541.1,1950,7501
5100,grid_0.3,108.500,12.4764,9.3557,3.1207,8.9027,2.3173,1.5677,4.0612,0.2468,0.6277,523456,193184,10751,0,0,12,0,4.0164,1.7326,0.1309,541.1,1950,7501
5101,grid_0.3,108.500,12.4352,7.8901,4.5451,7.9862,1.8289,1.5677,3.6198,0.2529,0.6349,532159,184481,8703,0,0,12,0,4.0226,1.2612,0.2047,541.1,1950,7501
5102,grid_0.3,108.500,12.2120,9.0206,3.1914,8.4910,2.3511,1.5882,3.6116,0.2458,0.6124,542654,173986,10495,0,0,12,0,4.0180,1.7027,0.1349,541.1,1950,7501
5103,grid_0.3,108.500,11.2757,8.7214,2.5543,9.6389,2.6286,1.8432,4.2281,0.2468,0.6103,554942,161698,12288,0,0,12,0,3.9944,1.4718,0.1093,541.1,1950,7501
5104,grid_0.3,108.500,12.0759,8.9016,3.1743,8.3354,2.1729,1.6077,3.6137,0.2447,0.6144,565309,151331,10367,0,0,12,0,4.0094,1.5339,0.1121,541.1,1950,7501
5105,grid_0.3,108.500,12.9213,8.7763,4.1450,8.4849,2.2835,1.6118,3.6229,0.2478,0.6369,575356,141284,10047,0,0,12,0,4.0225,1.6021,0.1196,541.1,1950,7501
5106,grid_0.3,108.500,11.4545,8.7045,2.7500,9.0378,2.2907,2.1719,3.6229,0.2447,0.6257,586235,130405,10879,0,0,12,0,4.0263,1.6385,0.1369,541.1,1950,7501
5107,grid_0.3,108.500,11.6524,8.9810,2.6714,8.0312,1.8811,1.6108,3.6035,0.2478,0.6052,594682,121958,8447,0,0,12,0,4.0180,1.3369,0.1119,541.1,1950,7501
5108,grid_0.3,108.500,12.6206,8.9315,3.6891,8.1367,1.9395,1.6138,3.6280,0.2458,0.6267,603833,112807,9151,0,0,12,0,4.0281,1.5202,0.1009,541.1,1950,7501
5109,grid_0.3,108.500,11.0218,8.8550,2.1668,8.9651,2.3050,2.0716,3.6168,0.2519,0.6328,614328,102312,10495,0,0,12,0,4.0213,1.6406,0.1388,541.1,1950,7501
5110,grid_0.3,108.500,11.2795,8.0453,3.2342,8.8125,2.6952,1.5544,3.6209,0.2499,0.6093,626616,90024,12288,0,0,12,0,3.9678,1.4989,0.0989,541.1,1950,7501
5111,grid_0.3,108.500,12.4177,8.7450,3.6727,8.5504,2.4300,1.5636,3.6270,0.2529,0.5939,638263,78377,11647,0,0,12,0,4.0188,1.4561,0.1116,541.1,1950,7501
5112,grid_0.3,108.500,12.5628,8.3068,4.2560,8.8044,2.6849,1.5585,3.6229,0.2488,0.6072,648694,67946,10431,0,0,12,0,4.0155,1.3268,0.1019,541.1,1950,7501
5113,grid_0.3,108.500,12.1684,8.9159,3.2525,7.9012,1.8084,1.5370,3.6086,0.2437,0.6205,657269,59371,8575,0,0,12,0,4.0077,1.4542,0.1007,541.1,1950,7501
5114,grid_0.3,108.500,12.0947,8.8446,3.2501,8.8115,2.2784,1.5258,4.0724,0.2478,0.6052,667636,49004,10367,0,0,12,0,4.0232,1.5475,0.1163,541.1,1950,7501
5115,grid_0.3,108.500,11.4644,11.4284,0.0360,8.3436,2.3071,1.5094,3.6209,0.2468,0.5919,678387,38253,10751,0,0,12,0,4.0230,1.5068,2.0339,541.1,1950,7501
5116,grid_0.3,108.500,13.3780,13.3531,0.0249,8.0701,2.1176,1.4367,3.6188,0.2488,0.5929,688306,28334,9919,0,0,12,0,4.0235,1.7695,3.8553,541.1,1950,7501
5117,grid_0.3,108.500,11.6642,11.6394,0.0248,9.3327,2.5344,1.4244,4.4605,0.2437,0.6134,699697,16943,11391,0,0,12,0,4.0109,1.4943,2.9028,541.1,1950,7501
5118,grid_0.3,108.500,10.7196,10.6942,0.0254,8.3292,2.3982,1.4172,3.6219,0.2468,0.5888,710704,5936,11007,0,0,12,0,4.0232,1.7353,1.0939,541.1,1950,7501
5119,grid_0.3,108.500,12.0594,7.0977,4.9617,7.0728,1.1407,1.4172,3.6229,0.2458,0.5898,716640,0,5936,0,0,12,0,2.3248,1.1154,0.1359,541.1,1950,7501
5120,grid_0.3,108.500,11.6378,2.5895,9.0483,6.2208,0.0010,1.4182,3.6086,0.2437,0.8950,716640,0,0,0,0,12,0,0.0068,0.0005,0.0757,541.1,1950,7501
5121,grid_0.3,108.500,9.4716,3.5838,5.8878,5.9607,0.0020,1.4172,3.6168,0.2499,0.6124,716640,0,0,0,0,12,0,0.0075,0.0007,0.0798,541.1,1950,7501
5122,grid_0.3,108.500,8.6734,3.2065,5.4669,5.9464,0.0010,1.4193,3.6229,0.2468,0.6021,716640,0,0,0,0,12,0,0.0073,0.0006,0.0725,541.1,1950,7501
5123,grid_0.3,108.500,7.6259,3.4089,4.2170,5.9238,0.0010,1.4162,3.6157,0.2488,0.5868,716640,0,0,0,0,12,0,0.0097,0.0010,0.0964,541.1,1950,7501
5124,grid_0.3,108.500,8.0575,3.3432,4.7143,5.9474,0.0010,1.4193,3.6219,0.2437,0.6011,716640,0,0,0,0,12,0,0.0067,0.0005,0.0702,541.1,1950,7501
5125,grid_0.3,108.500,7.9524,3.2253,4.7271,6.5567,0.0010,2.0214,3.6239,0.2458,0.6103,716640,0,0,0,0,12,0,0.0087,0.0007,0.0847,541.1,1950,7501
5126,grid_0.3,108.500,7.6954,3.3072,4.3882,5.9392,0.0010,1.4162,3.6260,0.2406,0.6001,716640,0,0,0,0,12,0,0.0070,0.0006,0.0826,541.1,1950,7501
5127,grid_0.3,108.500,8.6726,3.3056,5.3670,5.9412,0.0020,1.4193,3.6198,0.2519,0.5868,716640,0,0,0,0,12,0,0.0069,0.0006,0.0855,541.1,1950,7501
5128,grid_0.3,108.500,7.8237,3.0482,4.7755,5.9423,0.0010,1.4162,3.6127,0.2488,0.6083,716640,0,0,0,0,12,0,0.0066,0.0006,0.0697,541.1,1950,7501
5129,grid_0.3,108.500,7.5877,2.8233,4.7644,6.4041,0.0010,1.8708,3.6198,0.2478,0.6103,716640,0,0,0,0,12,0,0.0065,0.0004,0.0612,541.1,1950,7501
5130,grid_0.3,108.500,8.6242,3.4623,5.1619,5.9331,0.0010,1.4141,3.6250,0.2406,0.5980,716640,0,0,0,0,12,0,0.0081,0.0007,0.0954,541.1,1950,7501
5131,grid_0.3,108.500,7.7886,2.3562,5.4324,5.9351,0.0010,1.4223,3.6229,0.2458,0.5888,716640,0,0,0,0,12,0,0.0065,0.0005,0.0592,541.1,1950,7501
5132,grid_0.3,108.500,7.7268,3.4533,4.2735,5.9505,0.0010,1.4213,3.6291,0.2488,0.5960,716640,0,0,0,0,12,0,0.0069,0.0007,0.0857,541.1,1950,7501
5133,grid_0.3,108.500,7.8703,2.5796,5.2907,7.2315,0.0010,1.6456,4.6664,0.2488,0.6144,716640,0,0,0,0,12,0,0.0058,0.0005,0.0717,541.1,1950,7501
5134,grid_0.3,108.500,8.5762,2.9842,5.5920,6.6611,0.0010,1.4162,4.3244,0.2550,0.6093,716640,0,0,0,0,12,0,0.0068,0.0006,0.0721,541.1,1950,7501
5135,grid_0.3,108.500,8.6324,4.1883,4.4441,5.9372,0.0010,1.4182,3.6270,0.2478,0.5878,716640,0,0,0,0,12,0,0.0096,0.0008,0.1210,541.1,1950,7501
5136,grid_0.3,108.500,8.4759,3.0672,5.4087,5.9648,0.0010,1.4213,3.6321,0.2529,0.6031,716640,0,0,0,0,12,0,0.0082,0.0008,0.0900,541.1,1950,7501
5138,grid_0.3,108.500,7.6398,2.6688,4.9710,5.9279,0.0010,1.4213,3.6106,0.2437,0.5970,716640,0,0,0,0,12,0,0.0065,0.0004,0.0568,541.1,1950,7501
5140,grid_1,107.700,119.9452,119.9431,0.0021,7.8029,0.0020,3.7100,2.1504,0.3021,1.4828,0,0,0,0,0,0,0,0.0365,0.0009,0.1602,541.1,217,810
5141,grid_1,107.700,3.3155,3.2914,0.0241,7.9596,0.0020,3.6823,2.4310,0.3082,1.3793,0,0,0,0,0,0,0,0.0087,0.0006,0.0827,541.1,217,810
5142,grid_1,107.700,30.4827,3.6331,26.8496,8.0804,0.0020,3.6833,2.4310,0.3154,1.4920,0,0,0,0,0,0,0,0.0066,0.0007,0.1294,541.1,217,810
5143,grid_1,107.700,15.8570,8.7094,7.1476,8.4511,0.4803,3.6516,2.1647,0.3164,1.6189,63,28865,63,0,0,11,0,5.1424,0.0467,0.0921,541.1,217,810
5144,grid_1,107.700,13.7109,8.9493,4.7616,58.6189,9.9983,7.7015,34.3726,2.3245,3.9782,4678,46010,4615,0,0,11,0,3.7775,1.0898,0.1589,541.1,217,810
5145,grid_1,107.700,16.0869,8.2685,7.8184,61.6724,10.0045,8.0579,34.5846,2.3378,6.4451,9293,59093,4615,0,0,11,0,3.8138,0.7398,0.1545,541.1,217,810
5146,grid_1,107.700,72.4814,7.9144,64.5670,28.8850,4.6797,8.5565,14.6954,0.2908,0.4055,11468,74582,2175,0,0,11,0,4.0124,0.3864,0.1316,541.1,217,810
5147,grid_1,107.700,74.8607,9.0596,65.8011,6.9110,1.0097,1.1110,4.0458,0.2918,0.4096,15179,89815,3711,0,0,11,0,4.0190,0.7304,0.0977,541.1,217,810
5148,grid_1,107.700,32.2338,7.5694,24.6644,6.6437,0.8899,1.1418,3.9014,0.2714,0.3973,18622,103030,3443,0,0,11,0,3.7504,0.6232,0.1676,541.1,217,810
5149,grid_1,107.700,9.3572,6.7582,2.5990,7.4998,1.1274,1.6630,3.9547,0.2703,0.4383,21839,120037,3217,0,0,11,0,3.0793,0.3142,0.1101,541.1,217,810
5150,grid_1,107.700,9.5166,7.2809,2.2357,7.0246,1.0998,1.2380,3.9393,0.2744,0.4250,26164,122880,4325,0,0,11,0,3.7471,0.4795,0.1690,541.1,217,810
5151,grid_1,107.700,9.6664,7.4959,2.1705,7.4240,1.5114,1.2411,3.9301,0.2642,0.4291,31886,140499,5722,0,0,11,0,3.8997,0.6319,0.1440,541.1,1680,7501
5152,grid_1,107.700,9.5412,7.9315,1.6097,8.3436,1.6978,1.5278,4.3684,0.2714,0.4291,38477,150036,6591,0,0,11,0,4.0175,0.6562,0.1500,541.1,1680,7501
5153,grid_1,107.700,9.9679,7.3626,2.6053,7.6851,1.7295,1.2595,3.9526,0.2632,0.4311,44684,156629,6207,0,0,11,0,4.0179,0.6273,0.1082,541.1,1680,7501
5154,grid_1,107.700,11.2465,7.9019,3.3446,7.0472,1.0691,1.2585,3.9731,0.2642,0.4332,48779,168918,4095,0,0,11,0,4.0116,0.5803,0.1459,541.1,1680,7501
5155,grid_1,107.700,10.7125,8.0854,2.6271,7.5807,1.3486,1.2401,3.9670,0.5376,0.4383,54026,185986,5247,0,0,11,0,4.0156,0.5057,0.0922,541.1,1680,7501
5156,grid_1,107.700,9.3556,7.8134,1.5422,7.4097,1.4531,1.2411,3.9670,0.2693,0.4301,59593,193731,5567,0,0,11,0,4.0206,0.5850,0.1262,541.1,1680,7501
5157,grid_1,107.700,11.0491,8.1307,2.9184,7.2479,1.2974,1.2483,3.9567,0.2621,0.4332,64392,198148,4799,0,0,11,0,4.0212,0.7479,0.1192,541.1,1680,7501
5158,grid_1,107.700,10.1664,7.5295,2.6369,6.8782,0.9114,1.2503,3.9629,0.2693,0.4342,67975,215301,3583,0,0,11,0,4.0129,0.4709,0.1526,541.1,1680,7501
5159,grid_1,107.700,9.8442,7.7089,2.1353,6.7574,0.8028,1.2431,3.9547,0.2693,0.4372,71174,229014,3199,0,0,11,0,4.0204,0.5675,0.1244,541.1,1680,7501
5160,grid_1,107.700,9.4129,7.7499,1.6630,6.8700,0.9001,1.2493,3.9711,0.2703,0.4280,74693,240343,3519,0,0,11,0,4.0175,0.5862,0.1881,541.1,1680,7501
5161,grid_1,107.700,9.4937,8.0164,1.4773,7.6032,1.6087,1.2759,3.9629,0.2652,0.4383,81348,253144,6655,0,0,11,0,4.0180,0.8062,0.0982,541.1,1680,7501
5162,grid_1,107.700,9.6885,7.6471,2.0414,8.2125,1.4971,1.5780,4.3469,0.2693,0.4700,87491,269042,6143,0,0,11,0,4.0179,0.6131,0.0906,541.1,1680,7501
5163,grid_1,107.700,10.2614,7.2135,3.0479,7.1045,1.0619,1.2851,3.9619,0.2673,0.4710,92162,279987,4671,0,0,11,0,4.0115,0.4969,0.0939,541.1,1680,7501
5164,grid_1,107.700,10.9284,7.7374,3.1910,7.1660,1.1479,1.2800,3.9393,0.2642,0.4782,97217,293364,5055,0,0,11,0,4.0143,0.5669,0.1173,541.1,1680,7501
5165,grid_1,107.700,9.8560,7.2420,2.6140,7.7128,0.8049,1.2800,4.2230,0.2714,1.0772,100736,312422,3519,0,0,11,0,4.0082,0.4160,0.0913,541.1,1680,7501
5166,grid_1,107.700,9.7490,7.7310,2.0180,6.7523,1.2452,1.1653,3.5912,0.2478,0.4495,106495,319463,5759,0,0,11,0,4.0318,0.6049,0.1084,541.1,1680,7501
5167,grid_1,107.700,10.3598,7.7065,2.6533,6.1860,0.6758,1.1674,3.5922,0.2478,0.4495,109374,324520,2879,0,0,11,0,4.0106,0.3804,0.1375,541.1,1680,7501
5168,grid_1,107.700,9.3818,7.7744,1.6074,6.9960,1.4356,1.1704,3.6116,0.2437,0.4803,116157,340265,6783,0,0,11,0,4.0092,0.6713,0.0943,541.1,1680,7501
5169,grid_1,107.700,8.1298,8.0940,0.0358,7.5858,1.5841,1.6036,3.6045,0.2499,0.4895,122300,349773,6143,0,0,11,0,4.0110,0.6300,0.0918,541.1,1680,7501
5170,grid_1,107.700,10.3110,8.0191,2.2919,6.2075,0.6625,1.1561,3.6014,0.2509,0.4823,125435,361486,3135,0,0,11,0,4.0118,0.3638,0.1458,541.1,1680,7501
5171,grid_1,107.700,9.8547,8.3240,1.5307,6.7154,1.1223,1.1602,3.6116,0.2437,0.5243,131130,379599,5695,0,0,11,0,4.6804,0.7628,0.0949,541.1,1680,7501
5172,grid_1,107.700,8.8310,8.8004,0.0306,6.6785,1.0701,1.1602,3.6239,0.2468,0.5192,136697,392771,5567,0,0,11,0,4.0117,0.9677,0.1316,541.1,1680,7501
5173,grid_1,107.700,9.0898,7.5404,1.5494,6.7369,1.1356,1.1684,3.5942,0.2488,0.5233,141944,403570,5247,0,0,11,0,4.0229,0.5842,0.1092,541.1,1680,7501
5174,grid_1,107.700,9.8348,7.2119,2.6229,5.8511,0.2509,1.1633,3.5901,0.2468,0.5263,143479,421491,1535,0,0,11,0,4.0137,0.2288,0.1341,541.1,1680,7501
5175,grid_1,107.700,9.3535,9.3176,0.0359,7.2253,1.6230,1.1551,3.5983,0.2478,0.5263,155767,409811,12288,0,0,11,0,3.4672,1.9845,0.1558,541.1,1680,7501
5176,grid_1,107.700,9.8925,9.8667,0.0258,7.3667,1.4060,1.5227,3.5922,0.2478,0.5212,166518,399060,10751,0,0,11,0,4.0308,1.6754,0.1545,541.1,1680,7501
5177,grid_1,107.700,9.9743,9.9448,0.0295,7.6206,2.0070,1.1663,3.5994,0.2468,0.5263,178037,387541,11519,0,0,11,0,4.0171,1.2975,0.1929,541.1,1680,7501
5178,grid_1,107.700,9.7507,8.1901,1.5606,8.2053,2.6327,1.1428,3.5901,0.2427,0.5233,190325,375253,12288,0,0,11,0,3.6183,1.7349,0.1000,541.1,1680,7501
5179,grid_1,107.700,11.1882,8.0729,3.1153,8.2350,2.6972,1.1110,3.5942,0.2437,0.5130,201716,363862,11391,0,0,11,0,4.0161,1.3858,0.0989,541.1,1680,7501
5180,grid_1,107.700,11.8676,8.4109,3.4567,7.1158,1.5677,1.1090,3.6055,0.2468,0.5110,208819,356759,7103,0,0,11,0,4.0211,0.7764,0.1547,541.1,1680,7501
5181,grid_1,107.700,11.3245,8.6492,2.6753,7.8971,2.3552,1.1069,3.5901,0.2519,0.5171,219890,345688,11071,0,0,11,0,4.0274,1.3421,0.1071,541.1,1680,7501
5182,grid_1,107.700,10.3785,8.1999,2.1786,8.1377,2.1914,1.1182,3.9864,0.2437,0.5212,229937,335641,10047,0,0,11,0,4.0147,1.2822,0.1120,541.1,1680,7501
5183,grid_1,107.700,11.2553,8.8968,2.3585,8.0374,2.4515,1.1254,3.6178,0.2478,0.5192,241200,324378,11263,0,0,11,0,4.0098,1.5529,0.1742,541.1,1680,7501
5184,grid_1,107.700,11.2040,8.6519,2.5521,8.2913,2.6757,1.1295,3.6342,0.2621,0.5140,253488,312090,12288,0,0,11,0,3.8359,1.4757,0.1370,541.1,1680,7501
5185,grid_1,107.700,11.4862,8.6638,2.8224,8.6098,3.0761,1.1110,3.6229,0.2714,0.4506,264751,300827,11263,0,0,11,0,4.0131,1.3096,0.1001,541.1,1680,7501
5186,grid_1,107.700,11.7795,8.3123,3.4672,8.1869,2.6593,1.1213,3.6024,0.2714,0.4547,277039,288539,12288,0,0,11,0,3.5473,1.4000,0.1033,541.1,1680,7501
5187,grid_1,107.700,11.6431,9.0377,2.6054,7.8735,2.3347,1.1182,3.6137,0.2724,0.4567,287854,277724,10815,0,0,11,0,4.0297,1.6187,0.1168,541.1,1680,7501
5188,grid_1,107.700,12.1472,7.9048,4.2424,8.2739,2.7382,1.1233,3.6065,0.2673,0.4557,298413,267165,10559,0,0,11,0,4.0074,1.4488,0.1116,541.1,1680,7501
5189,grid_1,107.700,11.0852,8.9114,2.1738,8.1142,2.5733,1.1213,3.6178,0.2632,0.4608,310380,255198,11967,0,0,11,0,4.0174,1.5572,0.1053,541.1,1680,7501
5190,grid_1,107.700,12.0971,8.3480,3.7491,8.4378,2.6604,1.1254,3.6106,0.2642,0.6994,322668,242910,12288,0,0,11,0,3.9577,1.3853,0.0996,541.1,1680,7501
5191,grid_1,107.700,11.5127,8.8771,2.6356,7.6114,2.0623,1.1192,3.6209,0.2673,0.4649,331435,234143,8767,0,0,11,0,4.0277,1.2193,0.1177,541.1,1680,7501
5192,grid_1,107.700,12.0910,8.8362,3.2548,7.8817,2.3439,1.1223,3.6116,0.2703,0.4567,342378,223200,10943,0,0,11,0,4.0141,1.5974,0.1369,541.1,1680,7501
5193,grid_1,107.700,10.9108,8.2517,2.6591,8.5412,2.5098,1.1223,4.1165,0.2580,0.4577,353897,211681,11519,0,0,11,0,4.0099,1.3259,0.1020,541.1,1680,7501
5194,grid_1,107.700,11.4500,8.7127,2.7373,8.2125,2.6716,1.1264,3.6096,0.2642,0.4618,366185,199393,12288,0,0,11,0,4.0036,1.5968,0.1110,541.1,1680,7501
5195,grid_1,107.700,11.6086,8.8537,2.7549,8.1951,2.6563,1.1254,3.6096,0.2642,0.4618,378473,187105,12288,0,0,11,0,3.9135,1.6101,0.1328,541.1,1680,7501
5196,grid_1,107.700,12.4147,8.7107,3.7040,8.3978,2.2211,1.1192,4.2568,0.2703,0.4526,388648,176930,10175,0,0,11,0,4.0134,1.4175,0.1116,541.1,1680,7501
5197,grid_1,107.700,11.3868,8.6832,2.7036,7.3380,1.7900,1.1295,3.6178,0.2621,0.4598,397095,168483,8447,0,0,11,0,4.0298,1.2559,0.2122,541.1,1680,7501
5198,grid_1,107.700,11.9592,8.7977,3.1615,7.4435,1.9067,1.1264,3.6106,0.2621,0.4608,405862,159716,8767,0,0,11,0,4.0096,1.7774,0.1449,541.1,1950,7501
5199,grid_1,107.700,9.8946,9.8625,0.0321,7.2745,1.4715,1.1305,3.8820,0.2509,0.4618,412581,152997,6719,0,0,11,0,5.3531,0.9596,0.1657,541.1,1950,7501
5200,grid_1,107.700,10.6253,8.6555,1.9698,8.1408,2.5917,1.1397,3.6291,0.2499,0.4526,424676,140902,12095,0,0,11,0,4.0311,1.5167,0.1013,541.1,1950,7501
5201,grid_1,107.700,10.5460,8.9213,1.6247,8.2217,2.6061,1.1366,3.6188,0.2519,0.5304,436964,128614,12288,0,0,11,0,3.8217,1.9881,0.1275,541.1,1950,7501
5202,grid_1,107.700,11.6693,7.9496,3.7197,7.8121,2.2016,1.1387,3.6106,0.2509,0.5315,446819,118759,9855,0,0,11,0,4.0148,1.2277,0.0977,541.1,1950,7501
5203,grid_1,107.700,11.7515,8.6026,3.1489,8.7050,2.1770,1.1336,4.5537,0.2468,0.5315,456930,108648,10111,0,0,11,0,4.0176,1.5406,0.4817,541.1,1950,7501
5204,grid_1,107.700,11.2119,8.3908,2.8211,7.3523,1.7705,1.1366,3.6086,0.2488,0.5243,465441,100137,8511,0,0,11,0,4.0241,1.3919,0.4767,541.1,1950,7501
5205,grid_1,107.700,11.6102,9.4796,2.1306,8.7757,2.1524,1.1284,4.4339,0.4577,0.5396,475104,90474,9663,0,0,11,0,4.0109,1.5526,0.4470,541.1,1950,7501
5206,grid_1,107.700,10.3627,8.3812,1.9815,8.2350,2.6429,1.1305,3.6219,0.2478,0.5294,487392,78186,12288,0,0,11,0,3.7350,1.4852,0.3560,541.1,1950,7501
5207,grid_1,107.700,12.0206,9.3959,2.6247,8.1408,2.5661,1.1325,3.6024,0.2499,0.5274,499423,66155,12031,0,0,11,0,4.0332,1.8950,0.3918,541.1,1950,7501
5208,grid_1,107.700,11.6109,8.9796,2.6313,8.7460,2.3163,1.3793,4.2107,0.2509,0.5263,510302,55276,10879,0,0,11,0,4.0267,1.5747,0.3955,541.1,1950,7501
5209,grid_1,107.700,11.4852,9.4102,2.0750,7.8725,2.3163,1.1131,3.6076,0.2488,0.5243,520733,44845,10431,0,0,11,0,4.0133,1.4729,0.3533,541.1,1950,7501
5210,grid_1,107.700,12.1710,9.1403,3.0307,7.2131,1.6384,1.1172,3.6239,0.2458,0.5253,528604,36974,7871,0,0,11,0,4.0100,1.3112,0.8837,541.1,1950,7501
5211,grid_1,107.700,13.1807,13.1505,0.0302,8.7450,2.3849,1.3414,4.1933,0.2478,0.5233,539419,26159,10815,0,0,11,0,4.0114,1.6749,3.4226,541.1,1950,7501
5212,grid_1,107.700,12.1779,12.1528,0.0251,7.9923,2.4412,1.0977,3.6229,0.2519,0.5233,550554,15024,11135,0,0,11,0,4.0170,1.5667,2.5053,541.1,1950,7501
5213,grid_1,107.700,9.7192,9.6936,0.0256,8.0353,2.4986,1.0947,3.6198,0.2386,0.5284,562265,3313,11711,0,0,11,0,4.0255,1.6038,0.5618,541.1,1950,7501
5214,grid_1,107.700,9.6624,5.0046,4.6578,6.8106,0.6605,1.0967,4.2332,0.2396,0.5263,565578,0,3313,0,0,11,0,1.1351,0.6063,0.1383,541.1,1950,7501
5215,grid_1,107.700,11.6875,3.3331,8.3544,5.5357,0.0010,1.0936,3.6178,0.2437,0.5274,565578,0,0,0,0,11,0,0.0078,0.0006,0.0866,541.1,1950,7501
5216,grid_1,107.700,9.2469,3.8272,5.4197,5.5419,0.0010,1.0947,3.6321,0.2427,0.5192,565578,0,0,0,0,11,0,0.0081,0.0009,0.0843,541.1,1950,7501
5217,grid_1,107.700,7.3905,3.1087,4.2818,5.5337,0.0010,1.0936,3.6239,0.2396,0.5233,565578,0,0,0,0,11,0,0.0070,0.0007,0.0785,541.1,1950,7501
5218,grid_1,107.700,7.6207,2.8491,4.7716,5.5235,0.0010,1.0957,3.6096,0.2386,0.5253,565578,0,0,0,0,11,0,0.0067,0.0005,0.0622,541.1,1950,7501
5219,grid_1,107.700,7.0660,2.8112,4.2548,6.0088,0.0020,1.5677,3.6157,0.2396,0.5243,565578,0,0,0,0,11,0,0.0065,0.0006,0.0803,541.1,1950,7501
5220,grid_1,107.700,8.5083,2.8784,5.6299,5.5204,0.0010,1.0957,3.6127,0.2396,0.5192,565578,0,0,0,0,11,0,0.0074,0.0006,0.0771,541.1,1950,7501
5221,grid_1,107.700,7.5400,2.8198,4.7202,5.5368,0.0010,1.1059,3.6076,0.2447,0.5253,565578,0,0,0,0,11,0,0.0073,0.0006,0.0797,541.1,1950,7501
5222,grid_1,107.700,7.2433,3.0286,4.2147,5.5286,0.0010,1.0947,3.6096,0.2386,0.5315,565578,0,0,0,0,11,0,0.0065,0.0006,0.0710,541.1,1950,7501
5223,grid_1,107.700,7.8019,2.9928,4.8091,6.1696,0.0010,1.3425,4.0059,0.2437,0.5233,565578,0,0,0,0,11,0,0.0073,0.0006,0.0789,541.1,1950,7501
5224,grid_1,107.700,7.2712,2.7826,4.4886,5.5276,0.0010,1.1059,3.6076,0.2406,0.5192,565578,0,0,0,0,11,0,0.0072,0.0007,0.0737,541.1,1950,7501
5225,grid_1,107.700,8.2516,3.2001,5.0515,5.5388,0.0010,1.0967,3.6198,0.2437,0.5243,565578,0,0,0,0,11,0,0.0078,0.0007,0.0889,541.1,1950,7501
5226,grid_1,107.700,7.7894,3.3961,4.3933,5.5235,0.0010,1.0926,3.6127,0.2376,0.5274,565578,0,0,0,0,11,0,0.0073,0.0007,0.1004,541.1,1950,7501
5227,grid_1,107.700,7.4361,3.7325,3.7036,6.1512,0.0010,1.0988,4.2271,0.2468,0.5253,565578,0,0,0,0,11,0,0.0070,0.0007,0.0862,541.1,1950,7501
5228,grid_1,107.700,7.1914,2.9283,4.2631,5.5214,0.0010,1.0977,3.6055,0.2447,0.5202,565578,0,0,0,0,11,0,0.0065,0.0005,0.0723,541.1,1950,7501
5229,grid_1,107.700,7.8948,3.1640,4.7308,5.5255,0.0010,1.0967,3.6106,0.2396,0.5253,565578,0,0,0,0,11,0,0.0072,0.0011,0.0872,541.1,1950,7501
5230,grid_1,107.700,7.8322,3.1103,4.7219,5.5429,0.0082,1.0977,3.6127,0.2437,0.5274,565578,0,0,0,0,11,0,0.0068,0.0007,0.0778,541.1,1950,7501
5231,grid_1,107.700,7.3168,2.3888,4.9280,5.5439,0.0010,1.0936,3.6106,0.2591,0.5253,565578,0,0,0,0,11,0,0.0071,0.0006,0.0832,541.1,1950,7501
5233,grid_1,107.700,8.2890,3.2010,5.0880,5.5183,0.0010,1.0926,3.6096,0.2386,0.5233,565578,0,0,0,0,11,0,0.0068,0.0006,0.0741,541.1,1950,7501
